{"auc":0.17716535433070868,"mean_max_cos_sim":0.17712852358818054,"recovery_80":0,"loss":9.206258773803711,"window_l0":4,"step":999,"_step":999,"recovery_90":0,"_timestamp":1.7739845851260107e+09,"l0":2,"_wandb":{"runtime":7},"_runtime":7.355047571}