{"_runtime":457.145033861,"l0":5,"auc":0.7049704724409449,"recovery_80":0,"window_l0":10,"_step":64999,"step":64999,"recovery_90":0,"_timestamp":1.7739901610442913e+09,"_wandb":{"runtime":457},"loss":1.0295007228851318,"mean_max_cos_sim":0.7049086689949036}