{"l0":50,"auc":0.750861220472441,"recovery_80":0.4609375,"loss":1.796664834022522,"_step":64999,"_timestamp":1.7740036367911441e+09,"recovery_90":0.390625,"window_l0":50,"_wandb":{"runtime":263},"step":64999,"_runtime":263.611454383,"mean_max_cos_sim":0.7515072822570801}