{"step":199999,"recovery_90":0,"_wandb":{"runtime":436},"recovery_80":0,"_step":199999,"_runtime":436.10215257,"_timestamp":1.77258367853511e+09,"mean_max_cos_sim":0.6780094504356384,"loss":3.426382064819336,"auc":0.6777777777777778}