{
  "n_alive": 18432,
  "pred_ratio_mean": 0.4260839819908142,
  "pred_ratio_median": 0.0,
  "frac_pred_dominated": 0.4261067708333333,
  "frac_novel_dominated": 0.5738932291666666,
  "frac_strongly_pred_0.8": 0.4261067708333333,
  "frac_strongly_novel_0.2": 0.5738932291666666
}