{"step":39999,"_step":39999,"recovery_80":0,"_timestamp":1.7726683727709446e+09,"_runtime":87.086056257,"recovery_90":0,"loss":18.88225746154785,"auc":0.29959595959595964,"_wandb":{"runtime":87},"mean_max_cos_sim":0.2991650402545929}