{"_wandb":{"runtime":3},"recovery_80":0,"mean_max_cos_sim":0.26953333616256714,"auc":0.26857142857142857,"recovery_90":0,"window_l0":2,"_step":999,"l0":2,"loss":2.251607894897461,"step":999,"_runtime":3.8714987770000002,"_timestamp":1.7739827867149186e+09}