{"auc":0.6061146653543308,"_timestamp":1.77400236796652e+09,"loss":0.057228997349739075,"window_l0":50,"l0":25,"mean_max_cos_sim":0.6063377857208252,"_step":64999,"recovery_90":0,"_runtime":372.075959868,"recovery_80":0.0078125,"_wandb":{"runtime":372},"step":64999}