{"step":79999,"_wandb":{"runtime":150},"recovery_90":0.5999999642372131,"_runtime":150.066270144,"auc":0.8787755102040815,"mean_max_cos_sim":0.8843352794647217,"recovery_80":0.7199999690055847,"_timestamp":1.7726727640346117e+09,"_step":79999,"loss":0.0017445418052375317}