{"auc":0.6048979591836734,"_step":79999,"recovery_90":0,"mean_max_cos_sim":0.6042681932449341,"_wandb":{"runtime":148},"recovery_80":0.03999999910593033,"_runtime":148.72116029,"_timestamp":1.7726734433252149e+09,"step":79999,"loss":8.291385650634766}