{"auc":0.19223671259842517,"recovery_80":0,"mean_max_cos_sim":0.19241052865982056,"_wandb":{"runtime":5},"_timestamp":1.7739845125424812e+09,"window_l0":20,"recovery_90":0,"_runtime":5.460738984,"l0":20,"step":999,"_step":999,"loss":6.176993370056152}