{"auc":0.641732283464567,"_timestamp":1.7739862225128734e+09,"l0":22,"recovery_80":0,"window_l0":44,"loss":0.08731261640787125,"_wandb":{"runtime":380},"_step":64999,"mean_max_cos_sim":0.6422171592712402,"_runtime":380.60655691,"recovery_90":0,"step":64999}