{"_step":64999,"recovery_90":0,"l0":7.800000190734863,"step":64999,"window_l0":39.000000953674316,"mean_max_cos_sim":0.46486639976501465,"_runtime":879.452998272,"auc":0.4649360236220472,"loss":0.1938396841287613,"_timestamp":1.7739873883552365e+09,"recovery_80":0,"_wandb":{"runtime":879}}