{"_wandb":{"runtime":93},"_runtime":93.432102983,"mean_max_cos_sim":0.2387768179178238,"loss":19.009740829467773,"step":39999,"_step":39999,"auc":0.23858585858585862,"_timestamp":1.772667491891759e+09,"recovery_80":0,"recovery_90":0}