{"mean_max_cos_sim":0.7060577869415283,"_step":64999,"recovery_90":0.0078125,"step":64999,"recovery_80":0.0078125,"loss":0.016281619668006897,"_runtime":474.500020601,"window_l0":15,"auc":0.7046013779527558,"l0":7.5,"_timestamp":1.7740041144634266e+09,"_wandb":{"runtime":474}}