{"window_l0":10,"l0":10,"_runtime":4.428684119,"recovery_90":0,"auc":0.270204081632653,"mean_max_cos_sim":0.26917514204978943,"step":999,"loss":2.4765841960906982,"_step":999,"_wandb":{"runtime":4},"recovery_80":0,"_timestamp":1.7739827124462352e+09}