{"_wandb":{"runtime":4},"l0":18,"auc":0.3065306122448979,"_timestamp":1.773983087288207e+09,"loss":3.3132753372192383,"window_l0":18,"mean_max_cos_sim":0.3077152967453003,"recovery_90":0,"_runtime":4.8793642120000005,"recovery_80":0,"_step":999,"step":999}