{"_timestamp":1.7739828376150968e+09,"recovery_90":0,"mean_max_cos_sim":0.28274035453796387,"_wandb":{"runtime":3},"l0":10,"recovery_80":0,"loss":2.6831600666046143,"step":999,"auc":0.2840816326530612,"window_l0":10,"_step":999,"_runtime":3.962925879}