{"recovery_90":0,"l0":3,"_wandb":{"runtime":12},"step":999,"_runtime":12.910649864,"window_l0":15,"recovery_80":0,"loss":1.122084617614746,"_step":999,"auc":0.25632653061224486,"mean_max_cos_sim":0.25662359595298767,"_timestamp":1.7739830052431226e+09}