{"_timestamp":1.7739831030883005e+09,"recovery_90":0,"window_l0":48.00000190734863,"_wandb":{"runtime":13},"step":999,"mean_max_cos_sim":0.26441726088523865,"_runtime":13.7190286,"_step":999,"auc":0.2628571428571428,"recovery_80":0,"loss":2.481473922729492,"l0":9.600000381469727}