{"_runtime":180.443733436,"mean_max_cos_sim":0.595291793346405,"recovery_90":0.03999999910593033,"_step":79999,"loss":0.7001993656158447,"auc":0.5951020408163264,"recovery_80":0.14000000059604645,"_timestamp":1.7726722853712738e+09,"step":79999,"_wandb":{"runtime":180}}