{"_wandb":{"runtime":3},"recovery_90":0,"loss":7.691492557525635,"_step":999,"_runtime":3.6485708,"recovery_80":0,"_timestamp":1.7739846133864157e+09,"step":999,"window_l0":13,"auc":0.23658956692913388,"mean_max_cos_sim":0.2365696281194687,"l0":13}