{"step":39999,"_timestamp":1.7726700255359416e+09,"_step":39999,"_wandb":{"runtime":77},"recovery_90":0.11999999731779099,"loss":2.0577330589294434,"recovery_80":0.14000000059604645,"_runtime":77.018198733,"auc":0.5832653061224489,"mean_max_cos_sim":0.5836153030395508}