{"_wandb":{"runtime":178},"auc":0.636734693877551,"_step":79999,"recovery_80":0.3400000035762787,"mean_max_cos_sim":0.6377109885215759,"recovery_90":0.09999999403953552,"step":79999,"loss":2.301771640777588,"_runtime":178.889249557,"_timestamp":1.772671926713794e+09}