{"_wandb":{"runtime":6},"auc":0.26122448979591834,"_timestamp":1.773982759526878e+09,"_runtime":6.183182034,"l0":5,"recovery_90":0,"mean_max_cos_sim":0.2611600160598755,"loss":5.418651580810547,"recovery_80":0,"_step":999,"step":999,"window_l0":10}