{"recovery_90":0,"_runtime":89.994507619,"_timestamp":1.7726671485870824e+09,"_wandb":{"runtime":89},"auc":0.23959595959595964,"_step":39999,"recovery_80":0,"loss":19.211536407470703,"step":39999,"mean_max_cos_sim":0.23973535001277924}