{
  "topk_sae": {
    "T": 1,
    "per_phrase": {
      "the United States": {
        "k_feat_1": 0.9227777777777777,
        "k_feat_5": 1.0,
        "k_feat_20": 1.0
      },
      "in the morning": {
        "k_feat_1": 0.9466666666666667,
        "k_feat_5": 0.9688888888888889,
        "k_feat_20": 1.0
      },
      "at the same time": {
        "k_feat_1": 0.836111111111111,
        "k_feat_5": 1.0,
        "k_feat_20": 1.0
      },
      "on the other hand": {
        "k_feat_1": 0.8450000000000001,
        "k_feat_5": 0.9966666666666666,
        "k_feat_20": 1.0
      },
      "as well as": {
        "k_feat_1": 0.9133333333333333,
        "k_feat_5": 0.9555555555555555,
        "k_feat_20": 1.0
      },
      "a little bit": {
        "k_feat_1": 0.8988888888888888,
        "k_feat_5": 0.9744444444444444,
        "k_feat_20": 1.0
      },
      "more than": {
        "k_feat_1": 0.9488888888888889,
        "k_feat_5": 0.98,
        "k_feat_20": 1.0
      },
      "of course": {
        "k_feat_1": 0.9772222222222222,
        "k_feat_5": 0.9927777777777778,
        "k_feat_20": 1.0
      },
      "in order to": {
        "k_feat_1": 0.9183333333333334,
        "k_feat_5": 0.9527777777777777,
        "k_feat_20": 1.0
      },
      "the rest of": {
        "k_feat_1": 0.8811111111111111,
        "k_feat_5": 0.9988888888888888,
        "k_feat_20": 1.0
      },
      "a couple of": {
        "k_feat_1": 0.8511111111111112,
        "k_feat_5": 0.9738888888888889,
        "k_feat_20": 1.0
      },
      "from time to time": {
        "k_feat_1": 0.861111111111111,
        "k_feat_5": 0.9994444444444444,
        "k_feat_20": 1.0
      },
      "for the first time": {
        "k_feat_1": 0.8522222222222221,
        "k_feat_5": 1.0,
        "k_feat_20": 1.0
      },
      "at this point": {
        "k_feat_1": 0.9205555555555556,
        "k_feat_5": 0.9588888888888889,
        "k_feat_20": 1.0
      },
      "the only way": {
        "k_feat_1": 0.9155555555555556,
        "k_feat_5": 0.9988888888888888,
        "k_feat_20": 1.0
      }
    },
    "agg": {
      "k_feat_1_mean": 0.8992592592592591,
      "k_feat_1_min": 0.836111111111111,
      "k_feat_1_p25": 0.8566666666666666,
      "k_feat_5_mean": 0.9834074074074074,
      "k_feat_5_min": 0.9527777777777777,
      "k_feat_5_p25": 0.9713888888888889,
      "k_feat_20_mean": 1.0,
      "k_feat_20_min": 1.0,
      "k_feat_20_p25": 1.0
    }
  },
  "tsae_paper_k20": {
    "T": 1,
    "per_phrase": {
      "the United States": {
        "k_feat_1": 1.0,
        "k_feat_5": 1.0,
        "k_feat_20": 1.0
      },
      "in the morning": {
        "k_feat_1": 0.9855555555555556,
        "k_feat_5": 1.0,
        "k_feat_20": 1.0
      },
      "at the same time": {
        "k_feat_1": 0.9994444444444444,
        "k_feat_5": 1.0,
        "k_feat_20": 1.0
      },
      "on the other hand": {
        "k_feat_1": 0.9994444444444445,
        "k_feat_5": 1.0,
        "k_feat_20": 1.0
      },
      "as well as": {
        "k_feat_1": 0.9983333333333333,
        "k_feat_5": 1.0,
        "k_feat_20": 1.0
      },
      "a little bit": {
        "k_feat_1": 1.0,
        "k_feat_5": 1.0,
        "k_feat_20": 1.0
      },
      "more than": {
        "k_feat_1": 0.9983333333333333,
        "k_feat_5": 1.0,
        "k_feat_20": 1.0
      },
      "of course": {
        "k_feat_1": 1.0,
        "k_feat_5": 1.0,
        "k_feat_20": 1.0
      },
      "in order to": {
        "k_feat_1": 0.9977777777777778,
        "k_feat_5": 0.9988888888888889,
        "k_feat_20": 1.0
      },
      "the rest of": {
        "k_feat_1": 1.0,
        "k_feat_5": 1.0,
        "k_feat_20": 1.0
      },
      "a couple of": {
        "k_feat_1": 0.9933333333333333,
        "k_feat_5": 1.0,
        "k_feat_20": 1.0
      },
      "from time to time": {
        "k_feat_1": 0.9005555555555556,
        "k_feat_5": 1.0,
        "k_feat_20": 1.0
      },
      "for the first time": {
        "k_feat_1": 1.0,
        "k_feat_5": 1.0,
        "k_feat_20": 1.0
      },
      "at this point": {
        "k_feat_1": 0.9988888888888888,
        "k_feat_5": 1.0,
        "k_feat_20": 1.0
      },
      "the only way": {
        "k_feat_1": 0.9977777777777777,
        "k_feat_5": 1.0,
        "k_feat_20": 1.0
      }
    },
    "agg": {
      "k_feat_1_mean": 0.9912962962962963,
      "k_feat_1_min": 0.9005555555555556,
      "k_feat_1_p25": 0.9977777777777777,
      "k_feat_5_mean": 0.9999259259259259,
      "k_feat_5_min": 0.9988888888888889,
      "k_feat_5_p25": 1.0,
      "k_feat_20_mean": 1.0,
      "k_feat_20_min": 1.0,
      "k_feat_20_p25": 1.0
    }
  },
  "tsae_paper_k500": {
    "T": 1,
    "per_phrase": {
      "the United States": {
        "k_feat_1": 0.9344444444444444,
        "k_feat_5": 0.9888888888888888,
        "k_feat_20": 1.0
      },
      "in the morning": {
        "k_feat_1": 0.9149999999999999,
        "k_feat_5": 0.9711111111111111,
        "k_feat_20": 1.0
      },
      "at the same time": {
        "k_feat_1": 0.8755555555555556,
        "k_feat_5": 1.0,
        "k_feat_20": 1.0
      },
      "on the other hand": {
        "k_feat_1": 0.9244444444444444,
        "k_feat_5": 0.99,
        "k_feat_20": 1.0
      },
      "as well as": {
        "k_feat_1": 0.8922222222222222,
        "k_feat_5": 1.0,
        "k_feat_20": 1.0
      },
      "a little bit": {
        "k_feat_1": 0.9066666666666666,
        "k_feat_5": 1.0,
        "k_feat_20": 1.0
      },
      "more than": {
        "k_feat_1": 0.8894444444444445,
        "k_feat_5": 1.0,
        "k_feat_20": 1.0
      },
      "of course": {
        "k_feat_1": 0.9994444444444444,
        "k_feat_5": 1.0,
        "k_feat_20": 1.0
      },
      "in order to": {
        "k_feat_1": 0.9277777777777778,
        "k_feat_5": 0.9972222222222222,
        "k_feat_20": 1.0
      },
      "the rest of": {
        "k_feat_1": 0.9088888888888889,
        "k_feat_5": 1.0,
        "k_feat_20": 1.0
      },
      "a couple of": {
        "k_feat_1": 0.9061111111111112,
        "k_feat_5": 0.9783333333333333,
        "k_feat_20": 1.0
      },
      "from time to time": {
        "k_feat_1": 0.8988888888888888,
        "k_feat_5": 0.9927777777777778,
        "k_feat_20": 1.0
      },
      "for the first time": {
        "k_feat_1": 0.905,
        "k_feat_5": 1.0,
        "k_feat_20": 1.0
      },
      "at this point": {
        "k_feat_1": 0.9361111111111111,
        "k_feat_5": 1.0,
        "k_feat_20": 1.0
      },
      "the only way": {
        "k_feat_1": 0.8727777777777779,
        "k_feat_5": 1.0,
        "k_feat_20": 1.0
      }
    },
    "agg": {
      "k_feat_1_mean": 0.9128518518518518,
      "k_feat_1_min": 0.8727777777777779,
      "k_feat_1_p25": 0.8955555555555555,
      "k_feat_5_mean": 0.9945555555555556,
      "k_feat_5_min": 0.9711111111111111,
      "k_feat_5_p25": 0.9913888888888889,
      "k_feat_20_mean": 1.0,
      "k_feat_20_min": 1.0,
      "k_feat_20_p25": 1.0
    }
  },
  "agentic_txc_02": {
    "T": 5,
    "per_phrase": {
      "the United States": {
        "k_feat_1": 0.9411111111111111,
        "k_feat_5": 0.9894444444444443,
        "k_feat_20": 1.0
      },
      "in the morning": {
        "k_feat_1": 0.9672222222222222,
        "k_feat_5": 0.9938888888888888,
        "k_feat_20": 1.0
      },
      "at the same time": {
        "k_feat_1": 0.8944444444444444,
        "k_feat_5": 1.0,
        "k_feat_20": 1.0
      },
      "on the other hand": {
        "k_feat_1": 0.8911111111111112,
        "k_feat_5": 0.9883333333333333,
        "k_feat_20": 1.0
      },
      "as well as": {
        "k_feat_1": 0.9433333333333334,
        "k_feat_5": 0.9922222222222222,
        "k_feat_20": 1.0
      },
      "a little bit": {
        "k_feat_1": 0.9638888888888889,
        "k_feat_5": 0.9905555555555555,
        "k_feat_20": 1.0
      },
      "more than": {
        "k_feat_1": 0.9833333333333333,
        "k_feat_5": 0.9988888888888889,