{"_wandb":{"runtime":174},"_runtime":174.349822014,"loss":2.0485496520996094,"recovery_90":0.5199999809265137,"mean_max_cos_sim":0.8064507842063904,"_step":79999,"auc":0.8061224489795917,"_timestamp":1.772672102740344e+09,"recovery_80":0.5799999833106995,"step":79999}