{
  "stacked": {
    "n": 71725,
    "mean": 2.3307912164517255,
    "median": 1.0,
    "p25": 1.0,
    "p75": 1.0,
    "p90": 2.0,
    "p99": 26.75999999999476,
    "frac_longer_than_5": 0.029850121993726036,
    "frac_longer_than_10": 0.01632624607877309,
    "frac_longer_than_20": 0.011446497037295224
  },
  "txcdr": {
    "n": 1800092,
    "mean": 4.1579258171249025,
    "median": 2.0,
    "p25": 1.0,
    "p75": 4.0,
    "p90": 9.0,
    "p99": 39.0,
    "frac_longer_than_5": 0.17667708094919593,
    "frac_longer_than_10": 0.07989980512107159,
    "frac_longer_than_20": 0.03012457141079456
  },
  "tfa_novel": {
    "n": 163840,
    "mean": 1.10108642578125,
    "median": 1.0,
    "p25": 1.0,
    "p75": 1.0,
    "p90": 1.0,
    "p99": 2.0,
    "frac_longer_than_5": 0.0014892578125,
    "frac_longer_than_10": 0.001373291015625,
    "frac_longer_than_20": 0.001068115234375
  },
  "tfa_pred": {
    "n": 2256036,
    "mean": 4.460884046176568,
    "median": 2.0,
    "p25": 1.0,
    "p75": 4.0,
    "p90": 9.0,
    "p99": 51.0,
    "frac_longer_than_5": 0.1665882104718187,
    "frac_longer_than_10": 0.08132494339629333,
    "frac_longer_than_20": 0.03569490912379058
  }
}