{"step":999,"mean_max_cos_sim":0.18833419680595398,"_step":999,"window_l0":124.0000057220459,"auc":0.18817667322834647,"l0":24.80000114440918,"loss":8.035033226013184,"_runtime":14.163250843,"recovery_80":0,"_timestamp":1.7739844473530686e+09,"recovery_90":0,"_wandb":{"runtime":14}}