{
  "config": {
    "num_features": 20,
    "hidden_dim": 40,
    "seq_len": 64,
    "pi": [
      0.5,
      0.5,
      0.5,
      0.5,
      0.5,
      0.5,
      0.5,
      0.5,
      0.5,
      0.5,
      0.5,
      0.5,
      0.5,
      0.5,
      0.5,
      0.5,
      0.5,
      0.5,
      0.5,
      0.5
    ],
    "rho": [
      0.0,
      0.0,
      0.0,
      0.0,
      0.3,
      0.3,
      0.3,
      0.3,
      0.5,
      0.5,
      0.5,
      0.5,
      0.7,
      0.7,
      0.7,
      0.7,
      0.9,
      0.9,
      0.9,
      0.9
    ],
    "k_values": [
      5,
      8,
      10,
      15
    ],
    "total_steps": 30000,
    "seed": 42
  },
  "aggregated": {
    "5": {
      "continuation": {
        "0.0": {
          "pred_frac": 1.2568614732906669,
          "novel_frac": 0.3639288091513932,
          "count": 188310
        },
        "0.3": {
          "pred_frac": 2.3472019228228582,
          "novel_frac": 0.19187939568539755,
          "count": 245444
        },
        "0.5": {
          "pred_frac": 2.4620831879570373,
          "novel_frac": 0.1349083542660341,
          "count": 284020
        },
        "0.7": {
          "pred_frac": 1.0537440848620574,
          "novel_frac": 0.14601292765628557,
          "count": 321700
        },
        "0.9": {
          "pred_frac": 1.7205919356012076,
          "novel_frac": 0.1036273795471953,
          "count": 359321
        }
      },
      "onset": {
        "0.0": {
          "pred_frac": 1.2588380066592622,
          "novel_frac": 0.36218763539517,
          "count": 189060
        },
        "0.3": {
          "pred_frac": 2.3424007005802574,
          "novel_frac": 0.1927556046454625,
          "count": 132483
        },
        "0.5": {
          "pred_frac": 2.4640073047291753,
          "novel_frac": 0.13436475065889456,
          "count": 94502
        },
        "0.7": {
          "pred_frac": 1.0454889687731195,
          "novel_frac": 0.1480430087587589,
          "count": 56606
        },
        "0.9": {
          "pred_frac": 1.6845126270970525,
          "novel_frac": 0.10506482882058948,
          "count": 18809
        }
      },
      "offset": {
        "0.0": {
          "pred_frac": 6018.139679457966,
          "novel_frac": 1682.426823802861,
          "count": 189019
        },
        "0.3": {
          "pred_frac": 28239.637599114758,
          "novel_frac": 4379.736888327207,
          "count": 132548
        },
        "0.5": {
          "pred_frac": 13132.12968450282,
          "novel_frac": 3318.6367580146252,
          "count": 94416
        },
        "0.7": {
          "pred_frac": 7017.56030767979,
          "novel_frac": 7248.904204375658,
          "count": 56479
        },
        "0.9": {
          "pred_frac": 9833.733652190138,
          "novel_frac": 895.2666432857189,
          "count": 18958
        }
      },
      "absent": {
        "0.0": {
          "pred_frac": 6026.077928648551,
          "novel_frac": 1689.396387748138,
          "count": 189611
        },
        "0.3": {
          "pred_frac": 28273.78587768215,
          "novel_frac": 4377.10477119641,
          "count": 245525
        },
        "0.5": {
          "pred_frac": 13138.50744682567,
          "novel_frac": 3310.4605549133794,
          "count": 283062
        },
        "0.7": {
          "pred_frac": 7021.656774314129,
          "novel_frac": 7222.12303549952,
          "count": 321215
        },
        "0.9": {
          "pred_frac": 9476.029243345745,
          "novel_frac": 872.9762022196223,
          "count": 358912
        }
      }
    },
    "8": {
      "continuation": {
        "0.0": {
          "pred_frac": 1.5699563381320198,
          "novel_frac": 0.22600458177275973,
          "count": 188310
        },
        "0.3": {
          "pred_frac": 2.9036973169995726,
          "novel_frac": 0.2011481463835985,
          "count": 245444
        },
        "0.5": {
          "pred_frac": 0.6940939808766959,
          "novel_frac": 0.07184942474303439,
          "count": 284020
        },
        "0.7": {
          "pred_frac": 0.908616005352582,
          "novel_frac": 0.35886220897705523,
          "count": 321700
        },
        "0.9": {
          "pred_frac": 2.0352586031570303,
          "novel_frac": 0.1670251629204958,
          "count": 359321
        }
      },
      "onset": {
        "0.0": {
          "pred_frac": 1.5647288508544783,
          "novel_frac": 0.23149402728852891,
          "count": 189060
        },
        "0.3": {
          "pred_frac": 2.89918182474192,
          "novel_frac": 0.20248411890187532,
          "count": 132483
        },
        "0.5": {
          "pred_frac": 0.7003825272846788,
          "novel_frac": 0.07284046977441358,
          "count": 94502
        },
        "0.7": {
          "pred_frac": 0.8981350315162177,
          "novel_frac": 0.36255140318682977,
          "count": 56606
        },
        "0.9": {
          "pred_frac": 2.0079538269635866,
          "novel_frac": 0.1730160745102083,
          "count": 18809
        }
      },
      "offset": {
        "0.0": {
          "pred_frac": 12881.66900420311,
          "novel_frac": 2940.9808909955914,
          "count": 189019
        },
        "0.3": {
          "pred_frac": 36735.40078009636,
          "novel_frac": 4823.934268206522,
          "count": 132548
        },
        "0.5": {
          "pred_frac": 1579.648075119417,
          "novel_frac": 8080.851016207779,
          "count": 94416
        },
        "0.7": {
          "pred_frac": 4638.40815703485,
          "novel_frac": 3508.5614732069957,
          "count": 56479
        },
        "0.9": {
          "pred_frac": 12456.134942272945,
          "novel_frac": 1543.428931054404,
          "count": 18958
        }
      },
      "absent": {
        "0.0": {
          "pred_frac": 12644.736954888458,
          "novel_frac": 2810.3417626429846,
          "count": 189611
        },
        "0.3": {
          "pred_frac": 36766.47310007633,
          "novel_frac": 4787.496842329498,
          "count": 245525
        },
        "0.5": {
          "pred_frac": 1592.25782982296,
          "novel_frac": 8074.488923861245,
          "count": 283062
        },
        "0.7": {
          "pred_frac": 4615.692080351262,
          "novel_frac": 3480.6122909141245,
          "count": 321215
        },
        "0.9": {
          "pred_frac": 12236.970560061629,
          "novel_frac": 1493.82325348226,
          "count": 358912
        }
      }
    },
    "10": {
      "continuation": {
        "0.0": {
          "pred_frac": 1.9202587032382212,
          "novel_frac": 0.2840673426131611,
          "count": 188310
        },
        "0.3": {
          "pred_frac": 1.9327551369336466,
          "novel_frac": 0.3169929538786212,
          "count": 245444
        },
        "0.5": {
          "pred_frac": 1.4803324678045076,
          "novel_frac": 0.10629244451020292,
          "count": 284020
        },
        "0.7": {
          "pred_frac": 0.0756370027108536,
          "novel_frac": 0.35148495881978076,
          "count": 321700
        },
        "0.9": {
          "pred_frac": 1.1399927156097405,
          "novel_frac": 0.10956875207936324,
          "count": 359321
        }
      },
      "onset": {
        "0.0": {
          "pred_frac": 1.9257328424741456,
          "novel_frac": 0.282363321467137,
          "count": 189060
        },
        "0.3": {
          "pred_frac": 1.9302265591110392,
          "novel_frac": 0.3173164106924492,
          "count": 132483
        },
        "0.5": {
          "pred_frac": 1.4851975603532477,
          "novel_frac": 0.10674933834292494,
          "count": 94502
        },
        "0.7": {
          "pred_frac": 0.07574948925424256,
          "novel_frac": 0.35018851886372065,
          "count": 56606
        },
        "0.9": {
          "pred_frac": 1.1468562749660645,
          "novel_frac": 0.10986137056422156,