{"l0":5,"_timestamp":1.7739830309273427e+09,"_runtime":5.104338306,"mean_max_cos_sim":0.27406570315361023,"step":999,"recovery_90":0,"recovery_80":0,"_wandb":{"runtime":5},"loss":0.6385299563407898,"window_l0":5,"auc":0.27428571428571424,"_step":999}