{"loss":0.00039273343281820416,"_timestamp":1.7726737785299513e+09,"auc":0.9746938775510203,"mean_max_cos_sim":0.9846560955047607,"recovery_90":0.9799999594688416,"step":79999,"recovery_80":0.9799999594688416,"_step":79999,"_runtime":153.420408261,"_wandb":{"runtime":153}}