{
  "baseline_last_token_lr": {
    "mean_auc": 0.9342055350320082,
    "std_auc": 0.055661144406580855,
    "n_tasks": 27,
    "per_task": {
      "ag_news_business": 0.9448827085181899,
      "ag_news_scitech": 0.9401108033240997,
      "ag_news_sports": 0.9964180800354727,
      "ag_news_world": 0.9684340286434527,
      "amazon_reviews_sentiment_5star": 0.9808435577281976,
      "bias_in_bios_set1_prof11": 0.8988579940417082,
      "bias_in_bios_set1_prof18": 0.9531053492979584,
      "bias_in_bios_set1_prof19": 0.9245535688953703,
      "bias_in_bios_set1_prof2": 0.9360771581359817,
      "bias_in_bios_set1_prof21": 0.9135014005602241,
      "bias_in_bios_set2_prof13": 0.9177058823529413,
      "bias_in_bios_set2_prof22": 0.8646167557932264,
      "bias_in_bios_set2_prof25": 0.9152339064374251,
      "bias_in_bios_set2_prof26": 0.8616589221031064,
      "bias_in_bios_set2_prof6": 0.9516068231080954,
      "bias_in_bios_set3_prof1": 0.8749399211765837,
      "bias_in_bios_set3_prof12": 0.9680734447793917,
      "bias_in_bios_set3_prof14": 0.975973487986744,
      "bias_in_bios_set3_prof20": 0.9294294294294294,
      "bias_in_bios_set3_prof9": 0.8916872427983538,
      "europarl_de": 0.9998411890461162,
      "europarl_es": 0.9986080269087585,
      "europarl_fr": 0.9981591836734695,
      "europarl_it": 0.998902714061861,
      "europarl_nl": 0.9998295841854125,
      "winogrande_correct_completion": 0.7708229581673307,
      "wsc_coreference": 0.8496753246753247
    }
  },
  "baseline_attn_pool": {
    "mean_auc": 0.9134136297100036,
    "std_auc": 0.11704530179973856,
    "n_tasks": 27,
    "per_task": {
      "ag_news_business": 0.9325920585625554,
      "ag_news_scitech": 0.9518975069252078,
      "ag_news_sports": 0.9951917747478107,
      "ag_news_world": 0.9735657497437602,
      "amazon_reviews_sentiment_5star": 0.995460729895368,
      "bias_in_bios_set1_prof11": 0.9041459781529295,
      "bias_in_bios_set1_prof18": 0.9626152123352572,
      "bias_in_bios_set1_prof19": 0.9533566739109465,
      "bias_in_bios_set1_prof2": 0.9491310160427807,
      "bias_in_bios_set1_prof21": 0.9446618647458983,
      "bias_in_bios_set2_prof13": 0.9328823529411765,
      "bias_in_bios_set2_prof22": 0.8536244800950683,
      "bias_in_bios_set2_prof25": 0.8953918432626948,
      "bias_in_bios_set2_prof26": 0.847682119205298,
      "bias_in_bios_set2_prof6": 0.9582508717368768,
      "bias_in_bios_set3_prof1": 0.8407190233586465,
      "bias_in_bios_set3_prof12": 0.9704028500959166,
      "bias_in_bios_set3_prof14": 0.9632145816072908,
      "bias_in_bios_set3_prof20": 0.9281156156156156,
      "bias_in_bios_set3_prof9": 0.8604115226337449,
      "europarl_de": 0.9994014048661306,
      "europarl_es": 0.9914073215335379,
      "europarl_fr": 0.9911061224489796,
      "europarl_it": 0.9969024954144785,
      "europarl_nl": 0.9995415003083714,
      "winogrande_correct_completion": 0.5415992280876494,
      "wsc_coreference": 0.5288961038961039
    }
  },
  "matryoshka_t5": {
    "mean_auc": 0.7545410278335298,
    "std_auc": 0.09454827120503626,
    "n_tasks": 27,
    "per_task": {
      "ag_news_business": 0.8142676907719608,
      "ag_news_scitech": 0.7377389196675901,
      "ag_news_sports": 0.963314765547057,
      "ag_news_world": 0.7797099642649382,
      "amazon_reviews_sentiment_5star": 0.8258862814508006,
      "bias_in_bios_set1_prof11": 0.6775819265143992,
      "bias_in_bios_set1_prof18": 0.7827375312257729,
      "bias_in_bios_set1_prof19": 0.8654436506630502,
      "bias_in_bios_set1_prof2": 0.6540870893812071,
      "bias_in_bios_set1_prof21": 0.6458343337334934,
      "bias_in_bios_set2_prof13": 0.719764705882353,
      "bias_in_bios_set2_prof22": 0.6904486036838977,
      "bias_in_bios_set2_prof25": 0.8121251499400239,
      "bias_in_bios_set2_prof26": 0.7173905089458856,
      "bias_in_bios_set2_prof6": 0.7919140514560362,
      "bias_in_bios_set3_prof1": 0.6741324617898683,
      "bias_in_bios_set3_prof12": 0.8515346670320636,
      "bias_in_bios_set3_prof14": 0.8772162386081193,
      "bias_in_bios_set3_prof20": 0.7351726726726726,
      "bias_in_bios_set3_prof9": 0.7790946502057613,
      "europarl_de": 0.7802463605823069,
      "europarl_es": 0.7866811442753576,
      "europarl_fr": 0.7983183673469387,
      "europarl_it": 0.789904159564001,
      "europarl_nl": 0.7538140682312462,
      "winogrande_correct_completion": 0.502988047808765,
      "wsc_coreference": 0.5652597402597402
    }
  },
  "mlc": {
    "mean_auc": 0.8073714384678706,
    "std_auc": 0.09046985073299313,
    "n_tasks": 27,
    "per_task": {
      "ag_news_business": 0.8481241681455189,
      "ag_news_scitech": 0.8580678670360111,
      "ag_news_sports": 0.9570723866533644,
      "ag_news_world": 0.8214493476273583,
      "amazon_reviews_sentiment_5star": 0.8346276875408876,
      "bias_in_bios_set1_prof11": 0.809719463753724,
      "bias_in_bios_set1_prof18": 0.8894220001722801,
      "bias_in_bios_set1_prof19": 0.8878290425634537,
      "bias_in_bios_set1_prof2": 0.8636841100076393,
      "bias_in_bios_set1_prof21": 0.8761304521808724,
      "bias_in_bios_set2_prof13": 0.7858676470588235,
      "bias_in_bios_set2_prof22": 0.6490790255496137,
      "bias_in_bios_set2_prof25": 0.7933826469412235,
      "bias_in_bios_set2_prof26": 0.7387215981852109,
      "bias_in_bios_set2_prof6": 0.8697342380548487,
      "bias_in_bios_set3_prof1": 0.6806209747188311,
      "bias_in_bios_set3_prof12": 0.7852836393532474,
      "bias_in_bios_set3_prof14": 0.9454846727423364,
      "bias_in_bios_set3_prof20": 0.8008633633633633,
      "bias_in_bios_set3_prof9": 0.8297119341563786,
      "europarl_de": 0.8588455665275374,
      "europarl_es": 0.7827419828881196,
      "europarl_fr": 0.7284408163265306,
      "europarl_it": 0.7744854700716273,
      "europarl_nl": 0.9117327230824164,
      "winogrande_correct_completion": 0.5805683515936255,
      "wsc_coreference": 0.6373376623376623
    }
  },
  "stacked_t20": {
    "mean_auc": 0.7282211725043605,
    "std_auc": 0.10544016997147412,
    "n_tasks": 27,
    "per_task": {
      "ag_news_business": 0.8284924023957408,
      "ag_news_scitech": 0.782735457063712,
      "ag_news_sports": 0.9438809444629199,
      "ag_news_world": 0.7140848776974431,
      "amazon_reviews_sentiment_5star": 0.76626973137635,
      "bias_in_bios_set1_prof11": 0.769563058589871,
      "bias_in_bios_set1_prof18": 0.8199672667757775,
      "bias_in_bios_set1_prof19": 0.8764576039402829,
      "bias_in_bios_set1_prof2": 0.7765374331550803,
      "bias_in_bios_set1_prof21": 0.8686674669867946,
      "bias_in_bios_set2_prof13": 0.744764705882353,
      "bias_in_bios_set2_prof22": 0.6311348781937017,
      "bias_in_bios_set2_prof25": 0.6982706917233107,
      "bias_in_bios_set2_prof26": 0.6303464929933043,
      "bias_in_bios_set2_prof6": 0.8183017623221185,
      "bias_in_bios_set3_prof1": 0.5885802172450254,
      "bias_in_bios_set3_prof12": 0.8310496026308577,
      "bias_in_bios_set3_prof14": 0.7632145816072908,
      "bias_in_bios_set3_prof20": 0.7304804804804804,
      "bias_in_bios_set3_prof9": 0.5731687242798353,
      "europarl_de": 0.7264175913671995,
      "europarl_es": 0.7248342694794593,
      "europarl_fr": 0.6659469387755103,
      "europarl_it": 0.5701513930672584,
      "europarl_nl": 0.7376448534423994,
      "winogrande_correct_completion": 0.5108783615537849,
      "wsc_coreference": 0.57012987012987
    }
  },
  "stacked_t5": {
    "mean_auc": 0.7430795012249353,
    "std_auc": 0.1050297066669804,
    "n_tasks": 27,
    "per_task": {
      "ag_news_business": 0.814947038598048,
      "ag_news_scitech": 0.7579986149584488,
      "ag_news_sports": 0.9532202638288438,
      "ag_news_world": 0.7846200725781878,
      "amazon_reviews_sentiment_5star": 0.6932480865631986,
      "bias_in_bios_set1_prof11": 0.6824851042701091,
      "bias_in_bios_set1_prof18": 0.7531570333362047,
      "bias_in_bios_set1_prof19": 0.8692851995392412,