{
  "matryoshka_t5": {
    "mean_auc": 0.7063933134828321,
    "std_auc": 0.08429600662247108,
    "n_tasks": 25,
    "per_task": {
      "ag_news_business": 0.6493594720496895,
      "ag_news_scitech": 0.6544321329639889,
      "ag_news_sports": 0.9217069892473118,
      "ag_news_world": 0.7136693537217098,
      "amazon_reviews_sentiment_5star": 0.7684410356439061,
      "bias_in_bios_set1_prof11": 0.624875868917577,
      "bias_in_bios_set1_prof18": 0.6524506848135068,
      "bias_in_bios_set1_prof19": 0.8523642264981757,
      "bias_in_bios_set1_prof2": 0.5970301757066463,
      "bias_in_bios_set1_prof21": 0.6689155662264906,
      "bias_in_bios_set2_prof13": 0.6994264705882353,
      "bias_in_bios_set2_prof22": 0.6766488413547238,
      "bias_in_bios_set2_prof25": 0.7069422231107557,
      "bias_in_bios_set2_prof26": 0.6727342578024953,
      "bias_in_bios_set2_prof6": 0.7693902553953444,
      "bias_in_bios_set3_prof1": 0.5450831490916082,
      "bias_in_bios_set3_prof12": 0.8273499588928473,
      "bias_in_bios_set3_prof14": 0.651864125932063,
      "bias_in_bios_set3_prof20": 0.699512012012012,
      "bias_in_bios_set3_prof9": 0.7497942386831276,
      "europarl_de": 0.7264542400488649,
      "europarl_es": 0.7674608941284043,
      "europarl_fr": 0.7818857142857143,
      "europarl_it": 0.5808813109125288,
      "europarl_nl": 0.7011596390430745
    }
  },
  "stacked_t20": {
    "mean_auc": 0.6804429634569074,
    "std_auc": 0.10315945282618227,
    "n_tasks": 25,
    "per_task": {
      "ag_news_business": 0.7261708351818987,
      "ag_news_scitech": 0.6217555401662049,
      "ag_news_sports": 0.9280498281786943,
      "ag_news_world": 0.57713510069531,
      "amazon_reviews_sentiment_5star": 0.5862441252372983,
      "bias_in_bios_set1_prof11": 0.6525322740814301,
      "bias_in_bios_set1_prof18": 0.6683607545869583,
      "bias_in_bios_set1_prof19": 0.8750730575210944,
      "bias_in_bios_set1_prof2": 0.5765947288006111,
      "bias_in_bios_set1_prof21": 0.8373709483793518,
      "bias_in_bios_set2_prof13": 0.7193235294117646,
      "bias_in_bios_set2_prof22": 0.6851158645276292,
      "bias_in_bios_set2_prof25": 0.6221511395441823,
      "bias_in_bios_set2_prof26": 0.6738502067249643,
      "bias_in_bios_set2_prof6": 0.8102912072377721,
      "bias_in_bios_set3_prof1": 0.6569258867634336,
      "bias_in_bios_set3_prof12": 0.8226911482597972,
      "bias_in_bios_set3_prof14": 0.752444076222038,
      "bias_in_bios_set3_prof20": 0.6139264264264265,
      "bias_in_bios_set3_prof9": 0.5812345679012345,
      "europarl_de": 0.6708337575078895,
      "europarl_es": 0.6642773169616616,
      "europarl_fr": 0.5396285714285715,
      "europarl_it": 0.5939799087349629,
      "europarl_nl": 0.5551132859415069
    }
  },
  "stacked_t5": {
    "mean_auc": 0.6644778127284581,
    "std_auc": 0.10840917039466479,
    "n_tasks": 25,
    "per_task": {
      "ag_news_business": 0.7464576863354038,
      "ag_news_scitech": 0.6808725761772854,
      "ag_news_sports": 0.9355392971954328,
      "ag_news_world": 0.5775852516690212,
      "amazon_reviews_sentiment_5star": 0.6500668247986225,
      "bias_in_bios_set1_prof11": 0.6060575968222444,
      "bias_in_bios_set1_prof18": 0.6747868033422346,
      "bias_in_bios_set1_prof19": 0.8563419602680573,
      "bias_in_bios_set1_prof2": 0.5774732620320855,
      "bias_in_bios_set1_prof21": 0.6735374149659865,
      "bias_in_bios_set2_prof13": 0.7123235294117647,
      "bias_in_bios_set2_prof22": 0.5855020796197267,
      "bias_in_bios_set2_prof25": 0.5579268292682926,
      "bias_in_bios_set2_prof26": 0.6412864512824266,
      "bias_in_bios_set2_prof6": 0.5746866459334653,
      "bias_in_bios_set3_prof1": 0.6423147169085841,
      "bias_in_bios_set3_prof12": 0.7626747053987394,
      "bias_in_bios_set3_prof14": 0.8913835956917979,
      "bias_in_bios_set3_prof20": 0.611111111111111,
      "bias_in_bios_set3_prof9": 0.5534979423868313,
      "europarl_de": 0.6713509111269469,
      "europarl_es": 0.7769128404415125,
      "europarl_fr": 0.5282775510204081,
      "europarl_it": 0.555016135367024,
      "europarl_nl": 0.5689615996364463
    }
  },
  "topk_sae": {
    "mean_auc": 0.6903803811679273,
    "std_auc": 0.11830148879472072,
    "n_tasks": 25,
    "per_task": {
      "ag_news_business": 0.7897487799467613,
      "ag_news_scitech": 0.6613504155124654,
      "ag_news_sports": 0.935788715220042,
      "ag_news_world": 0.7373230560403333,
      "amazon_reviews_sentiment_5star": 0.6764957316412411,
      "bias_in_bios_set1_prof11": 0.5364448857994042,
      "bias_in_bios_set1_prof18": 0.813627358084245,
      "bias_in_bios_set1_prof19": 0.8571335349626343,
      "bias_in_bios_set1_prof2": 0.5980233002291826,
      "bias_in_bios_set1_prof21": 0.6829491796718687,
      "bias_in_bios_set2_prof13": 0.7031176470588235,
      "bias_in_bios_set2_prof22": 0.6391562685680333,
      "bias_in_bios_set2_prof25": 0.8391143542582967,
      "bias_in_bios_set2_prof26": 0.6283707145731953,
      "bias_in_bios_set2_prof6": 0.786542267458298,
      "bias_in_bios_set3_prof1": 0.6701912909737575,
      "bias_in_bios_set3_prof12": 0.7946012606193478,
      "bias_in_bios_set3_prof14": 0.9030654515327258,
      "bias_in_bios_set3_prof20": 0.5525525525525525,
      "bias_in_bios_set3_prof9": 0.5973662551440329,
      "europarl_de": 0.5884027282907462,
      "europarl_es": 0.633088547449546,
      "europarl_fr": 0.5088979591836735,
      "europarl_it": 0.5566397946334215,
      "europarl_nl": 0.5695174797935534
    }
  },
  "txcdr_t20": {
    "mean_auc": 0.7677355853324301,
    "std_auc": 0.0862398376521952,
    "n_tasks": 25,
    "per_task": {
      "ag_news_business": 0.8303432786157942,
      "ag_news_scitech": 0.8685664819944597,
      "ag_news_sports": 0.9589014521671655,
      "ag_news_world": 0.8022659907476661,
      "amazon_reviews_sentiment_5star": 0.8183208312764139,
      "bias_in_bios_set1_prof11": 0.7085402184707049,
      "bias_in_bios_set1_prof18": 0.7881298992161254,
      "bias_in_bios_set1_prof19": 0.8847875799376954,
      "bias_in_bios_set1_prof2": 0.7684396485867074,
      "bias_in_bios_set1_prof21": 0.7723209283713485,
      "bias_in_bios_set2_prof13": 0.7847647058823529,
      "bias_in_bios_set2_prof22": 0.6682412358882948,
      "bias_in_bios_set2_prof25": 0.766593362654938,
      "bias_in_bios_set2_prof26": 0.6334199260912518,
      "bias_in_bios_set2_prof6": 0.8596739232871549,
      "bias_in_bios_set3_prof1": 0.6786503893107758,
      "bias_in_bios_set3_prof12": 0.9161414086050973,
      "bias_in_bios_set3_prof14": 0.8043082021541011,
      "bias_in_bios_set3_prof20": 0.721096096096096,
      "bias_in_bios_set3_prof9": 0.7241152263374485,
      "europarl_de": 0.6414048661305101,
      "europarl_es": 0.6803646071451896,
      "europarl_fr": 0.7052979591836736,
      "europarl_it": 0.6481315771359621,
      "europarl_nl": 0.7605698380238258
    }
  },
  "txcdr_t5": {
    "mean_auc": 0.7568914735203213,
    "std_auc": 0.0842346552295645,
    "n_tasks": 25,
    "per_task": {
      "ag_news_business": 0.6629880212954747,
      "ag_news_scitech": 0.6457202216066482,
      "ag_news_sports": 0.9587178527879393,
      "ag_news_world": 0.7136485775229231,
      "amazon_reviews_sentiment_5star": 0.8571313899959464,
      "bias_in_bios_set1_prof11": 0.6724925521350545,
      "bias_in_bios_set1_prof18": 0.694779912137135,
      "bias_in_bios_set1_prof19": 0.8812921676663015,
      "bias_in_bios_set1_prof2": 0.7855853705118412,
      "bias_in_bios_set1_prof21": 0.6927651060424169,
      "bias_in_bios_set2_prof13": 0.7750588235294118,
      "bias_in_bios_set2_prof22": 0.7122994652406416,
      "bias_in_bios_set2_prof25": 0.8409886045581768,
      "bias_in_bios_set2_prof26": 0.736745819765102,
      "bias_in_bios_set2_prof6": 0.7510602205258694,
      "bias_in_bios_set3_prof1": 0.6054022878015958,
      "bias_in_bios_set3_prof12": 0.7678130994793093,
      "bias_in_bios_set3_prof14": 0.8326429163214581,