{
  "baseline_last_token_lr": {
    "mean_acc": 0.8912401207300408,
    "std_acc": 0.06490372897083535,
    "n_tasks": 25,
    "per_task": {
      "ag_news_business": 0.8881578947368421,
      "ag_news_scitech": 0.8789473684210526,
      "ag_news_sports": 0.9736842105263158,
      "ag_news_world": 0.9105263157894737,
      "amazon_reviews_sentiment_5star": 0.934,
      "bias_in_bios_set1_prof11": 0.8059701492537313,
      "bias_in_bios_set1_prof18": 0.8817427385892116,
      "bias_in_bios_set1_prof19": 0.8571428571428571,
      "bias_in_bios_set1_prof2": 0.8765432098765432,
      "bias_in_bios_set1_prof21": 0.859,
      "bias_in_bios_set2_prof13": 0.8567567567567568,
      "bias_in_bios_set2_prof22": 0.784741144414169,
      "bias_in_bios_set2_prof25": 0.8251748251748252,
      "bias_in_bios_set2_prof26": 0.8102409638554217,
      "bias_in_bios_set2_prof6": 0.9146757679180887,
      "bias_in_bios_set3_prof1": 0.8186274509803921,
      "bias_in_bios_set3_prof12": 0.8771929824561403,
      "bias_in_bios_set3_prof14": 0.9230769230769231,
      "bias_in_bios_set3_prof20": 0.863013698630137,
      "bias_in_bios_set3_prof9": 0.8012820512820513,
      "europarl_de": 0.9939516129032258,
      "europarl_es": 0.9838383838383838,
      "europarl_fr": 0.9868686868686869,
      "europarl_it": 0.9839034205231388,
      "europarl_nl": 0.9919436052366566
    }
  },
  "baseline_attn_pool": {
    "mean_acc": 0.8837803864479065,
    "std_acc": 0.0687197534765969,
    "n_tasks": 25,
    "per_task": {
      "ag_news_business": 0.8552631735801697,
      "ag_news_scitech": 0.875,
      "ag_news_sports": 0.9552631378173828,
      "ag_news_world": 0.9223684072494507,
      "amazon_reviews_sentiment_5star": 0.9739999771118164,
      "bias_in_bios_set1_prof11": 0.8159204125404358,
      "bias_in_bios_set1_prof18": 0.8900414705276489,
      "bias_in_bios_set1_prof19": 0.8880952596664429,
      "bias_in_bios_set1_prof2": 0.8827160596847534,
      "bias_in_bios_set1_prof21": 0.8700000047683716,
      "bias_in_bios_set2_prof13": 0.8756756782531738,
      "bias_in_bios_set2_prof22": 0.7983651161193848,
      "bias_in_bios_set2_prof25": 0.8286713361740112,
      "bias_in_bios_set2_prof26": 0.7891566157341003,
      "bias_in_bios_set2_prof6": 0.8600682616233826,
      "bias_in_bios_set3_prof1": 0.7549019455909729,
      "bias_in_bios_set3_prof12": 0.9122806787490845,
      "bias_in_bios_set3_prof14": 0.8782051205635071,
      "bias_in_bios_set3_prof20": 0.8287671208381653,
      "bias_in_bios_set3_prof9": 0.7628205418586731,
      "europarl_de": 0.9879032373428345,
      "europarl_es": 0.9646464586257935,
      "europarl_fr": 0.9616161584854126,
      "europarl_it": 0.9758551120758057,
      "europarl_nl": 0.9869083762168884
    }
  },
  "matryoshka_t5": {
    "mean_acc": 0.7114922531235489,
    "std_acc": 0.06731299562427336,
    "n_tasks": 25,
    "per_task": {
      "ag_news_business": 0.725,
      "ag_news_scitech": 0.6947368421052632,
      "ag_news_sports": 0.9092105263157895,
      "ag_news_world": 0.7013157894736842,
      "amazon_reviews_sentiment_5star": 0.77,
      "bias_in_bios_set1_prof11": 0.6318407960199005,
      "bias_in_bios_set1_prof18": 0.7033195020746889,
      "bias_in_bios_set1_prof19": 0.8083333333333333,
      "bias_in_bios_set1_prof2": 0.6126543209876543,
      "bias_in_bios_set1_prof21": 0.6,
      "bias_in_bios_set2_prof13": 0.6648648648648648,
      "bias_in_bios_set2_prof22": 0.6348773841961853,
      "bias_in_bios_set2_prof25": 0.7552447552447552,
      "bias_in_bios_set2_prof26": 0.6837349397590361,
      "bias_in_bios_set2_prof6": 0.764505119453925,
      "bias_in_bios_set3_prof1": 0.6323529411764706,
      "bias_in_bios_set3_prof12": 0.7719298245614035,
      "bias_in_bios_set3_prof14": 0.7692307692307693,
      "bias_in_bios_set3_prof20": 0.6575342465753424,
      "bias_in_bios_set3_prof9": 0.6858974358974359,
      "europarl_de": 0.7217741935483871,
      "europarl_es": 0.7343434343434343,
      "europarl_fr": 0.7444444444444445,
      "europarl_it": 0.710261569416499,
      "europarl_nl": 0.6998992950654582
    }
  },
  "mlc": {
    "mean_acc": 0.7600307565862804,
    "std_acc": 0.06923550719195942,
    "n_tasks": 25,
    "per_task": {
      "ag_news_business": 0.7881578947368421,
      "ag_news_scitech": 0.7736842105263158,
      "ag_news_sports": 0.9394736842105263,
      "ag_news_world": 0.7605263157894737,
      "amazon_reviews_sentiment_5star": 0.759,
      "bias_in_bios_set1_prof11": 0.7089552238805971,
      "bias_in_bios_set1_prof18": 0.7925311203319502,
      "bias_in_bios_set1_prof19": 0.844047619047619,
      "bias_in_bios_set1_prof2": 0.7762345679012346,
      "bias_in_bios_set1_prof21": 0.805,
      "bias_in_bios_set2_prof13": 0.754054054054054,
      "bias_in_bios_set2_prof22": 0.6212534059945504,
      "bias_in_bios_set2_prof25": 0.7832167832167832,
      "bias_in_bios_set2_prof26": 0.6746987951807228,
      "bias_in_bios_set2_prof6": 0.8020477815699659,
      "bias_in_bios_set3_prof1": 0.6372549019607843,
      "bias_in_bios_set3_prof12": 0.7076023391812866,
      "bias_in_bios_set3_prof14": 0.8653846153846154,
      "bias_in_bios_set3_prof20": 0.7191780821917808,
      "bias_in_bios_set3_prof9": 0.75,
      "europarl_de": 0.7983870967741935,
      "europarl_es": 0.7171717171717171,
      "europarl_fr": 0.6878787878787879,
      "europarl_it": 0.7152917505030181,
      "europarl_nl": 0.8197381671701913
    }
  },
  "stacked_t20": {
    "mean_acc": 0.6940670740799325,
    "std_acc": 0.08798248100136871,
    "n_tasks": 25,
    "per_task": {
      "ag_news_business": 0.7355263157894737,
      "ag_news_scitech": 0.7026315789473684,
      "ag_news_sports": 0.9144736842105263,
      "ag_news_world": 0.6592105263157895,
      "amazon_reviews_sentiment_5star": 0.702,
      "bias_in_bios_set1_prof11": 0.7189054726368159,
      "bias_in_bios_set1_prof18": 0.7406639004149378,
      "bias_in_bios_set1_prof19": 0.8130952380952381,
      "bias_in_bios_set1_prof2": 0.7330246913580247,
      "bias_in_bios_set1_prof21": 0.815,
      "bias_in_bios_set2_prof13": 0.7054054054054054,
      "bias_in_bios_set2_prof22": 0.6049046321525886,
      "bias_in_bios_set2_prof25": 0.6678321678321678,
      "bias_in_bios_set2_prof26": 0.5692771084337349,
      "bias_in_bios_set2_prof6": 0.78839590443686,
      "bias_in_bios_set3_prof1": 0.5343137254901961,
      "bias_in_bios_set3_prof12": 0.7953216374269005,
      "bias_in_bios_set3_prof14": 0.6923076923076923,
      "bias_in_bios_set3_prof20": 0.678082191780822,
      "bias_in_bios_set3_prof9": 0.5576923076923077,
      "europarl_de": 0.6764112903225806,
      "europarl_es": 0.6727272727272727,
      "europarl_fr": 0.6393939393939394,
      "europarl_it": 0.5653923541247485,
      "europarl_nl": 0.6696878147029205
    }
  },
  "stacked_t5": {
    "mean_acc": 0.7004113085718885,
    "std_acc": 0.08736893670981186,
    "n_tasks": 25,
    "per_task": {
      "ag_news_business": 0.7328947368421053,
      "ag_news_scitech": 0.6934210526315789,
      "ag_news_sports": 0.9184210526315789,
      "ag_news_world": 0.6763157894736842,
      "amazon_reviews_sentiment_5star": 0.647,
      "bias_in_bios_set1_prof11": 0.6417910447761194,
      "bias_in_bios_set1_prof18": 0.6825726141078838,
      "bias_in_bios_set1_prof19": 0.8238095238095238,
      "bias_in_bios_set1_prof2": 0.6990740740740741,
      "bias_in_bios_set1_prof21": 0.752,
      "bias_in_bios_set2_prof13": 0.6621621621621622,
      "bias_in_bios_set2_prof22": 0.5367847411444142,
      "bias_in_bios_set2_prof25": 0.7202797202797203,
      "bias_in_bios_set2_prof26": 0.5903614457831325,
      "bias_in_bios_set2_prof6": 0.7849829351535836,
      "bias_in_bios_set3_prof1": 0.6029411764705882,
      "bias_in_bios_set3_prof12": 0.7543859649122807,
      "bias_in_bios_set3_prof14": 0.8141025641025641,
      "bias_in_bios_set3_prof20": 0.6917808219178082,
      "bias_in_bios_set3_prof9": 0.5961538461538461,
      "europarl_de": 0.6673387096774194,