{
  "matryoshka_t5": {
    "mean_acc": 0.6505216412731016,
    "std_acc": 0.08596229293747346,
    "n_tasks": 36,
    "per_task": {
      "ag_news_business": 0.5947368421052631,
      "ag_news_scitech": 0.6118421052631579,
      "ag_news_sports": 0.9,
      "ag_news_world": 0.6447368421052632,
      "amazon_reviews_sentiment_5star": 0.701,
      "bias_in_bios_set1_prof11": 0.5895522388059702,
      "bias_in_bios_set1_prof18": 0.6307053941908713,
      "bias_in_bios_set1_prof19": 0.7916666666666666,
      "bias_in_bios_set1_prof2": 0.5910493827160493,
      "bias_in_bios_set1_prof21": 0.597,
      "bias_in_bios_set2_prof13": 0.5783783783783784,
      "bias_in_bios_set2_prof22": 0.6376021798365122,
      "bias_in_bios_set2_prof25": 0.6433566433566433,
      "bias_in_bios_set2_prof26": 0.6295180722891566,
      "bias_in_bios_set2_prof6": 0.726962457337884,
      "bias_in_bios_set3_prof1": 0.5245098039215687,
      "bias_in_bios_set3_prof12": 0.7602339181286549,
      "bias_in_bios_set3_prof14": 0.5961538461538461,
      "bias_in_bios_set3_prof20": 0.6438356164383562,
      "bias_in_bios_set3_prof9": 0.7115384615384616,
      "europarl_de": 0.6441532258064516,
      "europarl_es": 0.7,
      "europarl_fr": 0.7222222222222222,
      "europarl_it": 0.5744466800804829,
      "europarl_nl": 0.6233635448136958,
      "winogrande_correct_completion": 0.5207100591715976,
      "wsc_coreference": 0.5045045045045045,
      "amazon_reviews_cat0": 0.712,
      "amazon_reviews_cat1": 0.718,
      "amazon_reviews_cat2": 0.7,
      "amazon_reviews_cat3": 0.519,
      "amazon_reviews_cat5": 0.623,
      "github_code_go": 0.835,
      "github_code_java": 0.642,
      "github_code_javascript": 0.592,
      "github_code_python": 0.684
    }
  },
  "stacked_t20": {
    "mean_acc": 0.6365724693591044,
    "std_acc": 0.10000020376513048,
    "n_tasks": 36,
    "per_task": {
      "ag_news_business": 0.6394736842105263,
      "ag_news_scitech": 0.5828947368421052,
      "ag_news_sports": 0.925,
      "ag_news_world": 0.5473684210526316,
      "amazon_reviews_sentiment_5star": 0.554,
      "bias_in_bios_set1_prof11": 0.6218905472636815,
      "bias_in_bios_set1_prof18": 0.6265560165975104,
      "bias_in_bios_set1_prof19": 0.8226190476190476,
      "bias_in_bios_set1_prof2": 0.566358024691358,
      "bias_in_bios_set1_prof21": 0.796,
      "bias_in_bios_set2_prof13": 0.6675675675675675,
      "bias_in_bios_set2_prof22": 0.6403269754768393,
      "bias_in_bios_set2_prof25": 0.6013986013986014,
      "bias_in_bios_set2_prof26": 0.6566265060240963,
      "bias_in_bios_set2_prof6": 0.764505119453925,
      "bias_in_bios_set3_prof1": 0.6372549019607843,
      "bias_in_bios_set3_prof12": 0.8070175438596491,
      "bias_in_bios_set3_prof14": 0.6858974358974359,
      "bias_in_bios_set3_prof20": 0.5958904109589042,
      "bias_in_bios_set3_prof9": 0.532051282051282,
      "europarl_de": 0.6461693548387096,
      "europarl_es": 0.6242424242424243,
      "europarl_fr": 0.5393939393939394,
      "europarl_it": 0.5583501006036218,
      "europarl_nl": 0.525679758308157,
      "winogrande_correct_completion": 0.5305719921104537,
      "wsc_coreference": 0.5045045045045045,
      "amazon_reviews_cat0": 0.542,
      "amazon_reviews_cat1": 0.748,
      "amazon_reviews_cat2": 0.605,
      "amazon_reviews_cat3": 0.542,
      "amazon_reviews_cat5": 0.554,
      "github_code_go": 0.824,
      "github_code_java": 0.613,
      "github_code_javascript": 0.637,
      "github_code_python": 0.652
    }
  },
  "stacked_t5": {
    "mean_acc": 0.6128502403020133,
    "std_acc": 0.101244242714872,
    "n_tasks": 36,
    "per_task": {
      "ag_news_business": 0.7092105263157895,
      "ag_news_scitech": 0.6434210526315789,
      "ag_news_sports": 0.925,
      "ag_news_world": 0.5473684210526316,
      "amazon_reviews_sentiment_5star": 0.599,
      "bias_in_bios_set1_prof11": 0.5746268656716418,
      "bias_in_bios_set1_prof18": 0.6431535269709544,
      "bias_in_bios_set1_prof19": 0.8273809523809523,
      "bias_in_bios_set1_prof2": 0.5648148148148148,
      "bias_in_bios_set1_prof21": 0.605,
      "bias_in_bios_set2_prof13": 0.6216216216216216,
      "bias_in_bios_set2_prof22": 0.5667574931880109,
      "bias_in_bios_set2_prof25": 0.5594405594405595,
      "bias_in_bios_set2_prof26": 0.5813253012048193,
      "bias_in_bios_set2_prof6": 0.5460750853242321,
      "bias_in_bios_set3_prof1": 0.5784313725490197,
      "bias_in_bios_set3_prof12": 0.7192982456140351,
      "bias_in_bios_set3_prof14": 0.8141025641025641,
      "bias_in_bios_set3_prof20": 0.5753424657534246,
      "bias_in_bios_set3_prof9": 0.5192307692307693,
      "europarl_de": 0.5967741935483871,
      "europarl_es": 0.7585858585858586,
      "europarl_fr": 0.5383838383838384,
      "europarl_it": 0.5503018108651911,
      "europarl_nl": 0.5115810674723061,
      "winogrande_correct_completion": 0.5088757396449703,
      "wsc_coreference": 0.5045045045045045,
      "amazon_reviews_cat0": 0.541,
      "amazon_reviews_cat1": 0.519,
      "amazon_reviews_cat2": 0.52,
      "amazon_reviews_cat3": 0.546,
      "amazon_reviews_cat5": 0.566,
      "github_code_go": 0.809,
      "github_code_java": 0.632,
      "github_code_javascript": 0.605,
      "github_code_python": 0.635
    }
  },
  "topk_sae": {
    "mean_acc": 0.6341058014545061,
    "std_acc": 0.11000557002069636,
    "n_tasks": 36,
    "per_task": {
      "ag_news_business": 0.7513157894736842,
      "ag_news_scitech": 0.6236842105263158,
      "ag_news_sports": 0.9223684210526316,
      "ag_news_world": 0.7065789473684211,
      "amazon_reviews_sentiment_5star": 0.627,
      "bias_in_bios_set1_prof11": 0.5149253731343284,
      "bias_in_bios_set1_prof18": 0.7551867219917012,
      "bias_in_bios_set1_prof19": 0.8047619047619048,
      "bias_in_bios_set1_prof2": 0.5833333333333334,
      "bias_in_bios_set1_prof21": 0.637,
      "bias_in_bios_set2_prof13": 0.6594594594594595,
      "bias_in_bios_set2_prof22": 0.6267029972752044,
      "bias_in_bios_set2_prof25": 0.8181818181818182,
      "bias_in_bios_set2_prof26": 0.6054216867469879,
      "bias_in_bios_set2_prof6": 0.7303754266211604,
      "bias_in_bios_set3_prof1": 0.6617647058823529,
      "bias_in_bios_set3_prof12": 0.7368421052631579,
      "bias_in_bios_set3_prof14": 0.8461538461538461,
      "bias_in_bios_set3_prof20": 0.5273972602739726,
      "bias_in_bios_set3_prof9": 0.5512820512820513,
      "europarl_de": 0.5463709677419355,
      "europarl_es": 0.6101010101010101,
      "europarl_fr": 0.5252525252525253,
      "europarl_it": 0.56841046277666,
      "europarl_nl": 0.49244712990936557,
      "winogrande_correct_completion": 0.5009861932938856,
      "wsc_coreference": 0.5045045045045045,
      "amazon_reviews_cat0": 0.566,
      "amazon_reviews_cat1": 0.534,
      "amazon_reviews_cat2": 0.514,
      "amazon_reviews_cat3": 0.511,
      "amazon_reviews_cat5": 0.549,
      "github_code_go": 0.783,
      "github_code_java": 0.625,
      "github_code_javascript": 0.648,
      "github_code_python": 0.66
    }
  },
  "txcdr_t20": {
    "mean_acc": 0.6931417428982266,
    "std_acc": 0.09192528411700511,
    "n_tasks": 36,
    "per_task": {
      "ag_news_business": 0.7618421052631579,
      "ag_news_scitech": 0.781578947368421,
      "ag_news_sports": 0.8947368421052632,
      "ag_news_world": 0.7289473684210527,
      "amazon_reviews_sentiment_5star": 0.753,
      "bias_in_bios_set1_prof11": 0.6741293532338308,
      "bias_in_bios_set1_prof18": 0.7178423236514523,
      "bias_in_bios_set1_prof19": 0.8321428571428572,
      "bias_in_bios_set1_prof2": 0.6959876543209876,
      "bias_in_bios_set1_prof21": 0.726,
      "bias_in_bios_set2_prof13": 0.7297297297297297,
      "bias_in_bios_set2_prof22": 0.6212534059945504,
      "bias_in_bios_set2_prof25": 0.7237762237762237,
      "bias_in_bios_set2_prof26": 0.5572289156626506,
      "bias_in_bios_set2_prof6": 0.7952218430034129,
      "bias_in_bios_set3_prof1": 0.6421568627450981,