{
  "baseline_last_token_lr": {
    "mean_auc": 0.9342055350320082,
    "std_auc": 0.055661144406580855,
    "n_tasks": 27,
    "per_task": {
      "ag_news_business": 0.9448827085181899,
      "ag_news_scitech": 0.9401108033240997,
      "ag_news_sports": 0.9964180800354727,
      "ag_news_world": 0.9684340286434527,
      "amazon_reviews_sentiment_5star": 0.9808435577281976,
      "bias_in_bios_set1_prof11": 0.8988579940417082,
      "bias_in_bios_set1_prof18": 0.9531053492979584,
      "bias_in_bios_set1_prof19": 0.9245535688953703,
      "bias_in_bios_set1_prof2": 0.9360771581359817,
      "bias_in_bios_set1_prof21": 0.9135014005602241,
      "bias_in_bios_set2_prof13": 0.9177058823529413,
      "bias_in_bios_set2_prof22": 0.8646167557932264,
      "bias_in_bios_set2_prof25": 0.9152339064374251,
      "bias_in_bios_set2_prof26": 0.8616589221031064,
      "bias_in_bios_set2_prof6": 0.9516068231080954,
      "bias_in_bios_set3_prof1": 0.8749399211765837,
      "bias_in_bios_set3_prof12": 0.9680734447793917,
      "bias_in_bios_set3_prof14": 0.975973487986744,
      "bias_in_bios_set3_prof20": 0.9294294294294294,
      "bias_in_bios_set3_prof9": 0.8916872427983538,
      "europarl_de": 0.9998411890461162,
      "europarl_es": 0.9986080269087585,
      "europarl_fr": 0.9981591836734695,
      "europarl_it": 0.998902714061861,
      "europarl_nl": 0.9998295841854125,
      "winogrande_correct_completion": 0.7708229581673307,
      "wsc_coreference": 0.8496753246753247
    }
  },
  "baseline_attn_pool": {
    "mean_auc": 0.9134136297100036,
    "std_auc": 0.11704530179973856,
    "n_tasks": 27,
    "per_task": {
      "ag_news_business": 0.9325920585625554,
      "ag_news_scitech": 0.9518975069252078,
      "ag_news_sports": 0.9951917747478107,
      "ag_news_world": 0.9735657497437602,
      "amazon_reviews_sentiment_5star": 0.995460729895368,
      "bias_in_bios_set1_prof11": 0.9041459781529295,
      "bias_in_bios_set1_prof18": 0.9626152123352572,
      "bias_in_bios_set1_prof19": 0.9533566739109465,
      "bias_in_bios_set1_prof2": 0.9491310160427807,
      "bias_in_bios_set1_prof21": 0.9446618647458983,
      "bias_in_bios_set2_prof13": 0.9328823529411765,
      "bias_in_bios_set2_prof22": 0.8536244800950683,
      "bias_in_bios_set2_prof25": 0.8953918432626948,
      "bias_in_bios_set2_prof26": 0.847682119205298,
      "bias_in_bios_set2_prof6": 0.9582508717368768,
      "bias_in_bios_set3_prof1": 0.8407190233586465,
      "bias_in_bios_set3_prof12": 0.9704028500959166,
      "bias_in_bios_set3_prof14": 0.9632145816072908,
      "bias_in_bios_set3_prof20": 0.9281156156156156,
      "bias_in_bios_set3_prof9": 0.8604115226337449,
      "europarl_de": 0.9994014048661306,
      "europarl_es": 0.9914073215335379,
      "europarl_fr": 0.9911061224489796,
      "europarl_it": 0.9969024954144785,
      "europarl_nl": 0.9995415003083714,
      "winogrande_correct_completion": 0.5415992280876494,
      "wsc_coreference": 0.5288961038961039
    }
  },
  "mlc": {
    "mean_auc": 0.8073646196523384,
    "std_auc": 0.09046745120936754,
    "n_tasks": 27,
    "per_task": {
      "ag_news_business": 0.8481241681455189,
      "ag_news_scitech": 0.8580747922437673,
      "ag_news_sports": 0.9570654583749031,
      "ag_news_world": 0.8214493476273583,
      "amazon_reviews_sentiment_5star": 0.8346276875408876,
      "bias_in_bios_set1_prof11": 0.809719463753724,
      "bias_in_bios_set1_prof18": 0.8894047721595313,
      "bias_in_bios_set1_prof19": 0.8878290425634537,
      "bias_in_bios_set1_prof2": 0.8635981665393428,
      "bias_in_bios_set1_prof21": 0.8761504601840736,
      "bias_in_bios_set2_prof13": 0.7858382352941178,
      "bias_in_bios_set2_prof22": 0.6490790255496137,
      "bias_in_bios_set2_prof25": 0.7933826469412235,
      "bias_in_bios_set2_prof26": 0.7387215981852109,
      "bias_in_bios_set2_prof6": 0.869687117142588,
      "bias_in_bios_set3_prof1": 0.6806209747188311,
      "bias_in_bios_set3_prof12": 0.7852836393532474,
      "bias_in_bios_set3_prof14": 0.9454846727423364,
      "bias_in_bios_set3_prof20": 0.8008633633633633,
      "bias_in_bios_set3_prof9": 0.8297119341563786,
      "europarl_de": 0.8588455665275374,
      "europarl_es": 0.7827297367905428,
      "europarl_fr": 0.7284367346938775,
      "europarl_it": 0.7744692739692193,
      "europarl_nl": 0.9117408381212062,
      "winogrande_correct_completion": 0.5805683515936255,
      "wsc_coreference": 0.6373376623376623
    }
  },
  "topk_sae": {
    "mean_auc": 0.7445393351978218,
    "std_auc": 0.09996681572575654,
    "n_tasks": 27,
    "per_task": {
      "ag_news_business": 0.8378576974267968,
      "ag_news_scitech": 0.7552770083102494,
      "ag_news_sports": 0.9396546946014853,
      "ag_news_world": 0.7987409623535278,
      "amazon_reviews_sentiment_5star": 0.68889343752383,
      "bias_in_bios_set1_prof11": 0.7166832174776564,
      "bias_in_bios_set1_prof18": 0.832095787750883,
      "bias_in_bios_set1_prof19": 0.9144021199448451,
      "bias_in_bios_set1_prof2": 0.7337375859434683,
      "bias_in_bios_set1_prof21": 0.7456182472989195,
      "bias_in_bios_set2_prof13": 0.7751323529411764,
      "bias_in_bios_set2_prof22": 0.6268270944741534,
      "bias_in_bios_set2_prof25": 0.8194722111155538,
      "bias_in_bios_set2_prof26": 0.7027551132413743,
      "bias_in_bios_set2_prof6": 0.8169352558665536,
      "bias_in_bios_set3_prof1": 0.6925886763433625,
      "bias_in_bios_set3_prof12": 0.7822691148259797,
      "bias_in_bios_set3_prof14": 0.8894780447390224,
      "bias_in_bios_set3_prof20": 0.8183183183183184,
      "bias_in_bios_set3_prof9": 0.7925925925925925,
      "europarl_de": 0.6908235773185382,
      "europarl_es": 0.654929462477957,
      "europarl_fr": 0.6243551020408163,
      "europarl_it": 0.6628497851991919,
      "europarl_nl": 0.7096317395397149,
      "winogrande_correct_completion": 0.5046688247011952,
      "wsc_coreference": 0.575974025974026
    }
  },
  "txcdr_t5": {
    "mean_auc": 0.7967598777779353,
    "std_auc": 0.08692712917239545,
    "n_tasks": 27,
    "per_task": {
      "ag_news_business": 0.8051380878438332,
      "ag_news_scitech": 0.783718836565097,
      "ag_news_sports": 0.9706587407161068,
      "ag_news_world": 0.7967810742679853,
      "amazon_reviews_sentiment_5star": 0.894087711060006,
      "bias_in_bios_set1_prof11": 0.7745531281032771,
      "bias_in_bios_set1_prof18": 0.8393487811180981,
      "bias_in_bios_set1_prof19": 0.9242414785139959,
      "bias_in_bios_set1_prof2": 0.7659377387318564,
      "bias_in_bios_set1_prof21": 0.7852741096438576,
      "bias_in_bios_set2_prof13": 0.7654411764705882,
      "bias_in_bios_set2_prof22": 0.7324123588829472,
      "bias_in_bios_set2_prof25": 0.8488604558176729,
      "bias_in_bios_set2_prof26": 0.780084885295086,
      "bias_in_bios_set2_prof6": 0.8053435114503816,
      "bias_in_bios_set3_prof1": 0.7211381332307988,
      "bias_in_bios_set3_prof12": 0.8820224719101124,
      "bias_in_bios_set3_prof14": 0.8707539353769678,
      "bias_in_bios_set3_prof20": 0.7175300300300301,
      "bias_in_bios_set3_prof9": 0.814156378600823,
      "europarl_de": 0.774863076453222,
      "europarl_es": 0.827930082946901,
      "europarl_fr": 0.8184938775510204,
      "europarl_it": 0.846359723532532,
      "europarl_nl": 0.8281762261823613,
      "winogrande_correct_completion": 0.5333665338645419,
      "wsc_coreference": 0.6058441558441559
    }
  },
  "txcdr_t20": {
    "mean_auc": 0.7505934295359553,
    "std_auc": 0.09667641421250855,
    "n_tasks": 27,
    "per_task": {
      "ag_news_business": 0.8338024068322981,
      "ag_news_scitech": 0.8695637119113574,
      "ag_news_sports": 0.9601762554040572,
      "ag_news_world": 0.8503698163384027,
      "amazon_reviews_sentiment_5star": 0.8141387627980526,
      "bias_in_bios_set1_prof11": 0.6761668321747765,
      "bias_in_bios_set1_prof18": 0.7458695839434921,
      "bias_in_bios_set1_prof19": 0.8310456162650158,