{
  "matryoshka_t5": {
    "mean_auc": 0.7006877120744103,
    "std_auc": 0.09361841294034466,
    "n_tasks": 36,
    "per_task": {
      "ag_news_business": 0.6493594720496895,
      "ag_news_scitech": 0.6544321329639889,
      "ag_news_sports": 0.9217069892473118,
      "ag_news_world": 0.7136693537217098,
      "amazon_reviews_sentiment_5star": 0.7684410356439061,
      "bias_in_bios_set1_prof11": 0.624875868917577,
      "bias_in_bios_set1_prof18": 0.6524506848135068,
      "bias_in_bios_set1_prof19": 0.8523642264981757,
      "bias_in_bios_set1_prof2": 0.5970301757066463,
      "bias_in_bios_set1_prof21": 0.6689155662264906,
      "bias_in_bios_set2_prof13": 0.6994264705882353,
      "bias_in_bios_set2_prof22": 0.6766488413547238,
      "bias_in_bios_set2_prof25": 0.7069422231107557,
      "bias_in_bios_set2_prof26": 0.6727342578024953,
      "bias_in_bios_set2_prof6": 0.7693902553953444,
      "bias_in_bios_set3_prof1": 0.5450831490916082,
      "bias_in_bios_set3_prof12": 0.8273499588928473,
      "bias_in_bios_set3_prof14": 0.651864125932063,
      "bias_in_bios_set3_prof20": 0.699512012012012,
      "bias_in_bios_set3_prof9": 0.7497942386831276,
      "europarl_de": 0.7264542400488649,
      "europarl_es": 0.7674608941284043,
      "europarl_fr": 0.7818857142857143,
      "europarl_it": 0.5808813109125288,
      "europarl_nl": 0.7011596390430745,
      "winogrande_correct_completion": 0.502972485059761,
      "wsc_coreference": 0.5831168831168831,
      "amazon_reviews_cat0": 0.7610441767068273,
      "amazon_reviews_cat1": 0.768275447903113,
      "amazon_reviews_cat2": 0.7644110576442307,
      "amazon_reviews_cat3": 0.5358290224884077,
      "amazon_reviews_cat5": 0.6612678056410031,
      "github_code_go": 0.9011284406238624,
      "github_code_java": 0.713136385661825,
      "github_code_javascript": 0.6520292574794233,
      "github_code_python": 0.7217138352826314
    }
  },
  "stacked_t20": {
    "mean_auc": 0.6692382970740146,
    "std_auc": 0.10082732375031345,
    "n_tasks": 36,
    "per_task": {
      "ag_news_business": 0.7261708351818987,
      "ag_news_scitech": 0.6217555401662049,
      "ag_news_sports": 0.9280498281786943,
      "ag_news_world": 0.57713510069531,
      "amazon_reviews_sentiment_5star": 0.5862441252372983,
      "bias_in_bios_set1_prof11": 0.6525322740814301,
      "bias_in_bios_set1_prof18": 0.6683607545869583,
      "bias_in_bios_set1_prof19": 0.8750730575210944,
      "bias_in_bios_set1_prof2": 0.5765947288006111,
      "bias_in_bios_set1_prof21": 0.8373709483793518,
      "bias_in_bios_set2_prof13": 0.7193235294117646,
      "bias_in_bios_set2_prof22": 0.6851158645276292,
      "bias_in_bios_set2_prof25": 0.6221511395441823,
      "bias_in_bios_set2_prof26": 0.6738502067249643,
      "bias_in_bios_set2_prof6": 0.8102912072377721,
      "bias_in_bios_set3_prof1": 0.6569258867634336,
      "bias_in_bios_set3_prof12": 0.8226911482597972,
      "bias_in_bios_set3_prof14": 0.752444076222038,
      "bias_in_bios_set3_prof20": 0.6139264264264265,
      "bias_in_bios_set3_prof9": 0.5812345679012345,
      "europarl_de": 0.6708337575078895,
      "europarl_es": 0.6642773169616616,
      "europarl_fr": 0.5396285714285715,
      "europarl_it": 0.5939799087349629,
      "europarl_nl": 0.5551132859415069,
      "winogrande_correct_completion": 0.5334132221115537,
      "wsc_coreference": 0.6350649350649351,
      "amazon_reviews_cat0": 0.5485207763324214,
      "amazon_reviews_cat1": 0.7723831448303473,
      "amazon_reviews_cat2": 0.6275065100260402,
      "amazon_reviews_cat3": 0.550579913663078,
      "amazon_reviews_cat5": 0.5679204451360249,
      "github_code_go": 0.8278478025208906,
      "github_code_java": 0.6537737624694145,
      "github_code_javascript": 0.6736782717600502,
      "github_code_python": 0.690815824327082
    }
  },
  "stacked_t5": {
    "mean_auc": 0.6533096134322313,
    "std_auc": 0.1082082782735814,
    "n_tasks": 36,
    "per_task": {
      "ag_news_business": 0.7464576863354038,
      "ag_news_scitech": 0.6808725761772854,
      "ag_news_sports": 0.9355392971954328,
      "ag_news_world": 0.5775852516690212,
      "amazon_reviews_sentiment_5star": 0.6500668247986225,
      "bias_in_bios_set1_prof11": 0.6060575968222444,
      "bias_in_bios_set1_prof18": 0.6747868033422346,
      "bias_in_bios_set1_prof19": 0.8563419602680573,
      "bias_in_bios_set1_prof2": 0.5774732620320855,
      "bias_in_bios_set1_prof21": 0.6735374149659865,
      "bias_in_bios_set2_prof13": 0.7123235294117647,
      "bias_in_bios_set2_prof22": 0.5855020796197267,
      "bias_in_bios_set2_prof25": 0.5579268292682926,
      "bias_in_bios_set2_prof26": 0.6412864512824266,
      "bias_in_bios_set2_prof6": 0.5746866459334653,
      "bias_in_bios_set3_prof1": 0.6423147169085841,
      "bias_in_bios_set3_prof12": 0.7626747053987394,
      "bias_in_bios_set3_prof14": 0.8913835956917979,
      "bias_in_bios_set3_prof20": 0.611111111111111,
      "bias_in_bios_set3_prof9": 0.5534979423868313,
      "europarl_de": 0.6713509111269469,
      "europarl_es": 0.7769128404415125,
      "europarl_fr": 0.5282775510204081,
      "europarl_it": 0.555016135367024,
      "europarl_nl": 0.5689615996364463,
      "winogrande_correct_completion": 0.5174614043824701,
      "wsc_coreference": 0.6433441558441559,
      "amazon_reviews_cat0": 0.5521728347653563,
      "amazon_reviews_cat1": 0.5407186467821039,
      "amazon_reviews_cat2": 0.5490341961367845,
      "amazon_reviews_cat3": 0.5724522006313237,
      "amazon_reviews_cat5": 0.6052017872643415,
      "github_code_go": 0.9016524594885416,
      "github_code_java": 0.6741913652181922,
      "github_code_javascript": 0.688022919425894,
      "github_code_python": 0.6629487954097129
    }
  },
  "topk_sae": {
    "mean_auc": 0.6673850240921424,
    "std_auc": 0.11976158174352446,
    "n_tasks": 36,
    "per_task": {
      "ag_news_business": 0.7897487799467613,
      "ag_news_scitech": 0.6613504155124654,
      "ag_news_sports": 0.935788715220042,
      "ag_news_world": 0.7373230560403333,
      "amazon_reviews_sentiment_5star": 0.6764957316412411,
      "bias_in_bios_set1_prof11": 0.5364448857994042,
      "bias_in_bios_set1_prof18": 0.813627358084245,
      "bias_in_bios_set1_prof19": 0.8571335349626343,
      "bias_in_bios_set1_prof2": 0.5980233002291826,
      "bias_in_bios_set1_prof21": 0.6829491796718687,
      "bias_in_bios_set2_prof13": 0.7031176470588235,
      "bias_in_bios_set2_prof22": 0.6391562685680333,
      "bias_in_bios_set2_prof25": 0.8391143542582967,
      "bias_in_bios_set2_prof26": 0.6283707145731953,
      "bias_in_bios_set2_prof6": 0.786542267458298,
      "bias_in_bios_set3_prof1": 0.6701912909737575,
      "bias_in_bios_set3_prof12": 0.7946012606193478,
      "bias_in_bios_set3_prof14": 0.9030654515327258,
      "bias_in_bios_set3_prof20": 0.5525525525525525,
      "bias_in_bios_set3_prof9": 0.5973662551440329,
      "europarl_de": 0.5884027282907462,
      "europarl_es": 0.633088547449546,
      "europarl_fr": 0.5088979591836735,
      "europarl_it": 0.5566397946334215,
      "europarl_nl": 0.5695174797935534,
      "winogrande_correct_completion": 0.5013539591633466,
      "wsc_coreference": 0.5936688311688312,
      "amazon_reviews_cat0": 0.5873413974623595,
      "amazon_reviews_cat1": 0.5382003803423081,
      "amazon_reviews_cat2": 0.5286261145044581,
      "amazon_reviews_cat3": 0.5575652827954278,
      "amazon_reviews_cat5": 0.5525238908600709,
      "github_code_go": 0.8854638766995613,
      "github_code_java": 0.6281301184168899,
      "github_code_javascript": 0.6666119822822594,
      "github_code_python": 0.7268655044234333
    }
  },
  "txcdr_t20": {
    "mean_auc": 0.7522060742454018,
    "std_auc": 0.09626930294044063,
    "n_tasks": 36,
    "per_task": {
      "ag_news_business": 0.8303432786157942,
      "ag_news_scitech": 0.8685664819944597,
      "ag_news_sports": 0.9589014521671655,
      "ag_news_world": 0.8022659907476661,