{
  "txcdr_t5": {
    "T": 5,
    "mean_spectrum": [
      1.0,
      0.7594946026802063,
      0.6852869987487793,
      0.6369175314903259,
      0.5997945070266724
    ],
    "p10": [
      1.0,
      0.327790230512619,
      0.22666004300117493,
      0.17098556458950043,
      0.13710224628448486
    ],
    "p50": [
      1.0,
      0.8931059837341309,
      0.8239495158195496,
      0.775536835193634,
      0.7285386323928833
    ],
    "p90": [
      1.0,
      0.9833741784095764,
      0.9654932022094727,
      0.9482887983322144,
      0.9306789636611938
    ],
    "effective_rank_ratio": 0.736298680305481
  },
  "txcdr_t20": {
    "T": 20,
    "mean_spectrum": [
      1.0,
      0.9127805233001709,
      0.8777501583099365,
      0.8547393679618835,
      0.837513267993927,
      0.8235658407211304,
      0.8115879893302917,
      0.8007752299308777,
      0.7908996939659119,
      0.7814245223999023,
      0.7726383209228516,
      0.7641347050666809,
      0.755707859992981,
      0.7473201751708984,
      0.7392570376396179,
      0.7306082844734192,
      0.7219812273979187,
      0.7129472494125366,
      0.702888548374176,
      0.6903210878372192
    ],
    "p10": [
      1.0,
      0.7728993892669678,
      0.6691599488258362,
      0.6006255745887756,
      0.5571340918540955,
      0.5237982869148254,
      0.4968430697917938,
      0.47457873821258545,
      0.45469143986701965,
      0.4377519488334656,
      0.42298221588134766,
      0.40918534994125366,
      0.3938717544078827,
      0.383445680141449,
      0.3712840974330902,
      0.36368393898010254,
      0.3524206280708313,
      0.33765164017677307,
      0.3254355490207672,
      0.30577582120895386
    ],
    "p50": [
      1.0,
      0.9690420627593994,
      0.9531562924385071,
      0.9426441788673401,
      0.9342232346534729,
      0.9262751936912537,
      0.9184980392456055,
      0.9111694097518921,
      0.9041649103164673,
      0.8970105648040771,
      0.8903918266296387,
      0.8834348320960999,
      0.876318633556366,
      0.8687830567359924,
      0.8625258207321167,
      0.85421222448349,
      0.846171498298645,
      0.8374248743057251,
      0.8286921977996826,
      0.8157632350921631
    ],
    "p90": [
      1.0,
      0.9920876026153564,
      0.9822866916656494,
      0.9728047847747803,
      0.964454174041748,
      0.9563498497009277,
      0.9495912790298462,
      0.9414445757865906,
      0.9347399473190308,
      0.9279960989952087,
      0.920920193195343,
      0.913790225982666,
      0.9072805047035217,
      0.8997961282730103,
      0.8927793502807617,
      0.8850553035736084,
      0.87764972448349,
      0.8692811727523804,
      0.8595984578132629,
      0.8485311269760132
    ],
    "effective_rank_ratio": 0.7914422750473022
  }
}