{
  "acc": {
    "T20_k1_last_position": {
      "mean": 0.6233029236140667,
      "std": 0.07615049898291953,
      "n": 36
    },
    "T20_k2_last_position": {
      "mean": 0.6559647426484013,
      "std": 0.0840714321823156,
      "n": 36
    },
    "T20_k5_last_position": {
      "mean": 0.6855751061174997,
      "std": 0.08757403528839151,
      "n": 36
    },
    "T20_k20_last_position": {
      "mean": 0.748787818769686,
      "std": 0.08637219865602216,
      "n": 36
    },
    "T5_k1_last_position": {
      "mean": 0.676842625300292,
      "std": 0.09549738746890482,
      "n": 36
    },
    "T5_k2_last_position": {
      "mean": 0.6969521799172101,
      "std": 0.09482501037097323,
      "n": 36
    },
    "T5_k5_last_position": {
      "mean": 0.7269734701216812,
      "std": 0.09568682985644276,
      "n": 36
    },
    "T5_k20_last_position": {
      "mean": 0.773826241108064,
      "std": 0.08574599978727715,
      "n": 36
    },
    "T2_k1_last_position": {
      "mean": 0.6333768725574477,
      "std": 0.1038997559594874,
      "n": 36
    },
    "T2_k2_last_position": {
      "mean": 0.6612131512663115,
      "std": 0.10584861075900705,
      "n": 36
    },
    "T2_k5_last_position": {
      "mean": 0.6957511422458698,
      "std": 0.10314275273482282,
      "n": 36
    },
    "T2_k20_last_position": {
      "mean": 0.7573139462401947,
      "std": 0.0937674089691327,
      "n": 36
    },
    "T3_k1_last_position": {
      "mean": 0.6439668161943883,
      "std": 0.10673998462620686,
      "n": 36
    },
    "T3_k2_last_position": {
      "mean": 0.6749298227240319,
      "std": 0.10104921258861724,
      "n": 36
    },
    "T3_k5_last_position": {
      "mean": 0.7136739824147293,
      "std": 0.10065908949113275,
      "n": 36
    },
    "T3_k20_last_position": {
      "mean": 0.76252048858018,
      "std": 0.0924349230344159,
      "n": 36
    },
    "T8_k1_last_position": {
      "mean": 0.6277913039836398,
      "std": 0.07993381116963487,
      "n": 36
    },
    "T8_k2_last_position": {
      "mean": 0.6536343413890706,
      "std": 0.09193218716633872,
      "n": 36
    },
    "T8_k5_last_position": {
      "mean": 0.6966090984350343,
      "std": 0.0889770074782945,
      "n": 36
    },
    "T8_k20_last_position": {
      "mean": 0.7557107932468531,
      "std": 0.08791469612343954,
      "n": 36
    },
    "T10_k1_last_position": {
      "mean": 0.6468999953925086,
      "std": 0.09420831130894759,
      "n": 36
    },
    "T10_k2_last_position": {
      "mean": 0.6688177888734095,
      "std": 0.09362881314131567,
      "n": 36
    },
    "T10_k5_last_position": {
      "mean": 0.7064308818873013,
      "std": 0.08606265718800052,
      "n": 36
    },
    "T10_k20_last_position": {
      "mean": 0.7600026387233281,
      "std": 0.0824906424107505,
      "n": 36
    },
    "T15_k1_last_position": {
      "mean": 0.6512116365836007,
      "std": 0.07852084067952246,
      "n": 36
    },
    "T15_k2_last_position": {
      "mean": 0.6741519870292285,
      "std": 0.08131026028869483,
      "n": 36
    },
    "T15_k5_last_position": {
      "mean": 0.7121784898165169,
      "std": 0.08168478550645274,
      "n": 36
    },
    "T15_k20_last_position": {
      "mean": 0.763499236484059,
      "std": 0.08294216101059872,
      "n": 36
    },
    "T5_k1_mean_pool": {
      "mean": 0.6819417718753438,
      "std": 0.09885127773111484,
      "n": 36
    },
    "T5_k2_mean_pool": {
      "mean": 0.6999321291159426,
      "std": 0.0946841342973207,
      "n": 36
    },
    "T5_k5_mean_pool": {
      "mean": 0.7417752239837339,
      "std": 0.09019977242727961,
      "n": 36
    },
    "T5_k20_mean_pool": {
      "mean": 0.7888409047182234,
      "std": 0.08095521739069893,
      "n": 36
    },
    "T20_k1_mean_pool": {
      "mean": 0.6212260531570256,
      "std": 0.08092166231966894,
      "n": 36
    },
    "T20_k2_mean_pool": {
      "mean": 0.6533081361382401,
      "std": 0.0885423001425499,
      "n": 36
    },
    "T20_k5_mean_pool": {
      "mean": 0.6952659029677994,
      "std": 0.09293734179030343,
      "n": 36
    },
    "T20_k20_mean_pool": {
      "mean": 0.7518001608945613,
      "std": 0.08852821264206481,
      "n": 36
    },
    "T2_k1_mean_pool": {
      "mean": 0.6305394115466767,
      "std": 0.11181205898103345,
      "n": 36
    },
    "T2_k2_mean_pool": {
      "mean": 0.6707023817352762,
      "std": 0.11186773320561214,
      "n": 36
    },
    "T2_k5_mean_pool": {
      "mean": 0.7187521128043366,
      "std": 0.10350704208421994,
      "n": 36
    },
    "T2_k20_mean_pool": {
      "mean": 0.7850019072613076,
      "std": 0.08840377710255803,
      "n": 36
    },
    "T3_k1_mean_pool": {
      "mean": 0.6568758352417748,
      "std": 0.106483303781265,
      "n": 36
    },
    "T3_k2_mean_pool": {
      "mean": 0.6942300365400209,
      "std": 0.10948289376151515,
      "n": 36
    },
    "T3_k5_mean_pool": {
      "mean": 0.7367752561625417,
      "std": 0.09832101707867692,
      "n": 36
    },
    "T3_k20_mean_pool": {
      "mean": 0.7877941537197847,
      "std": 0.09087507194915288,
      "n": 36
    },
    "T8_k1_mean_pool": {
      "mean": 0.6531043077939035,
      "std": 0.08367672278609332,
      "n": 36
    },
    "T8_k2_mean_pool": {
      "mean": 0.6761950877558265,
      "std": 0.09587085729778838,
      "n": 36
    },
    "T8_k5_mean_pool": {
      "mean": 0.7083584396423386,
      "std": 0.0935972908410143,
      "n": 36
    },
    "T8_k20_mean_pool": {
      "mean": 0.7774840617545821,
      "std": 0.08695040040947563,
      "n": 36
    },
    "T10_k1_mean_pool": {
      "mean": 0.6483535676632456,
      "std": 0.09059605073725413,
      "n": 36
    },
    "T10_k2_mean_pool": {
      "mean": 0.6706081898508955,
      "std": 0.09480801448418899,
      "n": 36
    },
    "T10_k5_mean_pool": {
      "mean": 0.7113656927111796,
      "std": 0.09193138490739651,
      "n": 36
    },
    "T10_k20_mean_pool": {
      "mean": 0.7753112866938658,
      "std": 0.0870610798118073,
      "n": 36
    },
    "T15_k1_mean_pool": {
      "mean": 0.6523439180408184,
      "std": 0.08375105512332377,
      "n": 36
    },
    "T15_k2_mean_pool": {
      "mean": 0.6851720504026885,
      "std": 0.0799689252806826,
      "n": 36
    },
    "T15_k5_mean_pool": {
      "mean": 0.7203628173392647,
      "std": 0.07844124827677755,
      "n": 36
    },
    "T15_k20_mean_pool": {
      "mean": 0.7757948877247932,
      "std": 0.08269621994174137,
      "n": 36
    }
  }
}