{
  "acc": {
    "T20_k1_full_window": {
      "mean": 0.6210998314219457,
      "std": 0.0794140541798273,
      "n": 36
    },
    "T20_k2_full_window": {
      "mean": 0.6531093382001729,
      "std": 0.0875676822569099,
      "n": 36
    },
    "T20_k5_full_window": {
      "mean": 0.6931417428982266,
      "std": 0.09192528411700511,
      "n": 36
    },
    "T20_k20_full_window": {
      "mean": 0.7529498646998009,
      "std": 0.08640321600056011,
      "n": 36
    },
    "T5_k1_full_window": {
      "mean": 0.667420052232738,
      "std": 0.09751682509202958,
      "n": 36
    },
    "T5_k2_full_window": {
      "mean": 0.6738333698559971,
      "std": 0.09696878042172904,
      "n": 36
    },
    "T5_k5_full_window": {
      "mean": 0.680481049648503,
      "std": 0.09654415085574278,
      "n": 36
    },
    "T5_k20_full_window": {
      "mean": 0.7064063526057411,
      "std": 0.08589324631688001,
      "n": 36
    },
    "T20_k1_last_position": {
      "mean": 0.6233029236140667,
      "std": 0.07615049898291953,
      "n": 36
    },
    "T20_k2_last_position": {
      "mean": 0.6559647426484013,
      "std": 0.0840714321823156,
      "n": 36
    },
    "T20_k5_last_position": {
      "mean": 0.6855751061174997,
      "std": 0.08757403528839151,
      "n": 36
    },
    "T20_k20_last_position": {
      "mean": 0.748787818769686,
      "std": 0.08637219865602216,
      "n": 36
    },
    "T5_k1_last_position": {
      "mean": 0.676842625300292,
      "std": 0.09549738746890482,
      "n": 36
    },
    "T5_k2_last_position": {
      "mean": 0.6969521799172101,
      "std": 0.09482501037097323,
      "n": 36
    },
    "T5_k5_last_position": {
      "mean": 0.7269734701216812,
      "std": 0.09568682985644276,
      "n": 36
    },
    "T5_k20_last_position": {
      "mean": 0.773826241108064,
      "std": 0.08574599978727715,
      "n": 36
    },
    "T2_k1_last_position": {
      "mean": 0.6333768725574477,
      "std": 0.1038997559594874,
      "n": 36
    },
    "T2_k2_last_position": {
      "mean": 0.6612131512663115,
      "std": 0.10584861075900705,
      "n": 36
    },
    "T2_k5_last_position": {
      "mean": 0.6957511422458698,
      "std": 0.10314275273482282,
      "n": 36
    },
    "T2_k20_last_position": {
      "mean": 0.7573139462401947,
      "std": 0.0937674089691327,
      "n": 36
    },
    "T2_k1_full_window": {
      "mean": 0.6157777410641752,
      "std": 0.10773412224798988,
      "n": 36
    },
    "T2_k2_full_window": {
      "mean": 0.6179026602066906,
      "std": 0.10743454264306344,
      "n": 36
    },
    "T2_k5_full_window": {
      "mean": 0.6306941524463501,
      "std": 0.10799465162774559,
      "n": 36
    },
    "T2_k20_full_window": {
      "mean": 0.6652192357440634,
      "std": 0.10991514587715497,
      "n": 36
    },
    "T3_k1_last_position": {
      "mean": 0.6439668161943883,
      "std": 0.10673998462620686,
      "n": 36
    },
    "T3_k2_last_position": {
      "mean": 0.6749298227240319,
      "std": 0.10104921258861724,
      "n": 36
    },
    "T3_k5_last_position": {
      "mean": 0.7136739824147293,
      "std": 0.10065908949113275,
      "n": 36
    },
    "T3_k20_last_position": {
      "mean": 0.76252048858018,
      "std": 0.0924349230344159,
      "n": 36
    },
    "T3_k1_full_window": {
      "mean": 0.6453996488331701,
      "std": 0.1107245855479484,
      "n": 36
    },
    "T3_k2_full_window": {
      "mean": 0.6476443488991901,
      "std": 0.10995719445755911,
      "n": 36
    },
    "T3_k5_full_window": {
      "mean": 0.6617309542307765,
      "std": 0.10534259991125791,
      "n": 36
    },
    "T3_k20_full_window": {
      "mean": 0.6970911184934494,
      "std": 0.09791400918876096,
      "n": 36
    },
    "T8_k1_last_position": {
      "mean": 0.6277913039836398,
      "std": 0.07993381116963487,
      "n": 36
    },
    "T8_k2_last_position": {
      "mean": 0.6536343413890706,
      "std": 0.09193218716633872,
      "n": 36
    },
    "T8_k5_last_position": {
      "mean": 0.6966090984350343,
      "std": 0.0889770074782945,
      "n": 36
    },
    "T8_k20_last_position": {
      "mean": 0.7557107932468531,
      "std": 0.08791469612343954,
      "n": 36
    },
    "T8_k1_full_window": {
      "mean": 0.6402638766086864,
      "std": 0.08704346763917678,
      "n": 36
    },
    "T8_k2_full_window": {
      "mean": 0.6431821227815286,
      "std": 0.08700532460727498,
      "n": 36
    },
    "T8_k5_full_window": {
      "mean": 0.6563320440875147,
      "std": 0.08460540523410301,
      "n": 36
    },
    "T8_k20_full_window": {
      "mean": 0.6855029233651586,
      "std": 0.0909445018455163,
      "n": 36
    },
    "T10_k1_last_position": {
      "mean": 0.6468999953925086,
      "std": 0.09420831130894759,
      "n": 36
    },
    "T10_k2_last_position": {
      "mean": 0.6688177888734095,
      "std": 0.09362881314131567,
      "n": 36
    },
    "T10_k5_last_position": {
      "mean": 0.7064308818873013,
      "std": 0.08606265718800052,
      "n": 36
    },
    "T10_k20_last_position": {
      "mean": 0.7600026387233281,
      "std": 0.0824906424107505,
      "n": 36
    },
    "T10_k1_full_window": {
      "mean": 0.6437094592468912,
      "std": 0.08956832908677692,
      "n": 36
    },
    "T10_k2_full_window": {
      "mean": 0.6473365420967707,
      "std": 0.09021671009744417,
      "n": 36
    },
    "T10_k5_full_window": {
      "mean": 0.6508387018519041,
      "std": 0.0893318477196093,
      "n": 36
    },
    "T10_k20_full_window": {
      "mean": 0.6867715995969961,
      "std": 0.09370886316804826,
      "n": 36
    },
    "T15_k1_last_position": {
      "mean": 0.6512116365836007,
      "std": 0.07852084067952246,
      "n": 36
    },
    "T15_k2_last_position": {
      "mean": 0.6741519870292285,
      "std": 0.08131026028869483,
      "n": 36
    },
    "T15_k5_last_position": {
      "mean": 0.7121784898165169,
      "std": 0.08168478550645274,
      "n": 36
    },
    "T15_k20_last_position": {
      "mean": 0.763499236484059,
      "std": 0.08294216101059872,
      "n": 36
    },
    "T15_k1_full_window": {
      "mean": 0.6476236339284813,
      "std": 0.08184861050876042,
      "n": 36
    },
    "T15_k2_full_window": {
      "mean": 0.6501700594879884,
      "std": 0.08258351492843999,
      "n": 36
    },
    "T15_k5_full_window": {
      "mean": 0.6613198653054568,
      "std": 0.08102587832789608,
      "n": 36
    },
    "T15_k20_full_window": {
      "mean": 0.7161751077833558,
      "std": 0.0774975212899545,
      "n": 36
    },
    "T5_k1_mean_pool": {
      "mean": 0.6819417718753438,
      "std": 0.09885127773111484,
      "n": 36
    },
    "T5_k2_mean_pool": {
      "mean": 0.6999321291159426,
      "std": 0.0946841342973207,
      "n": 36
    },
    "T5_k5_mean_pool": {
      "mean": 0.7417752239837339,
      "std": 0.09019977242727961,
      "n": 36
    },
    "T5_k20_mean_pool": {
      "mean": 0.7888409047182234,
      "std": 0.08095521739069893,
      "n": 36
    },
    "T20_k1_mean_pool": {
      "mean": 0.6212260531570256,
      "std": 0.08092166231966894,
      "n": 36
    },
    "T20_k2_mean_pool": {
      "mean": 0.6533081361382401,
      "std": 0.0885423001425499,
      "n": 36
    },
    "T20_k5_mean_pool": {
      "mean": 0.6952659029677994,
      "std": 0.09293734179030343,
      "n": 36
    },
    "T20_k20_mean_pool": {
      "mean": 0.7518001608945613,
      "std": 0.08852821264206481,
      "n": 36
    },
    "T2_k1_mean_pool": {
      "mean": 0.6305394115466767,
      "std": 0.11181205898103345,
      "n": 36
    },
    "T2_k2_mean_pool": {
      "mean": 0.6707023817352762,
      "std": 0.11186773320561214,
      "n": 36
    },
    "T2_k5_mean_pool": {
      "mean": 0.7187521128043366,
      "std": 0.10350704208421994,
      "n": 36
    },
    "T2_k20_mean_pool": {
      "mean": 0.7850019072613076,
      "std": 0.08840377710255803,
      "n": 36
    },