{
  "auc": {
    "T20_k1_full_window": {
      "mean": 0.6792278342081046,
      "std": 0.09124605052296322,
      "n": 36
    },
    "T20_k2_full_window": {
      "mean": 0.7118032384840693,
      "std": 0.0947406806655218,
      "n": 36
    },
    "T20_k5_full_window": {
      "mean": 0.7522060742454018,
      "std": 0.09626930294044063,
      "n": 36
    },
    "T20_k20_full_window": {
      "mean": 0.8213448709718556,
      "std": 0.08499020243149051,
      "n": 36
    },
    "T5_k1_full_window": {
      "mean": 0.7049087358237549,
      "std": 0.10800125943140466,
      "n": 36
    },
    "T5_k2_full_window": {
      "mean": 0.7139042392966719,
      "std": 0.10794929614727503,
      "n": 36
    },
    "T5_k5_full_window": {
      "mean": 0.7259390736270519,
      "std": 0.10391149423660319,
      "n": 36
    },
    "T5_k20_full_window": {
      "mean": 0.7675430717576527,
      "std": 0.09236520178875539,
      "n": 36
    },
    "T20_k1_last_position": {
      "mean": 0.6748831352141127,
      "std": 0.0835838400267064,
      "n": 36
    },
    "T20_k2_last_position": {
      "mean": 0.7130488033936769,
      "std": 0.09607954293691061,
      "n": 36
    },
    "T20_k5_last_position": {
      "mean": 0.7496424544368294,
      "std": 0.09495132917951751,
      "n": 36
    },
    "T20_k20_last_position": {
      "mean": 0.819901031962504,
      "std": 0.08922865700157388,
      "n": 36
    },
    "T5_k1_last_position": {
      "mean": 0.7164825413004199,
      "std": 0.10515164942147125,
      "n": 36
    },
    "T5_k2_last_position": {
      "mean": 0.7506129209715016,
      "std": 0.09970299605156653,
      "n": 36
    },
    "T5_k5_last_position": {
      "mean": 0.7887115336133813,
      "std": 0.10138677596753755,
      "n": 36
    },
    "T5_k20_last_position": {
      "mean": 0.8433582632292629,
      "std": 0.09182604172063828,
      "n": 36
    },
    "T2_k1_last_position": {
      "mean": 0.6569214586499119,
      "std": 0.11160867495075327,
      "n": 36
    },
    "T2_k2_last_position": {
      "mean": 0.6977705108843917,
      "std": 0.11570524251828493,
      "n": 36
    },
    "T2_k5_last_position": {
      "mean": 0.7440721052126772,
      "std": 0.1155429626126333,
      "n": 36
    },
    "T2_k20_last_position": {
      "mean": 0.8275225565050317,
      "std": 0.09741232869355058,
      "n": 36
    },
    "T2_k1_full_window": {
      "mean": 0.6407670028020078,
      "std": 0.11521248397788786,
      "n": 36
    },
    "T2_k2_full_window": {
      "mean": 0.6454539822161902,
      "std": 0.11534792742768447,
      "n": 36
    },
    "T2_k5_full_window": {
      "mean": 0.6623045779695561,
      "std": 0.11623084030833931,
      "n": 36
    },
    "T2_k20_full_window": {
      "mean": 0.7082435185034751,
      "std": 0.11983145749276432,
      "n": 36
    },
    "T3_k1_last_position": {
      "mean": 0.6774898910134787,
      "std": 0.11473665711727489,
      "n": 36
    },
    "T3_k2_last_position": {
      "mean": 0.7188266304147104,
      "std": 0.11086662415122382,
      "n": 36
    },
    "T3_k5_last_position": {
      "mean": 0.7711411935596625,
      "std": 0.11043681607284285,
      "n": 36
    },
    "T3_k20_last_position": {
      "mean": 0.8318154021108995,
      "std": 0.09781072936427503,
      "n": 36
    },
    "T3_k1_full_window": {
      "mean": 0.6790586735708947,
      "std": 0.12119522346241314,
      "n": 36
    },
    "T3_k2_full_window": {
      "mean": 0.6847848528235632,
      "std": 0.11914160417021828,
      "n": 36
    },
    "T3_k5_full_window": {
      "mean": 0.6999351353290951,
      "std": 0.11395559796546675,
      "n": 36
    },
    "T3_k20_full_window": {
      "mean": 0.7480685782545623,
      "std": 0.10434549153621374,
      "n": 36
    },
    "T8_k1_last_position": {
      "mean": 0.6574744882914871,
      "std": 0.0927102239969972,
      "n": 36
    },
    "T8_k2_last_position": {
      "mean": 0.6938853820879018,
      "std": 0.10514624326309285,
      "n": 36
    },
    "T8_k5_last_position": {
      "mean": 0.7540486545519662,
      "std": 0.09739840917743631,
      "n": 36
    },
    "T8_k20_last_position": {
      "mean": 0.8254459891853412,
      "std": 0.090804182769368,
      "n": 36
    },
    "T8_k1_full_window": {
      "mean": 0.6754491979758899,
      "std": 0.09353436571435329,
      "n": 36
    },
    "T8_k2_full_window": {
      "mean": 0.6811322877495385,
      "std": 0.09625399378157519,
      "n": 36
    },
    "T8_k5_full_window": {
      "mean": 0.6999866121832057,
      "std": 0.09360345387159964,
      "n": 36
    },
    "T8_k20_full_window": {
      "mean": 0.7372177746517469,
      "std": 0.10350665878806914,
      "n": 36
    },
    "T10_k1_last_position": {
      "mean": 0.6808445733117332,
      "std": 0.10343231345930085,
      "n": 36
    },
    "T10_k2_last_position": {
      "mean": 0.718620315354865,
      "std": 0.10317236216030905,
      "n": 36
    },
    "T10_k5_last_position": {
      "mean": 0.7671299555107431,
      "std": 0.09371818299579755,
      "n": 36
    },
    "T10_k20_last_position": {
      "mean": 0.8292717093674751,
      "std": 0.08310524704754375,
      "n": 36
    },
    "T10_k1_full_window": {
      "mean": 0.6790570621051224,
      "std": 0.09550500313196453,
      "n": 36
    },
    "T10_k2_full_window": {
      "mean": 0.6832305073997506,
      "std": 0.09672293555003303,
      "n": 36
    },
    "T10_k5_full_window": {
      "mean": 0.6893347690459278,
      "std": 0.09496934037837151,
      "n": 36
    },
    "T10_k20_full_window": {
      "mean": 0.741454750812029,
      "std": 0.09892583134645036,
      "n": 36
    },
    "T15_k1_last_position": {
      "mean": 0.6975103182988404,
      "std": 0.09717054850191074,
      "n": 36
    },
    "T15_k2_last_position": {
      "mean": 0.7258012095242774,
      "std": 0.09108721937787032,
      "n": 36
    },
    "T15_k5_last_position": {
      "mean": 0.7771809518015832,
      "std": 0.08366358364203423,
      "n": 36
    },
    "T15_k20_last_position": {
      "mean": 0.8286751507552498,
      "std": 0.09191369140116008,
      "n": 36
    },
    "T15_k1_full_window": {
      "mean": 0.6916875696171633,
      "std": 0.09548338012705118,
      "n": 36
    },
    "T15_k2_full_window": {
      "mean": 0.695342639750567,
      "std": 0.0965512680765657,
      "n": 36
    },
    "T15_k5_full_window": {
      "mean": 0.7124832694738111,
      "std": 0.09659185578492349,
      "n": 36
    },
    "T15_k20_full_window": {
      "mean": 0.7812882449531764,
      "std": 0.07738517026440325,
      "n": 36
    },
    "T5_k1_mean_pool": {
      "mean": 0.7276908723039546,
      "std": 0.10680825615266464,
      "n": 36
    },
    "T5_k2_mean_pool": {
      "mean": 0.7570136833223012,
      "std": 0.09963385570294582,
      "n": 36
    },
    "T5_k5_mean_pool": {
      "mean": 0.8063992517015904,
      "std": 0.09573411401176368,
      "n": 36
    },
    "T5_k20_mean_pool": {
      "mean": 0.8629373830743314,
      "std": 0.08019342279791086,
      "n": 36
    },
    "T20_k1_mean_pool": {
      "mean": 0.678117579491587,
      "std": 0.09237387205546925,
      "n": 36
    },
    "T20_k2_mean_pool": {
      "mean": 0.7101167967123742,
      "std": 0.09861302765092665,
      "n": 36
    },
    "T20_k5_mean_pool": {
      "mean": 0.754474358277998,
      "std": 0.0968147909167436,
      "n": 36
    },
    "T20_k20_mean_pool": {
      "mean": 0.819934034718893,
      "std": 0.08763835765805836,
      "n": 36
    },
    "T2_k1_mean_pool": {
      "mean": 0.6598994240075662,
      "std": 0.1213827128725315,
      "n": 36
    },
    "T2_k2_mean_pool": {
      "mean": 0.7138312653045449,
      "std": 0.12890190255685463,
      "n": 36
    },
    "T2_k5_mean_pool": {
      "mean": 0.7785581932604041,
      "std": 0.11330544767852839,
      "n": 36
    },
    "T2_k20_mean_pool": {
      "mean": 0.8541254088148338,
      "std": 0.08933896392600094,
      "n": 36
    },