{
  "auc": {
    "T20_k1_last_position": {
      "mean": 0.6748831352141127,
      "std": 0.0835838400267064,
      "n": 36
    },
    "T20_k2_last_position": {
      "mean": 0.7130488033936769,
      "std": 0.09607954293691061,
      "n": 36
    },
    "T20_k5_last_position": {
      "mean": 0.7496424544368294,
      "std": 0.09495132917951751,
      "n": 36
    },
    "T20_k20_last_position": {
      "mean": 0.819901031962504,
      "std": 0.08922865700157388,
      "n": 36
    },
    "T5_k1_last_position": {
      "mean": 0.7164825413004199,
      "std": 0.10515164942147125,
      "n": 36
    },
    "T5_k2_last_position": {
      "mean": 0.7506129209715016,
      "std": 0.09970299605156653,
      "n": 36
    },
    "T5_k5_last_position": {
      "mean": 0.7887115336133813,
      "std": 0.10138677596753755,
      "n": 36
    },
    "T5_k20_last_position": {
      "mean": 0.8433582632292629,
      "std": 0.09182604172063828,
      "n": 36
    },
    "T2_k1_last_position": {
      "mean": 0.6569214586499119,
      "std": 0.11160867495075327,
      "n": 36
    },
    "T2_k2_last_position": {
      "mean": 0.6977705108843917,
      "std": 0.11570524251828493,
      "n": 36
    },
    "T2_k5_last_position": {
      "mean": 0.7440721052126772,
      "std": 0.1155429626126333,
      "n": 36
    },
    "T2_k20_last_position": {
      "mean": 0.8275225565050317,
      "std": 0.09741232869355058,
      "n": 36
    },
    "T3_k1_last_position": {
      "mean": 0.6774898910134787,
      "std": 0.11473665711727489,
      "n": 36
    },
    "T3_k2_last_position": {
      "mean": 0.7188266304147104,
      "std": 0.11086662415122382,
      "n": 36
    },
    "T3_k5_last_position": {
      "mean": 0.7711411935596625,
      "std": 0.11043681607284285,
      "n": 36
    },
    "T3_k20_last_position": {
      "mean": 0.8318154021108995,
      "std": 0.09781072936427503,
      "n": 36
    },
    "T8_k1_last_position": {
      "mean": 0.6574744882914871,
      "std": 0.0927102239969972,
      "n": 36
    },
    "T8_k2_last_position": {
      "mean": 0.6938853820879018,
      "std": 0.10514624326309285,
      "n": 36
    },
    "T8_k5_last_position": {
      "mean": 0.7540486545519662,
      "std": 0.09739840917743631,
      "n": 36
    },
    "T8_k20_last_position": {
      "mean": 0.8254459891853412,
      "std": 0.090804182769368,
      "n": 36
    },
    "T10_k1_last_position": {
      "mean": 0.6808445733117332,
      "std": 0.10343231345930085,
      "n": 36
    },
    "T10_k2_last_position": {
      "mean": 0.718620315354865,
      "std": 0.10317236216030905,
      "n": 36
    },
    "T10_k5_last_position": {
      "mean": 0.7671299555107431,
      "std": 0.09371818299579755,
      "n": 36
    },
    "T10_k20_last_position": {
      "mean": 0.8292717093674751,
      "std": 0.08310524704754375,
      "n": 36
    },
    "T15_k1_last_position": {
      "mean": 0.6975103182988404,
      "std": 0.09717054850191074,
      "n": 36
    },
    "T15_k2_last_position": {
      "mean": 0.7258012095242774,
      "std": 0.09108721937787032,
      "n": 36
    },
    "T15_k5_last_position": {
      "mean": 0.7771809518015832,
      "std": 0.08366358364203423,
      "n": 36
    },
    "T15_k20_last_position": {
      "mean": 0.8286751507552498,
      "std": 0.09191369140116008,
      "n": 36
    },
    "T5_k1_mean_pool": {
      "mean": 0.7276908723039546,
      "std": 0.10680825615266464,
      "n": 36
    },
    "T5_k2_mean_pool": {
      "mean": 0.7570136833223012,
      "std": 0.09963385570294582,
      "n": 36
    },
    "T5_k5_mean_pool": {
      "mean": 0.8063992517015904,
      "std": 0.09573411401176368,
      "n": 36
    },
    "T5_k20_mean_pool": {
      "mean": 0.8629373830743314,
      "std": 0.08019342279791086,
      "n": 36
    },
    "T20_k1_mean_pool": {
      "mean": 0.678117579491587,
      "std": 0.09237387205546925,
      "n": 36
    },
    "T20_k2_mean_pool": {
      "mean": 0.7101167967123742,
      "std": 0.09861302765092665,
      "n": 36
    },
    "T20_k5_mean_pool": {
      "mean": 0.754474358277998,
      "std": 0.0968147909167436,
      "n": 36
    },
    "T20_k20_mean_pool": {
      "mean": 0.819934034718893,
      "std": 0.08763835765805836,
      "n": 36
    },
    "T2_k1_mean_pool": {
      "mean": 0.6598994240075662,
      "std": 0.1213827128725315,
      "n": 36
    },
    "T2_k2_mean_pool": {
      "mean": 0.7138312653045449,
      "std": 0.12890190255685463,
      "n": 36
    },
    "T2_k5_mean_pool": {
      "mean": 0.7785581932604041,
      "std": 0.11330544767852839,
      "n": 36
    },
    "T2_k20_mean_pool": {
      "mean": 0.8541254088148338,
      "std": 0.08933896392600094,
      "n": 36
    },
    "T3_k1_mean_pool": {
      "mean": 0.6976406297198218,
      "std": 0.117693858710016,
      "n": 36
    },
    "T3_k2_mean_pool": {
      "mean": 0.7442724627281009,
      "std": 0.11715680639731851,
      "n": 36
    },
    "T3_k5_mean_pool": {
      "mean": 0.8022297174391816,
      "std": 0.10446312134733668,
      "n": 36
    },
    "T3_k20_mean_pool": {
      "mean": 0.8611192854798393,
      "std": 0.08864160483063506,
      "n": 36
    },
    "T8_k1_mean_pool": {
      "mean": 0.6958397397463187,
      "std": 0.09305057332808024,
      "n": 36
    },
    "T8_k2_mean_pool": {
      "mean": 0.7252771324483424,
      "std": 0.1078913637333633,
      "n": 36
    },
    "T8_k5_mean_pool": {
      "mean": 0.7710946535792923,
      "std": 0.10296240081637502,
      "n": 36
    },
    "T8_k20_mean_pool": {
      "mean": 0.8488439577304759,
      "std": 0.08743919933848063,
      "n": 36
    },
    "T10_k1_mean_pool": {
      "mean": 0.6882031140853121,
      "std": 0.09991163538193064,
      "n": 36
    },
    "T10_k2_mean_pool": {
      "mean": 0.7239014524519981,
      "std": 0.09930531964647724,
      "n": 36
    },
    "T10_k5_mean_pool": {
      "mean": 0.7753626702784525,
      "std": 0.09650265335574931,
      "n": 36
    },
    "T10_k20_mean_pool": {
      "mean": 0.8467469389857354,
      "std": 0.08503068922914102,
      "n": 36
    },
    "T15_k1_mean_pool": {
      "mean": 0.6974411929269347,
      "std": 0.09765864645167648,
      "n": 36
    },
    "T15_k2_mean_pool": {
      "mean": 0.7397284827264922,
      "std": 0.08710002827468866,
      "n": 36
    },
    "T15_k5_mean_pool": {
      "mean": 0.7868175730226332,
      "std": 0.08046511884610286,
      "n": 36
    },
    "T15_k20_mean_pool": {
      "mean": 0.8440977965030129,
      "std": 0.08673171062802128,
      "n": 36
    }
  }
}