{"_runtime":332.13889566,"loss":1.1886961460113525,"recovery_80":0.171875,"step":64999,"_wandb":{"runtime":332},"mean_max_cos_sim":0.6198797225952148,"l0":50,"_step":64999,"recovery_90":0.1015625,"_timestamp":1.7739946728452373e+09,"auc":0.6195866141732284,"window_l0":50}