{"recovery_90":0,"window_l0":25,"auc":0.2587755102040816,"loss":2.721877098083496,"_wandb":{"runtime":13},"_step":999,"recovery_80":0,"_runtime":13.161163388,"l0":5,"mean_max_cos_sim":0.25863364338874817,"_timestamp":1.77398274436884e+09,"step":999}