{"recovery_90":0,"recovery_80":0,"_timestamp":1.773984463112918e+09,"_step":999,"l0":25,"mean_max_cos_sim":0.1852348893880844,"step":999,"loss":5.31592321395874,"_wandb":{"runtime":6},"window_l0":50,"auc":0.18528543307086615,"_runtime":6.868127766}