{"loss":6.090793609619141,"_step":999,"mean_max_cos_sim":0.1883101463317871,"recovery_80":0,"_timestamp":1.7739846073600705e+09,"l0":25,"window_l0":125,"_wandb":{"runtime":12},"step":999,"auc":0.18805364173228345,"_runtime":12.801033081,"recovery_90":0}