{"_wandb":{"runtime":316},"_runtime":316.43811107,"_timestamp":1.7740019924929504e+09,"recovery_90":0,"loss":1.3954718112945557,"window_l0":105,"recovery_80":0.0234375,"mean_max_cos_sim":0.5128383636474609,"auc":0.5124261811023623,"_step":64999,"step":64999,"l0":105}