{"step":999,"_runtime":5.078592866,"l0":5,"recovery_90":0,"_timestamp":1.7739831682179384e+09,"loss":1.0024688243865967,"_step":999,"auc":0.30489795918367346,"mean_max_cos_sim":0.3046420216560364,"_wandb":{"runtime":5},"recovery_80":0,"window_l0":5}