{"loss":9.356721878051758,"recovery_80":0,"_runtime":179.884333137,"_timestamp":1.7726746610677664e+09,"recovery_90":0,"_step":79999,"auc":0.35428571428571426,"mean_max_cos_sim":0.3538798391819,"_wandb":{"runtime":179},"step":79999}