{"recovery_90":0,"_wandb":{"runtime":4},"recovery_80":0,"window_l0":2,"auc":0.3661224489795918,"_timestamp":1.7739831905960436e+09,"loss":1.2216107845306396,"step":999,"mean_max_cos_sim":0.365872323513031,"_step":999,"_runtime":4.920480903,"l0":2}