{"_runtime":179.751898835,"recovery_80":0,"_step":79999,"step":79999,"auc":0.37142857142857133,"recovery_90":0,"_wandb":{"runtime":179},"mean_max_cos_sim":0.3723224103450775,"loss":9.73692798614502,"_timestamp":1.7726751859025128e+09}