{"step":999,"window_l0":10,"loss":2.855956792831421,"_timestamp":1.7739829060820174e+09,"l0":2,"_wandb":{"runtime":13},"recovery_80":0,"mean_max_cos_sim":0.2556026577949524,"_runtime":13.928533523,"recovery_90":0,"auc":0.2542857142857142,"_step":999}