{"recovery_80":0,"_wandb":{"runtime":81},"_runtime":81.51906931,"_timestamp":1.7726665862286003e+09,"auc":0.27202020202020205,"recovery_90":0,"mean_max_cos_sim":0.2714940309524536,"step":39999,"_step":39999,"loss":2.0059940814971924}