{"_step":999,"window_l0":17,"recovery_90":0,"_wandb":{"runtime":5},"step":999,"_runtime":5.188820275,"loss":1.4407804012298584,"_timestamp":1.773982690802367e+09,"mean_max_cos_sim":0.2711830139160156,"recovery_80":0,"l0":17,"auc":0.2706122448979592}