{"step":999,"recovery_90":0,"l0":18.5,"_timestamp":1.7739829400508404e+09,"recovery_80":0,"mean_max_cos_sim":0.2686953544616699,"auc":0.26816326530612244,"_runtime":7.414364247,"_wandb":{"runtime":7},"loss":2.7076504230499268,"window_l0":37,"_step":999}