{
  "phase57_partB_h8_bare_multidistance_t5": {
    "arch_id": "phase57_partB_h8_bare_multidistance_t5",
    "src_class": "TXCBareMultiDistanceContrastiveAntidead",
    "T": 5,
    "is_mlc": false,
    "n_concepts": 30,
    "pooled": {
      "n": 1813,
      "mean": 25.154495239257812,
      "abs_mean": 25.154496946981844,
      "abs_median": 23.835237503051758,
      "abs_p90": 40.85564422607422,
      "abs_p95": 46.90333786010741,
      "abs_p99": 61.07891464233385,
      "abs_max": 493.1551208496094,
      "raw_mean": 25.154495239257812,
      "raw_max": 493.1551208496094
    },
    "per_concept": {
      "harmful_content": {
        "feature_idx": 1553,
        "best_lift_train": 23.900243010855313,
        "best_act_train": 26.446421497272997,
        "n": 53,
        "mean": 26.446422576904297,
        "abs_mean": 26.44642132633137,
        "abs_median": 25.681495666503906,
        "abs_p90": 43.94526138305665,
        "abs_p95": 45.97187805175781,
        "abs_p99": 46.94648574829102,
        "abs_max": 46.96324157714844,
        "raw_mean": 26.446422576904297,
        "raw_max": 46.96324157714844
      },
      "deception": {
        "feature_idx": 2588,
        "best_lift_train": 21.84836575272735,
        "best_act_train": 24.113579432169598,
        "n": 48,
        "mean": 24.11357879638672,
        "abs_mean": 24.113579273223877,
        "abs_median": 23.654436111450195,
        "abs_p90": 30.622906494140626,
        "abs_p95": 32.510676479339594,
        "abs_p99": 35.59927806854248,
        "abs_max": 36.451725006103516,
        "raw_mean": 24.11357879638672,
        "raw_max": 36.451725006103516
      },
      "refusal_pattern": {
        "feature_idx": 2441,
        "best_lift_train": 22.737132484120664,
        "best_act_train": 110.14454616970487,
        "n": 45,
        "mean": 110.14456176757812,
        "abs_mean": 110.14454542795816,
        "abs_median": 52.01171112060547,
        "abs_p90": 357.6264221191409,
        "abs_p95": 454.0877807617187,
        "abs_p99": 485.13594360351567,
        "abs_max": 493.1551208496094,
        "raw_mean": 110.14456176757812,
        "raw_max": 493.1551208496094
      },
      "helpfulness_marker": {
        "feature_idx": 3223,
        "best_lift_train": 15.741033675382718,
        "best_act_train": 17.542687067909846,
        "n": 63,
        "mean": 17.54268455505371,
        "abs_mean": 17.54268691274855,
        "abs_median": 14.188379287719727,
        "abs_p90": 37.8645965576172,
        "abs_p95": 47.30462188720703,
        "abs_p99": 51.47790313720705,
        "abs_max": 55.92333984375,
        "raw_mean": 17.54268455505371,
        "raw_max": 55.92333984375
      },
      "jailbreak_pattern": {
        "feature_idx": 1647,
        "best_lift_train": 9.945729605652408,
        "best_act_train": 11.438499582224878,
        "n": 58,
        "mean": 11.438499450683594,
        "abs_mean": 11.438499853528779,
        "abs_median": 10.783598899841309,
        "abs_p90": 23.759350776672367,
        "abs_p95": 24.750241279602047,
        "abs_p99": 28.882160625457765,
        "abs_max": 29.58672523498535,
        "raw_mean": 11.438499450683594,
        "raw_max": 29.58672523498535
      },
      "medical": {
        "feature_idx": 3446,
        "best_lift_train": 33.67109617852568,
        "best_act_train": 35.67864990234375,
        "n": 45,
        "mean": 35.678646087646484,
        "abs_mean": 35.6786504957411,
        "abs_median": 35.921417236328125,
        "abs_p90": 42.91858444213867,
        "abs_p95": 44.75891647338867,
        "abs_p99": 46.46490447998047,
        "abs_max": 46.800315856933594,
        "raw_mean": 35.678646087646484,
        "raw_max": 46.800315856933594
      },
      "legal": {
        "feature_idx": 2960,
        "best_lift_train": 21.82632195922281,
        "best_act_train": 23.941688306403883,
        "n": 66,
        "mean": 23.941686630249023,
        "abs_mean": 23.94168860984571,
        "abs_median": 26.163156509399414,
        "abs_p90": 34.39963912963867,
        "abs_p95": 36.782636642456055,
        "abs_p99": 37.50237884521484,
        "abs_max": 37.67876434326172,
        "raw_mean": 23.941686630249023,
        "raw_max": 37.67876434326172
      },
      "mathematical": {
        "feature_idx": 1336,
        "best_lift_train": 27.161573279991494,
        "best_act_train": 31.504078214130704,
        "n": 63,
        "mean": 31.504077911376953,
        "abs_mean": 31.50407850174677,
        "abs_median": 32.92100143432617,
        "abs_p90": 39.81014785766602,
        "abs_p95": 40.570173263549805,
        "abs_p99": 41.238972167968754,
        "abs_max": 41.695613861083984,
        "raw_mean": 31.504077911376953,
        "raw_max": 41.695613861083984
      },
      "programming": {
        "feature_idx": 418,
        "best_lift_train": 37.118642821619375,
        "best_act_train": 41.28211791992187,
        "n": 50,
        "mean": 41.28211975097656,
        "abs_mean": 41.28211809158325,
        "abs_median": 42.00971221923828,
        "abs_p90": 54.960554122924805,
        "abs_p95": 55.92582702636719,
        "abs_p99": 57.09823028564453,
        "abs_max": 57.38412094116211,
        "raw_mean": 41.28211975097656,
        "raw_max": 57.38412094116211
      },
      "scientific": {
        "feature_idx": 333,
        "best_lift_train": 28.574136616281997,
        "best_act_train": 32.21336894132653,
        "n": 49,
        "mean": 32.2133674621582,
        "abs_mean": 32.213368649385416,
        "abs_median": 32.57868194580078,
        "abs_p90": 39.19022750854492,
        "abs_p95": 40.9967430114746,
        "abs_p99": 42.86576828002929,
        "abs_max": 43.63361740112305,
        "raw_mean": 32.2133674621582,
        "raw_max": 43.63361740112305
      },
      "literary": {
        "feature_idx": 3357,
        "best_lift_train": 19.606626348967872,
        "best_act_train": 21.134720651726973,
        "n": 57,
        "mean": 21.13471794128418,
        "abs_mean": 21.134719974116276,
        "abs_median": 21.45121955871582,
        "abs_p90": 29.74476432800293,
        "abs_p95": 36.8514907836914,
        "abs_p99": 42.32550979614257,
        "abs_max": 45.13753890991211,
        "raw_mean": 21.13471794128418,
        "raw_max": 45.13753890991211
      },
      "religious": {
        "feature_idx": 948,
        "best_lift_train": 27.91353268372503,
        "best_act_train": 29.245535000887784,
        "n": 55,
        "mean": 29.24553680419922,
        "abs_mean": 29.245535919883036,
        "abs_median": 28.941328048706055,
        "abs_p90": 42.70946731567383,
        "abs_p95": 45.273830795288085,
        "abs_p99": 46.917237777709964,
        "abs_max": 47.064632415771484,
        "raw_mean": 29.24553680419922,
        "raw_max": 47.064632415771484
      },
      "financial": {
        "feature_idx": 719,
        "best_lift_train": 29.933627311191277,
        "best_act_train": 31.84190860037076,
        "n": 59,
        "mean": 31.84190559387207,
        "abs_mean": 31.841908858994305,
        "abs_median": 34.353702545166016,
        "abs_p90": 40.52935791015625,
        "abs_p95": 42.01954040527343,
        "abs_p99": 45.3054916381836,
        "abs_max": 45.79808807373047,
        "raw_mean": 31.84190559387207,
        "raw_max": 45.79808807373047
      },
      "historical": {
        "feature_idx": 2784,
        "best_lift_train": 28.09795728351094,
        "best_act_train": 29.840002942441114,
        "n": 67,
        "mean": 29.840002059936523,
        "abs_mean": 29.84000357229318,
        "abs_median": 30.94914436340332,
        "abs_p90": 37.574887084960935,
        "abs_p95": 38.914554595947266,
        "abs_p99": 40.74391326904298,
        "abs_max": 41.803009033203125,
        "raw_mean": 29.840002059936523,
        "raw_max": 41.803009033203125
      },
      "geographical": {
        "feature_idx": 382,
        "best_lift_train": 25.13633416413262,
        "best_act_train": 26.787384568599233,
        "n": 57,