{"_runtime":86.639508501,"mean_max_cos_sim":0.27599018812179565,"_timestamp":1.7726673217996793e+09,"auc":0.2760606060606061,"step":39999,"recovery_80":0,"_step":39999,"_wandb":{"runtime":86},"recovery_90":0,"loss":6.16916561126709}