{"_wandb":{"runtime":88},"recovery_80":0,"_step":39999,"loss":15.783212661743164,"recovery_90":0,"step":39999,"_runtime":88.282178068,"auc":0.278989898989899,"mean_max_cos_sim":0.2789592444896698,"_timestamp":1.772667581214789e+09}