{"recovery_90":0,"_timestamp":1.7726741376959019e+09,"_runtime":179.564931267,"mean_max_cos_sim":0.5138505697250366,"auc":0.5130612244897959,"_step":79999,"_wandb":{"runtime":179},"loss":9.524453163146973,"step":79999,"recovery_80":0.25999999046325684}