{"loss":9.904847145080566,"mean_max_cos_sim":0.2733740508556366,"auc":0.2739393939393939,"_wandb":{"runtime":84},"recovery_90":0,"step":39999,"_timestamp":1.7726672340483396e+09,"recovery_80":0,"_runtime":84.411609385,"_step":39999}