{"mean_max_cos_sim":0.38437923789024353,"_timestamp":1.7726710149134853e+09,"auc":0.38408163265306117,"_wandb":{"runtime":87},"recovery_90":0,"loss":10.917265892028809,"step":39999,"_runtime":87.672962559,"_step":39999,"recovery_80":0}