{"recovery_90":0,"auc":0.4342857142857142,"step":39999,"mean_max_cos_sim":0.43363502621650696,"_step":39999,"_timestamp":1.7726701145720654e+09,"_wandb":{"runtime":87},"_runtime":87.978930582,"loss":3.5577118396759033,"recovery_80":0}