{"_timestamp":1.7726736239998744e+09,"_runtime":179.514173412,"auc":0.4918367346938775,"recovery_90":0.019999999552965164,"recovery_80":0.23999999463558197,"step":79999,"loss":7.107362270355225,"mean_max_cos_sim":0.4908176362514496,"_wandb":{"runtime":179},"_step":79999}