{"recovery_80":0,"_step":999,"mean_max_cos_sim":0.27048540115356445,"recovery_90":0,"auc":0.270204081632653,"_timestamp":1.7739828746379297e+09,"step":999,"l0":5,"window_l0":5,"_wandb":{"runtime":3},"loss":3.4580559730529785,"_runtime":3.994637546}