{"window_l0":18,"_timestamp":1.7739881154470682e+09,"_wandb":{"runtime":454},"l0":9,"auc":0.7061392716535433,"step":64999,"recovery_80":0,"recovery_90":0,"_step":64999,"loss":0.3401811718940735,"mean_max_cos_sim":0.7076097726821899,"_runtime":454.635934302}