{"mean_max_cos_sim":0.7210437059402466,"recovery_90":0.47999998927116394,"_step":79999,"_runtime":181.8270284,"auc":0.7175510204081632,"step":79999,"_wandb":{"runtime":181},"recovery_80":0.5,"loss":1.5361552238464355,"_timestamp":1.772674320731719e+09}