{"step":79999,"mean_max_cos_sim":0.7031298875808716,"_wandb":{"runtime":177},"recovery_90":0.47999998927116394,"loss":5.739771842956543,"_timestamp":1.772673118842317e+09,"auc":0.7036734693877551,"recovery_80":0.5199999809265137,"_step":79999,"_runtime":177.221720553}