{"step":39999,"auc":0.3628282828282829,"mean_max_cos_sim":0.36282628774642944,"loss":19.116004943847656,"recovery_90":0,"_wandb":{"runtime":76},"_runtime":76.432691302,"_timestamp":1.7726677496777942e+09,"recovery_80":0.009999999776482582,"_step":39999}