{"recovery_80":0,"recovery_90":0,"auc":0.3204081632653061,"_wandb":{"runtime":5},"_runtime":5.133664165,"_step":999,"mean_max_cos_sim":0.3198152482509613,"_timestamp":1.7739829705035377e+09,"l0":9,"window_l0":9,"loss":4.324899196624756,"step":999}