{"recovery_90":0,"mean_max_cos_sim":0.2638677656650543,"_timestamp":1.7739832000710974e+09,"_runtime":7.126462185,"_step":999,"l0":2,"loss":0.8739029169082642,"window_l0":4,"step":999,"auc":0.2632653061224489,"_wandb":{"runtime":7},"recovery_80":0}