{"mean_max_cos_sim":0.2288736253976822,"recovery_80":0,"_timestamp":1.7726678435729654e+09,"step":39999,"_wandb":{"runtime":92},"auc":0.2292929292929293,"_step":39999,"loss":22.943317413330078,"_runtime":92.829930076,"recovery_90":0}