{"_wandb":{"runtime":175},"auc":0.7057142857142856,"_step":79999,"_runtime":175.483669327,"mean_max_cos_sim":0.7069026827812195,"step":79999,"loss":6.16607141494751,"recovery_80":0.5600000023841858,"_timestamp":1.7726726128665292e+09,"recovery_90":0.5399999618530273}