{
  "thresholds": {
    "alive_firing_threshold": 0.0001
  },
  "alive_counts": {
    "stacked": 14939,
    "txcdr": 2204,
    "tfa_novel": 18432,
    "tfa_pred": 7854,
    "tfa_any": 18432
  },
  "alignment": {
    "tfa_vs_txcdr": {
      "n": 18432,
      "mean": 0.14280301332473755,
      "median": 0.11705215275287628,
      "p10": 0.08924879133701324,
      "p90": 0.21514464914798737,
      "frac_above_0.5": 0.0052625867538154125,
      "frac_above_0.7": 0.002658420242369175,
      "frac_above_0.9": 0.0,
      "frac_below_0.3": 0.9717339277267456
    },
    "tfa_vs_stacked": {
      "n": 18432,
      "mean": 0.10609729588031769,
      "median": 0.09749556332826614,
      "p10": 0.08447888493537903,
      "p90": 0.1359022855758667,
      "frac_above_0.5": 0.0,
      "frac_above_0.7": 0.0,
      "frac_above_0.9": 0.0,
      "frac_below_0.3": 0.9970703125
    },
    "txcdr_vs_tfa": {
      "n": 2204,
      "mean": 0.20365764200687408,
      "median": 0.16987821459770203,
      "p10": 0.08954950422048569,
      "p90": 0.36015328764915466,
      "frac_above_0.5": 0.02087114378809929,
      "frac_above_0.7": 0.003629764076322317,
      "frac_above_0.9": 0.0,
      "frac_below_0.3": 0.8166969418525696
    },
    "txcdr_vs_stacked": {
      "n": 2204,
      "mean": 0.22696803510189056,
      "median": 0.22900839149951935,
      "p10": 0.11066754162311554,
      "p90": 0.34327971935272217,
      "frac_above_0.5": 0.0,
      "frac_above_0.7": 0.0,
      "frac_above_0.9": 0.0,
      "frac_below_0.3": 0.7676951289176941
    },
    "stacked_vs_tfa": {
      "n": 14939,
      "mean": 0.11167105287313461,
      "median": 0.0998677983880043,
      "p10": 0.08396051079034805,
      "p90": 0.1536926031112671,
      "frac_above_0.5": 0.0,
      "frac_above_0.7": 0.0,
      "frac_above_0.9": 0.0,
      "frac_below_0.3": 0.9987281560897827
    },
    "stacked_vs_txcdr": {
      "n": 14939,
      "mean": 0.16079574823379517,
      "median": 0.13823531568050385,
      "p10": 0.08400346338748932,
      "p90": 0.27737027406692505,
      "frac_above_0.5": 0.0,
      "frac_above_0.7": 0.0,
      "frac_above_0.9": 0.0,
      "frac_below_0.3": 0.9322578310966492
    }
  }
}