{
  "features": {
    "tfa_pos": [
      112,
      8616,
      8646,
      7150,
      17345,
      15160,
      6912,
      12915,
      3029,
      6966,
      12275,
      10721,
      10475,
      16268,
      3636,
      15003,
      13399,
      4505,
      890,
      13018,
      15698,
      4900,
      11805,
      13324,
      14390,
      1508,
      12302,
      5062,
      8780,
      15098
    ],
    "crosscoder": [
      10750,
      11115,
      14502,
      2541,
      8997,
      11944,
      2684,
      2138,
      6478,
      7836,
      8912,
      7331,
      10462,
      4134,
      6881,
      7945,
      774,
      4127,
      303,
      14160,
      18310,
      13489,
      17916,
      2029,
      1008,
      16082,
      9317,
      3621,
      9148,
      14843
    ],
    "stacked_sae": [
      14283,
      176,
      12981,
      15890,
      3977,
      14407,
      14441,
      18427,
      3535,
      4157,
      18202,
      13763,
      6241,
      5027,
      12445,
      5630,
      14343,
      501,
      3191,
      11596,
      12297,
      14795,
      7018,
      6628,
      5476,
      603,
      3818,
      1622,
      8720,
      13907
    ]
  },
  "max_cos_with_other_archs": {
    "tfa_pos": [
      0.07900726050138474,
      0.08042318373918533,
      0.08069536089897156,
      0.08074905723333359,
      0.08093297481536865,
      0.08123262226581573,
      0.08148250728845596,
      0.08160720765590668,
      0.0817394107580185,
      0.08217430114746094,
      0.08227790892124176,
      0.08232539147138596,
      0.08250408619642258,
      0.08259660005569458,
      0.08272145688533783,
      0.08293375372886658,
      0.08300929516553879,
      0.08303055912256241,
      0.08304605633020401,
      0.08305609226226807,
      0.08307954668998718,
      0.08308813720941544,
      0.08314859867095947,
      0.0831649899482727,
      0.08317351341247559,
      0.08325695246458054,
      0.0833684429526329,
      0.08338438719511032,
      0.08344444632530212,
      0.0834948867559433
    ],
    "crosscoder": [
      0.0788339152932167,
      0.08004625886678696,
      0.08008670061826706,
      0.0802498608827591,
      0.08067063987255096,
      0.08067312091588974,
      0.08069794625043869,
      0.08083269745111465,
      0.08088001608848572,
      0.08102235198020935,
      0.08128324151039124,
      0.08163443952798843,
      0.08170117437839508,
      0.08181502670049667,
      0.08205702900886536,
      0.08209605515003204,
      0.08215825259685516,
      0.08218683302402496,
      0.08225168287754059,
      0.08242780715227127,
      0.08253104984760284,
      0.08267159014940262,
      0.08281231671571732,
      0.08287374675273895,
      0.08291332423686981,
      0.08292101323604584,
      0.08292534947395325,
      0.08292646706104279,
      0.08293861150741577,
      0.08296641707420349
    ],
    "stacked_sae": [
      0.07911349833011627,
      0.07911372184753418,
      0.07952866703271866,
      0.07958132773637772,
      0.08026377856731415,
      0.0806441679596901,
      0.08073556423187256,
      0.0807398334145546,
      0.08074195683002472,
      0.08080749213695526,
      0.08083558082580566,
      0.08101137727499008,
      0.0810951441526413,
      0.081351637840271,
      0.0814976841211319,
      0.08153919130563736,
      0.08156069368124008,
      0.08158430457115173,
      0.0815996527671814,
      0.08175832033157349,
      0.08180791139602661,
      0.08190537989139557,
      0.08199452608823776,
      0.08201625198125839,
      0.08205027133226395,
      0.08205888420343399,
      0.08227573335170746,
      0.08229000866413116,
      0.08233258128166199,
      0.08234740793704987
    ]
  }
}