{
  "tfa_vs_txcdr": {
    "mean": 0.14335280656814575,
    "median": 0.11714769154787064,
    "p10": 0.09092920273542404,
    "p25": 0.0985788032412529,
    "p75": 0.17320004105567932,
    "p90": 0.21514472365379333,
    "frac_above_0.9": 0.0,
    "frac_below_0.3": 0.9717339277267456
  },
  "tfa_vs_stacked": {
    "mean": 0.1063753068447113,
    "median": 0.0977478176355362,
    "p10": 0.0850302204489708,
    "p25": 0.08945892751216888,
    "p75": 0.11422666162252426,
    "p90": 0.1359023004770279,
    "frac_above_0.9": 0.0,
    "frac_below_0.3": 0.9970703125
  },
  "txcdr_vs_tfa": {
    "mean": 0.10727689415216446,
    "median": 0.0923599973320961,
    "p10": 0.08316658437252045,
    "p25": 0.08681336790323257,
    "p75": 0.10091618448495865,
    "p90": 0.13014106452465057,
    "frac_above_0.9": 0.0,
    "frac_below_0.3": 0.9772678017616272
  },
  "txcdr_vs_stacked": {
    "mean": 0.12968821823596954,
    "median": 0.1032862588763237,
    "p10": 0.08792378753423691,
    "p25": 0.09294745326042175,
    "p75": 0.13865214586257935,
    "p90": 0.21958781778812408,
    "frac_above_0.9": 0.0,
    "frac_below_0.3": 0.96630859375
  },
  "stacked_vs_tfa": {
    "mean": 0.10723069310188293,
    "median": 0.09538370370864868,
    "p10": 0.08295246958732605,
    "p25": 0.08727213740348816,
    "p75": 0.11652445048093796,
    "p90": 0.14741604030132294,
    "frac_above_0.9": 0.0,
    "frac_below_0.3": 0.9989691972732544
  },
  "stacked_vs_txcdr": {
    "mean": 0.16925203800201416,
    "median": 0.1516396552324295,
    "p10": 0.09346362948417664,
    "p25": 0.10991735756397247,
    "p75": 0.21211504936218262,
    "p90": 0.27625772356987,
    "frac_above_0.9": 0.0,
    "frac_below_0.3": 0.9361436367034912
  }
}