{"step":64999,"_step":64999,"recovery_80":0.984375,"window_l0":10,"recovery_90":0.984375,"_runtime":296.62160137,"l0":10,"auc":0.9825295275590554,"_timestamp":1.773998738568537e+09,"mean_max_cos_sim":0.9851845502853394,"loss":1.9757732152938843,"_wandb":{"runtime":296}}