{
  "loss": [
    119.20391082763672,
    20.994279861450195,
    19.80500602722168,
    19.49486541748047,
    19.16708755493164,
    19.014822006225586,
    18.84629249572754,
    18.766942977905273,
    18.680843353271484,
    18.581817626953125,
    18.56205177307129,
    18.516429901123047,
    18.45138931274414,
    18.425264358520508,
    18.345462799072266,
    18.30092430114746
  ],
  "l0": [
    500.0,
    490.520751953125,
    488.123779296875,
    490.2802734375,
    487.699462890625,
    490.568115234375,
    488.890869140625,
    489.780029296875,
    490.360595703125,
    490.09716796875,
    490.591064453125,
    489.838134765625,
    491.20263671875,
    490.468017578125,
    488.822509765625,
    489.115478515625
  ],
  "steps_logged": [
    0,
    200,
    400,
    600,
    800,
    1000,
    1200,
    1400,
    1600,
    1800,
    2000,
    2200,
    2400,
    2600,
    2800,
    3000
  ],
  "final_step": 3000,
  "converged": true,
  "plateau_last": 0.014966912061519877,
  "elapsed_s": 1596.3369405269623,
  "h": 3686,
  "gamma": 0.5,
  "n_scales": 3,
  "alpha": null,
  "row": 6,
  "arch_id": "agentic_mlc_08",
  "arch": "agentic_mlc_08",
  "group": 1,
  "src_class": "MLCContrastiveMultiscale",
  "src_module": "src.architectures.mlc_contrastive_multiscale",
  "T": null,
  "T_max": null,
  "t_sample": null,
  "n_layers": 5,
  "k_win": 500,
  "k_pos": 100,
  "shifts": [
    1,
    2,
    3
  ],
  "seed": 1,
  "d_in": 2304,
  "d_sae": 18432,
  "subject_model": "google/gemma-2-2b",
  "anchor_layer": 12,
  "mlc_layers": [
    10,
    11,
    12,
    13,
    14
  ],
  "phase": "phase7_unification",
  "run_id": "agentic_mlc_08__seed1"
}