{
  "loss": [
    109.431396484375,
    21.006454467773438,
    19.819128036499023,
    19.44778060913086,
    19.251941680908203,
    18.98621368408203,
    18.978458404541016,
    18.821090698242188,
    18.753286361694336,
    18.617267608642578,
    18.577377319335938,
    18.555763244628906,
    18.540782928466797,
    18.459762573242188,
    18.414371490478516,
    18.41324234008789
  ],
  "l0": [
    500.0,
    489.573486328125,
    488.43603515625,
    489.99951171875,
    490.673828125,
    489.634765625,
    491.376220703125,
    489.533935546875,
    488.439453125,
    488.724609375,
    488.857666015625,
    489.613525390625,
    489.6533203125,
    489.018798828125,
    489.099365234375,
    489.8125
  ],
  "steps_logged": [
    0,
    200,
    400,
    600,
    800,
    1000,
    1200,
    1400,
    1600,
    1800,
    2000,
    2200,
    2400,
    2600,
    2800,
    3000
  ],
  "final_step": 3000,
  "converged": true,
  "plateau_last": 0.014545007608135013,
  "elapsed_s": 1539.747231245041,
  "h": 3686,
  "gamma": 0.5,
  "n_scales": 3,
  "alpha": null,
  "row": 6,
  "arch_id": "agentic_mlc_08",
  "arch": "agentic_mlc_08",
  "group": 1,
  "src_class": "MLCContrastiveMultiscale",
  "src_module": "src.architectures.mlc_contrastive_multiscale",
  "T": null,
  "T_max": null,
  "t_sample": null,
  "n_layers": 5,
  "k_win": 500,
  "k_pos": 100,
  "shifts": [
    1,
    2,
    3
  ],
  "seed": 42,
  "d_in": 2304,
  "d_sae": 18432,
  "subject_model": "google/gemma-2-2b",
  "anchor_layer": 12,
  "mlc_layers": [
    10,
    11,
    12,
    13,
    14
  ],
  "phase": "phase7_unification",
  "run_id": "agentic_mlc_08__seed42"
}