{
  "loss": [
    86879.4140625,
    13419.9443359375,
    11140.923828125,
    10513.6376953125,
    10081.7275390625,
    9900.5244140625,
    9670.564453125,
    9500.9521484375,
    9480.6689453125,
    9297.177734375,
    9310.21875,
    9207.1044921875,
    9132.4482421875,
    9110.169921875,
    8990.599609375,
    8898.5068359375,
    8965.92578125,
    8920.517578125,
    8815.302734375,
    8834.7158203125,
    8814.12890625,
    8772.4638671875,
    8748.7001953125,
    8653.0185546875
  ],
  "l0": [
    500.0,
    497.421875,
    496.16357421875,
    495.82958984375,
    493.5078125,
    494.06494140625,
    493.8125,
    492.380615234375,
    493.6591796875,
    492.79052734375,
    493.61669921875,
    493.26806640625,
    493.905029296875,
    494.0556640625,
    492.57568359375,
    492.674560546875,
    493.03125,
    493.04541015625,
    491.617919921875,
    492.838134765625,
    490.7333984375,
    493.048583984375,
    492.482177734375,
    492.73388671875
  ],
  "steps_logged": [
    0,
    200,
    400,
    600,
    800,
    1000,
    1200,
    1400,
    1600,
    1800,
    2000,
    2200,
    2400,
    2600,
    2800,
    3000,
    3200,
    3400,
    3600,
    3800,
    4000,
    4200,
    4400,
    4600
  ],
  "final_step": 4600,
  "converged": true,
  "plateau_last": 0.017219343241752727,
  "elapsed_s": 3311.777679204941,
  "n_scales": 3,
  "gamma": 0.5,
  "row": 8,
  "arch_id": "agentic_txc_02",
  "arch": "agentic_txc_02",
  "group": 2,
  "src_class": "MatryoshkaTXCDRContrastiveMultiscale",
  "src_module": "src.architectures.matryoshka_txcdr_contrastive_multiscale",
  "T": 5,
  "T_max": null,
  "t_sample": null,
  "n_layers": null,
  "k_win": 500,
  "k_pos": 100,
  "shifts": [
    1,
    2,
    3
  ],
  "alpha": null,
  "seed": 1,
  "d_in": 2304,
  "d_sae": 18432,
  "subject_model": "google/gemma-2-2b",
  "anchor_layer": 12,
  "mlc_layers": [
    10,
    11,
    12,
    13,
    14
  ],
  "phase": "phase7_unification",
  "run_id": "agentic_txc_02__seed1"
}