{
  "loss": [
    114.07154083251953,
    21.01778221130371,
    19.882240295410156,
    19.427143096923828,
    19.17346954345703,
    19.071523666381836,
    18.934507369995117,
    18.770261764526367,
    18.760887145996094,
    18.614261627197266,
    18.597003936767578,
    18.489173889160156,
    18.47693634033203,
    18.44523811340332,
    18.417991638183594,
    18.37946891784668
  ],
  "l0": [
    500.0,
    490.521484375,
    489.621337890625,
    489.908203125,
    490.220458984375,
    489.6064453125,
    490.60498046875,
    490.625732421875,
    490.88037109375,
    487.94921875,
    487.245361328125,
    489.518798828125,
    487.82470703125,
    489.97265625,
    489.576904296875,
    489.735595703125
  ],
  "steps_logged": [
    0,
    200,
    400,
    600,
    800,
    1000,
    1200,
    1400,
    1600,
    1800,
    2000,
    2200,
    2400,
    2600,
    2800,
    3000
  ],
  "final_step": 3000,
  "converged": true,
  "plateau_last": 0.01567208781682553,
  "elapsed_s": 1637.4347159862518,
  "h": 3686,
  "gamma": 0.5,
  "n_scales": 3,
  "alpha": null,
  "row": 6,
  "arch_id": "agentic_mlc_08",
  "arch": "agentic_mlc_08",
  "group": 1,
  "src_class": "MLCContrastiveMultiscale",
  "src_module": "src.architectures.mlc_contrastive_multiscale",
  "T": null,
  "T_max": null,
  "t_sample": null,
  "n_layers": 5,
  "k_win": 500,
  "k_pos": 100,
  "shifts": [
    1,
    2,
    3
  ],
  "seed": 2,
  "d_in": 2304,
  "d_sae": 18432,
  "subject_model": "google/gemma-2-2b",
  "anchor_layer": 12,
  "mlc_layers": [
    10,
    11,
    12,
    13,
    14
  ],
  "phase": "phase7_unification",
  "run_id": "agentic_mlc_08__seed2"
}