{
  "loss": [
    91888.15625,
    13163.203125,
    11136.7763671875,
    10385.236328125,
    9996.0859375,
    9746.263671875,
    9594.1171875,
    9478.0380859375,
    9268.396484375,
    9248.5458984375,
    9135.5947265625,
    9064.173828125,
    9026.7783203125,
    8940.9912109375,
    9005.9716796875,
    8932.66015625,
    8875.3046875,
    8829.4384765625,
    8862.4189453125,
    8806.1201171875
  ],
  "l0": [
    500.0,
    496.8388671875,
    495.3583984375,
    494.709716796875,
    494.57275390625,
    494.2421875,
    494.75390625,
    493.9501953125,
    491.530517578125,
    493.423095703125,
    492.725341796875,
    491.800048828125,
    492.2490234375,
    491.5029296875,
    494.356201171875,
    493.283203125,
    491.794921875,
    492.021484375,
    491.98095703125,
    492.26904296875
  ],
  "steps_logged": [
    0,
    200,
    400,
    600,
    800,
    1000,
    1200,
    1400,
    1600,
    1800,
    2000,
    2200,
    2400,
    2600,
    2800,
    3000,
    3200,
    3400,
    3600,
    3800
  ],
  "final_step": 3800,
  "converged": true,
  "plateau_last": 0.019205224196962512,
  "elapsed_s": 2693.3763523101807,
  "n_scales": 3,
  "gamma": 0.5,
  "row": 8,
  "arch_id": "agentic_txc_02",
  "arch": "agentic_txc_02",
  "group": 2,
  "src_class": "MatryoshkaTXCDRContrastiveMultiscale",
  "src_module": "src.architectures.matryoshka_txcdr_contrastive_multiscale",
  "T": 5,
  "T_max": null,
  "t_sample": null,
  "n_layers": null,
  "k_win": 500,
  "k_pos": 100,
  "shifts": [
    1,
    2,
    3
  ],
  "alpha": null,
  "seed": 42,
  "d_in": 2304,
  "d_sae": 18432,
  "subject_model": "google/gemma-2-2b",
  "anchor_layer": 12,
  "mlc_layers": [
    10,
    11,
    12,
    13,
    14
  ],
  "phase": "phase7_unification",
  "run_id": "agentic_txc_02__seed42"
}