{
  "loss": [
    97536064.0,
    117491.5078125,
    101118.1875,
    97619.4140625,
    96506.7890625,
    95350.0625,
    94947.6953125,
    94305.328125,
    94223.5,
    94205.7734375,
    93646.6328125,
    95639.0078125,
    93721.515625,
    93406.5703125,
    93761.3828125,
    93166.7265625
  ],
  "l0": [
    500.0,
    241.929443359375,
    244.61865234375,
    251.415771484375,
    262.099365234375,
    266.942138671875,
    272.4658203125,
    277.576904296875,
    281.66064453125,
    283.83154296875,
    287.229248046875,
    289.229248046875,
    294.20556640625,
    297.845947265625,
    300.75634765625,
    304.318359375
  ],
  "steps_logged": [
    0,
    200,
    400,
    600,
    800,
    1000,
    1200,
    1400,
    1600,
    1800,
    2000,
    2200,
    2400,
    2600,
    2800,
    3000
  ],
  "final_step": 3000,
  "converged": true,
  "plateau_last": 0.003466213210343796,
  "elapsed_s": 802.3623249530792,
  "T_max": 20,
  "shifts": null,
  "matryoshka_h_size": 3686,
  "alpha": 1.0,
  "src_class": "SubseqSharedH8",
  "n_seqs_used": 24000,
  "ctx_used": 64,
  "ctx_slice_direction": "last",
  "row": 520,
  "arch_id": "hill_z_shared_T20",
  "arch": "hill_z_shared_T20",
  "group": 99,
  "src_module": "src.architectures.phase7_subseq_z_variants",
  "T": null,
  "t_sample": null,
  "n_layers": null,
  "k_win": 500,
  "k_pos": null,
  "gamma": null,
  "n_scales": null,
  "seed": 42,
  "d_in": 2304,
  "d_sae": 18432,
  "subject_model": "google/gemma-2-2b",
  "anchor_layer": 12,
  "mlc_layers": [
    10,
    11,
    12,
    13,
    14
  ],
  "phase": "phase7_unification",
  "run_id": "hill_z_shared_T20__seed42"
}