{
  "loss": [
    105475.640625,
    33638.14453125,
    30529.06640625,
    28729.142578125,
    27677.021484375,
    26985.93359375,
    26555.33203125,
    26032.767578125,
    25861.103515625,
    25664.7109375,
    25346.0546875,
    25188.677734375,
    25135.046875,
    25058.939453125,
    25024.65234375,
    24785.412109375,
    24845.802734375,
    24691.638671875,
    24769.5546875
  ],
  "l0": [
    500.0,
    494.356689453125,
    492.74462890625,
    492.222412109375,
    491.068115234375,
    491.971923828125,
    493.165771484375,
    491.017578125,
    491.4189453125,
    490.86376953125,
    490.7099609375,
    491.01904296875,
    491.229736328125,
    490.169921875,
    491.664794921875,
    490.12939453125,
    491.2509765625,
    490.43017578125,
    489.441650390625
  ],
  "steps_logged": [
    0,
    200,
    400,
    600,
    800,
    1000,
    1200,
    1400,
    1600,
    1800,
    2000,
    2200,
    2400,
    2600,
    2800,
    3000,
    3200,
    3400,
    3600
  ],
  "final_step": 3600,
  "converged": true,
  "plateau_last": 0.01801018570548466,
  "elapsed_s": 2627.3383860588074,
  "shifts": [
    1,
    32
  ],
  "matryoshka_h_size": 3686,
  "alpha": 1.0,
  "row": 200,
  "arch_id": "hill_h8_T5_shifts1and32",
  "arch": "hill_h8_T5_shifts1and32",
  "group": 99,
  "src_class": "TXCBareMultiDistanceContrastiveAntidead",
  "src_module": "src.architectures.txc_bare_multidistance_contrastive_antidead",
  "T": 5,
  "T_max": null,
  "t_sample": null,
  "n_layers": null,
  "k_win": 500,
  "k_pos": 100,
  "gamma": null,
  "n_scales": null,
  "seed": 42,
  "d_in": 2304,
  "d_sae": 18432,
  "subject_model": "google/gemma-2-2b",
  "anchor_layer": 12,
  "mlc_layers": [
    10,
    11,
    12,
    13,
    14
  ],
  "phase": "phase7_unification",
  "run_id": "hill_h8_T5_shifts1and32__seed42"
}