{
  "loss": [
    73915.5078125,
    22923.2109375,
    20817.060546875,
    19601.046875,
    18815.34765625,
    18333.5625,
    18001.43359375,
    17645.74609375,
    17508.25390625,
    17347.92578125,
    17155.791015625,
    17035.326171875,
    17006.482421875,
    16944.908203125,
    16904.462890625,
    16740.8515625,
    16779.978515625,
    16667.26171875,
    16698.97265625
  ],
  "l0": [
    500.0,
    498.84033203125,
    498.359375,
    498.796875,
    498.160888671875,
    498.933349609375,
    498.59814453125,
    498.33056640625,
    498.47265625,
    498.2353515625,
    498.01513671875,
    498.154296875,
    498.423828125,
    497.996826171875,
    498.9462890625,
    498.221923828125,
    498.77880859375,
    498.54052734375,
    497.891845703125
  ],
  "steps_logged": [
    0,
    200,
    400,
    600,
    800,
    1000,
    1200,
    1400,
    1600,
    1800,
    2000,
    2200,
    2400,
    2600,
    2800,
    3000,
    3200,
    3400,
    3600
  ],
  "final_step": 3600,
  "converged": true,
  "plateau_last": 0.019872472025036062,
  "elapsed_s": 1750.1614429950714,
  "shifts": [
    32
  ],
  "matryoshka_h_size": 3686,
  "alpha": 1.0,
  "row": 201,
  "arch_id": "hill_h8_T5_shifts32only",
  "arch": "hill_h8_T5_shifts32only",
  "group": 99,
  "src_class": "TXCBareMultiDistanceContrastiveAntidead",
  "src_module": "src.architectures.txc_bare_multidistance_contrastive_antidead",
  "T": 5,
  "T_max": null,
  "t_sample": null,
  "n_layers": null,
  "k_win": 500,
  "k_pos": 100,
  "gamma": null,
  "n_scales": null,
  "seed": 42,
  "d_in": 2304,
  "d_sae": 18432,
  "subject_model": "google/gemma-2-2b",
  "anchor_layer": 12,
  "mlc_layers": [
    10,
    11,
    12,
    13,
    14
  ],
  "phase": "phase7_unification",
  "run_id": "hill_h8_T5_shifts32only__seed42"
}