{
  "loss": [
    91069.1171875,
    10548.923828125,
    9195.5654296875,
    8541.21875,
    8101.53759765625,
    7824.19873046875,
    7624.8095703125,
    7498.95556640625,
    7347.88232421875,
    7244.47265625,
    7197.34130859375,
    7113.96337890625,
    7059.77734375,
    6956.88818359375,
    6919.7587890625,
    6908.16552734375,
    6866.046875,
    6851.07666015625,
    6790.3798828125,
    6751.21337890625,
    6702.0361328125,
    6708.22998046875,
    6681.625,
    6668.82373046875,
    6671.85009765625,
    6613.18603515625
  ],
  "l0": [
    500.0,
    500.0,
    500.0,
    500.0,
    500.0,
    500.0,
    500.0,
    500.0,
    500.0,
    500.0,
    500.0,
    500.0,
    500.0,
    500.0,
    500.0,
    500.0,
    500.0,
    500.0,
    500.0,
    500.0,
    500.0,
    500.0,
    500.0,
    500.0,
    500.0,
    500.0
  ],
  "steps_logged": [
    0,
    200,
    400,
    600,
    800,
    1000,
    1200,
    1400,
    1600,
    1800,
    2000,
    2200,
    2400,
    2600,
    2800,
    3000,
    3200,
    3400,
    3600,
    3800,
    4000,
    4200,
    4400,
    4600,
    4800,
    5000
  ],
  "final_step": 5000,
  "converged": true,
  "plateau_last": 0.01816915211553231,
  "elapsed_s": 2391.3861033916473,
  "row": 16,
  "arch_id": "txcdr_t5",
  "arch": "txcdr_t5",
  "group": 3,
  "src_class": "TemporalCrosscoder",
  "src_module": "src.architectures.crosscoder",
  "T": 5,
  "T_max": null,
  "t_sample": null,
  "n_layers": null,
  "k_win": 500,
  "k_pos": 100,
  "shifts": null,
  "alpha": null,
  "gamma": null,
  "n_scales": null,
  "seed": 42,
  "d_in": 2304,
  "d_sae": 18432,
  "subject_model": "google/gemma-2-2b-it",
  "anchor_layer": 13,
  "mlc_layers": [
    11,
    12,
    13,
    14,
    15
  ],
  "phase": "phase7_unification",
  "run_id": "it_txcdr_t5__seed42"
}