{
  "loss": [
    261389.8125,
    34950.7578125,
    9401.998046875,
    6623.7021484375,
    5720.84765625,
    5211.68798828125,
    4946.59375,
    4694.6923828125,
    4486.2158203125,
    4341.2822265625,
    4199.15673828125,
    4093.566162109375,
    4049.103515625,
    3916.42236328125,
    3789.88330078125,
    3800.17041015625,
    3752.437744140625,
    3656.58251953125,
    3585.83447265625,
    3510.2333984375,
    3465.68017578125,
    3485.76513671875,
    3415.61962890625,
    3392.0234375,
    3413.967041015625,
    3361.87451171875,
    3347.6083984375,
    3335.580322265625,
    3301.55517578125,
    3325.86181640625,
    3308.62353515625,
    3246.13671875,
    3246.80126953125,
    3245.439208984375,
    3180.965576171875,
    3210.21435546875,
    3178.27490234375,
    3170.502685546875,
    3178.875244140625,
    3141.4892578125,
    3127.48046875,
    3141.21337890625
  ],
  "l0": [
    500.0,
    500.0,
    500.0,
    500.0,
    500.0,
    500.0,
    500.0,
    500.0,
    500.0,
    500.0,
    500.0,
    500.0,
    500.0,
    500.0,
    500.0,
    500.0,
    500.0,
    500.0,
    500.0,
    500.0,
    500.0,
    500.0,
    500.0,
    500.0,
    500.0,
    500.0,
    500.0,
    500.0,
    500.0,
    500.0,
    500.0,
    500.0,
    500.0,
    500.0,
    500.0,
    500.0,
    500.0,
    500.0,
    500.0,
    500.0,
    500.0,
    500.0
  ],
  "auxk": [
    0.0,
    0.0,
    0.0,
    0.0,
    0.0,
    0.0,
    0.0,
    0.0,
    0.0,
    0.0,
    0.0,
    0.0,
    0.0,
    0.0,
    0.0,
    0.0,
    0.0,
    0.0,
    0.0,
    0.0,
    0.0,
    0.0,
    0.0,
    0.0,
    0.0,
    0.0,
    0.0,
    0.0,
    0.0,
    0.0,
    0.0,
    0.0,
    0.0,
    0.0,
    0.0,
    0.0,
    0.0,
    0.0,
    0.0,
    0.0,
    0.0,
    0.0
  ],
  "dead": [
    0,
    0,
    0,
    0,
    0,
    0,
    0,
    0,
    0,
    0,
    0,
    0,
    0,
    0,
    0,
    0,
    0,
    0,
    0,
    0,
    0,
    0,
    0,
    0,
    0,
    0,
    0,
    0,
    0,
    0,
    0,
    0,
    0,
    0,
    0,
    0,
    0,
    0,
    0,
    0,
    0,
    0
  ],
  "steps_logged": [
    0,
    200,
    400,
    600,
    800,
    1000,
    1200,
    1400,
    1600,
    1800,
    2000,
    2200,
    2400,
    2600,
    2800,
    3000,
    3200,
    3400,
    3600,
    3800,
    4000,
    4200,
    4400,
    4600,
    4800,
    5000,
    5200,
    5400,
    5600,
    5800,
    6000,
    6200,
    6400,
    6600,
    6800,
    7000,
    7200,
    7400,
    7600,
    7800,
    8000,
    8200
  ],
  "final_step": 8200,
  "converged": true,
  "plateau_last": 0.018810858471995463,
  "elapsed_s": 2047.1236352920532,
  "group_sizes": [
    3686,
    14746
  ],
  "group_weights": [
    0.5,
    0.5
  ],
  "lr_used": 0.0001885618083164127,
  "row": 2,
  "arch_id": "tsae_paper_k500",
  "arch": "tsae_paper_k500",
  "group": 1,
  "src_class": "TemporalMatryoshkaBatchTopKSAE",
  "src_module": "src.architectures.tsae_paper",
  "T": 1,
  "T_max": null,
  "t_sample": null,
  "n_layers": null,
  "k_win": 500,
  "k_pos": 500,
  "shifts": null,
  "alpha": null,
  "gamma": null,
  "n_scales": null,
  "seed": 42,
  "d_in": 2304,
  "d_sae": 18432,
  "subject_model": "google/gemma-2-2b-it",
  "anchor_layer": 13,
  "mlc_layers": [
    11,
    12,
    13,
    14,
    15
  ],
  "phase": "phase7_unification",
  "run_id": "it_tsae_paper_k500__seed42"
}