{
  "loss": [
    185893.8125,
    43409.96484375,
    19474.39453125,
    13977.06640625,
    12460.4560546875,
    11605.5146484375,
    11384.26953125,
    11045.8359375,
    10638.7548828125,
    10600.4482421875,
    10439.8671875,
    10340.474609375,
    10392.740234375,
    10191.560546875,
    9968.5400390625,
    10038.353515625,
    10102.6025390625,
    9992.2275390625,
    9869.166015625,
    9724.1201171875,
    9648.580078125,
    9769.30859375,
    9696.89453125,
    9642.62890625,
    9678.5146484375,
    9546.8828125,
    9543.2626953125
  ],
  "l0": [
    20.0,
    20.0,
    20.0,
    20.0,
    20.0,
    20.0,
    20.0,
    20.0,
    20.0,
    20.0,
    20.0,
    20.0,
    20.0,
    20.0,
    20.0,
    20.0,
    20.0,
    20.0,
    20.0,
    20.0,
    20.0,
    20.0,
    20.0,
    20.0,
    20.0,
    20.0,
    20.0
  ],
  "auxk": [
    0.0,
    0.0,
    0.0,
    0.0,
    0.0,
    0.0,
    0.0,
    0.0,
    0.0,
    0.0,
    0.0,
    0.0,
    0.0,
    0.0,
    0.0,
    0.0,
    0.0,
    1.0001938343048096,
    0.9997935891151428,
    0.9977656006813049,
    0.9959306716918945,
    0.9857977628707886,
    0.9760985374450684,
    0.9644298553466797,
    0.9572041034698486,
    0.958156168460846,
    0.9474268555641174
  ],
  "dead": [
    0,
    0,
    0,
    0,
    0,
    0,
    0,
    0,
    0,
    0,
    0,
    0,
    0,
    0,
    0,
    0,
    0,
    4,
    31,
    82,
    183,
    294,
    470,
    651,
    834,
    1030,
    1214
  ],
  "steps_logged": [
    0,
    200,
    400,
    600,
    800,
    1000,
    1200,
    1400,
    1600,
    1800,
    2000,
    2200,
    2400,
    2600,
    2800,
    3000,
    3200,
    3400,
    3600,
    3800,
    4000,
    4200,
    4400,
    4600,
    4800,
    5000,
    5200
  ],
  "final_step": 5200,
  "converged": true,
  "plateau_last": 0.01826850192401348,
  "elapsed_s": 1381.2595372200012,
  "group_sizes": [
    3686,
    14746
  ],
  "group_weights": [
    0.5,
    0.5
  ],
  "lr_used": 0.0001885618083164127,
  "row": 3,
  "arch_id": "tsae_paper_k20",
  "arch": "tsae_paper_k20",
  "group": 1,
  "src_class": "TemporalMatryoshkaBatchTopKSAE",
  "src_module": "src.architectures.tsae_paper",
  "T": 1,
  "T_max": null,
  "t_sample": null,
  "n_layers": null,
  "k_win": 20,
  "k_pos": 20,
  "shifts": null,
  "alpha": null,
  "gamma": null,
  "n_scales": null,
  "seed": 42,
  "d_in": 2304,
  "d_sae": 18432,
  "subject_model": "google/gemma-2-2b-it",
  "anchor_layer": 13,
  "mlc_layers": [
    11,
    12,
    13,
    14,
    15
  ],
  "phase": "phase7_unification",
  "run_id": "it_tsae_paper_k20__seed42"
}