{
  "loss": [
    33886.93359375,
    9228.7294921875,
    8243.6083984375,
    7657.58740234375,
    7218.82666015625,
    6937.9375,
    6732.0859375,
    6602.2431640625,
    6442.50146484375,
    6351.95263671875,
    6310.92822265625,
    6234.79248046875,
    6191.4921875,
    6122.57421875,
    6067.0712890625,
    6071.34228515625,
    6052.97998046875,
    6047.341796875,
    5969.74072265625,
    5957.29296875,
    5905.70947265625,
    5913.67724609375,
    5909.44677734375,
    5882.01123046875,
    5887.45263671875
  ],
  "l0": [
    500.0,
    500.0,
    500.0,
    500.0,
    500.0,
    500.0,
    500.0,
    500.0,
    500.0,
    500.0,
    500.0,
    500.0,
    500.0,
    500.0,
    500.0,
    500.0,
    500.0,
    500.0,
    500.0,
    500.0,
    500.0,
    500.0,
    500.0,
    500.0,
    500.0
  ],
  "steps_logged": [
    0,
    200,
    400,
    600,
    800,
    1000,
    1200,
    1400,
    1600,
    1800,
    2000,
    2200,
    2400,
    2600,
    2800,
    3000,
    3200,
    3400,
    3600,
    3800,
    4000,
    4200,
    4400,
    4600,
    4800
  ],
  "final_step": 4800,
  "converged": true,
  "plateau_last": 0.019947719849343955,
  "elapsed_s": 3513.2716693878174,
  "row": 9,
  "arch_id": "txc_bare_antidead_t5",
  "arch": "txc_bare_antidead_t5",
  "group": 2,
  "src_class": "TXCBareAntidead",
  "src_module": "src.architectures.txc_bare_antidead",
  "T": 5,
  "T_max": null,
  "t_sample": null,
  "n_layers": null,
  "k_win": 500,
  "k_pos": 100,
  "shifts": null,
  "alpha": null,
  "gamma": null,
  "n_scales": null,
  "seed": 42,
  "d_in": 2304,
  "d_sae": 18432,
  "subject_model": "google/gemma-2-2b-it",
  "anchor_layer": 13,
  "mlc_layers": [
    11,
    12,
    13,
    14,
    15
  ],
  "phase": "phase7_unification",
  "run_id": "it_txc_bare_antidead_t5__seed42"
}