{
  "loss": [
    330472.625,
    8282.25,
    5019.365234375,
    4627.8935546875,
    4344.2958984375,
    4165.61767578125,
    4061.419921875,
    3949.7724609375,
    3856.04345703125,
    3789.70751953125,
    3722.8681640625,
    3660.104736328125,
    3587.613525390625,
    3542.554443359375,
    3522.66162109375,
    3441.0146484375,
    3461.027099609375,
    3424.27490234375,
    3358.95263671875,
    3321.433837890625,
    3334.40966796875,
    3294.07080078125,
    3255.5068359375,
    3267.88232421875,
    3261.734619140625,
    3204.3544921875,
    3187.548828125,
    3197.526123046875,
    3196.59716796875,
    3219.7607421875,
    3181.529052734375
  ],
  "l0": [
    500.0,
    500.0,
    500.0,
    500.0,
    500.0,
    500.0,
    500.0,
    500.0,
    500.0,
    500.0,
    500.0,
    500.0,
    500.0,
    500.0,
    500.0,
    500.0,
    499.912109375,
    499.718017578125,
    499.6640625,
    499.5517578125,
    499.44384765625,
    499.33203125,
    499.3232421875,
    499.622314453125,
    499.333984375,
    499.10009765625,
    499.09423828125,
    498.9716796875,
    499.114501953125,
    499.11376953125,
    499.015625
  ],
  "steps_logged": [
    0,
    200,
    400,
    600,
    800,
    1000,
    1200,
    1400,
    1600,
    1800,
    2000,
    2200,
    2400,
    2600,
    2800,
    3000,
    3200,
    3400,
    3600,
    3800,
    4000,
    4200,
    4400,
    4600,
    4800,
    5000,
    5200,
    5400,
    5600,
    5800,
    6000
  ],
  "final_step": 6000,
  "converged": true,
  "plateau_last": 0.018459560435451345,
  "elapsed_s": 707.0378153324127,
  "row": 1,
  "arch_id": "topk_sae",
  "arch": "topk_sae",
  "group": 1,
  "src_class": "TopKSAE",
  "src_module": "src.architectures.topk_sae",
  "T": 1,
  "T_max": null,
  "t_sample": null,
  "n_layers": null,
  "k_win": 500,
  "k_pos": 500,
  "shifts": null,
  "alpha": null,
  "gamma": null,
  "n_scales": null,
  "seed": 42,
  "d_in": 2304,
  "d_sae": 18432,
  "subject_model": "google/gemma-2-2b-it",
  "anchor_layer": 13,
  "mlc_layers": [
    11,
    12,
    13,
    14,
    15
  ],
  "phase": "phase7_unification",
  "run_id": "it_topk_sae__seed42"
}