{
  "loss": [
    94684.7734375,
    4069.531982421875,
    3390.14697265625,
    3129.45654296875,
    2955.450927734375,
    2895.708984375,
    2867.834716796875,
    2750.882568359375,
    2757.89892578125,
    2731.0390625,
    2717.52587890625,
    2664.64697265625,
    2671.86669921875,
    2673.778564453125,
    2643.528076171875,
    2562.86376953125,
    2584.26904296875,
    2565.810302734375,
    2579.0419921875,
    2570.245849609375,
    2545.560546875,
    2568.704833984375,
    2565.210205078125
  ],
  "l0": [
    500.0,
    494.84033203125,
    494.3046875,
    493.859375,
    493.537353515625,
    494.150390625,
    491.891845703125,
    493.216796875,
    492.052734375,
    491.535888671875,
    492.076904296875,
    491.48095703125,
    492.849853515625,
    490.814208984375,
    491.270751953125,
    490.136474609375,
    489.5615234375,
    490.5478515625,
    488.357666015625,
    488.4931640625,
    488.385498046875,
    490.562744140625,
    489.574462890625
  ],
  "steps_logged": [
    0,
    200,
    400,
    600,
    800,
    1000,
    1200,
    1400,
    1600,
    1800,
    2000,
    2200,
    2400,
    2600,
    2800,
    3000,
    3200,
    3400,
    3600,
    3800,
    4000,
    4200,
    4400
  ],
  "final_step": 4400,
  "converged": true,
  "plateau_last": 0.01546296747185496,
  "elapsed_s": 818.9501905441284,
  "row": 4,
  "arch_id": "mlc",
  "arch": "mlc",
  "group": 1,
  "src_class": "MultiLayerCrosscoder",
  "src_module": "src.architectures.mlc",
  "T": null,
  "T_max": null,
  "t_sample": null,
  "n_layers": 5,
  "k_win": 500,
  "k_pos": 100,
  "shifts": null,
  "alpha": null,
  "gamma": null,
  "n_scales": null,
  "seed": 1,
  "d_in": 2304,
  "d_sae": 18432,
  "subject_model": "google/gemma-2-2b",
  "anchor_layer": 12,
  "mlc_layers": [
    10,
    11,
    12,
    13,
    14
  ],
  "phase": "phase7_unification",
  "run_id": "mlc__seed1"
}