{
  "loss": [
    105877.6015625,
    4052.52197265625,
    3356.784423828125,
    3147.585205078125,
    2988.67578125,
    2866.823486328125,
    2799.510009765625,
    2778.681640625,
    2712.95751953125,
    2702.340576171875,
    2706.49755859375,
    2665.997314453125,
    2611.984375,
    2568.7568359375,
    2636.53759765625,
    2595.935546875,
    2539.989013671875,
    2571.783447265625,
    2591.739990234375,
    2576.46923828125,
    2507.060546875,
    2484.958251953125
  ],
  "l0": [
    500.0,
    493.721923828125,
    495.013671875,
    493.9873046875,
    494.047119140625,
    493.771728515625,
    494.263671875,
    493.904052734375,
    493.064453125,
    492.825927734375,
    491.211181640625,
    491.83544921875,
    490.74462890625,
    490.76708984375,
    491.23779296875,
    490.3310546875,
    490.146484375,
    490.1123046875,
    489.404296875,
    489.390380859375,
    490.21435546875,
    487.871337890625
  ],
  "steps_logged": [
    0,
    200,
    400,
    600,
    800,
    1000,
    1200,
    1400,
    1600,
    1800,
    2000,
    2200,
    2400,
    2600,
    2800,
    3000,
    3200,
    3400,
    3600,
    3800,
    4000,
    4200
  ],
  "final_step": 4200,
  "converged": true,
  "plateau_last": 0.01707623112428004,
  "elapsed_s": 772.8916091918945,
  "row": 4,
  "arch_id": "mlc",
  "arch": "mlc",
  "group": 1,
  "src_class": "MultiLayerCrosscoder",
  "src_module": "src.architectures.mlc",
  "T": null,
  "T_max": null,
  "t_sample": null,
  "n_layers": 5,
  "k_win": 500,
  "k_pos": 100,
  "shifts": null,
  "alpha": null,
  "gamma": null,
  "n_scales": null,
  "seed": 42,
  "d_in": 2304,
  "d_sae": 18432,
  "subject_model": "google/gemma-2-2b",
  "anchor_layer": 12,
  "mlc_layers": [
    10,
    11,
    12,
    13,
    14
  ],
  "phase": "phase7_unification",
  "run_id": "mlc__seed42"
}