{
  "loss": [
    103.3500747680664,
    15.071441650390625,
    13.9940185546875,
    13.655973434448242,
    13.48550033569336,
    13.236801147460938,
    13.230867385864258,
    13.081604957580566,
    13.022639274597168,
    12.89256477355957,
    12.859413146972656,
    12.847274780273438,
    12.828615188598633,
    12.750104904174805,
    12.706785202026367,
    12.704126358032227
  ],
  "l0": [
    500.0,
    489.761474609375,
    488.7451171875,
    490.169921875,
    491.069580078125,
    489.6865234375,
    491.538330078125,
    489.5478515625,
    488.531494140625,
    488.84521484375,
    489.150146484375,
    489.55224609375,
    489.5205078125,
    488.846923828125,
    489.205322265625,
    489.912109375
  ],
  "steps_logged": [
    0,
    200,
    400,
    600,
    800,
    1000,
    1200,
    1400,
    1600,
    1800,
    2000,
    2200,
    2400,
    2600,
    2800,
    3000
  ],
  "final_step": 3000,
  "converged": true,
  "plateau_last": 0.01920785080930411,
  "elapsed_s": 1343.2238459587097,
  "h": 3686,
  "alpha": 1.0,
  "row": 5,
  "arch_id": "mlc_contrastive_alpha100_batchtopk",
  "arch": "mlc_contrastive_alpha100_batchtopk",
  "group": 1,
  "src_class": "MLCContrastive",
  "src_module": "src.architectures.mlc_contrastive",
  "T": null,
  "T_max": null,
  "t_sample": null,
  "n_layers": 5,
  "k_win": 500,
  "k_pos": 100,
  "shifts": [
    1
  ],
  "gamma": null,
  "n_scales": null,
  "seed": 42,
  "d_in": 2304,
  "d_sae": 18432,
  "subject_model": "google/gemma-2-2b",
  "anchor_layer": 12,
  "mlc_layers": [
    10,
    11,
    12,
    13,
    14
  ],
  "phase": "phase7_unification",
  "run_id": "mlc_contrastive_alpha100_batchtopk__seed42"
}