{
  "loss": [
    107.99402618408203,
    15.079160690307617,
    14.035333633422852,
    13.666914939880371,
    13.447431564331055,
    13.35392951965332,
    13.23121452331543,
    13.078819274902344,
    13.063368797302246,
    12.917702674865723,
    12.902910232543945,
    12.78940200805664,
    12.790445327758789,
    12.754850387573242,
    12.731706619262695,
    12.691265106201172,
    12.628910064697266
  ],
  "l0": [
    500.0,
    490.47412109375,
    489.669189453125,
    490.13525390625,
    489.85009765625,
    489.4111328125,
    490.627685546875,
    490.576416015625,
    490.9169921875,
    488.2041015625,
    487.806884765625,
    489.274169921875,
    487.725830078125,
    490.3369140625,
    489.71533203125,
    489.957763671875,
    488.9111328125
  ],
  "steps_logged": [
    0,
    200,
    400,
    600,
    800,
    1000,
    1200,
    1400,
    1600,
    1800,
    2000,
    2200,
    2400,
    2600,
    2800,
    3000,
    3200
  ],
  "final_step": 3200,
  "converged": true,
  "plateau_last": 0.017837624495921,
  "elapsed_s": 1503.8217902183533,
  "h": 3686,
  "alpha": 1.0,
  "row": 5,
  "arch_id": "mlc_contrastive_alpha100_batchtopk",
  "arch": "mlc_contrastive_alpha100_batchtopk",
  "group": 1,
  "src_class": "MLCContrastive",
  "src_module": "src.architectures.mlc_contrastive",
  "T": null,
  "T_max": null,
  "t_sample": null,
  "n_layers": 5,
  "k_win": 500,
  "k_pos": 100,
  "shifts": [
    1
  ],
  "gamma": null,
  "n_scales": null,
  "seed": 2,
  "d_in": 2304,
  "d_sae": 18432,
  "subject_model": "google/gemma-2-2b",
  "anchor_layer": 12,
  "mlc_layers": [
    10,
    11,
    12,
    13,
    14
  ],
  "phase": "phase7_unification",
  "run_id": "mlc_contrastive_alpha100_batchtopk__seed2"
}