{
  "loss": [
    125762.0859375,
    49783.36328125,
    45440.4765625,
    43496.02734375,
    42341.21875,
    41413.65625,
    40795.0546875,
    40230.0234375,
    40052.5546875,
    39713.82421875,
    39552.44140625,
    39013.96484375,
    39125.41015625,
    39065.23046875,
    39086.8671875,
    38683.83203125,
    38890.515625
  ],
  "l0": [
    500.0,
    495.0986328125,
    493.41357421875,
    493.93408203125,
    493.39501953125,
    493.65234375,
    493.029296875,
    491.93701171875,
    492.22021484375,
    492.56201171875,
    492.852294921875,
    491.02734375,
    490.918212890625,
    491.971435546875,
    493.36474609375,
    491.755126953125,
    492.518798828125
  ],
  "steps_logged": [
    0,
    200,
    400,
    600,
    800,
    1000,
    1200,
    1400,
    1600,
    1800,
    2000,
    2200,
    2400,
    2600,
    2800,
    3000,
    3200
  ],
  "final_step": 3200,
  "converged": true,
  "plateau_last": 0.01868906443901308,
  "elapsed_s": 4832.761939764023,
  "shifts": [
    1,
    2,
    4
  ],
  "matryoshka_h_size": 3686,
  "alpha": null,
  "row": 35,
  "arch_id": "phase57_partB_h8_bare_multidistance_t8",
  "arch": "phase57_partB_h8_bare_multidistance_t8",
  "group": 4,
  "src_class": "TXCBareMultiDistanceContrastiveAntidead",
  "src_module": "src.architectures.txc_bare_multidistance_contrastive_antidead",
  "T": 8,
  "T_max": null,
  "t_sample": null,
  "n_layers": null,
  "k_win": 500,
  "k_pos": 62,
  "gamma": null,
  "n_scales": null,
  "seed": 42,
  "d_in": 2304,
  "d_sae": 18432,
  "subject_model": "google/gemma-2-2b",
  "anchor_layer": 12,
  "mlc_layers": [
    10,
    11,
    12,
    13,
    14
  ],
  "phase": "phase7_unification",
  "run_id": "phase57_partB_h8_bare_multidistance_t8__seed42"
}