{
  "loss": [
    101160.6953125,
    33726.5078125,
    30756.294921875,
    28601.431640625,
    27746.318359375,
    27059.583984375,
    26790.33203125,
    26287.50390625,
    25944.890625,
    25784.5234375,
    25423.279296875,
    25388.578125,
    25165.58203125,
    25123.482421875,
    25220.390625,
    25063.98046875,
    24827.576171875,
    24703.033203125,
    24758.322265625
  ],
  "l0": [
    500.0,
    495.90576171875,
    495.247802734375,
    493.14453125,
    493.755859375,
    493.894287109375,
    494.28515625,
    493.710693359375,
    493.095703125,
    493.57421875,
    493.3203125,
    493.017578125,
    491.873046875,
    492.9921875,
    493.787841796875,
    493.3447265625,
    491.379150390625,
    491.504150390625,
    493.73388671875
  ],
  "steps_logged": [
    0,
    200,
    400,
    600,
    800,
    1000,
    1200,
    1400,
    1600,
    1800,
    2000,
    2200,
    2400,
    2600,
    2800,
    3000,
    3200,
    3400,
    3600
  ],
  "final_step": 3600,
  "converged": true,
  "plateau_last": 0.018222283670365345,
  "elapsed_s": 2690.996302127838,
  "shifts": [
    1,
    2
  ],
  "matryoshka_h_size": 3686,
  "alpha": null,
  "row": 32,
  "arch_id": "phase57_partB_h8_bare_multidistance_t5",
  "arch": "phase57_partB_h8_bare_multidistance_t5",
  "group": 4,
  "src_class": "TXCBareMultiDistanceContrastiveAntidead",
  "src_module": "src.architectures.txc_bare_multidistance_contrastive_antidead",
  "T": 5,
  "T_max": null,
  "t_sample": null,
  "n_layers": null,
  "k_win": 500,
  "k_pos": 100,
  "gamma": null,
  "n_scales": null,
  "seed": 42,
  "d_in": 2304,
  "d_sae": 18432,
  "subject_model": "google/gemma-2-2b",
  "anchor_layer": 12,
  "mlc_layers": [
    10,
    11,
    12,
    13,
    14
  ],
  "phase": "phase7_unification",
  "run_id": "phase57_partB_h8_bare_multidistance_t5__seed42"
}