{
  "loss": [
    103862.8515625,
    33565.40234375,
    30409.17578125,
    28836.169921875,
    27587.556640625,
    27188.87890625,
    26645.583984375,
    26202.0546875,
    25776.771484375,
    25513.111328125,
    25356.11328125,
    25269.482421875,
    25330.70703125,
    24965.73828125,
    25092.994140625,
    24926.693359375,
    24859.49609375,
    24721.2265625,
    24868.337890625
  ],
  "l0": [
    500.0,
    495.716796875,
    495.01220703125,
    494.4140625,
    493.353271484375,
    494.22119140625,
    494.037109375,
    493.677001953125,
    492.65380859375,
    492.528564453125,
    492.8955078125,
    492.56103515625,
    494.5537109375,
    493.2314453125,
    492.914794921875,
    493.685302734375,
    492.459716796875,
    492.52490234375,
    493.9150390625
  ],
  "steps_logged": [
    0,
    200,
    400,
    600,
    800,
    1000,
    1200,
    1400,
    1600,
    1800,
    2000,
    2200,
    2400,
    2600,
    2800,
    3000,
    3200,
    3400,
    3600
  ],
  "final_step": 3600,
  "converged": true,
  "plateau_last": 0.01555267075985924,
  "elapsed_s": 2912.8105733394623,
  "shifts": [
    1,
    2
  ],
  "matryoshka_h_size": 3686,
  "alpha": null,
  "row": 32,
  "arch_id": "phase57_partB_h8_bare_multidistance_t5",
  "arch": "phase57_partB_h8_bare_multidistance_t5",
  "group": 4,
  "src_class": "TXCBareMultiDistanceContrastiveAntidead",
  "src_module": "src.architectures.txc_bare_multidistance_contrastive_antidead",
  "T": 5,
  "T_max": null,
  "t_sample": null,
  "n_layers": null,
  "k_win": 500,
  "k_pos": 100,
  "gamma": null,
  "n_scales": null,
  "seed": 2,
  "d_in": 2304,
  "d_sae": 18432,
  "subject_model": "google/gemma-2-2b",
  "anchor_layer": 12,
  "mlc_layers": [
    10,
    11,
    12,
    13,
    14
  ],
  "phase": "phase7_unification",
  "run_id": "phase57_partB_h8_bare_multidistance_t5__seed2"
}