{
  "loss": [
    102907.6875,
    31811.125,
    28706.646484375,
    26929.673828125,
    25785.111328125,
    25109.921875,
    24612.462890625,
    24339.642578125,
    24115.05078125,
    23638.50390625,
    23475.568359375,
    23317.12109375,
    23029.28125,
    23126.076171875,
    23083.904296875,
    22678.826171875,
    22827.40625,
    22571.037109375,
    22812.869140625,
    22736.513671875,
    22478.771484375
  ],
  "l0": [
    500.0,
    496.630859375,
    495.688232421875,
    495.521728515625,
    494.528076171875,
    493.798828125,
    493.286376953125,
    493.41650390625,
    493.45947265625,
    493.115234375,
    493.757080078125,
    492.927734375,
    492.03662109375,
    494.120849609375,
    493.35498046875,
    493.652587890625,
    493.4658203125,
    492.724365234375,
    494.155029296875,
    492.234375,
    492.102294921875
  ],
  "steps_logged": [
    0,
    200,
    400,
    600,
    800,
    1000,
    1200,
    1400,
    1600,
    1800,
    2000,
    2200,
    2400,
    2600,
    2800,
    3000,
    3200,
    3400,
    3600,
    3800,
    4000
  ],
  "final_step": 4000,
  "converged": true,
  "plateau_last": 0.015694954207704358,
  "elapsed_s": 2590.367589235306,
  "shifts": [
    1,
    2
  ],
  "matryoshka_h_size": 3686,
  "alpha": null,
  "row": 31,
  "arch_id": "phase57_partB_h8_bare_multidistance_t4",
  "arch": "phase57_partB_h8_bare_multidistance_t4",
  "group": 4,
  "src_class": "TXCBareMultiDistanceContrastiveAntidead",
  "src_module": "src.architectures.txc_bare_multidistance_contrastive_antidead",
  "T": 4,
  "T_max": null,
  "t_sample": null,
  "n_layers": null,
  "k_win": 500,
  "k_pos": 125,
  "gamma": null,
  "n_scales": null,
  "seed": 2,
  "d_in": 2304,
  "d_sae": 18432,
  "subject_model": "google/gemma-2-2b",
  "anchor_layer": 12,
  "mlc_layers": [
    10,
    11,
    12,
    13,
    14
  ],
  "phase": "phase7_unification",
  "run_id": "phase57_partB_h8_bare_multidistance_t4__seed2"
}