{
  "loss": [
    122076.6640625,
    57020.21875,
    51724.4296875,
    49403.79296875,
    48458.1875,
    47652.83203125,
    47216.60546875,
    46595.64453125,
    46900.71484375,
    46182.1015625,
    45669.3828125,
    45539.98046875,
    45517.54296875,
    45178.828125,
    45335.10546875,
    45080.09765625,
    44743.0546875,
    45259.94140625
  ],
  "l0": [
    2000.0,
    1981.114501953125,
    1977.651123046875,
    1978.454345703125,
    1971.70703125,
    1975.694091796875,
    1980.746826171875,
    1973.24755859375,
    1970.49267578125,
    1976.859375,
    1969.48291015625,
    1968.01513671875,
    1972.564453125,
    1969.955810546875,
    1977.782470703125,
    1968.83203125,
    1965.574951171875,
    1978.877197265625
  ],
  "steps_logged": [
    0,
    200,
    400,
    600,
    800,
    1000,
    1200,
    1400,
    1600,
    1800,
    2000,
    2200,
    2400,
    2600,
    2800,
    3000,
    3200,
    3400
  ],
  "final_step": 3400,
  "converged": true,
  "plateau_last": 0.01833123187221004,
  "elapsed_s": 12571.287854909897,
  "shifts": [
    1,
    5,
    10
  ],
  "matryoshka_h_size": 3686,
  "alpha": null,
  "row": 47,
  "arch_id": "phase57_partB_h8_bare_multidistance_t20_kpos100",
  "arch": "phase57_partB_h8_bare_multidistance_t20_kpos100",
  "group": 5,
  "src_class": "TXCBareMultiDistanceContrastiveAntidead",
  "src_module": "src.architectures.txc_bare_multidistance_contrastive_antidead",
  "T": 20,
  "T_max": null,
  "t_sample": null,
  "n_layers": null,
  "k_win": 2000,
  "k_pos": 100,
  "gamma": null,
  "n_scales": null,
  "seed": 42,
  "d_in": 2304,
  "d_sae": 18432,
  "subject_model": "google/gemma-2-2b",
  "anchor_layer": 12,
  "mlc_layers": [
    10,
    11,
    12,
    13,
    14
  ],
  "phase": "phase7_unification",
  "run_id": "phase57_partB_h8_bare_multidistance_t20_kpos100__seed42"
}