{
  "loss": [
    95301.359375,
    36875.24609375,
    33331.79296875,
    31622.720703125,
    30869.37109375,
    30138.5,
    29720.109375,
    29311.64453125,
    29179.57421875,
    28867.962890625,
    28580.896484375,
    28584.765625,
    28373.208984375,
    28083.068359375,
    28257.376953125,
    27901.373046875,
    28053.140625,
    27890.419921875,
    27925.451171875
  ],
  "l0": [
    500.0,
    495.296875,
    493.759765625,
    494.348876953125,
    493.111572265625,
    493.0126953125,
    493.454345703125,
    493.2763671875,
    494.421875,
    492.861328125,
    493.35791015625,
    492.015625,
    491.629150390625,
    490.808349609375,
    492.356201171875,
    490.82763671875,
    492.303955078125,
    491.1513671875,
    492.259765625
  ],
  "steps_logged": [
    0,
    200,
    400,
    600,
    800,
    1000,
    1200,
    1400,
    1600,
    1800,
    2000,
    2200,
    2400,
    2600,
    2800,
    3000,
    3200,
    3400,
    3600
  ],
  "final_step": 3600,
  "converged": true,
  "plateau_last": 0.017279404256030702,
  "elapsed_s": 3753.662123441696,
  "shifts": [
    1,
    3
  ],
  "matryoshka_h_size": 3686,
  "alpha": null,
  "row": 34,
  "arch_id": "phase57_partB_h8_bare_multidistance_t7",
  "arch": "phase57_partB_h8_bare_multidistance_t7",
  "group": 4,
  "src_class": "TXCBareMultiDistanceContrastiveAntidead",
  "src_module": "src.architectures.txc_bare_multidistance_contrastive_antidead",
  "T": 7,
  "T_max": null,
  "t_sample": null,
  "n_layers": null,
  "k_win": 500,
  "k_pos": 71,
  "gamma": null,
  "n_scales": null,
  "seed": 42,
  "d_in": 2304,
  "d_sae": 18432,
  "subject_model": "google/gemma-2-2b",
  "anchor_layer": 12,
  "mlc_layers": [
    10,
    11,
    12,
    13,
    14
  ],
  "phase": "phase7_unification",
  "run_id": "phase57_partB_h8_bare_multidistance_t7__seed42"
}