{
  "loss": [
    119784.234375,
    56975.9140625,
    51753.40625,
    49978.28125,
    48053.6015625,
    47701.35546875,
    47039.38671875,
    46531.49609375,
    46129.5625,
    46964.25390625,
    45744.32421875,
    45892.984375,
    45480.4765625,
    45348.38671875,
    45839.36328125,
    44866.78515625,
    44752.23828125,
    44665.0078125,
    44356.98828125,
    44178.8359375,
    44674.6015625,
    44085.671875
  ],
  "l0": [
    2000.0,
    1978.4814453125,
    1979.98095703125,
    1975.941162109375,
    1971.893798828125,
    1976.93603515625,
    1971.63427734375,
    1973.780029296875,
    1976.515625,
    1974.138427734375,
    1969.6689453125,
    1973.668701171875,
    1974.801513671875,
    1974.387451171875,
    1967.912109375,
    1971.716796875,
    1975.186279296875,
    1972.721923828125,
    1975.2333984375,
    1971.415771484375,
    1964.80322265625,
    1968.521240234375
  ],
  "steps_logged": [
    0,
    200,
    400,
    600,
    800,
    1000,
    1200,
    1400,
    1600,
    1800,
    2000,
    2200,
    2400,
    2600,
    2800,
    3000,
    3200,
    3400,
    3600,
    3800,
    4000,
    4200
  ],
  "final_step": 4200,
  "converged": true,
  "plateau_last": 0.0191179332076818,
  "elapsed_s": 15691.54605603218,
  "shifts": [
    1,
    5,
    10
  ],
  "matryoshka_h_size": 3686,
  "alpha": null,
  "row": 47,
  "arch_id": "phase57_partB_h8_bare_multidistance_t20_kpos100",
  "arch": "phase57_partB_h8_bare_multidistance_t20_kpos100",
  "group": 5,
  "src_class": "TXCBareMultiDistanceContrastiveAntidead",
  "src_module": "src.architectures.txc_bare_multidistance_contrastive_antidead",
  "T": 20,
  "T_max": null,
  "t_sample": null,
  "n_layers": null,
  "k_win": 2000,
  "k_pos": 100,
  "gamma": null,
  "n_scales": null,
  "seed": 1,
  "d_in": 2304,
  "d_sae": 18432,
  "subject_model": "google/gemma-2-2b",
  "anchor_layer": 12,
  "mlc_layers": [
    10,
    11,
    12,
    13,
    14
  ],
  "phase": "phase7_unification",
  "run_id": "phase57_partB_h8_bare_multidistance_t20_kpos100__seed1"
}