{
  "loss": [
    98607.6171875,
    35463.8125,
    32273.236328125,
    30310.177734375,
    29334.013671875,
    28720.517578125,
    28474.7109375,
    28120.681640625,
    27622.5,
    27440.517578125,
    27096.298828125,
    27021.529296875,
    26942.298828125,
    26724.263671875,
    26878.90234375,
    26633.091796875,
    26506.583984375,
    26274.544921875,
    26507.201171875
  ],
  "l0": [
    500.0,
    496.08984375,
    494.271728515625,
    494.17724609375,
    493.876953125,
    493.8984375,
    495.0078125,
    494.23828125,
    493.20703125,
    493.994140625,
    492.217041015625,
    494.3681640625,
    492.01123046875,
    491.59765625,
    493.94384765625,
    493.038818359375,
    491.141845703125,
    492.671875,
    491.564697265625
  ],
  "steps_logged": [
    0,
    200,
    400,
    600,
    800,
    1000,
    1200,
    1400,
    1600,
    1800,
    2000,
    2200,
    2400,
    2600,
    2800,
    3000,
    3200,
    3400,
    3600
  ],
  "final_step": 3600,
  "converged": true,
  "plateau_last": 0.017930010207387017,
  "elapsed_s": 3221.432736635208,
  "shifts": [
    1,
    3
  ],
  "matryoshka_h_size": 3686,
  "alpha": null,
  "row": 33,
  "arch_id": "phase57_partB_h8_bare_multidistance_t6",
  "arch": "phase57_partB_h8_bare_multidistance_t6",
  "group": 4,
  "src_class": "TXCBareMultiDistanceContrastiveAntidead",
  "src_module": "src.architectures.txc_bare_multidistance_contrastive_antidead",
  "T": 6,
  "T_max": null,
  "t_sample": null,
  "n_layers": null,
  "k_win": 500,
  "k_pos": 83,
  "gamma": null,
  "n_scales": null,
  "seed": 42,
  "d_in": 2304,
  "d_sae": 18432,
  "subject_model": "google/gemma-2-2b",
  "anchor_layer": 12,
  "mlc_layers": [
    10,
    11,
    12,
    13,
    14
  ],
  "phase": "phase7_unification",
  "run_id": "phase57_partB_h8_bare_multidistance_t6__seed42"
}