{
  "loss": [
    104747.3515625,
    31749.99609375,
    28715.025390625,
    26984.966796875,
    25926.0,
    25149.37890625,
    24708.50390625,
    24328.4375,
    23765.94921875,
    23726.056640625,
    23436.99609375,
    23265.38671875,
    23184.435546875,
    22998.498046875,
    23105.54296875,
    22940.259765625,
    22808.177734375,
    22701.306640625,
    22758.66015625
  ],
  "l0": [
    500.0,
    496.94921875,
    494.61865234375,
    494.24755859375,
    494.36376953125,
    494.5859375,
    495.0576171875,
    494.3623046875,
    493.201171875,
    493.9169921875,
    493.85107421875,
    492.978271484375,
    493.305908203125,
    492.621826171875,
    494.5302734375,
    493.551513671875,
    492.848388671875,
    493.04638671875,
    492.834228515625
  ],
  "steps_logged": [
    0,
    200,
    400,
    600,
    800,
    1000,
    1200,
    1400,
    1600,
    1800,
    2000,
    2200,
    2400,
    2600,
    2800,
    3000,
    3200,
    3400,
    3600
  ],
  "final_step": 3600,
  "converged": true,
  "plateau_last": 0.01970155844341609,
  "elapsed_s": 2152.387626171112,
  "shifts": [
    1,
    2
  ],
  "matryoshka_h_size": 3686,
  "alpha": null,
  "row": 31,
  "arch_id": "phase57_partB_h8_bare_multidistance_t4",
  "arch": "phase57_partB_h8_bare_multidistance_t4",
  "group": 4,
  "src_class": "TXCBareMultiDistanceContrastiveAntidead",
  "src_module": "src.architectures.txc_bare_multidistance_contrastive_antidead",
  "T": 4,
  "T_max": null,
  "t_sample": null,
  "n_layers": null,
  "k_win": 500,
  "k_pos": 125,
  "gamma": null,
  "n_scales": null,
  "seed": 42,
  "d_in": 2304,
  "d_sae": 18432,
  "subject_model": "google/gemma-2-2b",
  "anchor_layer": 12,
  "mlc_layers": [
    10,
    11,
    12,
    13,
    14
  ],
  "phase": "phase7_unification",
  "run_id": "phase57_partB_h8_bare_multidistance_t4__seed42"
}