{
  "loss": [
    15280.5048828125,
    6273.7490234375,
    5692.25537109375,
    5448.111328125,
    5292.4736328125,
    5117.11474609375,
    5109.12744140625,
    5038.2353515625,
    5005.99853515625,
    4994.1318359375,
    4961.06005859375,
    4939.34423828125,
    4927.0087890625,
    4867.02880859375,
    4896.00732421875,
    4877.39697265625,
    4875.26025390625
  ],
  "l0": [
    500.0,
    497.37890625,
    496.920166015625,
    497.3388671875,
    497.33203125,
    495.830078125,
    496.67919921875,
    496.61181640625,
    495.796875,
    495.35009765625,
    496.047119140625,
    495.405517578125,
    494.95361328125,
    494.59130859375,
    494.590087890625,
    495.22607421875,
    495.1357421875
  ],
  "steps_logged": [
    0,
    200,
    400,
    600,
    800,
    1000,
    1200,
    1400,
    1600,
    1800,
    2000,
    2200,
    2400,
    2600,
    2800,
    3000,
    3200
  ],
  "final_step": 3200,
  "converged": true,
  "plateau_last": 0.019891432925731374,
  "elapsed_s": 1922.3738021850586,
  "T_max": 10,
  "t_sample": 5,
  "row": 12,
  "arch_id": "phase5b_subseq_track2",
  "arch": "phase5b_subseq_track2",
  "group": 2,
  "src_class": "SubseqTXCBareAntidead",
  "src_module": "src.architectures.phase5b_subseq_sampling_txcdr",
  "T": null,
  "n_layers": null,
  "k_win": 500,
  "k_pos": 100,
  "shifts": null,
  "alpha": null,
  "gamma": null,
  "n_scales": null,
  "seed": 42,
  "d_in": 2304,
  "d_sae": 18432,
  "subject_model": "google/gemma-2-2b",
  "anchor_layer": 12,
  "mlc_layers": [
    10,
    11,
    12,
    13,
    14
  ],
  "phase": "phase7_unification",
  "run_id": "phase5b_subseq_track2__seed42"
}