{
  "loss": [
    104294.3515625,
    35394.015625,
    31961.4921875,
    30489.4921875,
    29288.390625,
    28768.408203125,
    28391.07421875,
    27911.328125,
    27739.73046875,
    27314.833984375,
    27182.16796875,
    27114.06640625,
    26973.416015625,
    26952.6484375,
    26603.146484375,
    26540.888671875,
    26692.25,
    26481.46875,
    26515.9921875
  ],
  "l0": [
    500.0,
    496.021484375,
    494.1552734375,
    495.06787109375,
    493.27685546875,
    493.36767578125,
    493.58544921875,
    493.135009765625,
    494.54638671875,
    492.70263671875,
    493.189453125,
    493.272705078125,
    493.696044921875,
    494.580078125,
    491.18115234375,
    492.4111328125,
    493.855712890625,
    492.63720703125,
    492.742431640625
  ],
  "steps_logged": [
    0,
    200,
    400,
    600,
    800,
    1000,
    1200,
    1400,
    1600,
    1800,
    2000,
    2200,
    2400,
    2600,
    2800,
    3000,
    3200,
    3400,
    3600
  ],
  "final_step": 3600,
  "converged": true,
  "plateau_last": 0.019945727511366432,
  "elapsed_s": 3264.7702770233154,
  "shifts": [
    1,
    3
  ],
  "matryoshka_h_size": 3686,
  "alpha": null,
  "row": 33,
  "arch_id": "phase57_partB_h8_bare_multidistance_t6",
  "arch": "phase57_partB_h8_bare_multidistance_t6",
  "group": 4,
  "src_class": "TXCBareMultiDistanceContrastiveAntidead",
  "src_module": "src.architectures.txc_bare_multidistance_contrastive_antidead",
  "T": 6,
  "T_max": null,
  "t_sample": null,
  "n_layers": null,
  "k_win": 500,
  "k_pos": 83,
  "gamma": null,
  "n_scales": null,
  "seed": 1,
  "d_in": 2304,
  "d_sae": 18432,
  "subject_model": "google/gemma-2-2b",
  "anchor_layer": 12,
  "mlc_layers": [
    10,
    11,
    12,
    13,
    14
  ],
  "phase": "phase7_unification",
  "run_id": "phase57_partB_h8_bare_multidistance_t6__seed1"
}