{
  "loss": [
    117304.9765625,
    50790.2109375,
    47718.39453125,
    46644.6171875,
    46501.0546875,
    45628.35546875,
    45381.2421875,
    45367.3515625,
    45195.86328125,
    45047.21875,
    44832.2265625,
    44844.97265625,
    45137.78515625,
    44887.65234375,
    44798.265625,
    44857.625
  ],
  "l0": [
    500.0,
    496.0478515625,
    496.335693359375,
    496.111083984375,
    496.30224609375,
    496.31201171875,
    495.70361328125,
    495.782470703125,
    494.92626953125,
    495.631591796875,
    495.121826171875,
    494.11181640625,
    495.6123046875,
    495.277587890625,
    495.771484375,
    495.076904296875
  ],
  "steps_logged": [
    0,
    200,
    400,
    600,
    800,
    1000,
    1200,
    1400,
    1600,
    1800,
    2000,
    2200,
    2400,
    2600,
    2800,
    3000
  ],
  "final_step": 3000,
  "converged": true,
  "plateau_last": 0.005746077138126892,
  "elapsed_s": 5516.4245800971985,
  "T_max": 10,
  "t_sample": 5,
  "shifts": [
    1,
    2,
    5
  ],
  "matryoshka_h_size": 3686,
  "row": 13,
  "arch_id": "phase5b_subseq_h8",
  "arch": "phase5b_subseq_h8",
  "group": 2,
  "src_class": "SubseqH8",
  "src_module": "src.architectures.phase5b_subseq_sampling_txcdr",
  "T": null,
  "n_layers": null,
  "k_win": 500,
  "k_pos": 100,
  "alpha": null,
  "gamma": null,
  "n_scales": null,
  "seed": 42,
  "d_in": 2304,
  "d_sae": 18432,
  "subject_model": "google/gemma-2-2b",
  "anchor_layer": 12,
  "mlc_layers": [
    10,
    11,
    12,
    13,
    14
  ],
  "phase": "phase7_unification",
  "run_id": "phase5b_subseq_h8__seed42"
}