{
  "loss": [
    126904.4296875,
    51430.64453125,
    47022.50390625,
    44962.5,
    43597.08203125,
    42971.12890625,
    42641.19140625,
    42199.46875,
    41431.29296875,
    41358.40234375,
    41064.09765625,
    41134.94140625,
    40698.94921875,
    40528.8359375,
    40633.19140625,
    40375.20703125,
    40111.76953125,
    40203.0859375
  ],
  "l0": [
    500.0,
    495.06103515625,
    493.483642578125,
    493.888671875,
    493.165771484375,
    493.677734375,
    494.17236328125,
    495.0654296875,
    493.17626953125,
    493.29345703125,
    493.232421875,
    495.16015625,
    492.48095703125,
    492.49951171875,
    493.813720703125,
    492.6513671875,
    492.574951171875,
    492.665283203125
  ],
  "steps_logged": [
    0,
    200,
    400,
    600,
    800,
    1000,
    1200,
    1400,
    1600,
    1800,
    2000,
    2200,
    2400,
    2600,
    2800,
    3000,
    3200,
    3400
  ],
  "final_step": 3400,
  "converged": true,
  "plateau_last": 0.018647658833941747,
  "elapsed_s": 5757.940834760666,
  "shifts": [
    1,
    2,
    4
  ],
  "matryoshka_h_size": 3686,
  "alpha": null,
  "row": 36,
  "arch_id": "phase57_partB_h8_bare_multidistance_t9",
  "arch": "phase57_partB_h8_bare_multidistance_t9",
  "group": 4,
  "src_class": "TXCBareMultiDistanceContrastiveAntidead",
  "src_module": "src.architectures.txc_bare_multidistance_contrastive_antidead",
  "T": 9,
  "T_max": null,
  "t_sample": null,
  "n_layers": null,
  "k_win": 500,
  "k_pos": 56,
  "gamma": null,
  "n_scales": null,
  "seed": 42,
  "d_in": 2304,
  "d_sae": 18432,
  "subject_model": "google/gemma-2-2b",
  "anchor_layer": 12,
  "mlc_layers": [
    10,
    11,
    12,
    13,
    14
  ],
  "phase": "phase7_unification",
  "run_id": "phase57_partB_h8_bare_multidistance_t9__seed42"
}