{
  "loss": [
    102423.515625,
    36875.29296875,
    33404.2890625,
    31978.7890625,
    30758.66015625,
    30117.58203125,
    29693.828125,
    29147.90234375,
    29045.857421875,
    28883.203125,
    28585.37109375,
    28582.10546875,
    28524.521484375,
    28450.23828125,
    28135.734375,
    28080.806640625,
    27982.140625,
    28020.876953125,
    27976.21875
  ],
  "l0": [
    500.0,
    496.361328125,
    494.86962890625,
    494.8671875,
    492.7890625,
    493.0693359375,
    492.90869140625,
    493.23388671875,
    493.05615234375,
    493.57568359375,
    492.6591796875,
    493.228759765625,
    493.667236328125,
    493.692138671875,
    494.049072265625,
    491.560791015625,
    493.307373046875,
    492.43505859375,
    492.982421875
  ],
  "steps_logged": [
    0,
    200,
    400,
    600,
    800,
    1000,
    1200,
    1400,
    1600,
    1800,
    2000,
    2200,
    2400,
    2600,
    2800,
    3000,
    3200,
    3400,
    3600
  ],
  "final_step": 3600,
  "converged": true,
  "plateau_last": 0.019784327321031542,
  "elapsed_s": 3795.054627418518,
  "shifts": [
    1,
    3
  ],
  "matryoshka_h_size": 3686,
  "alpha": null,
  "row": 34,
  "arch_id": "phase57_partB_h8_bare_multidistance_t7",
  "arch": "phase57_partB_h8_bare_multidistance_t7",
  "group": 4,
  "src_class": "TXCBareMultiDistanceContrastiveAntidead",
  "src_module": "src.architectures.txc_bare_multidistance_contrastive_antidead",
  "T": 7,
  "T_max": null,
  "t_sample": null,
  "n_layers": null,
  "k_win": 500,
  "k_pos": 71,
  "gamma": null,
  "n_scales": null,
  "seed": 1,
  "d_in": 2304,
  "d_sae": 18432,
  "subject_model": "google/gemma-2-2b",
  "anchor_layer": 12,
  "mlc_layers": [
    10,
    11,
    12,
    13,
    14
  ],
  "phase": "phase7_unification",
  "run_id": "phase57_partB_h8_bare_multidistance_t7__seed1"
}