{
  "loss": [
    72676.125,
    19830.833984375,
    17857.2578125,
    16698.130859375,
    15952.2470703125,
    15408.072265625,
    15181.0322265625,
    14807.0703125,
    14492.705078125,
    14233.9755859375,
    14187.5849609375,
    13957.34765625,
    13824.751953125,
    13828.958984375,
    13795.6298828125,
    13654.6923828125,
    13631.7744140625,
    13567.30078125,
    13504.404296875,
    13397.8583984375,
    13347.6279296875,
    13280.4404296875,
    13308.0673828125,
    13261.564453125,
    13365.0224609375
  ],
  "l0": [
    500.0,
    497.744140625,
    497.7060546875,
    497.090087890625,
    496.636962890625,
    496.312255859375,
    496.17578125,
    495.980224609375,
    495.760986328125,
    495.501953125,
    496.220703125,
    496.025390625,
    495.618896484375,
    496.352294921875,
    496.019775390625,
    495.375,
    494.937255859375,
    495.63671875,
    496.15966796875,
    495.461669921875,
    495.29443359375,
    495.432373046875,
    495.56103515625,
    495.46630859375,
    495.434814453125
  ],
  "steps_logged": [
    0,
    200,
    400,
    600,
    800,
    1000,
    1200,
    1400,
    1600,
    1800,
    2000,
    2200,
    2400,
    2600,
    2800,
    3000,
    3200,
    3400,
    3600,
    3800,
    4000,
    4200,
    4400,
    4600,
    4800
  ],
  "final_step": 4800,
  "converged": true,
  "plateau_last": 0.017611828974805156,
  "elapsed_s": 1645.8710408210754,
  "shifts": [
    1
  ],
  "matryoshka_h_size": 3686,
  "alpha": null,
  "row": 30,
  "arch_id": "phase57_partB_h8_bare_multidistance_t3",
  "arch": "phase57_partB_h8_bare_multidistance_t3",
  "group": 4,
  "src_class": "TXCBareMultiDistanceContrastiveAntidead",
  "src_module": "src.architectures.txc_bare_multidistance_contrastive_antidead",
  "T": 3,
  "T_max": null,
  "t_sample": null,
  "n_layers": null,
  "k_win": 500,
  "k_pos": 167,
  "gamma": null,
  "n_scales": null,
  "seed": 2,
  "d_in": 2304,
  "d_sae": 18432,
  "subject_model": "google/gemma-2-2b",
  "anchor_layer": 12,
  "mlc_layers": [
    10,
    11,
    12,
    13,
    14
  ],
  "phase": "phase7_unification",
  "run_id": "phase57_partB_h8_bare_multidistance_t3__seed2"
}