{
  "loss": [
    99004.6875,
    36712.06640625,
    33486.55078125,
    31938.8125,
    30668.736328125,
    30187.810546875,
    29815.69921875,
    29437.978515625,
    28970.818359375,
    28725.83203125,
    28743.26171875,
    28480.83203125,
    28249.865234375,
    28170.54296875,
    28399.7578125,
    27932.69921875,
    27956.8046875,
    27789.5078125,
    28032.38671875
  ],
  "l0": [
    500.0,
    495.166015625,
    494.66064453125,
    494.503173828125,
    493.5517578125,
    493.6279296875,
    493.924560546875,
    493.616943359375,
    492.2607421875,
    492.5,
    492.62646484375,
    493.29833984375,
    493.118896484375,
    492.962158203125,
    494.719970703125,
    492.272216796875,
    492.802001953125,
    491.9716796875,
    492.689208984375
  ],
  "steps_logged": [
    0,
    200,
    400,
    600,
    800,
    1000,
    1200,
    1400,
    1600,
    1800,
    2000,
    2200,
    2400,
    2600,
    2800,
    3000,
    3200,
    3400,
    3600
  ],
  "final_step": 3600,
  "converged": true,
  "plateau_last": 0.01586831800663565,
  "elapsed_s": 3964.8956940174103,
  "shifts": [
    1,
    3
  ],
  "matryoshka_h_size": 3686,
  "alpha": null,
  "row": 34,
  "arch_id": "phase57_partB_h8_bare_multidistance_t7",
  "arch": "phase57_partB_h8_bare_multidistance_t7",
  "group": 4,
  "src_class": "TXCBareMultiDistanceContrastiveAntidead",
  "src_module": "src.architectures.txc_bare_multidistance_contrastive_antidead",
  "T": 7,
  "T_max": null,
  "t_sample": null,
  "n_layers": null,
  "k_win": 500,
  "k_pos": 71,
  "gamma": null,
  "n_scales": null,
  "seed": 2,
  "d_in": 2304,
  "d_sae": 18432,
  "subject_model": "google/gemma-2-2b",
  "anchor_layer": 12,
  "mlc_layers": [
    10,
    11,
    12,
    13,
    14
  ],
  "phase": "phase7_unification",
  "run_id": "phase57_partB_h8_bare_multidistance_t7__seed2"
}