{
  "loss": [
    83048.0859375,
    19990.353515625,
    17844.322265625,
    16666.828125,
    16000.46484375,
    15332.2353515625,
    15093.251953125,
    14802.3876953125,
    14581.7060546875,
    14409.3466796875,
    14118.1943359375,
    14076.8818359375,
    13808.857421875,
    13853.79296875,
    13769.1025390625,
    13705.7763671875,
    13522.9287109375,
    13596.2265625,
    13438.6591796875,
    13464.921875,
    13481.96484375,
    13347.9755859375
  ],
  "l0": [
    500.0,
    498.59228515625,
    497.63134765625,
    497.25341796875,
    496.314453125,
    496.404052734375,
    496.162841796875,
    496.5146484375,
    496.245361328125,
    496.47412109375,
    495.576904296875,
    495.006591796875,
    495.041015625,
    494.9541015625,
    495.672607421875,
    496.245849609375,
    495.298828125,
    495.80712890625,
    494.984619140625,
    496.044921875,
    495.775390625,
    494.7958984375
  ],
  "steps_logged": [
    0,
    200,
    400,
    600,
    800,
    1000,
    1200,
    1400,
    1600,
    1800,
    2000,
    2200,
    2400,
    2600,
    2800,
    3000,
    3200,
    3400,
    3600,
    3800,
    4000,
    4200
  ],
  "final_step": 4200,
  "converged": true,
  "plateau_last": 0.019381023656819877,
  "elapsed_s": 1337.4303081035614,
  "shifts": [
    1
  ],
  "matryoshka_h_size": 3686,
  "alpha": null,
  "row": 30,
  "arch_id": "phase57_partB_h8_bare_multidistance_t3",
  "arch": "phase57_partB_h8_bare_multidistance_t3",
  "group": 4,
  "src_class": "TXCBareMultiDistanceContrastiveAntidead",
  "src_module": "src.architectures.txc_bare_multidistance_contrastive_antidead",
  "T": 3,
  "T_max": null,
  "t_sample": null,
  "n_layers": null,
  "k_win": 500,
  "k_pos": 167,
  "gamma": null,
  "n_scales": null,
  "seed": 42,
  "d_in": 2304,
  "d_sae": 18432,
  "subject_model": "google/gemma-2-2b",
  "anchor_layer": 12,
  "mlc_layers": [
    10,
    11,
    12,
    13,
    14
  ],
  "phase": "phase7_unification",
  "run_id": "phase57_partB_h8_bare_multidistance_t3__seed42"
}