{
  "loss": [
    103988.890625,
    33931.62890625,
    30684.2265625,
    29180.822265625,
    27964.162109375,
    27128.029296875,
    26795.5625,
    26333.1328125,
    26063.201171875,
    25888.966796875,
    25699.9765625,
    25427.783203125,
    25356.427734375,
    25308.810546875,
    25148.931640625,
    24793.62109375,
    24912.83203125,
    24984.013671875,
    24817.36328125,
    24613.6171875,
    24701.32421875
  ],
  "l0": [
    500.0,
    496.341552734375,
    494.97265625,
    494.7705078125,
    493.662841796875,
    493.3486328125,
    493.8681640625,
    492.6435546875,
    494.031494140625,
    493.0849609375,
    493.576171875,
    494.1142578125,
    494.05419921875,
    493.79541015625,
    491.280517578125,
    491.273681640625,
    493.671875,
    492.993408203125,
    492.48974609375,
    490.658203125,
    491.969482421875
  ],
  "steps_logged": [
    0,
    200,
    400,
    600,
    800,
    1000,
    1200,
    1400,
    1600,
    1800,
    2000,
    2200,
    2400,
    2600,
    2800,
    3000,
    3200,
    3400,
    3600,
    3800,
    4000
  ],
  "final_step": 4000,
  "converged": true,
  "plateau_last": 0.015919504001644928,
  "elapsed_s": 3037.5066883563995,
  "shifts": [
    1,
    2
  ],
  "matryoshka_h_size": 3686,
  "alpha": null,
  "row": 32,
  "arch_id": "phase57_partB_h8_bare_multidistance_t5",
  "arch": "phase57_partB_h8_bare_multidistance_t5",
  "group": 4,
  "src_class": "TXCBareMultiDistanceContrastiveAntidead",
  "src_module": "src.architectures.txc_bare_multidistance_contrastive_antidead",
  "T": 5,
  "T_max": null,
  "t_sample": null,
  "n_layers": null,
  "k_win": 500,
  "k_pos": 100,
  "gamma": null,
  "n_scales": null,
  "seed": 1,
  "d_in": 2304,
  "d_sae": 18432,
  "subject_model": "google/gemma-2-2b",
  "anchor_layer": 12,
  "mlc_layers": [
    10,
    11,
    12,
    13,
    14
  ],
  "phase": "phase7_unification",
  "run_id": "phase57_partB_h8_bare_multidistance_t5__seed1"
}