{
  "loss": [
    131105.46875,
    49938.7734375,
    45657.55859375,
    43916.515625,
    42158.81640625,
    41354.92578125,
    40911.6015625,
    40583.2578125,
    40218.3125,
    39827.85546875,
    39444.05859375,
    39287.98828125,
    38879.515625,
    39048.8359375,
    39085.46484375,
    38834.828125,
    38768.65625,
    38675.30078125
  ],
  "l0": [
    500.0,
    494.115234375,
    494.99267578125,
    493.963134765625,
    493.06884765625,
    493.5966796875,
    493.33984375,
    494.2724609375,
    493.384521484375,
    493.865234375,
    490.434814453125,
    492.0595703125,
    490.78271484375,
    492.669189453125,
    493.01220703125,
    493.131591796875,
    492.715087890625,
    493.031005859375
  ],
  "steps_logged": [
    0,
    200,
    400,
    600,
    800,
    1000,
    1200,
    1400,
    1600,
    1800,
    2000,
    2200,
    2400,
    2600,
    2800,
    3000,
    3200,
    3400
  ],
  "final_step": 3400,
  "converged": true,
  "plateau_last": 0.01641546993155928,
  "elapsed_s": 5500.773526668549,
  "shifts": [
    1,
    2,
    4
  ],
  "matryoshka_h_size": 3686,
  "alpha": null,
  "row": 35,
  "arch_id": "phase57_partB_h8_bare_multidistance_t8",
  "arch": "phase57_partB_h8_bare_multidistance_t8",
  "group": 4,
  "src_class": "TXCBareMultiDistanceContrastiveAntidead",
  "src_module": "src.architectures.txc_bare_multidistance_contrastive_antidead",
  "T": 8,
  "T_max": null,
  "t_sample": null,
  "n_layers": null,
  "k_win": 500,
  "k_pos": 62,
  "gamma": null,
  "n_scales": null,
  "seed": 2,
  "d_in": 2304,
  "d_sae": 18432,
  "subject_model": "google/gemma-2-2b",
  "anchor_layer": 12,
  "mlc_layers": [
    10,
    11,
    12,
    13,
    14
  ],
  "phase": "phase7_unification",
  "run_id": "phase57_partB_h8_bare_multidistance_t8__seed2"
}