{
  "loss": [
    81026.6875,
    20049.75,
    17770.591796875,
    16721.71484375,
    15854.0146484375,
    15304.7548828125,
    15011.404296875,
    14804.1513671875,
    14541.837890625,
    14240.3232421875,
    14219.7314453125,
    14054.931640625,
    13853.1943359375,
    13815.9404296875,
    13741.4990234375,
    13533.9208984375,
    13518.9638671875,
    13471.1416015625,
    13421.5625,
    13458.0595703125,
    13460.150390625,
    13369.78125
  ],
  "l0": [
    500.0,
    497.9169921875,
    497.3984375,
    497.33349609375,
    496.41357421875,
    496.36328125,
    495.83740234375,
    496.934814453125,
    496.689697265625,
    496.27783203125,
    496.7578125,
    496.390625,
    496.63623046875,
    496.7197265625,
    496.091796875,
    495.321533203125,
    496.3427734375,
    495.509033203125,
    495.74560546875,
    495.616455078125,
    495.8837890625,
    495.42578125
  ],
  "steps_logged": [
    0,
    200,
    400,
    600,
    800,
    1000,
    1200,
    1400,
    1600,
    1800,
    2000,
    2200,
    2400,
    2600,
    2800,
    3000,
    3200,
    3400,
    3600,
    3800,
    4000,
    4200
  ],
  "final_step": 4200,
  "converged": true,
  "plateau_last": 0.018737325648298355,
  "elapsed_s": 1338.4662330150604,
  "shifts": [
    1
  ],
  "matryoshka_h_size": 3686,
  "alpha": null,
  "row": 30,
  "arch_id": "phase57_partB_h8_bare_multidistance_t3",
  "arch": "phase57_partB_h8_bare_multidistance_t3",
  "group": 4,
  "src_class": "TXCBareMultiDistanceContrastiveAntidead",
  "src_module": "src.architectures.txc_bare_multidistance_contrastive_antidead",
  "T": 3,
  "T_max": null,
  "t_sample": null,
  "n_layers": null,
  "k_win": 500,
  "k_pos": 167,
  "gamma": null,
  "n_scales": null,
  "seed": 1,
  "d_in": 2304,
  "d_sae": 18432,
  "subject_model": "google/gemma-2-2b",
  "anchor_layer": 12,
  "mlc_layers": [
    10,
    11,
    12,
    13,
    14
  ],
  "phase": "phase7_unification",
  "run_id": "phase57_partB_h8_bare_multidistance_t3__seed1"
}