{
  "loss": [
    101797.71875,
    35351.60546875,
    32199.119140625,
    30543.798828125,
    29595.998046875,
    28737.22265625,
    28229.51953125,
    28124.873046875,
    27720.68359375,
    27519.9453125,
    27040.4140625,
    27157.8046875,
    26920.53125,
    26863.728515625,
    26811.91796875,
    26684.056640625,
    26560.67578125,
    26581.857421875,
    26739.076171875
  ],
  "l0": [
    500.0,
    495.1484375,
    495.477294921875,
    494.26513671875,
    493.9150390625,
    493.989013671875,
    493.279296875,
    494.68994140625,
    493.1884765625,
    493.24609375,
    492.1328125,
    493.17626953125,
    492.63330078125,
    493.0810546875,
    492.523193359375,
    493.693115234375,
    492.34716796875,
    493.613525390625,
    493.38232421875
  ],
  "steps_logged": [
    0,
    200,
    400,
    600,
    800,
    1000,
    1200,
    1400,
    1600,
    1800,
    2000,
    2200,
    2400,
    2600,
    2800,
    3000,
    3200,
    3400,
    3600
  ],
  "final_step": 3600,
  "converged": true,
  "plateau_last": 0.01568119435594157,
  "elapsed_s": 3437.3627042770386,
  "shifts": [
    1,
    3
  ],
  "matryoshka_h_size": 3686,
  "alpha": null,
  "row": 33,
  "arch_id": "phase57_partB_h8_bare_multidistance_t6",
  "arch": "phase57_partB_h8_bare_multidistance_t6",
  "group": 4,
  "src_class": "TXCBareMultiDistanceContrastiveAntidead",
  "src_module": "src.architectures.txc_bare_multidistance_contrastive_antidead",
  "T": 6,
  "T_max": null,
  "t_sample": null,
  "n_layers": null,
  "k_win": 500,
  "k_pos": 83,
  "gamma": null,
  "n_scales": null,
  "seed": 2,
  "d_in": 2304,
  "d_sae": 18432,
  "subject_model": "google/gemma-2-2b",
  "anchor_layer": 12,
  "mlc_layers": [
    10,
    11,
    12,
    13,
    14
  ],
  "phase": "phase7_unification",
  "run_id": "phase57_partB_h8_bare_multidistance_t6__seed2"
}