{
  "loss": [
    100315.5078125,
    32119.53125,
    28527.21875,
    27159.03125,
    25896.466796875,
    25356.001953125,
    24723.439453125,
    24262.681640625,
    24144.76953125,
    23714.919921875,
    23700.197265625,
    23484.59375,
    23249.123046875,
    23215.146484375,
    22932.298828125,
    22769.7421875,
    22928.08984375,
    22807.80078125,
    22599.12890625,
    22698.083984375,
    22580.599609375
  ],
  "l0": [
    500.0,
    497.2353515625,
    495.91796875,
    495.58203125,
    494.1513671875,
    494.83642578125,
    494.210205078125,
    492.234375,
    493.8037109375,
    492.70751953125,
    493.252685546875,
    493.381591796875,
    493.603271484375,
    493.76318359375,
    492.533203125,
    493.060546875,
    493.374755859375,
    493.149658203125,
    492.159912109375,
    492.93505859375,
    491.325927734375
  ],
  "steps_logged": [
    0,
    200,
    400,
    600,
    800,
    1000,
    1200,
    1400,
    1600,
    1800,
    2000,
    2200,
    2400,
    2600,
    2800,
    3000,
    3200,
    3400,
    3600,
    3800,
    4000
  ],
  "final_step": 4000,
  "converged": true,
  "plateau_last": 0.017615090727224437,
  "elapsed_s": 2439.6924951076508,
  "shifts": [
    1,
    2
  ],
  "matryoshka_h_size": 3686,
  "alpha": null,
  "row": 31,
  "arch_id": "phase57_partB_h8_bare_multidistance_t4",
  "arch": "phase57_partB_h8_bare_multidistance_t4",
  "group": 4,
  "src_class": "TXCBareMultiDistanceContrastiveAntidead",
  "src_module": "src.architectures.txc_bare_multidistance_contrastive_antidead",
  "T": 4,
  "T_max": null,
  "t_sample": null,
  "n_layers": null,
  "k_win": 500,
  "k_pos": 125,
  "gamma": null,
  "n_scales": null,
  "seed": 1,
  "d_in": 2304,
  "d_sae": 18432,
  "subject_model": "google/gemma-2-2b",
  "anchor_layer": 12,
  "mlc_layers": [
    10,
    11,
    12,
    13,
    14
  ],
  "phase": "phase7_unification",
  "run_id": "phase57_partB_h8_bare_multidistance_t4__seed1"
}