{
  "loss": [
    127731.703125,
    50203.98046875,
    45579.3359375,
    43645.43359375,
    41998.22265625,
    41584.6171875,
    40820.59375,
    40344.14453125,
    40248.71484375,
    39754.06640625,
    39695.66015625,
    39567.66015625,
    39196.078125,
    39148.4765625,
    38974.421875,
    38756.3125,
    38870.921875,
    38766.66015625
  ],
  "l0": [
    500.0,
    495.25390625,
    494.4990234375,
    494.58203125,
    491.463623046875,
    492.6103515625,
    492.31201171875,
    492.677490234375,
    493.69140625,
    492.987060546875,
    493.145263671875,
    494.060546875,
    492.019287109375,
    492.97021484375,
    492.91845703125,
    491.835693359375,
    492.138916015625,
    492.42333984375
  ],
  "steps_logged": [
    0,
    200,
    400,
    600,
    800,
    1000,
    1200,
    1400,
    1600,
    1800,
    2000,
    2200,
    2400,
    2600,
    2800,
    3000,
    3200,
    3400
  ],
  "final_step": 3400,
  "converged": true,
  "plateau_last": 0.01987979132831461,
  "elapsed_s": 5185.838559150696,
  "shifts": [
    1,
    2,
    4
  ],
  "matryoshka_h_size": 3686,
  "alpha": null,
  "row": 35,
  "arch_id": "phase57_partB_h8_bare_multidistance_t8",
  "arch": "phase57_partB_h8_bare_multidistance_t8",
  "group": 4,
  "src_class": "TXCBareMultiDistanceContrastiveAntidead",
  "src_module": "src.architectures.txc_bare_multidistance_contrastive_antidead",
  "T": 8,
  "T_max": null,
  "t_sample": null,
  "n_layers": null,
  "k_win": 500,
  "k_pos": 62,
  "gamma": null,
  "n_scales": null,
  "seed": 1,
  "d_in": 2304,
  "d_sae": 18432,
  "subject_model": "google/gemma-2-2b",
  "anchor_layer": 12,
  "mlc_layers": [
    10,
    11,
    12,
    13,
    14
  ],
  "phase": "phase7_unification",
  "run_id": "phase57_partB_h8_bare_multidistance_t8__seed1"
}