{
  "loss": [
    2623.37548828125,
    1125.829345703125,
    1073.6173095703125,
    1067.659912109375,
    1026.404296875,
    1048.281005859375,
    1022.142333984375,
    1024.8359375,
    994.5186767578125,
    993.80908203125,
    987.5577392578125,
    987.12646484375,
    973.5612182617188,
    970.4193725585938,
    978.142822265625,
    960.9208374023438,
    952.0487060546875,
    956.1536865234375,
    957.6717529296875,
    934.4334106445312,
    948.057373046875,
    934.8899536132812,
    935.3495483398438,
    938.99267578125,
    926.7506103515625
  ],
  "l0": [
    500.0,
    500.0,
    500.0,
    500.0,
    500.0,
    500.0,
    500.0,
    500.0,
    500.0,
    500.0,
    500.0,
    500.0,
    500.0,
    500.0,
    500.0,
    500.0,
    500.0,
    500.0,
    500.0,
    500.0,
    500.0,
    500.0,
    500.0,
    500.0,
    500.0
  ],
  "steps_logged": [
    0,
    200,
    400,
    600,
    800,
    1000,
    1200,
    1400,
    1600,
    1800,
    2000,
    2200,
    2400,
    2600,
    2800,
    3000,
    3200,
    3400,
    3600,
    3800,
    4000,
    4200,
    4400,
    4600,
    4800
  ],
  "final_step": 4800,
  "converged": true,
  "plateau_last": 0.016211831494234736,
  "elapsed_s": 2582.1489868164062,
  "scaling_factor": 0.2944906023536945,
  "skipped_steps": 0,
  "row": 7,
  "arch_id": "tfa_big",
  "arch": "tfa_big",
  "group": 1,
  "src_class": "TemporalSAE",
  "src_module": "src.architectures._tfa_module",
  "T": null,
  "T_max": null,
  "t_sample": null,
  "n_layers": null,
  "k_win": 500,
  "k_pos": null,
  "shifts": null,
  "alpha": null,
  "gamma": null,
  "n_scales": null,
  "seed": 42,
  "d_in": 2304,
  "d_sae": 18432,
  "subject_model": "google/gemma-2-2b",
  "anchor_layer": 12,
  "mlc_layers": [
    10,
    11,
    12,
    13,
    14
  ],
  "phase": "phase7_unification",
  "run_id": "tfa_big__seed42"
}