{
  "loss": [
    2617.0673828125,
    1114.163818359375,
    1074.068115234375,
    1053.1685791015625,
    1027.5911865234375,
    1015.4734497070312,
    995.6419677734375,
    999.0516357421875,
    986.8502807617188,
    971.053466796875,
    979.228271484375,
    973.20166015625,
    967.6647338867188,
    982.2831420898438,
    964.145751953125,
    961.3607177734375
  ],
  "l0": [
    500.0,
    500.0,
    500.0,
    500.0,
    500.0,
    500.0,
    500.0,
    500.0,
    500.0,
    500.0,
    500.0,
    500.0,
    500.0,
    500.0,
    500.0,
    500.0
  ],
  "steps_logged": [
    0,
    200,
    400,
    600,
    800,
    1000,
    1200,
    1400,
    1600,
    1800,
    2000,
    2200,
    2400,
    2600,
    2800,
    3000
  ],
  "final_step": 3000,
  "converged": true,
  "plateau_last": 0.016863859970797337,
  "elapsed_s": 1642.2819933891296,
  "scaling_factor": 0.29369526640118526,
  "skipped_steps": 0,
  "row": 7,
  "arch_id": "tfa_big",
  "arch": "tfa_big",
  "group": 1,
  "src_class": "TemporalSAE",
  "src_module": "src.architectures._tfa_module",
  "T": null,
  "T_max": null,
  "t_sample": null,
  "n_layers": null,
  "k_win": 500,
  "k_pos": null,
  "shifts": null,
  "alpha": null,
  "gamma": null,
  "n_scales": null,
  "seed": 1,
  "d_in": 2304,
  "d_sae": 18432,
  "subject_model": "google/gemma-2-2b",
  "anchor_layer": 12,
  "mlc_layers": [
    10,
    11,
    12,
    13,
    14
  ],
  "phase": "phase7_unification",
  "run_id": "tfa_big__seed1"
}