{
  "loss": [
    176468.65625,
    5249.3134765625,
    2960.12939453125,
    2670.727294921875,
    2538.73681640625,
    2412.749755859375,
    2330.5380859375,
    2240.23681640625,
    2219.82373046875,
    2193.7138671875,
    2112.5947265625,
    2086.6162109375,
    2035.440673828125,
    2040.94091796875,
    2009.74951171875,
    1980.82373046875,
    1991.25244140625,
    1952.01953125,
    1946.580810546875,
    1929.3203125,
    1903.662841796875,
    1881.431640625,
    1857.2470703125,
    1866.986572265625,
    1850.316162109375,
    1869.3104248046875,
    1828.850341796875,
    1823.1629638671875,
    1785.7923583984375,
    1823.120361328125,
    1795.448486328125,
    1790.3045654296875,
    1779.93408203125,
    1786.041015625
  ],
  "l0": [
    500.0,
    500.0,
    500.0,
    500.0,
    500.0,
    500.0,
    500.0,
    500.0,
    500.0,
    500.0,
    500.0,
    500.0,
    500.0,
    499.990234375,
    499.984130859375,
    499.975830078125,
    499.899658203125,
    499.6875,
    499.7802734375,
    499.594970703125,
    499.38623046875,
    499.278564453125,
    499.2646484375,
    499.3896484375,
    499.267333984375,
    499.260986328125,
    499.14111328125,
    499.230712890625,
    499.24365234375,
    499.145751953125,
    498.99072265625,
    498.892333984375,
    498.452392578125,
    498.917236328125
  ],
  "steps_logged": [
    0,
    200,
    400,
    600,
    800,
    1000,
    1200,
    1400,
    1600,
    1800,
    2000,
    2200,
    2400,
    2600,
    2800,
    3000,
    3200,
    3400,
    3600,
    3800,
    4000,
    4200,
    4400,
    4600,
    4800,
    5000,
    5200,
    5400,
    5600,
    5800,
    6000,
    6200,
    6400,
    6600
  ],
  "final_step": 6600,
  "converged": true,
  "plateau_last": 0.019938311879392122,
  "elapsed_s": 322.44524455070496,
  "row": 1,
  "arch_id": "topk_sae",
  "arch": "topk_sae",
  "group": 1,
  "src_class": "TopKSAE",
  "src_module": "src.architectures.topk_sae",
  "T": 1,
  "T_max": null,
  "t_sample": null,
  "n_layers": null,
  "k_win": 500,
  "k_pos": 500,
  "shifts": null,
  "alpha": null,
  "gamma": null,
  "n_scales": null,
  "seed": 2,
  "d_in": 2304,
  "d_sae": 18432,
  "subject_model": "google/gemma-2-2b",
  "anchor_layer": 12,
  "mlc_layers": [
    10,
    11,
    12,
    13,
    14
  ],
  "phase": "phase7_unification",
  "run_id": "topk_sae__seed2"
}