{
  "loss": [
    169994.40625,
    5173.41259765625,
    2924.58447265625,
    2665.4658203125,
    2502.964111328125,
    2383.1669921875,
    2325.78369140625,
    2248.313232421875,
    2212.4462890625,
    2176.059814453125,
    2129.5537109375,
    2097.49658203125,
    2067.71240234375,
    2006.5863037109375,
    2015.464599609375,
    1983.996337890625,
    1965.9505615234375,
    1961.37158203125,
    1953.598876953125,
    1937.87158203125,
    1909.737060546875,
    1875.857666015625,
    1897.948974609375,
    1883.2198486328125,
    1864.841552734375,
    1859.960693359375,
    1844.5841064453125,
    1823.6859130859375,
    1813.548095703125,
    1829.79052734375,
    1792.185791015625,
    1816.0589599609375,
    1812.3026123046875,
    1782.78759765625
  ],
  "l0": [
    500.0,
    500.0,
    500.0,
    500.0,
    500.0,
    500.0,
    500.0,
    500.0,
    500.0,
    500.0,
    500.0,
    500.0,
    500.0,
    500.0,
    499.999755859375,
    499.9755859375,
    499.98486328125,
    499.9052734375,
    499.7646484375,
    499.75732421875,
    499.627685546875,
    499.564697265625,
    499.3818359375,
    499.66162109375,
    499.4521484375,
    499.35302734375,
    499.119384765625,
    498.9931640625,
    499.204345703125,
    499.269775390625,
    499.090576171875,
    499.1396484375,
    498.891845703125,
    498.985595703125
  ],
  "steps_logged": [
    0,
    200,
    400,
    600,
    800,
    1000,
    1200,
    1400,
    1600,
    1800,
    2000,
    2200,
    2400,
    2600,
    2800,
    3000,
    3200,
    3400,
    3600,
    3800,
    4000,
    4200,
    4400,
    4600,
    4800,
    5000,
    5200,
    5400,
    5600,
    5800,
    6000,
    6200,
    6400,
    6600
  ],
  "final_step": 6600,
  "converged": true,
  "plateau_last": 0.018844577731871093,
  "elapsed_s": 313.08666491508484,
  "row": 1,
  "arch_id": "topk_sae",
  "arch": "topk_sae",
  "group": 1,
  "src_class": "TopKSAE",
  "src_module": "src.architectures.topk_sae",
  "T": 1,
  "T_max": null,
  "t_sample": null,
  "n_layers": null,
  "k_win": 500,
  "k_pos": 500,
  "shifts": null,
  "alpha": null,
  "gamma": null,
  "n_scales": null,
  "seed": 42,
  "d_in": 2304,
  "d_sae": 18432,
  "subject_model": "google/gemma-2-2b",
  "anchor_layer": 12,
  "mlc_layers": [
    10,
    11,
    12,
    13,
    14
  ],
  "phase": "phase7_unification",
  "run_id": "topk_sae__seed42"
}