{
  "loss": [
    156512.625,
    4971.625,
    2946.348876953125,
    2639.6396484375,
    2464.486328125,
    2402.751220703125,
    2339.5283203125,
    2246.041259765625,
    2219.908935546875,
    2156.705078125,
    2122.75732421875,
    2110.80224609375,
    2080.93359375,
    2046.2841796875,
    2004.2218017578125,
    1971.916259765625,
    1971.845703125,
    1935.823974609375,
    1925.6114501953125,
    1923.98193359375,
    1905.787109375,
    1902.277587890625,
    1904.53173828125,
    1857.841796875,
    1856.161865234375,
    1833.806396484375,
    1839.745849609375,
    1810.05908203125,
    1803.254638671875,
    1788.9888916015625,
    1820.881591796875,
    1800.8193359375,
    1779.86572265625,
    1776.185791015625
  ],
  "l0": [
    500.0,
    500.0,
    500.0,
    500.0,
    500.0,
    500.0,
    500.0,
    500.0,
    500.0,
    500.0,
    500.0,
    500.0,
    500.0,
    500.0,
    499.996337890625,
    499.995849609375,
    499.953369140625,
    499.91015625,
    499.842529296875,
    499.759765625,
    499.6162109375,
    499.684326171875,
    499.334228515625,
    499.4912109375,
    499.421142578125,
    499.212890625,
    499.060791015625,
    499.13818359375,
    498.921875,
    498.952392578125,
    498.750732421875,
    498.385986328125,
    498.737548828125,
    498.505859375
  ],
  "steps_logged": [
    0,
    200,
    400,
    600,
    800,
    1000,
    1200,
    1400,
    1600,
    1800,
    2000,
    2200,
    2400,
    2600,
    2800,
    3000,
    3200,
    3400,
    3600,
    3800,
    4000,
    4200,
    4400,
    4600,
    4800,
    5000,
    5200,
    5400,
    5600,
    5800,
    6000,
    6200,
    6400,
    6600
  ],
  "final_step": 6600,
  "converged": true,
  "plateau_last": 0.019280975871673954,
  "elapsed_s": 317.4729993343353,
  "row": 1,
  "arch_id": "topk_sae",
  "arch": "topk_sae",
  "group": 1,
  "src_class": "TopKSAE",
  "src_module": "src.architectures.topk_sae",
  "T": 1,
  "T_max": null,
  "t_sample": null,
  "n_layers": null,
  "k_win": 500,
  "k_pos": 500,
  "shifts": null,
  "alpha": null,
  "gamma": null,
  "n_scales": null,
  "seed": 1,
  "d_in": 2304,
  "d_sae": 18432,
  "subject_model": "google/gemma-2-2b",
  "anchor_layer": 12,
  "mlc_layers": [
    10,
    11,
    12,
    13,
    14
  ],
  "phase": "phase7_unification",
  "run_id": "topk_sae__seed1"
}