{
  "loss": [
    112348.5078125,
    24871.01953125,
    11888.64453125,
    8584.23828125,
    7472.1328125,
    7016.4921875,
    6686.6708984375,
    6276.4765625,
    6171.8173828125,
    5960.05224609375,
    5924.404296875,
    5785.9658203125,
    5716.4443359375,
    5679.7783203125,
    5733.3642578125,
    5629.67626953125,
    5543.23095703125,
    5472.462890625,
    5481.11279296875,
    5513.4521484375,
    5440.625,
    5375.6650390625,
    5385.80224609375,
    5313.6494140625,
    5339.1806640625,
    5279.513671875,
    5322.462890625,
    5362.87255859375,
    5219.6181640625
  ],
  "l0": [
    20.0,
    20.0,
    20.0,
    20.0,
    20.0,
    20.0,
    20.0,
    20.0,
    20.0,
    20.0,
    20.0,
    20.0,
    20.0,
    20.0,
    20.0,
    20.0,
    20.0,
    20.0,
    20.0,
    20.0,
    20.0,
    20.0,
    20.0,
    20.0,
    20.0,
    20.0,
    20.0,
    20.0,
    20.0
  ],
  "auxk": [
    0.0,
    0.0,
    0.0,
    0.0,
    0.0,
    0.0,
    0.0,
    0.0,
    0.0,
    0.0,
    0.0,
    0.0,
    0.0,
    0.0,
    0.0,
    0.0,
    0.0,
    0.0,
    0.0,
    1.000484824180603,
    1.0002790689468384,
    1.00020432472229,
    0.999527096748352,
    0.9983506202697754,
    0.9961974620819092,
    0.994956910610199,
    0.9953610897064209,
    0.9885474443435669,
    0.9875771403312683
  ],
  "dead": [
    0,
    0,
    0,
    0,
    0,
    0,
    0,
    0,
    0,
    0,
    0,
    0,
    0,
    0,
    0,
    0,
    0,
    0,
    0,
    8,
    15,
    40,
    69,
    127,
    178,
    236,
    319,
    428,
    546
  ],
  "steps_logged": [
    0,
    200,
    400,
    600,
    800,
    1000,
    1200,
    1400,
    1600,
    1800,
    2000,
    2200,
    2400,
    2600,
    2800,
    3000,
    3200,
    3400,
    3600,
    3800,
    4000,
    4200,
    4400,
    4600,
    4800,
    5000,
    5200,
    5400,
    5600
  ],
  "final_step": 5600,
  "converged": true,
  "plateau_last": 0.018703698722458955,
  "elapsed_s": 570.1786015033722,
  "group_sizes": [
    3686,
    14746
  ],
  "group_weights": [
    0.5,
    0.5
  ],
  "lr_used": 0.0001885618083164127,
  "row": 3,
  "arch_id": "tsae_paper_k20",
  "arch": "tsae_paper_k20",
  "group": 1,
  "src_class": "TemporalMatryoshkaBatchTopKSAE",
  "src_module": "src.architectures.tsae_paper",
  "T": 1,
  "T_max": null,
  "t_sample": null,
  "n_layers": null,
  "k_win": 20,
  "k_pos": 20,
  "shifts": null,
  "alpha": null,
  "gamma": null,
  "n_scales": null,
  "seed": 2,
  "d_in": 2304,
  "d_sae": 18432,
  "subject_model": "google/gemma-2-2b",
  "anchor_layer": 12,
  "mlc_layers": [
    10,
    11,
    12,
    13,
    14
  ],
  "phase": "phase7_unification",
  "run_id": "tsae_paper_k20__seed2"
}