{
  "loss": [
    203073.140625,
    21184.00390625,
    5776.103515625,
    4004.16943359375,
    3349.59326171875,
    3057.176025390625,
    2841.85205078125,
    2733.363037109375,
    2639.869140625,
    2530.280517578125,
    2484.336669921875,
    2400.69775390625,
    2362.2216796875,
    2348.87646484375,
    2333.75634765625,
    2291.6318359375,
    2242.272705078125,
    2203.90380859375,
    2216.46044921875,
    2205.541015625,
    2177.68212890625,
    2116.986328125,
    2116.130859375,
    2082.71337890625,
    2071.008544921875,
    2052.6181640625,
    2066.26171875,
    2064.80615234375,
    2016.867431640625,
    2017.0711669921875,
    1997.365234375,
    1972.87353515625,
    1967.67626953125,
    1940.229248046875,
    1950.0985107421875,
    1931.8621826171875,
    1974.276611328125,
    1958.290283203125,
    1913.610595703125
  ],
  "l0": [
    500.0,
    500.0,
    500.0,
    500.0,
    500.0,
    500.0,
    500.0,
    500.0,
    500.0,
    500.0,
    500.0,
    500.0,
    500.0,
    500.0,
    500.0,
    500.0,
    500.0,
    500.0,
    500.0,
    500.0,
    500.0,
    500.0,
    500.0,
    500.0,
    500.0,
    500.0,
    500.0,
    500.0,
    500.0,
    500.0,
    500.0,
    500.0,
    500.0,
    500.0,
    500.0,
    500.0,
    500.0,
    500.0,
    500.0
  ],
  "auxk": [
    0.0,
    0.0,
    0.0,
    0.0,
    0.0,
    0.0,
    0.0,
    0.0,
    0.0,
    0.0,
    0.0,
    0.0,
    0.0,
    0.0,
    0.0,
    0.0,
    0.0,
    0.0,
    0.0,
    0.0,
    0.0,
    0.0,
    0.0,
    0.0,
    0.0,
    0.0,
    0.0,
    0.0,
    0.0,
    0.0,
    0.0,
    0.0,
    0.0,
    0.0,
    0.0,
    0.0,
    0.0,
    0.0,
    0.0
  ],
  "dead": [
    0,
    0,
    0,
    0,
    0,
    0,
    0,
    0,
    0,
    0,
    0,
    0,
    0,
    0,
    0,
    0,
    0,
    0,
    0,
    0,
    0,
    0,
    0,
    0,
    0,
    0,
    0,
    0,
    0,
    0,
    0,
    0,
    0,
    0,
    0,
    0,
    0,
    0,
    0
  ],
  "steps_logged": [
    0,
    200,
    400,
    600,
    800,
    1000,
    1200,
    1400,
    1600,
    1800,
    2000,
    2200,
    2400,
    2600,
    2800,
    3000,
    3200,
    3400,
    3600,
    3800,
    4000,
    4200,
    4400,
    4600,
    4800,
    5000,
    5200,
    5400,
    5600,
    5800,
    6000,
    6200,
    6400,
    6600,
    6800,
    7000,
    7200,
    7400,
    7600
  ],
  "final_step": 7600,
  "converged": true,
  "plateau_last": 0.016884652111193724,
  "elapsed_s": 715.2676458358765,
  "group_sizes": [
    3686,
    14746
  ],
  "group_weights": [
    0.5,
    0.5
  ],
  "lr_used": 0.0001885618083164127,
  "row": 2,
  "arch_id": "tsae_paper_k500",
  "arch": "tsae_paper_k500",
  "group": 1,
  "src_class": "TemporalMatryoshkaBatchTopKSAE",
  "src_module": "src.architectures.tsae_paper",
  "T": 1,
  "T_max": null,
  "t_sample": null,
  "n_layers": null,
  "k_win": 500,
  "k_pos": 500,
  "shifts": null,
  "alpha": null,
  "gamma": null,
  "n_scales": null,
  "seed": 2,
  "d_in": 2304,
  "d_sae": 18432,
  "subject_model": "google/gemma-2-2b",
  "anchor_layer": 12,
  "mlc_layers": [
    10,
    11,
    12,
    13,
    14
  ],
  "phase": "phase7_unification",
  "run_id": "tsae_paper_k500__seed2"
}