{
  "loss": [
    102464.75,
    23994.91796875,
    11490.68359375,
    8508.67578125,
    7250.38671875,
    6628.66796875,
    6470.2255859375,
    6221.46875,
    5971.16650390625,
    5835.3642578125,
    5784.1630859375,
    5686.48046875,
    5655.08837890625,
    5589.236328125,
    5566.49365234375,
    5452.658203125,
    5416.22216796875,
    5434.7412109375,
    5399.8876953125,
    5257.236328125,
    5411.779296875,
    5310.8251953125,
    5311.70263671875,
    5295.0966796875,
    5287.43017578125
  ],
  "l0": [
    20.0,
    20.0,
    20.0,
    20.0,
    20.0,
    20.0,
    20.0,
    20.0,
    20.0,
    20.0,
    20.0,
    20.0,
    20.0,
    20.0,
    20.0,
    20.0,
    20.0,
    20.0,
    20.0,
    20.0,
    20.0,
    20.0,
    20.0,
    20.0,
    20.0
  ],
  "auxk": [
    0.0,
    0.0,
    0.0,
    0.0,
    0.0,
    0.0,
    0.0,
    0.0,
    0.0,
    0.0,
    0.0,
    0.0,
    0.0,
    0.0,
    0.0,
    0.0,
    0.0,
    0.0,
    0.0,
    0.0,
    1.000214695930481,
    1.0000680685043335,
    0.9996307492256165,
    0.9979139566421509,
    0.996078610420227
  ],
  "dead": [
    0,
    0,
    0,
    0,
    0,
    0,
    0,
    0,
    0,
    0,
    0,
    0,
    0,
    0,
    0,
    0,
    0,
    0,
    0,
    0,
    3,
    21,
    46,
    99,
    163
  ],
  "steps_logged": [
    0,
    200,
    400,
    600,
    800,
    1000,
    1200,
    1400,
    1600,
    1800,
    2000,
    2200,
    2400,
    2600,
    2800,
    3000,
    3200,
    3400,
    3600,
    3800,
    4000,
    4200,
    4400,
    4600,
    4800
  ],
  "final_step": 4800,
  "converged": true,
  "plateau_last": 0.012756012987415053,
  "elapsed_s": 452.0471839904785,
  "group_sizes": [
    3686,
    14746
  ],
  "group_weights": [
    0.5,
    0.5
  ],
  "lr_used": 0.0001885618083164127,
  "row": 3,
  "arch_id": "tsae_paper_k20",
  "arch": "tsae_paper_k20",
  "group": 1,
  "src_class": "TemporalMatryoshkaBatchTopKSAE",
  "src_module": "src.architectures.tsae_paper",
  "T": 1,
  "T_max": null,
  "t_sample": null,
  "n_layers": null,
  "k_win": 20,
  "k_pos": 20,
  "shifts": null,
  "alpha": null,
  "gamma": null,
  "n_scales": null,
  "seed": 42,
  "d_in": 2304,
  "d_sae": 18432,
  "subject_model": "google/gemma-2-2b",
  "anchor_layer": 12,
  "mlc_layers": [
    10,
    11,
    12,
    13,
    14
  ],
  "phase": "phase7_unification",
  "run_id": "tsae_paper_k20__seed42"
}