{
  "loss": [
    197642.078125,
    20106.6328125,
    5762.28662109375,
    4073.656982421875,
    3381.102783203125,
    3069.946533203125,
    2842.358154296875,
    2717.21337890625,
    2602.74072265625,
    2530.07470703125,
    2485.875,
    2435.8203125,
    2400.53125,
    2355.8515625,
    2329.29345703125,
    2278.02978515625,
    2258.6982421875,
    2218.408447265625,
    2186.310302734375,
    2142.20849609375,
    2173.547607421875,
    2126.152587890625,
    2122.506591796875,
    2063.18896484375,
    2079.50146484375,
    2043.0166015625,
    2113.27392578125,
    2016.7724609375,
    2027.494140625,
    2018.5631103515625,
    2015.62646484375,
    2010.293701171875,
    2010.35791015625,
    1975.917236328125,
    1962.5908203125,
    1922.295166015625,
    1931.694091796875,
    1945.44140625,
    1916.06201171875,
    1887.838623046875,
    1873.50830078125
  ],
  "l0": [
    500.0,
    500.0,
    500.0,
    500.0,
    500.0,
    500.0,
    500.0,
    500.0,
    500.0,
    500.0,
    500.0,
    500.0,
    500.0,
    500.0,
    500.0,
    500.0,
    500.0,
    500.0,
    500.0,
    500.0,
    500.0,
    500.0,
    500.0,
    500.0,
    500.0,
    500.0,
    500.0,
    500.0,
    500.0,
    500.0,
    500.0,
    500.0,
    500.0,
    500.0,
    500.0,
    500.0,
    500.0,
    500.0,
    500.0,
    500.0,
    500.0
  ],
  "auxk": [
    0.0,
    0.0,
    0.0,
    0.0,
    0.0,
    0.0,
    0.0,
    0.0,
    0.0,
    0.0,
    0.0,
    0.0,
    0.0,
    0.0,
    0.0,
    0.0,
    0.0,
    0.0,
    0.0,
    0.0,
    0.0,
    0.0,
    0.0,
    0.0,
    0.0,
    0.0,
    0.0,
    0.0,
    0.0,
    0.0,
    0.0,
    0.0,
    0.0,
    0.0,
    0.0,
    0.0,
    0.0,
    0.0,
    0.0,
    0.0,
    0.0
  ],
  "dead": [
    0,
    0,
    0,
    0,
    0,
    0,
    0,
    0,
    0,
    0,
    0,
    0,
    0,
    0,
    0,
    0,
    0,
    0,
    0,
    0,
    0,
    0,
    0,
    0,
    0,
    0,
    0,
    0,
    0,
    0,
    0,
    0,
    0,
    0,
    0,
    0,
    0,
    0,
    0,
    0,
    0
  ],
  "steps_logged": [
    0,
    200,
    400,
    600,
    800,
    1000,
    1200,
    1400,
    1600,
    1800,
    2000,
    2200,
    2400,
    2600,
    2800,
    3000,
    3200,
    3400,
    3600,
    3800,
    4000,
    4200,
    4400,
    4600,
    4800,
    5000,
    5200,
    5400,
    5600,
    5800,
    6000,
    6200,
    6400,
    6600,
    6800,
    7000,
    7200,
    7400,
    7600,
    7800,
    7999
  ],
  "final_step": 7999,
  "converged": false,
  "plateau_last": 0.03308322568720471,
  "elapsed_s": 738.3312330245972,
  "group_sizes": [
    3686,
    14746
  ],
  "group_weights": [
    0.5,
    0.5
  ],
  "lr_used": 0.0001885618083164127,
  "row": 2,
  "arch_id": "tsae_paper_k500",
  "arch": "tsae_paper_k500",
  "group": 1,
  "src_class": "TemporalMatryoshkaBatchTopKSAE",
  "src_module": "src.architectures.tsae_paper",
  "T": 1,
  "T_max": null,
  "t_sample": null,
  "n_layers": null,
  "k_win": 500,
  "k_pos": 500,
  "shifts": null,
  "alpha": null,
  "gamma": null,
  "n_scales": null,
  "seed": 1,
  "d_in": 2304,
  "d_sae": 18432,
  "subject_model": "google/gemma-2-2b",
  "anchor_layer": 12,
  "mlc_layers": [
    10,
    11,
    12,
    13,
    14
  ],
  "phase": "phase7_unification",
  "run_id": "tsae_paper_k500__seed1"
}