{
  "loss": [
    111121.3203125,
    23939.41015625,
    11726.38671875,
    8405.69921875,
    7184.5234375,
    6717.6298828125,
    6374.98193359375,
    6192.79736328125,
    6013.474609375,
    5909.51953125,
    5828.916015625,
    5765.21875,
    5689.68701171875,
    5655.119140625,
    5650.62841796875,
    5542.1494140625,
    5515.4462890625,
    5498.091796875,
    5356.66650390625,
    5352.26806640625,
    5424.8037109375,
    5335.2890625,
    5328.01513671875,
    5195.880859375,
    5259.0546875,
    5184.2119140625,
    5310.4267578125,
    5194.966796875,
    5218.998046875
  ],
  "l0": [
    20.0,
    20.0,
    20.0,
    20.0,
    20.0,
    20.0,
    20.0,
    20.0,
    20.0,
    20.0,
    20.0,
    20.0,
    20.0,
    20.0,
    20.0,
    20.0,
    20.0,
    20.0,
    20.0,
    20.0,
    20.0,
    20.0,
    20.0,
    20.0,
    20.0,
    20.0,
    20.0,
    20.0,
    20.0
  ],
  "auxk": [
    0.0,
    0.0,
    0.0,
    0.0,
    0.0,
    0.0,
    0.0,
    0.0,
    0.0,
    0.0,
    0.0,
    0.0,
    0.0,
    0.0,
    0.0,
    0.0,
    0.0,
    0.0,
    0.0,
    1.0002785921096802,
    1.0001972913742065,
    1.0002012252807617,
    1.0001658201217651,
    1.0000261068344116,
    0.9997432231903076,
    0.9991053938865662,
    0.9968685507774353,
    0.9944368600845337,
    0.9902466535568237
  ],
  "dead": [
    0,
    0,
    0,
    0,
    0,
    0,
    0,
    0,
    0,
    0,
    0,
    0,
    0,
    0,
    0,
    0,
    0,
    0,
    0,
    1,
    3,
    5,
    15,
    28,
    57,
    96,
    162,
    252,
    352
  ],
  "steps_logged": [
    0,
    200,
    400,
    600,
    800,
    1000,
    1200,
    1400,
    1600,
    1800,
    2000,
    2200,
    2400,
    2600,
    2800,
    3000,
    3200,
    3400,
    3600,
    3800,
    4000,
    4200,
    4400,
    4600,
    4800,
    5000,
    5200,
    5400,
    5600
  ],
  "final_step": 5600,
  "converged": true,
  "plateau_last": 0.017592510678162147,
  "elapsed_s": 558.3086380958557,
  "group_sizes": [
    3686,
    14746
  ],
  "group_weights": [
    0.5,
    0.5
  ],
  "lr_used": 0.0001885618083164127,
  "row": 3,
  "arch_id": "tsae_paper_k20",
  "arch": "tsae_paper_k20",
  "group": 1,
  "src_class": "TemporalMatryoshkaBatchTopKSAE",
  "src_module": "src.architectures.tsae_paper",
  "T": 1,
  "T_max": null,
  "t_sample": null,
  "n_layers": null,
  "k_win": 20,
  "k_pos": 20,
  "shifts": null,
  "alpha": null,
  "gamma": null,
  "n_scales": null,
  "seed": 1,
  "d_in": 2304,
  "d_sae": 18432,
  "subject_model": "google/gemma-2-2b",
  "anchor_layer": 12,
  "mlc_layers": [
    10,
    11,
    12,
    13,
    14
  ],
  "phase": "phase7_unification",
  "run_id": "tsae_paper_k20__seed1"
}