{
  "loss": [
    13044.13671875,
    6023.318359375,
    5353.54443359375,
    5016.18115234375,
    4764.8408203125,
    4595.6279296875,
    4475.71875,
    4379.71484375,
    4304.25830078125,
    4227.61865234375,
    4158.75390625,
    4138.01318359375,
    4093.712890625,
    4076.626953125,
    4084.19091796875,
    4027.330078125,
    4021.2919921875,
    4008.130859375,
    4004.975830078125,
    3975.064453125,
    3972.56103515625,
    3946.59228515625
  ],
  "l0": [
    500.0,
    500.0,
    500.0,
    500.0,
    500.0,
    500.0,
    500.0,
    500.0,
    500.0,
    500.0,
    500.0,
    500.0,
    500.0,
    500.0,
    500.0,
    500.0,
    500.0,
    500.0,
    500.0,
    500.0,
    500.0,
    500.0
  ],
  "steps_logged": [
    0,
    200,
    400,
    600,
    800,
    1000,
    1200,
    1400,
    1600,
    1800,
    2000,
    2200,
    2400,
    2600,
    2800,
    3000,
    3200,
    3400,
    3600,
    3800,
    4000,
    4200
  ],
  "final_step": 4200,
  "converged": true,
  "plateau_last": 0.019495906493702225,
  "elapsed_s": 1454.086974143982,
  "T": 7,
  "src_class": "TXCBareAntidead",
  "n_seqs_used": 24000,
  "ctx_used": 64,
  "ctx_slice_direction": "last",
  "row": 607,
  "arch_id": "txc_bare_antidead_t7",
  "arch": "txc_bare_antidead_t7",
  "group": 99,
  "src_module": "src.architectures.txc_bare_antidead",
  "T_max": null,
  "t_sample": null,
  "n_layers": null,
  "k_win": 500,
  "k_pos": 71,
  "shifts": null,
  "alpha": null,
  "gamma": null,
  "n_scales": null,
  "seed": 2,
  "d_in": 2304,
  "d_sae": 18432,
  "subject_model": "google/gemma-2-2b",
  "anchor_layer": 12,
  "mlc_layers": [
    10,
    11,
    12,
    13,
    14
  ],
  "phase": "phase7_unification",
  "run_id": "txc_bare_antidead_t7__seed2"
}