{
  "loss": [
    16041.8544921875,
    7564.35546875,
    6897.26123046875,
    6578.85546875,
    6413.78271484375,
    6272.0361328125,
    6199.66357421875,
    6122.4013671875,
    6090.73583984375,
    6034.8017578125,
    6002.14697265625,
    5981.08349609375,
    5931.5400390625,
    5924.2861328125,
    5922.11669921875,
    5899.1552734375,
    5884.80615234375,
    5886.90966796875
  ],
  "l0": [
    500.0,
    496.969970703125,
    495.277099609375,
    496.025390625,
    495.86962890625,
    495.411376953125,
    495.5185546875,
    494.61865234375,
    494.830078125,
    495.408447265625,
    495.050537109375,
    494.5859375,
    492.891357421875,
    493.76318359375,
    494.0830078125,
    494.323974609375,
    494.130859375,
    494.554931640625
  ],
  "steps_logged": [
    0,
    200,
    400,
    600,
    800,
    1000,
    1200,
    1400,
    1600,
    1800,
    2000,
    2200,
    2400,
    2600,
    2800,
    3000,
    3200,
    3400
  ],
  "final_step": 3400,
  "converged": true,
  "plateau_last": 0.017411079069201706,
  "elapsed_s": 3833.5945932865143,
  "row": 11,
  "arch_id": "txc_bare_antidead_t20",
  "arch": "txc_bare_antidead_t20",
  "group": 2,
  "src_class": "TXCBareAntidead",
  "src_module": "src.architectures.txc_bare_antidead",
  "T": 20,
  "T_max": null,
  "t_sample": null,
  "n_layers": null,
  "k_win": 500,
  "k_pos": 25,
  "shifts": null,
  "alpha": null,
  "gamma": null,
  "n_scales": null,
  "seed": 42,
  "d_in": 2304,
  "d_sae": 18432,
  "subject_model": "google/gemma-2-2b",
  "anchor_layer": 12,
  "mlc_layers": [
    10,
    11,
    12,
    13,
    14
  ],
  "phase": "phase7_unification",
  "run_id": "txc_bare_antidead_t20__seed42"
}