{
  "loss": [
    13036.1240234375,
    5839.79052734375,
    5169.66357421875,
    4787.41552734375,
    4576.44482421875,
    4405.8486328125,
    4273.591796875,
    4159.86865234375,
    4090.8046875,
    4027.442138671875,
    3998.333984375,
    3951.990234375,
    3904.77294921875,
    3890.715576171875,
    3875.372802734375,
    3821.909912109375,
    3804.688232421875,
    3804.86767578125,
    3801.357421875,
    3779.475341796875,
    3757.30126953125,
    3722.21484375,
    3729.3564453125,
    3717.6826171875,
    3712.84912109375
  ],
  "l0": [
    500.0,
    500.0,
    500.0,
    500.0,
    500.0,
    500.0,
    500.0,
    500.0,
    500.0,
    500.0,
    500.0,
    500.0,
    500.0,
    500.0,
    500.0,
    500.0,
    500.0,
    500.0,
    500.0,
    500.0,
    500.0,
    500.0,
    500.0,
    500.0,
    500.0
  ],
  "steps_logged": [
    0,
    200,
    400,
    600,
    800,
    1000,
    1200,
    1400,
    1600,
    1800,
    2000,
    2200,
    2400,
    2600,
    2800,
    3000,
    3200,
    3400,
    3600,
    3800,
    4000,
    4200,
    4400,
    4600,
    4800
  ],
  "final_step": 4800,
  "converged": true,
  "plateau_last": 0.01961331952904919,
  "elapsed_s": 1407.0589573383331,
  "T": 6,
  "src_class": "TXCBareAntidead",
  "n_seqs_used": 24000,
  "ctx_used": 64,
  "ctx_slice_direction": "last",
  "row": 606,
  "arch_id": "txc_bare_antidead_t6",
  "arch": "txc_bare_antidead_t6",
  "group": 99,
  "src_module": "src.architectures.txc_bare_antidead",
  "T_max": null,
  "t_sample": null,
  "n_layers": null,
  "k_win": 500,
  "k_pos": 83,
  "shifts": null,
  "alpha": null,
  "gamma": null,
  "n_scales": null,
  "seed": 42,
  "d_in": 2304,
  "d_sae": 18432,
  "subject_model": "google/gemma-2-2b",
  "anchor_layer": 12,
  "mlc_layers": [
    10,
    11,
    12,
    13,
    14
  ],
  "phase": "phase7_unification",
  "run_id": "txc_bare_antidead_t6__seed42"
}