{
  "loss": [
    12940.1435546875,
    6024.25830078125,
    5384.02587890625,
    4980.40087890625,
    4739.42822265625,
    4588.5595703125,
    4476.72509765625,
    4370.6455078125,
    4302.85546875,
    4238.1455078125,
    4165.4375,
    4114.576171875,
    4093.58447265625,
    4081.149169921875,
    4058.395751953125,
    4029.7861328125,
    4018.369140625,
    4001.9296875,
    3967.4404296875,
    3964.6044921875,
    3977.429931640625,
    3921.758056640625,
    3934.429931640625,
    3929.673095703125
  ],
  "l0": [
    500.0,
    500.0,
    500.0,
    500.0,
    500.0,
    500.0,
    500.0,
    500.0,
    500.0,
    500.0,
    500.0,
    500.0,
    500.0,
    500.0,
    500.0,
    500.0,
    500.0,
    500.0,
    500.0,
    500.0,
    500.0,
    500.0,
    500.0,
    500.0
  ],
  "steps_logged": [
    0,
    200,
    400,
    600,
    800,
    1000,
    1200,
    1400,
    1600,
    1800,
    2000,
    2200,
    2400,
    2600,
    2800,
    3000,
    3200,
    3400,
    3600,
    3800,
    4000,
    4200,
    4400,
    4600
  ],
  "final_step": 4600,
  "converged": true,
  "plateau_last": 0.01733547528374738,
  "elapsed_s": 1535.4529547691345,
  "T": 7,
  "src_class": "TXCBareAntidead",
  "n_seqs_used": 24000,
  "ctx_used": 64,
  "ctx_slice_direction": "last",
  "row": 607,
  "arch_id": "txc_bare_antidead_t7",
  "arch": "txc_bare_antidead_t7",
  "group": 99,
  "src_module": "src.architectures.txc_bare_antidead",
  "T_max": null,
  "t_sample": null,
  "n_layers": null,
  "k_win": 500,
  "k_pos": 71,
  "shifts": null,
  "alpha": null,
  "gamma": null,
  "n_scales": null,
  "seed": 42,
  "d_in": 2304,
  "d_sae": 18432,
  "subject_model": "google/gemma-2-2b",
  "anchor_layer": 12,
  "mlc_layers": [
    10,
    11,
    12,
    13,
    14
  ],
  "phase": "phase7_unification",
  "run_id": "txc_bare_antidead_t7__seed42"
}