{
  "loss": [
    13045.2060546875,
    6025.482421875,
    5369.08349609375,
    4985.1376953125,
    4745.466796875,
    4597.77294921875,
    4483.83935546875,
    4358.7001953125,
    4316.10888671875,
    4220.833984375,
    4204.65771484375,
    4150.03466796875,
    4130.4462890625,
    4085.968994140625,
    4055.129150390625,
    4038.227783203125,
    4038.641845703125,
    3989.169921875,
    3996.6240234375,
    3990.182373046875,
    3966.92041015625,
    3955.350341796875,
    3943.477783203125
  ],
  "l0": [
    500.0,
    500.0,
    500.0,
    500.0,
    500.0,
    500.0,
    500.0,
    500.0,
    500.0,
    500.0,
    500.0,
    500.0,
    500.0,
    500.0,
    500.0,
    500.0,
    500.0,
    500.0,
    500.0,
    500.0,
    500.0,
    500.0,
    500.0
  ],
  "steps_logged": [
    0,
    200,
    400,
    600,
    800,
    1000,
    1200,
    1400,
    1600,
    1800,
    2000,
    2200,
    2400,
    2600,
    2800,
    3000,
    3200,
    3400,
    3600,
    3800,
    4000,
    4200,
    4400
  ],
  "final_step": 4400,
  "converged": true,
  "plateau_last": 0.017547401765571555,
  "elapsed_s": 1522.3476676940918,
  "T": 7,
  "src_class": "TXCBareAntidead",
  "n_seqs_used": 24000,
  "ctx_used": 64,
  "ctx_slice_direction": "last",
  "row": 607,
  "arch_id": "txc_bare_antidead_t7",
  "arch": "txc_bare_antidead_t7",
  "group": 99,
  "src_module": "src.architectures.txc_bare_antidead",
  "T_max": null,
  "t_sample": null,
  "n_layers": null,
  "k_win": 500,
  "k_pos": 71,
  "shifts": null,
  "alpha": null,
  "gamma": null,
  "n_scales": null,
  "seed": 1,
  "d_in": 2304,
  "d_sae": 18432,
  "subject_model": "google/gemma-2-2b",
  "anchor_layer": 12,
  "mlc_layers": [
    10,
    11,
    12,
    13,
    14
  ],
  "phase": "phase7_unification",
  "run_id": "txc_bare_antidead_t7__seed1"
}