{
  "loss": [
    18078.052734375,
    6580.3515625,
    5834.27587890625,
    5468.43359375,
    5193.6572265625,
    5057.0078125,
    4964.65478515625,
    4855.59912109375,
    4828.58203125,
    4738.08740234375,
    4721.66748046875,
    4689.2666015625,
    4666.70068359375,
    4659.56396484375,
    4595.5849609375,
    4575.4833984375,
    4596.00537109375,
    4561.62646484375,
    4562.41552734375,
    4571.14697265625
  ],
  "l0": [
    500.0,
    496.53076171875,
    495.14404296875,
    495.56884765625,
    493.7509765625,
    493.21337890625,
    493.2578125,
    493.10302734375,
    494.2763671875,
    492.20166015625,
    492.78369140625,
    493.066650390625,
    493.89013671875,
    494.232666015625,
    490.362548828125,
    491.499267578125,
    493.197998046875,
    491.828857421875,
    492.11083984375,
    491.9853515625
  ],
  "steps_logged": [
    0,
    200,
    400,
    600,
    800,
    1000,
    1200,
    1400,
    1600,
    1800,
    2000,
    2200,
    2400,
    2600,
    2800,
    3000,
    3200,
    3400,
    3600,
    3800
  ],
  "final_step": 3800,
  "converged": true,
  "plateau_last": 0.019976440153727675,
  "elapsed_s": 2170.5987079143524,
  "row": 10,
  "arch_id": "txc_bare_antidead_t10",
  "arch": "txc_bare_antidead_t10",
  "group": 2,
  "src_class": "TXCBareAntidead",
  "src_module": "src.architectures.txc_bare_antidead",
  "T": 10,
  "T_max": null,
  "t_sample": null,
  "n_layers": null,
  "k_win": 500,
  "k_pos": 50,
  "shifts": null,
  "alpha": null,
  "gamma": null,
  "n_scales": null,
  "seed": 1,
  "d_in": 2304,
  "d_sae": 18432,
  "subject_model": "google/gemma-2-2b",
  "anchor_layer": 12,
  "mlc_layers": [
    10,
    11,
    12,
    13,
    14
  ],
  "phase": "phase7_unification",
  "run_id": "txc_bare_antidead_t10__seed1"
}