{
  "loss": [
    12981.45703125,
    6213.9111328125,
    5549.515625,
    5157.6015625,
    4919.4189453125,
    4757.82958984375,
    4625.48876953125,
    4541.28369140625,
    4453.01416015625,
    4424.8857421875,
    4362.30078125,
    4343.525390625,
    4292.814453125,
    4263.0556640625,
    4242.7255859375,
    4218.0380859375,
    4195.31298828125,
    4187.64697265625,
    4163.52783203125,
    4162.52734375,
    4170.82958984375,
    4102.4423828125,
    4136.498046875
  ],
  "l0": [
    500.0,
    500.0,
    500.0,
    500.0,
    500.0,
    500.0,
    500.0,
    500.0,
    500.0,
    500.0,
    500.0,
    500.0,
    500.0,
    500.0,
    500.0,
    500.0,
    500.0,
    500.0,
    500.0,
    500.0,
    500.0,
    500.0,
    500.0
  ],
  "steps_logged": [
    0,
    200,
    400,
    600,
    800,
    1000,
    1200,
    1400,
    1600,
    1800,
    2000,
    2200,
    2400,
    2600,
    2800,
    3000,
    3200,
    3400,
    3600,
    3800,
    4000,
    4200,
    4400
  ],
  "final_step": 4400,
  "converged": true,
  "plateau_last": 0.01757511633323536,
  "elapsed_s": 1680.0190494060516,
  "T": 8,
  "src_class": "TXCBareAntidead",
  "n_seqs_used": 24000,
  "ctx_used": 64,
  "ctx_slice_direction": "last",
  "row": 608,
  "arch_id": "txc_bare_antidead_t8",
  "arch": "txc_bare_antidead_t8",
  "group": 99,
  "src_module": "src.architectures.txc_bare_antidead",
  "T_max": null,
  "t_sample": null,
  "n_layers": null,
  "k_win": 500,
  "k_pos": 62,
  "shifts": null,
  "alpha": null,
  "gamma": null,
  "n_scales": null,
  "seed": 42,
  "d_in": 2304,
  "d_sae": 18432,
  "subject_model": "google/gemma-2-2b",
  "anchor_layer": 12,
  "mlc_layers": [
    10,
    11,
    12,
    13,
    14
  ],
  "phase": "phase7_unification",
  "run_id": "txc_bare_antidead_t8__seed42"
}