{
  "loss": [
    20443.978515625,
    5560.68310546875,
    4883.2724609375,
    4482.19287109375,
    4267.6376953125,
    4080.98828125,
    3959.880615234375,
    3884.086669921875,
    3810.79296875,
    3747.510498046875,
    3663.94140625,
    3662.560302734375,
    3598.537841796875,
    3601.423583984375,
    3562.40625,
    3558.31640625,
    3485.523193359375,
    3528.865966796875,
    3483.567626953125,
    3504.608642578125,
    3505.75244140625,
    3455.211669921875
  ],
  "l0": [
    500.0,
    496.41845703125,
    494.8046875,
    494.64599609375,
    492.60693359375,
    492.458984375,
    492.8125,
    493.130615234375,
    492.22119140625,
    492.9130859375,
    491.1279296875,
    489.9150390625,
    489.9052734375,
    491.492431640625,
    491.50927734375,
    493.041015625,
    490.255615234375,
    491.6826171875,
    490.44287109375,
    492.383056640625,
    492.1640625,
    490.3525390625
  ],
  "steps_logged": [
    0,
    200,
    400,
    600,
    800,
    1000,
    1200,
    1400,
    1600,
    1800,
    2000,
    2200,
    2400,
    2600,
    2800,
    3000,
    3200,
    3400,
    3600,
    3800,
    4000,
    4200
  ],
  "final_step": 4200,
  "converged": true,
  "plateau_last": 0.01843182675897353,
  "elapsed_s": 1150.2038967609406,
  "row": 9,
  "arch_id": "txc_bare_antidead_t5",
  "arch": "txc_bare_antidead_t5",
  "group": 2,
  "src_class": "TXCBareAntidead",
  "src_module": "src.architectures.txc_bare_antidead",
  "T": 5,
  "T_max": null,
  "t_sample": null,
  "n_layers": null,
  "k_win": 500,
  "k_pos": 100,
  "shifts": null,
  "alpha": null,
  "gamma": null,
  "n_scales": null,
  "seed": 42,
  "d_in": 2304,
  "d_sae": 18432,
  "subject_model": "google/gemma-2-2b",
  "anchor_layer": 12,
  "mlc_layers": [
    10,
    11,
    12,
    13,
    14
  ],
  "phase": "phase7_unification",
  "run_id": "txc_bare_antidead_t5__seed42"
}