{
  "loss": [
    18225.08203125,
    5529.5791015625,
    4895.27392578125,
    4545.2705078125,
    4250.55615234375,
    4072.169921875,
    4004.07080078125,
    3863.221923828125,
    3780.98291015625,
    3743.45166015625,
    3708.831298828125,
    3641.944580078125,
    3606.340576171875,
    3620.38134765625,
    3587.888427734375,
    3568.888427734375,
    3557.522705078125,
    3519.996826171875,
    3512.595703125,
    3483.601318359375,
    3474.846435546875,
    3443.065185546875,
    3454.44384765625,
    3438.76806640625,
    3472.262451171875,
    3455.16015625
  ],
  "l0": [
    500.0,
    496.24365234375,
    496.251220703125,
    495.40625,
    493.69140625,
    493.0595703125,
    492.3154296875,
    492.218017578125,
    491.462890625,
    491.395263671875,
    492.19140625,
    492.17236328125,
    491.419921875,
    492.16259765625,
    491.4326171875,
    490.93701171875,
    490.2861328125,
    491.725341796875,
    492.156005859375,
    490.299560546875,
    490.712890625,
    490.790283203125,
    491.512939453125,
    491.12109375,
    491.15185546875,
    492.138427734375
  ],
  "steps_logged": [
    0,
    200,
    400,
    600,
    800,
    1000,
    1200,
    1400,
    1600,
    1800,
    2000,
    2200,
    2400,
    2600,
    2800,
    3000,
    3200,
    3400,
    3600,
    3800,
    4000,
    4200,
    4400,
    4600,
    4800,
    5000
  ],
  "final_step": 5000,
  "converged": true,
  "plateau_last": 0.016232855159720415,
  "elapsed_s": 1491.821403503418,
  "row": 9,
  "arch_id": "txc_bare_antidead_t5",
  "arch": "txc_bare_antidead_t5",
  "group": 2,
  "src_class": "TXCBareAntidead",
  "src_module": "src.architectures.txc_bare_antidead",
  "T": 5,
  "T_max": null,
  "t_sample": null,
  "n_layers": null,
  "k_win": 500,
  "k_pos": 100,
  "shifts": null,
  "alpha": null,
  "gamma": null,
  "n_scales": null,
  "seed": 2,
  "d_in": 2304,
  "d_sae": 18432,
  "subject_model": "google/gemma-2-2b",
  "anchor_layer": 12,
  "mlc_layers": [
    10,
    11,
    12,
    13,
    14
  ],
  "phase": "phase7_unification",
  "run_id": "txc_bare_antidead_t5__seed2"
}