{
  "loss": [
    19886.888671875,
    5572.98046875,
    4874.44140625,
    4539.77783203125,
    4229.296875,
    4075.821533203125,
    3945.02734375,
    3899.823974609375,
    3785.87158203125,
    3734.882080078125,
    3725.060302734375,
    3681.455078125,
    3620.2890625,
    3604.296142578125,
    3579.265625,
    3512.71728515625,
    3513.671875,
    3508.100341796875,
    3490.548583984375,
    3469.155029296875,
    3496.9609375,
    3461.13134765625,
    3444.018310546875,
    3450.00634765625
  ],
  "l0": [
    500.0,
    496.8359375,
    495.912109375,
    495.517578125,
    493.125,
    493.157958984375,
    491.925048828125,
    493.81103515625,
    492.4833984375,
    491.78076171875,
    493.20703125,
    492.5,
    492.55615234375,
    493.10205078125,
    491.45458984375,
    490.35693359375,
    491.8564453125,
    490.462158203125,
    490.83935546875,
    490.943359375,
    490.9404296875,
    491.44189453125,
    490.698486328125,
    491.783935546875
  ],
  "steps_logged": [
    0,
    200,
    400,
    600,
    800,
    1000,
    1200,
    1400,
    1600,
    1800,
    2000,
    2200,
    2400,
    2600,
    2800,
    3000,
    3200,
    3400,
    3600,
    3800,
    4000,
    4200,
    4400,
    4600
  ],
  "final_step": 4600,
  "converged": true,
  "plateau_last": 0.01607741737069685,
  "elapsed_s": 1298.087848186493,
  "row": 9,
  "arch_id": "txc_bare_antidead_t5",
  "arch": "txc_bare_antidead_t5",
  "group": 2,
  "src_class": "TXCBareAntidead",
  "src_module": "src.architectures.txc_bare_antidead",
  "T": 5,
  "T_max": null,
  "t_sample": null,
  "n_layers": null,
  "k_win": 500,
  "k_pos": 100,
  "shifts": null,
  "alpha": null,
  "gamma": null,
  "n_scales": null,
  "seed": 1,
  "d_in": 2304,
  "d_sae": 18432,
  "subject_model": "google/gemma-2-2b",
  "anchor_layer": 12,
  "mlc_layers": [
    10,
    11,
    12,
    13,
    14
  ],
  "phase": "phase7_unification",
  "run_id": "txc_bare_antidead_t5__seed1"
}