{
  "loss": [
    16526.19140625,
    7570.45849609375,
    6897.53125,
    6591.27880859375,
    6346.61767578125,
    6263.02685546875,
    6168.20703125,
    6103.30322265625,
    6044.765625,
    5976.1328125,
    5997.23583984375,
    5960.052734375,
    5950.63037109375,
    5952.7470703125,
    5916.24951171875,
    5864.77734375,
    5878.50390625
  ],
  "l0": [
    500.0,
    497.27099609375,
    496.361328125,
    496.6953125,
    495.693115234375,
    495.964599609375,
    495.42138671875,
    494.422607421875,
    495.245361328125,
    493.708740234375,
    495.469970703125,
    494.835205078125,
    495.326904296875,
    494.803466796875,
    494.362060546875,
    493.102294921875,
    494.330810546875
  ],
  "steps_logged": [
    0,
    200,
    400,
    600,
    800,
    1000,
    1200,
    1400,
    1600,
    1800,
    2000,
    2200,
    2400,
    2600,
    2800,
    3000,
    3200
  ],
  "final_step": 3200,
  "converged": true,
  "plateau_last": 0.01723924005125929,
  "elapsed_s": 3668.085907936096,
  "row": 11,
  "arch_id": "txc_bare_antidead_t20",
  "arch": "txc_bare_antidead_t20",
  "group": 2,
  "src_class": "TXCBareAntidead",
  "src_module": "src.architectures.txc_bare_antidead",
  "T": 20,
  "T_max": null,
  "t_sample": null,
  "n_layers": null,
  "k_win": 500,
  "k_pos": 25,
  "shifts": null,
  "alpha": null,
  "gamma": null,
  "n_scales": null,
  "seed": 1,
  "d_in": 2304,
  "d_sae": 18432,
  "subject_model": "google/gemma-2-2b",
  "anchor_layer": 12,
  "mlc_layers": [
    10,
    11,
    12,
    13,
    14
  ],
  "phase": "phase7_unification",
  "run_id": "txc_bare_antidead_t20__seed1"
}