{
  "loss": [
    17932.51953125,
    6549.25341796875,
    5851.27294921875,
    5451.41162109375,
    5218.31884765625,
    5049.38671875,
    4955.45458984375,
    4895.53515625,
    4821.29931640625,
    4780.52099609375,
    4681.20849609375,
    4695.91015625,
    4656.79638671875,
    4640.0078125,
    4638.40869140625,
    4604.4765625,
    4589.45361328125,
    4576.60400390625,
    4611.01318359375
  ],
  "l0": [
    500.0,
    495.078125,
    495.338134765625,
    494.291015625,
    493.177490234375,
    493.44189453125,
    492.522216796875,
    494.070556640625,
    493.125,
    492.378662109375,
    490.884765625,
    491.9541015625,
    491.320068359375,
    492.12548828125,
    491.37109375,
    492.783935546875,
    490.42724609375,
    492.625732421875,
    492.26904296875
  ],
  "steps_logged": [
    0,
    200,
    400,
    600,
    800,
    1000,
    1200,
    1400,
    1600,
    1800,
    2000,
    2200,
    2400,
    2600,
    2800,
    3000,
    3200,
    3400,
    3600
  ],
  "final_step": 3600,
  "converged": true,
  "plateau_last": 0.01852475359428169,
  "elapsed_s": 2157.621589899063,
  "row": 10,
  "arch_id": "txc_bare_antidead_t10",
  "arch": "txc_bare_antidead_t10",
  "group": 2,
  "src_class": "TXCBareAntidead",
  "src_module": "src.architectures.txc_bare_antidead",
  "T": 10,
  "T_max": null,
  "t_sample": null,
  "n_layers": null,
  "k_win": 500,
  "k_pos": 50,
  "shifts": null,
  "alpha": null,
  "gamma": null,
  "n_scales": null,
  "seed": 2,
  "d_in": 2304,
  "d_sae": 18432,
  "subject_model": "google/gemma-2-2b",
  "anchor_layer": 12,
  "mlc_layers": [
    10,
    11,
    12,
    13,
    14
  ],
  "phase": "phase7_unification",
  "run_id": "txc_bare_antidead_t10__seed2"
}