{
  "loss": [
    17323.50390625,
    6554.515625,
    5873.10693359375,
    5429.79443359375,
    5193.87548828125,
    5043.19677734375,
    4977.6162109375,
    4898.24072265625,
    4807.5400390625,
    4769.2470703125,
    4694.30810546875,
    4694.60693359375,
    4662.435546875,
    4623.49951171875,
    4648.9921875,
    4591.24365234375,
    4568.064453125,
    4542.3828125,
    4571.4619140625,
    4560.67041015625,
    4586.13671875
  ],
  "l0": [
    500.0,
    496.15478515625,
    494.7705078125,
    494.15380859375,
    493.739990234375,
    492.8330078125,
    494.8271484375,
    493.651123046875,
    492.333740234375,
    493.5302734375,
    491.751220703125,
    493.60400390625,
    491.8525390625,
    491.02490234375,
    493.448974609375,
    492.0107421875,
    490.55419921875,
    492.05322265625,
    490.895263671875,
    491.405029296875,
    493.771240234375
  ],
  "steps_logged": [
    0,
    200,
    400,
    600,
    800,
    1000,
    1200,
    1400,
    1600,
    1800,
    2000,
    2200,
    2400,
    2600,
    2800,
    3000,
    3200,
    3400,
    3600,
    3800,
    4000
  ],
  "final_step": 4000,
  "converged": true,
  "plateau_last": 0.01688408227637761,
  "elapsed_s": 2245.866640329361,
  "row": 10,
  "arch_id": "txc_bare_antidead_t10",
  "arch": "txc_bare_antidead_t10",
  "group": 2,
  "src_class": "TXCBareAntidead",
  "src_module": "src.architectures.txc_bare_antidead",
  "T": 10,
  "T_max": null,
  "t_sample": null,
  "n_layers": null,
  "k_win": 500,
  "k_pos": 50,
  "shifts": null,
  "alpha": null,
  "gamma": null,
  "n_scales": null,
  "seed": 42,
  "d_in": 2304,
  "d_sae": 18432,
  "subject_model": "google/gemma-2-2b",
  "anchor_layer": 12,
  "mlc_layers": [
    10,
    11,
    12,
    13,
    14
  ],
  "phase": "phase7_unification",
  "run_id": "txc_bare_antidead_t10__seed42"
}