{
  "loss": [
    60129.9140625,
    7020.00146484375,
    6290.48486328125,
    5768.125,
    5549.923828125,
    5380.27685546875,
    5300.7236328125,
    5188.24951171875,
    5097.45703125,
    5050.271484375,
    4972.880859375,
    4939.4248046875,
    4877.404296875,
    4874.27978515625,
    4866.1005859375,
    4834.26513671875,
    4766.626953125,
    4751.72265625,
    4754.865234375,
    4751.998046875,
    4725.17724609375,
    4704.9560546875,
    4685.9619140625
  ],
  "l0": [
    500.0,
    495.522705078125,
    495.22021484375,
    493.00244140625,
    493.953125,
    494.4892578125,
    493.691650390625,
    493.731689453125,
    492.6240234375,
    492.958740234375,
    492.6513671875,
    491.758544921875,
    491.34765625,
    492.063720703125,
    492.678955078125,
    492.265380859375,
    490.467529296875,
    490.01806640625,
    492.64501953125,
    491.38623046875,
    493.9365234375,
    492.592041015625,
    491.92919921875
  ],
  "steps_logged": [
    0,
    200,
    400,
    600,
    800,
    1000,
    1200,
    1400,
    1600,
    1800,
    2000,
    2200,
    2400,
    2600,
    2800,
    3000,
    3200,
    3400,
    3600,
    3800,
    4000,
    4200,
    4400
  ],
  "final_step": 4400,
  "converged": true,
  "plateau_last": 0.019509264780385668,
  "elapsed_s": 1341.5527353286743,
  "row": 19,
  "arch_id": "txcdr_t8",
  "arch": "txcdr_t8",
  "group": 3,
  "src_class": "TemporalCrosscoder",
  "src_module": "src.architectures.crosscoder",
  "T": 8,
  "T_max": null,
  "t_sample": null,
  "n_layers": null,
  "k_win": 500,
  "k_pos": 62,
  "shifts": null,
  "alpha": null,
  "gamma": null,
  "n_scales": null,
  "seed": 42,
  "d_in": 2304,
  "d_sae": 18432,
  "subject_model": "google/gemma-2-2b",
  "anchor_layer": 12,
  "mlc_layers": [
    10,
    11,
    12,
    13,
    14
  ],
  "phase": "phase7_unification",
  "run_id": "txcdr_t8__seed42"
}