{
  "loss": [
    56471.71875,
    6620.0869140625,
    5776.46875,
    5345.1748046875,
    5062.81005859375,
    4917.8173828125,
    4803.8046875,
    4692.7568359375,
    4648.466796875,
    4566.1572265625,
    4514.7060546875,
    4481.6083984375,
    4403.41748046875,
    4368.890625,
    4342.923828125,
    4292.5673828125,
    4313.2451171875,
    4283.0224609375,
    4221.376953125,
    4222.91552734375,
    4191.5712890625,
    4198.38525390625,
    4150.1416015625,
    4128.759765625,
    4149.052734375,
    4091.40625,
    4129.3349609375,
    4116.5283203125
  ],
  "l0": [
    500.0,
    496.31884765625,
    495.53564453125,
    494.82861328125,
    492.628662109375,
    494.6298828125,
    493.64990234375,
    492.529296875,
    493.9541015625,
    494.2353515625,
    493.540283203125,
    492.216064453125,
    494.025146484375,
    493.693115234375,
    492.598388671875,
    491.103515625,
    494.872802734375,
    492.400634765625,
    491.287353515625,
    492.0517578125,
    491.57568359375,
    492.96337890625,
    492.193359375,
    490.72119140625,
    492.520263671875,
    490.490234375,
    491.29150390625,
    492.257080078125
  ],
  "steps_logged": [
    0,
    200,
    400,
    600,
    800,
    1000,
    1200,
    1400,
    1600,
    1800,
    2000,
    2200,
    2400,
    2600,
    2800,
    3000,
    3200,
    3400,
    3600,
    3800,
    4000,
    4200,
    4400,
    4600,
    4800,
    5000,
    5200,
    5400
  ],
  "final_step": 5400,
  "converged": true,
  "plateau_last": 0.017599205063883135,
  "elapsed_s": 1212.3499493598938,
  "row": 17,
  "arch_id": "txcdr_t6",
  "arch": "txcdr_t6",
  "group": 3,
  "src_class": "TemporalCrosscoder",
  "src_module": "src.architectures.crosscoder",
  "T": 6,
  "T_max": null,
  "t_sample": null,
  "n_layers": null,
  "k_win": 500,
  "k_pos": 83,
  "shifts": null,
  "alpha": null,
  "gamma": null,
  "n_scales": null,
  "seed": 1,
  "d_in": 2304,
  "d_sae": 18432,
  "subject_model": "google/gemma-2-2b",
  "anchor_layer": 12,
  "mlc_layers": [
    10,
    11,
    12,
    13,
    14
  ],
  "phase": "phase7_unification",
  "run_id": "txcdr_t6__seed1"
}