{
  "loss": [
    73662.171875,
    7677.86865234375,
    6913.208984375,
    6464.388671875,
    6185.1640625,
    6038.5732421875,
    5909.609375,
    5804.025390625,
    5764.09130859375,
    5688.3037109375,
    5635.2890625,
    5609.9169921875,
    5572.20068359375,
    5513.5146484375,
    5520.5302734375,
    5490.634765625,
    5432.603515625,
    5433.197265625,
    5404.05859375,
    5399.28271484375,
    5368.2421875,
    5367.96240234375,
    5341.814453125
  ],
  "l0": [
    500.0,
    494.71142578125,
    495.18896484375,
    493.95751953125,
    492.757080078125,
    493.646240234375,
    493.307373046875,
    493.213623046875,
    493.440673828125,
    494.30322265625,
    492.7880859375,
    493.908203125,
    494.604736328125,
    492.97802734375,
    493.73193359375,
    494.280029296875,
    492.818359375,
    492.23681640625,
    491.32666015625,
    492.229248046875,
    492.258544921875,
    492.615966796875,
    492.9384765625
  ],
  "steps_logged": [
    0,
    200,
    400,
    600,
    800,
    1000,
    1200,
    1400,
    1600,
    1800,
    2000,
    2200,
    2400,
    2600,
    2800,
    3000,
    3200,
    3400,
    3600,
    3800,
    4000,
    4200,
    4400
  ],
  "final_step": 4400,
  "converged": true,
  "plateau_last": 0.01858748398986146,
  "elapsed_s": 1955.5962464809418,
  "row": 22,
  "arch_id": "txcdr_t12",
  "arch": "txcdr_t12",
  "group": 3,
  "src_class": "TemporalCrosscoder",
  "src_module": "src.architectures.crosscoder",
  "T": 12,
  "T_max": null,
  "t_sample": null,
  "n_layers": null,
  "k_win": 500,
  "k_pos": 42,
  "shifts": null,
  "alpha": null,
  "gamma": null,
  "n_scales": null,
  "seed": 1,
  "d_in": 2304,
  "d_sae": 18432,
  "subject_model": "google/gemma-2-2b",
  "anchor_layer": 12,
  "mlc_layers": [
    10,
    11,
    12,
    13,
    14
  ],
  "phase": "phase7_unification",
  "run_id": "txcdr_t12__seed1"
}