{
  "loss": [
    53296.5,
    6323.66650390625,
    5449.734375,
    5013.2939453125,
    4801.82958984375,
    4613.3134765625,
    4502.40771484375,
    4420.08642578125,
    4336.74755859375,
    4275.36083984375,
    4169.9833984375,
    4149.66748046875,
    4070.514404296875,
    4072.7265625,
    4046.643798828125,
    4023.160888671875,
    3966.702392578125,
    3956.986083984375,
    3923.35791015625,
    3924.561279296875,
    3925.809814453125,
    3872.317138671875,
    3851.788330078125,
    3834.23046875,
    3835.132568359375,
    3851.44140625,
    3821.171875,
    3849.14892578125
  ],
  "l0": [
    500.0,
    496.11083984375,
    494.29443359375,
    494.2470703125,
    493.99462890625,
    493.304931640625,
    493.486328125,
    493.9208984375,
    493.17724609375,
    493.673828125,
    492.479248046875,
    491.306640625,
    491.09130859375,
    491.93701171875,
    492.630859375,
    494.142822265625,
    491.463623046875,
    492.819580078125,
    491.62548828125,
    493.364501953125,
    492.951171875,
    491.085205078125,
    491.111328125,
    490.476806640625,
    492.101318359375,
    491.467529296875,
    492.273681640625,
    492.778564453125
  ],
  "steps_logged": [
    0,
    200,
    400,
    600,
    800,
    1000,
    1200,
    1400,
    1600,
    1800,
    2000,
    2200,
    2400,
    2600,
    2800,
    3000,
    3200,
    3400,
    3600,
    3800,
    4000,
    4200,
    4400,
    4600,
    4800,
    5000,
    5200,
    5400
  ],
  "final_step": 5400,
  "converged": true,
  "plateau_last": 0.015730425291370326,
  "elapsed_s": 993.5454397201538,
  "row": 16,
  "arch_id": "txcdr_t5",
  "arch": "txcdr_t5",
  "group": 3,
  "src_class": "TemporalCrosscoder",
  "src_module": "src.architectures.crosscoder",
  "T": 5,
  "T_max": null,
  "t_sample": null,
  "n_layers": null,
  "k_win": 500,
  "k_pos": 100,
  "shifts": null,
  "alpha": null,
  "gamma": null,
  "n_scales": null,
  "seed": 42,
  "d_in": 2304,
  "d_sae": 18432,
  "subject_model": "google/gemma-2-2b",
  "anchor_layer": 12,
  "mlc_layers": [
    10,
    11,
    12,
    13,
    14
  ],
  "phase": "phase7_unification",
  "run_id": "txcdr_t5__seed42"
}