{
  "loss": [
    139669.671875,
    9162.845703125,
    8628.8759765625,
    8289.62890625,
    8033.494140625,
    7768.4677734375,
    7551.0673828125,
    7431.21044921875,
    7350.224609375,
    7208.357421875,
    7173.7578125,
    7141.65478515625,
    7092.6796875,
    7069.80322265625,
    7006.06494140625,
    6984.2626953125,
    6966.95849609375,
    6950.60986328125,
    6932.1015625,
    6915.8935546875,
    6891.0361328125
  ],
  "l0": [
    500.0,
    495.415771484375,
    497.277099609375,
    497.393798828125,
    496.49755859375,
    496.545166015625,
    496.2236328125,
    497.53515625,
    497.54931640625,
    495.7080078125,
    496.5263671875,
    496.8037109375,
    496.80029296875,
    496.702880859375,
    496.272705078125,
    496.369140625,
    496.5107421875,
    496.409423828125,
    495.950439453125,
    495.703369140625,
    494.83642578125
  ],
  "steps_logged": [
    0,
    200,
    400,
    600,
    800,
    1000,
    1200,
    1400,
    1600,
    1800,
    2000,
    2200,
    2400,
    2600,
    2800,
    3000,
    3200,
    3400,
    3600,
    3800,
    4000
  ],
  "final_step": 4000,
  "converged": true,
  "plateau_last": 0.018072684106574668,
  "elapsed_s": 4684.71994972229,
  "row": 29,
  "arch_id": "txcdr_t32",
  "arch": "txcdr_t32",
  "group": 3,
  "src_class": "TemporalCrosscoder",
  "src_module": "src.architectures.crosscoder",
  "T": 32,
  "T_max": null,
  "t_sample": null,
  "n_layers": null,
  "k_win": 500,
  "k_pos": 16,
  "shifts": null,
  "alpha": null,
  "gamma": null,
  "n_scales": null,
  "seed": 1,
  "d_in": 2304,
  "d_sae": 18432,
  "subject_model": "google/gemma-2-2b",
  "anchor_layer": 12,
  "mlc_layers": [
    10,
    11,
    12,
    13,
    14
  ],
  "phase": "phase7_unification",
  "run_id": "txcdr_t32__seed1"
}