{
  "loss": [
    125940.171875,
    8989.904296875,
    8336.9345703125,
    7977.51171875,
    7693.07080078125,
    7463.427734375,
    7304.94140625,
    7167.08740234375,
    7094.44775390625,
    7008.03271484375,
    6947.630859375,
    6907.8447265625,
    6848.2158203125,
    6833.38232421875,
    6818.67431640625,
    6792.42431640625,
    6756.6220703125,
    6747.6904296875,
    6743.2841796875
  ],
  "l0": [
    500.0,
    496.155029296875,
    496.08935546875,
    495.2294921875,
    496.564208984375,
    497.145751953125,
    496.909423828125,
    495.878662109375,
    495.721923828125,
    497.09033203125,
    495.5625,
    495.177734375,
    494.858154296875,
    495.4228515625,
    496.04931640625,
    495.71337890625,
    494.75537109375,
    495.3486328125,
    494.89990234375
  ],
  "steps_logged": [
    0,
    200,
    400,
    600,
    800,
    1000,
    1200,
    1400,
    1600,
    1800,
    2000,
    2200,
    2400,
    2600,
    2800,
    3000,
    3200,
    3400,
    3600
  ],
  "final_step": 3600,
  "converged": true,
  "plateau_last": 0.019869996171502334,
  "elapsed_s": 3641.563637495041,
  "row": 28,
  "arch_id": "txcdr_t28",
  "arch": "txcdr_t28",
  "group": 3,
  "src_class": "TemporalCrosscoder",
  "src_module": "src.architectures.crosscoder",
  "T": 28,
  "T_max": null,
  "t_sample": null,
  "n_layers": null,
  "k_win": 500,
  "k_pos": 18,
  "shifts": null,
  "alpha": null,
  "gamma": null,
  "n_scales": null,
  "seed": 42,
  "d_in": 2304,
  "d_sae": 18432,
  "subject_model": "google/gemma-2-2b",
  "anchor_layer": 12,
  "mlc_layers": [
    10,
    11,
    12,
    13,
    14
  ],
  "phase": "phase7_unification",
  "run_id": "txcdr_t28__seed42"
}