{
  "loss": [
    48092.453125,
    6306.45263671875,
    5469.94482421875,
    5074.91748046875,
    4788.94482421875,
    4618.28857421875,
    4547.6591796875,
    4418.791015625,
    4324.10595703125,
    4253.98388671875,
    4233.44091796875,
    4145.1748046875,
    4100.9345703125,
    4104.19677734375,
    4074.540771484375,
    4028.160888671875,
    4010.862548828125,
    3970.176513671875,
    3949.996826171875,
    3920.809326171875,
    3915.040771484375,
    3875.427001953125,
    3878.01806640625,
    3858.763427734375,
    3883.25048828125,
    3866.01416015625,
    3835.19384765625
  ],
  "l0": [
    500.0,
    495.21484375,
    496.008056640625,
    495.939453125,
    494.549560546875,
    493.9580078125,
    494.4990234375,
    494.210205078125,
    493.7119140625,
    493.146728515625,
    494.04443359375,
    493.61376953125,
    492.7265625,
    493.489501953125,
    492.774658203125,
    492.2578125,
    491.93896484375,
    493.103515625,
    493.124755859375,
    491.602783203125,
    491.806884765625,
    491.767333984375,
    492.539794921875,
    492.02978515625,
    491.913330078125,
    492.790283203125,
    491.43603515625
  ],
  "steps_logged": [
    0,
    200,
    400,
    600,
    800,
    1000,
    1200,
    1400,
    1600,
    1800,
    2000,
    2200,
    2400,
    2600,
    2800,
    3000,
    3200,
    3400,
    3600,
    3800,
    4000,
    4200,
    4400,
    4600,
    4800,
    5000,
    5200
  ],
  "final_step": 5200,
  "converged": true,
  "plateau_last": 0.01580170808955213,
  "elapsed_s": 1014.807079076767,
  "row": 16,
  "arch_id": "txcdr_t5",
  "arch": "txcdr_t5",
  "group": 3,
  "src_class": "TemporalCrosscoder",
  "src_module": "src.architectures.crosscoder",
  "T": 5,
  "T_max": null,
  "t_sample": null,
  "n_layers": null,
  "k_win": 500,
  "k_pos": 100,
  "shifts": null,
  "alpha": null,
  "gamma": null,
  "n_scales": null,
  "seed": 2,
  "d_in": 2304,
  "d_sae": 18432,
  "subject_model": "google/gemma-2-2b",
  "anchor_layer": 12,
  "mlc_layers": [
    10,
    11,
    12,
    13,
    14
  ],
  "phase": "phase7_unification",
  "run_id": "txcdr_t5__seed2"
}