{
  "loss": [
    116178.390625,
    8790.744140625,
    8057.35498046875,
    7583.00146484375,
    7335.587890625,
    7124.6474609375,
    7047.59130859375,
    6901.099609375,
    6828.86865234375,
    6772.94921875,
    6694.2568359375,
    6681.6669921875,
    6636.24365234375,
    6577.77734375,
    6567.9873046875,
    6527.0849609375,
    6496.3349609375,
    6500.5087890625,
    6503.9140625,
    6485.18896484375
  ],
  "l0": [
    500.0,
    494.735595703125,
    494.606201171875,
    494.954345703125,
    495.3798828125,
    495.383544921875,
    495.922119140625,
    495.3583984375,
    495.638916015625,
    495.871826171875,
    495.638671875,
    496.05712890625,
    494.84521484375,
    493.788330078125,
    494.913330078125,
    494.261962890625,
    493.3515625,
    494.329345703125,
    494.3369140625,
    495.38330078125
  ],
  "steps_logged": [
    0,
    200,
    400,
    600,
    800,
    1000,
    1200,
    1400,
    1600,
    1800,
    2000,
    2200,
    2400,
    2600,
    2800,
    3000,
    3200,
    3400,
    3600,
    3800
  ],
  "final_step": 3800,
  "converged": true,
  "plateau_last": 0.019449354927136432,
  "elapsed_s": 3289.146763086319,
  "row": 27,
  "arch_id": "txcdr_t24",
  "arch": "txcdr_t24",
  "group": 3,
  "src_class": "TemporalCrosscoder",
  "src_module": "src.architectures.crosscoder",
  "T": 24,
  "T_max": null,
  "t_sample": null,
  "n_layers": null,
  "k_win": 500,
  "k_pos": 21,
  "shifts": null,
  "alpha": null,
  "gamma": null,
  "n_scales": null,
  "seed": 42,
  "d_in": 2304,
  "d_sae": 18432,
  "subject_model": "google/gemma-2-2b",
  "anchor_layer": 12,
  "mlc_layers": [
    10,
    11,
    12,
    13,
    14
  ],
  "phase": "phase7_unification",
  "run_id": "txcdr_t24__seed42"
}