{
  "loss": [
    46745.4609375,
    5458.173828125,
    4610.2490234375,
    4224.2529296875,
    3949.960693359375,
    3836.739013671875,
    3679.7001953125,
    3597.25732421875,
    3493.54248046875,
    3427.070068359375,
    3393.2890625,
    3340.842529296875,
    3288.20751953125,
    3253.8203125,
    3192.224365234375,
    3206.580810546875,
    3183.95068359375,
    3126.70068359375,
    3130.2421875,
    3121.94482421875,
    3102.05078125,
    3059.790771484375,
    3073.043701171875,
    3058.241943359375,
    3057.125,
    3023.4345703125,
    2996.6298828125,
    3019.50146484375,
    2995.42333984375,
    3012.8291015625
  ],
  "l0": [
    500.0,
    496.18115234375,
    497.615234375,
    496.669921875,
    495.5498046875,
    495.77685546875,
    495.477294921875,
    496.007568359375,
    494.368408203125,
    493.77099609375,
    494.755126953125,
    493.34033203125,
    493.21484375,
    493.42333984375,
    494.177490234375,
    493.40234375,
    494.214111328125,
    492.758056640625,
    492.671875,
    492.804443359375,
    493.15625,
    491.6591796875,
    493.19677734375,
    492.552978515625,
    492.1748046875,
    493.334228515625,
    490.871337890625,
    495.074951171875,
    491.7744140625,
    491.925537109375
  ],
  "steps_logged": [
    0,
    200,
    400,
    600,
    800,
    1000,
    1200,
    1400,
    1600,
    1800,
    2000,
    2200,
    2400,
    2600,
    2800,
    3000,
    3200,
    3400,
    3600,
    3800,
    4000,
    4200,
    4400,
    4600,
    4800,
    5000,
    5200,
    5400,
    5600,
    5800
  ],
  "final_step": 5800,
  "converged": true,
  "plateau_last": 0.01970220645264036,
  "elapsed_s": 667.490526676178,
  "row": 14,
  "arch_id": "txcdr_t3",
  "arch": "txcdr_t3",
  "group": 3,
  "src_class": "TemporalCrosscoder",
  "src_module": "src.architectures.crosscoder",
  "T": 3,
  "T_max": null,
  "t_sample": null,
  "n_layers": null,
  "k_win": 500,
  "k_pos": 167,
  "shifts": null,
  "alpha": null,
  "gamma": null,
  "n_scales": null,
  "seed": 2,
  "d_in": 2304,
  "d_sae": 18432,
  "subject_model": "google/gemma-2-2b",
  "anchor_layer": 12,
  "mlc_layers": [
    10,
    11,
    12,
    13,
    14
  ],
  "phase": "phase7_unification",
  "run_id": "txcdr_t3__seed2"
}