{
  "loss": [
    52168.55078125,
    6342.427734375,
    5434.55078125,
    5043.75732421875,
    4744.62353515625,
    4586.78271484375,
    4467.81201171875,
    4402.23193359375,
    4312.52294921875,
    4229.1728515625,
    4215.94140625,
    4153.93701171875,
    4090.625732421875,
    4069.999267578125,
    4030.122802734375,
    3976.331787109375,
    3962.215576171875,
    3940.017578125,
    3910.79345703125,
    3915.219482421875,
    3915.672607421875,
    3877.02392578125,
    3852.295654296875,
    3855.009033203125,
    3850.58837890625
  ],
  "l0": [
    500.0,
    497.3984375,
    494.97900390625,
    495.47607421875,
    493.33984375,
    493.5986328125,
    492.87353515625,
    494.19189453125,
    493.55419921875,
    492.693115234375,
    494.391357421875,
    493.48779296875,
    493.461669921875,
    493.91455078125,
    492.038330078125,
    491.122314453125,
    492.433349609375,
    491.28759765625,
    491.46484375,
    491.990966796875,
    492.260009765625,
    492.456787109375,
    491.58349609375,
    492.36962890625,
    492.000244140625
  ],
  "steps_logged": [
    0,
    200,
    400,
    600,
    800,
    1000,
    1200,
    1400,
    1600,
    1800,
    2000,
    2200,
    2400,
    2600,
    2800,
    3000,
    3200,
    3400,
    3600,
    3800,
    4000,
    4200,
    4400,
    4600,
    4800
  ],
  "final_step": 4800,
  "converged": true,
  "plateau_last": 0.017964773637391955,
  "elapsed_s": 900.6991291046143,
  "row": 16,
  "arch_id": "txcdr_t5",
  "arch": "txcdr_t5",
  "group": 3,
  "src_class": "TemporalCrosscoder",
  "src_module": "src.architectures.crosscoder",
  "T": 5,
  "T_max": null,
  "t_sample": null,
  "n_layers": null,
  "k_win": 500,
  "k_pos": 100,
  "shifts": null,
  "alpha": null,
  "gamma": null,
  "n_scales": null,
  "seed": 1,
  "d_in": 2304,
  "d_sae": 18432,
  "subject_model": "google/gemma-2-2b",
  "anchor_layer": 12,
  "mlc_layers": [
    10,
    11,
    12,
    13,
    14
  ],
  "phase": "phase7_unification",
  "run_id": "txcdr_t5__seed1"
}