{
  "loss": [
    196324.796875,
    8437.9111328125,
    7740.90771484375,
    7400.27978515625,
    7117.05615234375,
    6930.81884765625,
    6760.26708984375,
    6712.59375,
    6613.91259765625,
    6457.60791015625,
    6445.71435546875,
    6363.91748046875,
    6502.68603515625,
    6409.44482421875,
    6323.49169921875,
    6197.802734375,
    6191.57373046875,
    6118.4013671875,
    6224.83740234375,
    6122.3017578125,
    6169.93505859375,
    6049.19873046875,
    6054.033203125
  ],
  "l0": [
    2000.0,
    694.223876953125,
    1019.22705078125,
    1180.310791015625,
    1271.63525390625,
    1335.480712890625,
    1440.686767578125,
    1468.38427734375,
    1536.83642578125,
    1652.286865234375,
    1708.920166015625,
    1767.3017578125,
    1758.424560546875,
    1832.69677734375,
    1863.196044921875,
    1912.782470703125,
    1964.275634765625,
    1971.002197265625,
    1957.057373046875,
    1965.260498046875,
    1965.279541015625,
    1973.267333984375,
    1964.620361328125
  ],
  "steps_logged": [
    0,
    200,
    400,
    600,
    800,
    1000,
    1200,
    1400,
    1600,
    1800,
    2000,
    2200,
    2400,
    2600,
    2800,
    3000,
    3200,
    3400,
    3600,
    3800,
    4000,
    4200,
    4400
  ],
  "final_step": 4400,
  "converged": true,
  "plateau_last": 0.019858963404797897,
  "elapsed_s": 3240.0168159008026,
  "row": 46,
  "arch_id": "txcdr_t20_kpos100",
  "arch": "txcdr_t20_kpos100",
  "group": 5,
  "src_class": "TemporalCrosscoder",
  "src_module": "src.architectures.crosscoder",
  "T": 20,
  "T_max": null,
  "t_sample": null,
  "n_layers": null,
  "k_win": 2000,
  "k_pos": 100,
  "shifts": null,
  "alpha": null,
  "gamma": null,
  "n_scales": null,
  "seed": 1,
  "d_in": 2304,
  "d_sae": 18432,
  "subject_model": "google/gemma-2-2b",
  "anchor_layer": 12,
  "mlc_layers": [
    10,
    11,
    12,
    13,
    14
  ],
  "phase": "phase7_unification",
  "run_id": "txcdr_t20_kpos100__seed1"
}