{
  "loss": [
    50398.875,
    5936.8447265625,
    5094.5615234375,
    4711.45361328125,
    4417.048828125,
    4251.64501953125,
    4144.3173828125,
    4013.38818359375,
    3945.41162109375,
    3876.5390625,
    3796.54638671875,
    3758.0751953125,
    3736.530029296875,
    3665.77734375,
    3665.569580078125,
    3619.26611328125,
    3615.7294921875,
    3570.207275390625,
    3598.13818359375,
    3574.25341796875,
    3545.118896484375,
    3490.67236328125,
    3486.68505859375,
    3475.81298828125,
    3476.316650390625,
    3457.33642578125,
    3429.99169921875,
    3427.26611328125,
    3430.28173828125
  ],
  "l0": [
    500.0,
    496.77734375,
    496.881103515625,
    496.063232421875,
    494.43359375,
    493.623779296875,
    493.064453125,
    494.19921875,
    493.50634765625,
    492.553466796875,
    492.1455078125,
    493.142578125,
    492.5322265625,
    493.010498046875,
    493.131103515625,
    492.0712890625,
    493.060546875,
    492.77587890625,
    493.101318359375,
    492.096923828125,
    491.15966796875,
    492.44140625,
    492.015625,
    491.58154296875,
    492.828125,
    491.70556640625,
    490.634765625,
    492.38720703125,
    490.760009765625
  ],
  "steps_logged": [
    0,
    200,
    400,
    600,
    800,
    1000,
    1200,
    1400,
    1600,
    1800,
    2000,
    2200,
    2400,
    2600,
    2800,
    3000,
    3200,
    3400,
    3600,
    3800,
    4000,
    4200,
    4400,
    4600,
    4800,
    5000,
    5200,
    5400,
    5600
  ],
  "final_step": 5600,
  "converged": true,
  "plateau_last": 0.01999426623468689,
  "elapsed_s": 874.2572951316833,
  "row": 15,
  "arch_id": "txcdr_t4",
  "arch": "txcdr_t4",
  "group": 3,
  "src_class": "TemporalCrosscoder",
  "src_module": "src.architectures.crosscoder",
  "T": 4,
  "T_max": null,
  "t_sample": null,
  "n_layers": null,
  "k_win": 500,
  "k_pos": 125,
  "shifts": null,
  "alpha": null,
  "gamma": null,
  "n_scales": null,
  "seed": 2,
  "d_in": 2304,
  "d_sae": 18432,
  "subject_model": "google/gemma-2-2b",
  "anchor_layer": 12,
  "mlc_layers": [
    10,
    11,
    12,
    13,
    14
  ],
  "phase": "phase7_unification",
  "run_id": "txcdr_t4__seed2"
}