{
  "loss": [
    57739.921875,
    6823.6005859375,
    6033.51513671875,
    5599.9365234375,
    5331.802734375,
    5164.8759765625,
    5048.6396484375,
    4936.97802734375,
    4810.7705078125,
    4802.533203125,
    4727.6005859375,
    4681.82373046875,
    4651.91162109375,
    4599.0673828125,
    4609.0419921875,
    4568.298828125,
    4532.14501953125,
    4506.22607421875,
    4498.70166015625,
    4474.4736328125,
    4441.17333984375,
    4445.90673828125,
    4409.78076171875,
    4388.33154296875,
    4403.177734375,
    4356.6982421875
  ],
  "l0": [
    500.0,
    496.358642578125,
    494.31640625,
    494.33984375,
    494.048828125,
    494.01171875,
    494.48974609375,
    493.75390625,
    491.27197265625,
    493.4052734375,
    492.45166015625,
    491.98095703125,
    491.99072265625,
    491.636474609375,
    494.276611328125,
    492.773681640625,
    491.427978515625,
    492.310302734375,
    491.814208984375,
    492.267822265625,
    491.310546875,
    493.215576171875,
    492.546875,
    491.781494140625,
    491.470703125,
    489.7412109375
  ],
  "steps_logged": [
    0,
    200,
    400,
    600,
    800,
    1000,
    1200,
    1400,
    1600,
    1800,
    2000,
    2200,
    2400,
    2600,
    2800,
    3000,
    3200,
    3400,
    3600,
    3800,
    4000,
    4200,
    4400,
    4600,
    4800,
    5000
  ],
  "final_step": 5000,
  "converged": true,
  "plateau_last": 0.019989770170260077,
  "elapsed_s": 1334.8070814609528,
  "row": 18,
  "arch_id": "txcdr_t7",
  "arch": "txcdr_t7",
  "group": 3,
  "src_class": "TemporalCrosscoder",
  "src_module": "src.architectures.crosscoder",
  "T": 7,
  "T_max": null,
  "t_sample": null,
  "n_layers": null,
  "k_win": 500,
  "k_pos": 71,
  "shifts": null,
  "alpha": null,
  "gamma": null,
  "n_scales": null,
  "seed": 42,
  "d_in": 2304,
  "d_sae": 18432,
  "subject_model": "google/gemma-2-2b",
  "anchor_layer": 12,
  "mlc_layers": [
    10,
    11,
    12,
    13,
    14
  ],
  "phase": "phase7_unification",
  "run_id": "txcdr_t7__seed42"
}