{
  "loss": [
    61196.5859375,
    7092.49267578125,
    6250.36572265625,
    5867.0751953125,
    5571.20166015625,
    5386.6396484375,
    5294.28515625,
    5177.1357421875,
    5098.662109375,
    5053.6240234375,
    5005.64208984375,
    4949.24853515625,
    4908.767578125,
    4902.0107421875,
    4833.8095703125,
    4786.25830078125,
    4783.560546875,
    4785.3759765625,
    4727.36767578125,
    4711.06689453125,
    4711.30078125,
    4679.3095703125,
    4671.58837890625,
    4657.9931640625,
    4672.2412109375
  ],
  "l0": [
    500.0,
    496.16259765625,
    494.792236328125,
    494.61083984375,
    493.4130859375,
    493.587646484375,
    494.15380859375,
    492.3828125,
    493.781005859375,
    493.495849609375,
    493.601318359375,
    493.962158203125,
    493.771728515625,
    493.87353515625,
    490.72998046875,
    491.28857421875,
    493.49072265625,
    492.88916015625,
    492.4970703125,
    490.678466796875,
    491.49853515625,
    493.09814453125,
    492.278564453125,
    491.771240234375,
    492.584716796875
  ],
  "steps_logged": [
    0,
    200,
    400,
    600,
    800,
    1000,
    1200,
    1400,
    1600,
    1800,
    2000,
    2200,
    2400,
    2600,
    2800,
    3000,
    3200,
    3400,
    3600,
    3800,
    4000,
    4200,
    4400,
    4600,
    4800
  ],
  "final_step": 4800,
  "converged": true,
  "plateau_last": 0.01686150029531482,
  "elapsed_s": 1432.9058766365051,
  "row": 19,
  "arch_id": "txcdr_t8",
  "arch": "txcdr_t8",
  "group": 3,
  "src_class": "TemporalCrosscoder",
  "src_module": "src.architectures.crosscoder",
  "T": 8,
  "T_max": null,
  "t_sample": null,
  "n_layers": null,
  "k_win": 500,
  "k_pos": 62,
  "shifts": null,
  "alpha": null,
  "gamma": null,
  "n_scales": null,
  "seed": 1,
  "d_in": 2304,
  "d_sae": 18432,
  "subject_model": "google/gemma-2-2b",
  "anchor_layer": 12,
  "mlc_layers": [
    10,
    11,
    12,
    13,
    14
  ],
  "phase": "phase7_unification",
  "run_id": "txcdr_t8__seed1"
}