{
  "loss": [
    97991.328125,
    8465.9951171875,
    7688.45166015625,
    7278.68896484375,
    7059.82958984375,
    6864.4970703125,
    6749.64599609375,
    6643.2158203125,
    6581.41748046875,
    6513.533203125,
    6456.22900390625,
    6422.17431640625,
    6353.03466796875,
    6334.74072265625,
    6322.28466796875,
    6285.3876953125,
    6268.79833984375,
    6257.32177734375,
    6251.5361328125,
    6225.22509765625
  ],
  "l0": [
    500.0,
    494.57958984375,
    493.152587890625,
    495.02880859375,
    495.01220703125,
    494.822021484375,
    495.3505859375,
    494.2197265625,
    494.781494140625,
    495.096923828125,
    494.840576171875,
    494.49267578125,
    492.63232421875,
    493.57080078125,
    493.860595703125,
    494.19287109375,
    494.04248046875,
    494.602783203125,
    494.3369140625,
    492.871826171875
  ],
  "steps_logged": [
    0,
    200,
    400,
    600,
    800,
    1000,
    1200,
    1400,
    1600,
    1800,
    2000,
    2200,
    2400,
    2600,
    2800,
    3000,
    3200,
    3400,
    3600,
    3800
  ],
  "final_step": 3800,
  "converged": true,
  "plateau_last": 0.01882167631616012,
  "elapsed_s": 2746.608191013336,
  "row": 26,
  "arch_id": "txcdr_t20",
  "arch": "txcdr_t20",
  "group": 3,
  "src_class": "TemporalCrosscoder",
  "src_module": "src.architectures.crosscoder",
  "T": 20,
  "T_max": null,
  "t_sample": null,
  "n_layers": null,
  "k_win": 500,
  "k_pos": 25,
  "shifts": null,
  "alpha": null,
  "gamma": null,
  "n_scales": null,
  "seed": 42,
  "d_in": 2304,
  "d_sae": 18432,
  "subject_model": "google/gemma-2-2b",
  "anchor_layer": 12,
  "mlc_layers": [
    10,
    11,
    12,
    13,
    14
  ],
  "phase": "phase7_unification",
  "run_id": "txcdr_t20__seed42"
}