{
  "loss": [
    52207.8828125,
    5972.912109375,
    5096.45166015625,
    4661.66748046875,
    4421.1484375,
    4259.6923828125,
    4123.4287109375,
    4004.048828125,
    3947.235107421875,
    3859.93994140625,
    3850.22265625,
    3764.684814453125,
    3717.211181640625,
    3693.673828125,
    3676.25732421875,
    3640.661376953125,
    3617.3017578125,
    3587.1591796875,
    3595.063232421875,
    3559.8349609375,
    3547.19580078125,
    3511.80078125,
    3522.631591796875,
    3496.140625,
    3487.25927734375,
    3487.763671875,
    3454.412353515625
  ],
  "l0": [
    500.0,
    496.600830078125,
    495.338134765625,
    495.06591796875,
    493.9501953125,
    493.119140625,
    494.1875,
    493.169921875,
    493.6279296875,
    493.099365234375,
    494.01318359375,
    491.669189453125,
    492.102783203125,
    491.5185546875,
    492.323486328125,
    492.27978515625,
    491.930908203125,
    492.566650390625,
    492.32080078125,
    491.964599609375,
    493.75732421875,
    492.50537109375,
    492.20166015625,
    493.215576171875,
    491.546630859375,
    492.79736328125,
    492.3388671875
  ],
  "steps_logged": [
    0,
    200,
    400,
    600,
    800,
    1000,
    1200,
    1400,
    1600,
    1800,
    2000,
    2200,
    2400,
    2600,
    2800,
    3000,
    3200,
    3400,
    3600,
    3800,
    4000,
    4200,
    4400,
    4600,
    4800,
    5000,
    5200
  ],
  "final_step": 5200,
  "converged": true,
  "plateau_last": 0.01982165979819521,
  "elapsed_s": 767.8947715759277,
  "row": 15,
  "arch_id": "txcdr_t4",
  "arch": "txcdr_t4",
  "group": 3,
  "src_class": "TemporalCrosscoder",
  "src_module": "src.architectures.crosscoder",
  "T": 4,
  "T_max": null,
  "t_sample": null,
  "n_layers": null,
  "k_win": 500,
  "k_pos": 125,
  "shifts": null,
  "alpha": null,
  "gamma": null,
  "n_scales": null,
  "seed": 42,
  "d_in": 2304,
  "d_sae": 18432,
  "subject_model": "google/gemma-2-2b",
  "anchor_layer": 12,
  "mlc_layers": [
    10,
    11,
    12,
    13,
    14
  ],
  "phase": "phase7_unification",
  "run_id": "txcdr_t4__seed42"
}