{
  "loss": [
    55014.6015625,
    6910.7568359375,
    5989.35205078125,
    5653.080078125,
    5327.7109375,
    5211.9130859375,
    5060.40625,
    4952.912109375,
    4899.1640625,
    4811.03662109375,
    4782.2646484375,
    4741.19775390625,
    4673.349609375,
    4654.333984375,
    4586.28515625,
    4557.30322265625,
    4557.12646484375,
    4523.322265625,
    4492.505859375,
    4493.35546875,
    4450.4365234375,
    4441.20849609375,
    4443.1845703125,
    4390.99609375,
    4396.37353515625,
    4386.30859375,
    4365.69287109375
  ],
  "l0": [
    500.0,
    496.9892578125,
    495.734375,
    495.78857421875,
    493.41552734375,
    494.09423828125,
    493.670654296875,
    492.1279296875,
    493.029296875,
    492.498046875,
    493.255859375,
    492.757080078125,
    493.77880859375,
    493.748291015625,
    491.926513671875,
    492.185546875,
    492.56591796875,
    492.58349609375,
    491.11474609375,
    492.441650390625,
    490.069580078125,
    492.6357421875,
    492.118408203125,
    492.21875,
    490.790771484375,
    491.065673828125,
    491.492919921875
  ],
  "steps_logged": [
    0,
    200,
    400,
    600,
    800,
    1000,
    1200,
    1400,
    1600,
    1800,
    2000,
    2200,
    2400,
    2600,
    2800,
    3000,
    3200,
    3400,
    3600,
    3800,
    4000,
    4200,
    4400,
    4600,
    4800,
    5000,
    5200
  ],
  "final_step": 5200,
  "converged": true,
  "plateau_last": 0.018672208802613614,
  "elapsed_s": 1354.0649790763855,
  "row": 18,
  "arch_id": "txcdr_t7",
  "arch": "txcdr_t7",
  "group": 3,
  "src_class": "TemporalCrosscoder",
  "src_module": "src.architectures.crosscoder",
  "T": 7,
  "T_max": null,
  "t_sample": null,
  "n_layers": null,
  "k_win": 500,
  "k_pos": 71,
  "shifts": null,
  "alpha": null,
  "gamma": null,
  "n_scales": null,
  "seed": 1,
  "d_in": 2304,
  "d_sae": 18432,
  "subject_model": "google/gemma-2-2b",
  "anchor_layer": 12,
  "mlc_layers": [
    10,
    11,
    12,
    13,
    14
  ],
  "phase": "phase7_unification",
  "run_id": "txcdr_t7__seed1"
}