{
  "loss": [
    81885.359375,
    7928.6806640625,
    7151.06689453125,
    6730.3740234375,
    6493.26220703125,
    6311.40673828125,
    6197.9287109375,
    6060.77587890625,
    6031.32763671875,
    5907.44873046875,
    5893.912109375,
    5838.07080078125,
    5872.9970703125,
    5791.46142578125,
    5774.919921875,
    5705.6552734375,
    5714.4189453125,
    5673.9111328125,
    5654.71435546875,
    5636.63623046875,
    5613.388671875,
    5607.9970703125,
    5610.32470703125
  ],
  "l0": [
    500.0,
    495.401123046875,
    494.998291015625,
    494.859375,
    494.065185546875,
    493.8212890625,
    494.84716796875,
    492.86328125,
    495.055908203125,
    492.43798828125,
    493.19873046875,
    493.380615234375,
    495.10107421875,
    493.4990234375,
    494.30810546875,
    492.953857421875,
    493.520263671875,
    493.476318359375,
    492.13525390625,
    492.342529296875,
    491.4375,
    492.758544921875,
    492.930908203125
  ],
  "steps_logged": [
    0,
    200,
    400,
    600,
    800,
    1000,
    1200,
    1400,
    1600,
    1800,
    2000,
    2200,
    2400,
    2600,
    2800,
    3000,
    3200,
    3400,
    3600,
    3800,
    4000,
    4200,
    4400
  ],
  "final_step": 4400,
  "converged": true,
  "plateau_last": 0.018747340873246494,
  "elapsed_s": 2280.303076505661,
  "row": 23,
  "arch_id": "txcdr_t14",
  "arch": "txcdr_t14",
  "group": 3,
  "src_class": "TemporalCrosscoder",
  "src_module": "src.architectures.crosscoder",
  "T": 14,
  "T_max": null,
  "t_sample": null,
  "n_layers": null,
  "k_win": 500,
  "k_pos": 36,
  "shifts": null,
  "alpha": null,
  "gamma": null,
  "n_scales": null,
  "seed": 1,
  "d_in": 2304,
  "d_sae": 18432,
  "subject_model": "google/gemma-2-2b",
  "anchor_layer": 12,
  "mlc_layers": [
    10,
    11,
    12,
    13,
    14
  ],
  "phase": "phase7_unification",
  "run_id": "txcdr_t14__seed1"
}