{
  "loss": [
    114124.796875,
    8761.8037109375,
    8075.87890625,
    7728.6318359375,
    7372.2158203125,
    7149.23193359375,
    7023.13671875,
    6885.041015625,
    6820.06982421875,
    6738.921875,
    6694.345703125,
    6651.458984375,
    6651.35693359375,
    6582.34375,
    6552.82373046875,
    6523.3583984375,
    6527.0146484375,
    6505.5224609375,
    6509.3193359375,
    6464.37109375
  ],
  "l0": [
    500.0,
    494.646240234375,
    495.11181640625,
    495.467529296875,
    495.067626953125,
    494.597412109375,
    494.89404296875,
    495.015869140625,
    494.597900390625,
    494.493408203125,
    494.6513671875,
    495.2958984375,
    495.392333984375,
    494.038330078125,
    494.050537109375,
    494.63232421875,
    495.148193359375,
    494.407470703125,
    494.48046875,
    494.3046875
  ],
  "steps_logged": [
    0,
    200,
    400,
    600,
    800,
    1000,
    1200,
    1400,
    1600,
    1800,
    2000,
    2200,
    2400,
    2600,
    2800,
    3000,
    3200,
    3400,
    3600,
    3800
  ],
  "final_step": 3800,
  "converged": true,
  "plateau_last": 0.018191994961020537,
  "elapsed_s": 3345.4234964847565,
  "row": 27,
  "arch_id": "txcdr_t24",
  "arch": "txcdr_t24",
  "group": 3,
  "src_class": "TemporalCrosscoder",
  "src_module": "src.architectures.crosscoder",
  "T": 24,
  "T_max": null,
  "t_sample": null,
  "n_layers": null,
  "k_win": 500,
  "k_pos": 21,
  "shifts": null,
  "alpha": null,
  "gamma": null,
  "n_scales": null,
  "seed": 1,
  "d_in": 2304,
  "d_sae": 18432,
  "subject_model": "google/gemma-2-2b",
  "anchor_layer": 12,
  "mlc_layers": [
    10,
    11,
    12,
    13,
    14
  ],
  "phase": "phase7_unification",
  "run_id": "txcdr_t24__seed1"
}