{
  "loss": [
    51173.578125,
    5441.82958984375,
    4589.42431640625,
    4200.3212890625,
    3941.823974609375,
    3805.09375,
    3659.4296875,
    3591.43212890625,
    3492.560546875,
    3412.21142578125,
    3357.705810546875,
    3312.669921875,
    3322.01318359375,
    3252.48583984375,
    3244.713623046875,
    3211.498779296875,
    3161.501708984375,
    3128.021240234375,
    3119.947265625,
    3091.8935546875,
    3108.76123046875,
    3056.535888671875,
    3050.994140625,
    3058.9619140625,
    3033.312255859375,
    3033.262451171875,
    3017.5361328125,
    3025.115966796875
  ],
  "l0": [
    500.0,
    497.26318359375,
    497.28125,
    495.98046875,
    495.6201171875,
    495.3583984375,
    495.201171875,
    494.7119140625,
    494.8115234375,
    493.94677734375,
    493.155517578125,
    494.0693359375,
    495.257568359375,
    494.607666015625,
    494.71875,
    494.0693359375,
    492.51220703125,
    491.514404296875,
    493.3984375,
    492.005859375,
    492.134521484375,
    493.317138671875,
    491.885986328125,
    491.73828125,
    492.71630859375,
    493.2666015625,
    492.344482421875,
    493.019775390625
  ],
  "steps_logged": [
    0,
    200,
    400,
    600,
    800,
    1000,
    1200,
    1400,
    1600,
    1800,
    2000,
    2200,
    2400,
    2600,
    2800,
    3000,
    3200,
    3400,
    3600,
    3800,
    4000,
    4200,
    4400,
    4600,
    4800,
    5000,
    5200,
    5400
  ],
  "final_step": 5400,
  "converged": true,
  "plateau_last": 0.01684866048759452,
  "elapsed_s": 615.5567197799683,
  "row": 14,
  "arch_id": "txcdr_t3",
  "arch": "txcdr_t3",
  "group": 3,
  "src_class": "TemporalCrosscoder",
  "src_module": "src.architectures.crosscoder",
  "T": 3,
  "T_max": null,
  "t_sample": null,
  "n_layers": null,
  "k_win": 500,
  "k_pos": 167,
  "shifts": null,
  "alpha": null,
  "gamma": null,
  "n_scales": null,
  "seed": 1,
  "d_in": 2304,
  "d_sae": 18432,
  "subject_model": "google/gemma-2-2b",
  "anchor_layer": 12,
  "mlc_layers": [
    10,
    11,
    12,
    13,
    14
  ],
  "phase": "phase7_unification",
  "run_id": "txcdr_t3__seed1"
}