{
  "loss": [
    65598.1640625,
    7417.82958984375,
    6629.9501953125,
    6145.71484375,
    5893.27294921875,
    5732.59521484375,
    5656.37353515625,
    5561.67138671875,
    5439.41748046875,
    5392.01953125,
    5307.75244140625,
    5295.08544921875,
    5256.65185546875,
    5200.81640625,
    5214.56982421875,
    5159.23291015625,
    5121.5400390625,
    5083.515625,
    5102.70703125,
    5086.28271484375,
    5103.43505859375,
    5061.44189453125
  ],
  "l0": [
    500.0,
    495.677978515625,
    494.127197265625,
    494.30615234375,
    494.153564453125,
    493.3935546875,
    495.35546875,
    494.22314453125,
    492.9384765625,
    493.854248046875,
    492.076416015625,
    493.998291015625,
    492.274169921875,
    491.265625,
    493.505126953125,
    492.49951171875,
    490.786865234375,
    492.22216796875,
    491.183837890625,
    491.575439453125,
    493.90576171875,
    491.41455078125
  ],
  "steps_logged": [
    0,
    200,
    400,
    600,
    800,
    1000,
    1200,
    1400,
    1600,
    1800,
    2000,
    2200,
    2400,
    2600,
    2800,
    3000,
    3200,
    3400,
    3600,
    3800,
    4000,
    4200
  ],
  "final_step": 4200,
  "converged": true,
  "plateau_last": 0.019860226710674538,
  "elapsed_s": 1569.1933465003967,
  "row": 21,
  "arch_id": "txcdr_t10",
  "arch": "txcdr_t10",
  "group": 3,
  "src_class": "TemporalCrosscoder",
  "src_module": "src.architectures.crosscoder",
  "T": 10,
  "T_max": null,
  "t_sample": null,
  "n_layers": null,
  "k_win": 500,
  "k_pos": 50,
  "shifts": null,
  "alpha": null,
  "gamma": null,
  "n_scales": null,
  "seed": 42,
  "d_in": 2304,
  "d_sae": 18432,
  "subject_model": "google/gemma-2-2b",
  "anchor_layer": 12,
  "mlc_layers": [
    10,
    11,
    12,
    13,
    14
  ],
  "phase": "phase7_unification",
  "run_id": "txcdr_t10__seed42"
}