{
  "loss": [
    51053.265625,
    5954.48486328125,
    5071.5810546875,
    4689.61083984375,
    4376.1884765625,
    4211.9541015625,
    4137.17333984375,
    4039.951171875,
    3963.90380859375,
    3887.58349609375,
    3824.91455078125,
    3767.552490234375,
    3742.465087890625,
    3730.9404296875,
    3664.2607421875,
    3619.781005859375,
    3618.697021484375,
    3586.25537109375,
    3599.809814453125,
    3539.82373046875,
    3554.64794921875,
    3514.4755859375,
    3489.00830078125,
    3455.00048828125,
    3500.75390625,
    3481.9541015625,
    3458.42919921875,
    3458.6298828125
  ],
  "l0": [
    500.0,
    497.142578125,
    495.2392578125,
    495.31982421875,
    493.26171875,
    493.48876953125,
    493.68359375,
    494.49462890625,
    493.08544921875,
    492.8466796875,
    492.1845703125,
    493.14892578125,
    492.550537109375,
    492.94580078125,
    491.4794921875,
    490.794677734375,
    492.592529296875,
    492.101806640625,
    491.97998046875,
    490.844482421875,
    492.40576171875,
    492.3681640625,
    490.938232421875,
    490.3271484375,
    491.9677734375,
    490.6455078125,
    492.3359375,
    492.025634765625
  ],
  "steps_logged": [
    0,
    200,
    400,
    600,
    800,
    1000,
    1200,
    1400,
    1600,
    1800,
    2000,
    2200,
    2400,
    2600,
    2800,
    3000,
    3200,
    3400,
    3600,
    3800,
    4000,
    4200,
    4400,
    4600,
    4800,
    5000,
    5200,
    5400
  ],
  "final_step": 5400,
  "converged": true,
  "plateau_last": 0.019380853760516993,
  "elapsed_s": 814.4680786132812,
  "row": 15,
  "arch_id": "txcdr_t4",
  "arch": "txcdr_t4",
  "group": 3,
  "src_class": "TemporalCrosscoder",
  "src_module": "src.architectures.crosscoder",
  "T": 4,
  "T_max": null,
  "t_sample": null,
  "n_layers": null,
  "k_win": 500,
  "k_pos": 125,
  "shifts": null,
  "alpha": null,
  "gamma": null,
  "n_scales": null,
  "seed": 1,
  "d_in": 2304,
  "d_sae": 18432,
  "subject_model": "google/gemma-2-2b",
  "anchor_layer": 12,
  "mlc_layers": [
    10,
    11,
    12,
    13,
    14
  ],
  "phase": "phase7_unification",
  "run_id": "txcdr_t4__seed1"
}