{
  "loss": [
    72379.3359375,
    7713.71826171875,
    6901.111328125,
    6453.7314453125,
    6215.8193359375,
    6056.22021484375,
    5928.0263671875,
    5832.2333984375,
    5754.82568359375,
    5694.6396484375,
    5627.03076171875,
    5589.80859375,
    5533.4560546875,
    5526.55078125,
    5518.12255859375,
    5486.27880859375,
    5448.04833984375,
    5427.03955078125,
    5392.1484375,
    5409.9072265625,
    5437.55517578125
  ],
  "l0": [
    500.0,
    495.44970703125,
    494.43359375,
    494.065185546875,
    493.84375,
    494.955078125,
    494.158447265625,
    494.5,
    493.364013671875,
    494.637939453125,
    493.19189453125,
    492.9873046875,
    491.323486328125,
    492.281494140625,
    493.76123046875,
    493.501708984375,
    491.73193359375,
    493.096923828125,
    492.323486328125,
    493.2919921875,
    493.88623046875
  ],
  "steps_logged": [
    0,
    200,
    400,
    600,
    800,
    1000,
    1200,
    1400,
    1600,
    1800,
    2000,
    2200,
    2400,
    2600,
    2800,
    3000,
    3200,
    3400,
    3600,
    3800,
    4000
  ],
  "final_step": 4000,
  "converged": true,
  "plateau_last": 0.019509432155287654,
  "elapsed_s": 1748.9966623783112,
  "row": 22,
  "arch_id": "txcdr_t12",
  "arch": "txcdr_t12",
  "group": 3,
  "src_class": "TemporalCrosscoder",
  "src_module": "src.architectures.crosscoder",
  "T": 12,
  "T_max": null,
  "t_sample": null,
  "n_layers": null,
  "k_win": 500,
  "k_pos": 42,
  "shifts": null,
  "alpha": null,
  "gamma": null,
  "n_scales": null,
  "seed": 42,
  "d_in": 2304,
  "d_sae": 18432,
  "subject_model": "google/gemma-2-2b",
  "anchor_layer": 12,
  "mlc_layers": [
    10,
    11,
    12,
    13,
    14
  ],
  "phase": "phase7_unification",
  "run_id": "txcdr_t12__seed42"
}