{
  "loss": [
    127048.21875,
    9010.2509765625,
    8322.990234375,
    8019.96240234375,
    7647.80712890625,
    7438.34814453125,
    7287.4091796875,
    7144.302734375,
    7087.75927734375,
    6982.732421875,
    6938.48486328125,
    6905.73486328125,
    6874.05615234375,
    6854.83154296875,
    6804.0595703125,
    6737.779296875,
    6765.11083984375,
    6732.81982421875,
    6722.30810546875,
    6704.28662109375,
    6705.99267578125
  ],
  "l0": [
    500.0,
    496.436767578125,
    495.828369140625,
    496.11669921875,
    495.3564453125,
    495.84716796875,
    495.854248046875,
    496.427490234375,
    496.763427734375,
    494.985107421875,
    495.532470703125,
    496.35205078125,
    496.461181640625,
    496.23974609375,
    495.359375,
    495.136474609375,
    496.354248046875,
    495.443115234375,
    496.313720703125,
    495.83984375,
    494.866455078125
  ],
  "steps_logged": [
    0,
    200,
    400,
    600,
    800,
    1000,
    1200,
    1400,
    1600,
    1800,
    2000,
    2200,
    2400,
    2600,
    2800,
    3000,
    3200,
    3400,
    3600,
    3800,
    4000
  ],
  "final_step": 4000,
  "converged": true,
  "plateau_last": 0.015974250598195773,
  "elapsed_s": 4118.382341384888,
  "row": 28,
  "arch_id": "txcdr_t28",
  "arch": "txcdr_t28",
  "group": 3,
  "src_class": "TemporalCrosscoder",
  "src_module": "src.architectures.crosscoder",
  "T": 28,
  "T_max": null,
  "t_sample": null,
  "n_layers": null,
  "k_win": 500,
  "k_pos": 18,
  "shifts": null,
  "alpha": null,
  "gamma": null,
  "n_scales": null,
  "seed": 1,
  "d_in": 2304,
  "d_sae": 18432,
  "subject_model": "google/gemma-2-2b",
  "anchor_layer": 12,
  "mlc_layers": [
    10,
    11,
    12,
    13,
    14
  ],
  "phase": "phase7_unification",
  "run_id": "txcdr_t28__seed1"
}