{
  "loss": [
    92908.046875,
    8327.9013671875,
    7557.66943359375,
    7134.87890625,
    6819.13818359375,
    6668.001953125,
    6556.73779296875,
    6445.53369140625,
    6380.42041015625,
    6300.0869140625,
    6266.673828125,
    6272.8984375,
    6221.0908203125,
    6179.3447265625,
    6141.87646484375,
    6121.23779296875,
    6092.00244140625,
    6067.939453125,
    6058.22265625,
    6041.76318359375,
    6011.56884765625,
    6020.62060546875
  ],
  "l0": [
    500.0,
    495.081298828125,
    495.985107421875,
    495.330810546875,
    493.30517578125,
    493.7763671875,
    495.130126953125,
    494.0458984375,
    494.63232421875,
    494.09228515625,
    493.43017578125,
    494.7763671875,
    495.180419921875,
    494.37353515625,
    493.494384765625,
    493.943359375,
    494.29296875,
    493.331787109375,
    493.375244140625,
    494.6123046875,
    492.470458984375,
    494.306640625
  ],
  "steps_logged": [
    0,
    200,
    400,
    600,
    800,
    1000,
    1200,
    1400,
    1600,
    1800,
    2000,
    2200,
    2400,
    2600,
    2800,
    3000,
    3200,
    3400,
    3600,
    3800,
    4000,
    4200
  ],
  "final_step": 4200,
  "converged": true,
  "plateau_last": 0.01805974724679327,
  "elapsed_s": 2787.292739868164,
  "row": 25,
  "arch_id": "txcdr_t18",
  "arch": "txcdr_t18",
  "group": 3,
  "src_class": "TemporalCrosscoder",
  "src_module": "src.architectures.crosscoder",
  "T": 18,
  "T_max": null,
  "t_sample": null,
  "n_layers": null,
  "k_win": 500,
  "k_pos": 28,
  "shifts": null,
  "alpha": null,
  "gamma": null,
  "n_scales": null,
  "seed": 1,
  "d_in": 2304,
  "d_sae": 18432,
  "subject_model": "google/gemma-2-2b",
  "anchor_layer": 12,
  "mlc_layers": [
    10,
    11,
    12,
    13,
    14
  ],
  "phase": "phase7_unification",
  "run_id": "txcdr_t18__seed1"
}