{
  "loss": [
    67571.1171875,
    7418.4736328125,
    6578.79443359375,
    6187.42333984375,
    5903.43798828125,
    5753.91015625,
    5662.55859375,
    5523.1904296875,
    5480.96142578125,
    5383.1572265625,
    5338.4326171875,
    5305.36376953125,
    5275.08154296875,
    5255.25732421875,
    5177.8837890625,
    5146.2041015625,
    5162.9072265625,
    5113.0576171875,
    5111.90625,
    5111.47119140625,
    5054.76025390625,
    5058.7861328125,
    5036.15234375
  ],
  "l0": [
    500.0,
    496.03173828125,
    494.2490234375,
    495.166015625,
    494.078857421875,
    493.81396484375,
    493.7919921875,
    493.4765625,
    494.951416015625,
    493.247314453125,
    493.535888671875,
    493.680908203125,
    494.4130859375,
    494.63623046875,
    490.94677734375,
    492.033203125,
    493.65234375,
    492.514892578125,
    492.817626953125,
    492.583984375,
    491.40576171875,
    492.527099609375,
    491.49609375
  ],
  "steps_logged": [
    0,
    200,
    400,
    600,
    800,
    1000,
    1200,
    1400,
    1600,
    1800,
    2000,
    2200,
    2400,
    2600,
    2800,
    3000,
    3200,
    3400,
    3600,
    3800,
    4000,
    4200,
    4400
  ],
  "final_step": 4400,
  "converged": true,
  "plateau_last": 0.01865125135323859,
  "elapsed_s": 1627.421629190445,
  "row": 21,
  "arch_id": "txcdr_t10",
  "arch": "txcdr_t10",
  "group": 3,
  "src_class": "TemporalCrosscoder",
  "src_module": "src.architectures.crosscoder",
  "T": 10,
  "T_max": null,
  "t_sample": null,
  "n_layers": null,
  "k_win": 500,
  "k_pos": 50,
  "shifts": null,
  "alpha": null,
  "gamma": null,
  "n_scales": null,
  "seed": 1,
  "d_in": 2304,
  "d_sae": 18432,
  "subject_model": "google/gemma-2-2b",
  "anchor_layer": 12,
  "mlc_layers": [
    10,
    11,
    12,
    13,
    14
  ],
  "phase": "phase7_unification",
  "run_id": "txcdr_t10__seed1"
}