{
  "loss": [
    90880.1796875,
    8331.3125,
    7587.39501953125,
    7133.30078125,
    6855.0927734375,
    6668.5498046875,
    6562.32470703125,
    6458.5068359375,
    6395.7236328125,
    6358.0703125,
    6278.4169921875,
    6254.08837890625,
    6226.578125,
    6172.3046875,
    6147.212890625,
    6094.3759765625,
    6084.638671875,
    6101.66259765625,
    6056.40380859375,
    6069.1943359375,
    6081.90869140625
  ],
  "l0": [
    500.0,
    495.390625,
    494.33984375,
    494.43017578125,
    494.809326171875,
    494.513671875,
    495.664794921875,
    494.459716796875,
    494.934326171875,
    494.770263671875,
    493.726806640625,
    494.1328125,
    494.0283203125,
    492.099609375,
    493.553955078125,
    492.539794921875,
    492.138427734375,
    494.975341796875,
    493.0703125,
    494.0439453125,
    495.28564453125
  ],
  "steps_logged": [
    0,
    200,
    400,
    600,
    800,
    1000,
    1200,
    1400,
    1600,
    1800,
    2000,
    2200,
    2400,
    2600,
    2800,
    3000,
    3200,
    3400,
    3600,
    3800,
    4000
  ],
  "final_step": 4000,
  "converged": true,
  "plateau_last": 0.016208418316211268,
  "elapsed_s": 2609.1145026683807,
  "row": 25,
  "arch_id": "txcdr_t18",
  "arch": "txcdr_t18",
  "group": 3,
  "src_class": "TemporalCrosscoder",
  "src_module": "src.architectures.crosscoder",
  "T": 18,
  "T_max": null,
  "t_sample": null,
  "n_layers": null,
  "k_win": 500,
  "k_pos": 28,
  "shifts": null,
  "alpha": null,
  "gamma": null,
  "n_scales": null,
  "seed": 42,
  "d_in": 2304,
  "d_sae": 18432,
  "subject_model": "google/gemma-2-2b",
  "anchor_layer": 12,
  "mlc_layers": [
    10,
    11,
    12,
    13,
    14
  ],
  "phase": "phase7_unification",
  "run_id": "txcdr_t18__seed42"
}