{
  "loss": [
    63295.16796875,
    7268.32763671875,
    6412.43310546875,
    6022.22998046875,
    5705.435546875,
    5612.7314453125,
    5426.728515625,
    5338.95849609375,
    5297.3017578125,
    5220.52587890625,
    5188.74755859375,
    5127.05908203125,
    5105.6572265625,
    5041.82080078125,
    5035.56591796875,
    4966.00537109375,
    4949.62255859375,
    4926.65380859375,
    4914.3857421875,
    4904.5615234375,
    4912.63134765625,
    4881.55078125,
    4859.982421875
  ],
  "l0": [
    500.0,
    496.057373046875,
    493.970703125,
    494.6533203125,
    492.2548828125,
    495.5029296875,
    493.968505859375,
    492.55126953125,
    493.233642578125,
    494.0,
    493.300537109375,
    493.874267578125,
    493.83203125,
    491.8681640625,
    491.704345703125,
    490.967529296875,
    491.678955078125,
    492.40283203125,
    491.4892578125,
    491.864501953125,
    492.183349609375,
    492.763916015625,
    491.464111328125
  ],
  "steps_logged": [
    0,
    200,
    400,
    600,
    800,
    1000,
    1200,
    1400,
    1600,
    1800,
    2000,
    2200,
    2400,
    2600,
    2800,
    3000,
    3200,
    3400,
    3600,
    3800,
    4000,
    4200,
    4400
  ],
  "final_step": 4400,
  "converged": true,
  "plateau_last": 0.017919846782672593,
  "elapsed_s": 1474.2409226894379,
  "row": 20,
  "arch_id": "txcdr_t9",
  "arch": "txcdr_t9",
  "group": 3,
  "src_class": "TemporalCrosscoder",
  "src_module": "src.architectures.crosscoder",
  "T": 9,
  "T_max": null,
  "t_sample": null,
  "n_layers": null,
  "k_win": 500,
  "k_pos": 56,
  "shifts": null,
  "alpha": null,
  "gamma": null,
  "n_scales": null,
  "seed": 1,
  "d_in": 2304,
  "d_sae": 18432,
  "subject_model": "google/gemma-2-2b",
  "anchor_layer": 12,
  "mlc_layers": [
    10,
    11,
    12,
    13,
    14
  ],
  "phase": "phase7_unification",
  "run_id": "txcdr_t9__seed1"
}