{
  "loss": [
    56080.421875,
    6856.16259765625,
    6034.1064453125,
    5598.9052734375,
    5339.90625,
    5159.7578125,
    5041.169921875,
    4946.669921875,
    4878.232421875,
    4772.8173828125,
    4754.31591796875,
    4681.7568359375,
    4623.92138671875,
    4635.57421875,
    4600.3046875,
    4529.744140625,
    4545.169921875,
    4494.306640625,
    4526.4052734375,
    4510.4169921875,
    4436.6962890625,
    4414.267578125,
    4437.484375,
    4440.3876953125,
    4407.373046875,
    4375.6904296875
  ],
  "l0": [
    500.0,
    494.39697265625,
    494.12109375,
    494.83154296875,
    494.172119140625,
    492.957275390625,
    492.938232421875,
    492.335205078125,
    493.08642578125,
    492.0126953125,
    492.73681640625,
    491.357421875,
    490.5078125,
    493.208984375,
    492.582763671875,
    492.46728515625,
    491.911376953125,
    491.305419921875,
    493.31103515625,
    491.4091796875,
    491.3466796875,
    490.43603515625,
    491.9892578125,
    492.1416015625,
    490.90771484375,
    491.515869140625
  ],
  "steps_logged": [
    0,
    200,
    400,
    600,
    800,
    1000,
    1200,
    1400,
    1600,
    1800,
    2000,
    2200,
    2400,
    2600,
    2800,
    3000,
    3200,
    3400,
    3600,
    3800,
    4000,
    4200,
    4400,
    4600,
    4800,
    5000
  ],
  "final_step": 5000,
  "converged": true,
  "plateau_last": 0.019446190518349653,
  "elapsed_s": 1393.7411108016968,
  "row": 18,
  "arch_id": "txcdr_t7",
  "arch": "txcdr_t7",
  "group": 3,
  "src_class": "TemporalCrosscoder",
  "src_module": "src.architectures.crosscoder",
  "T": 7,
  "T_max": null,
  "t_sample": null,
  "n_layers": null,
  "k_win": 500,
  "k_pos": 71,
  "shifts": null,
  "alpha": null,
  "gamma": null,
  "n_scales": null,
  "seed": 2,
  "d_in": 2304,
  "d_sae": 18432,
  "subject_model": "google/gemma-2-2b",
  "anchor_layer": 12,
  "mlc_layers": [
    10,
    11,
    12,
    13,
    14
  ],
  "phase": "phase7_unification",
  "run_id": "txcdr_t7__seed2"
}