{
  "loss": [
    78794.5390625,
    7954.9296875,
    7142.970703125,
    6692.943359375,
    6419.9033203125,
    6290.994140625,
    6195.22802734375,
    6110.32275390625,
    5990.900390625,
    5951.47802734375,
    5868.13525390625,
    5884.0830078125,
    5808.63427734375,
    5769.802734375,
    5779.02685546875,
    5718.67431640625,
    5669.50146484375,
    5677.1123046875,
    5676.41162109375,
    5652.60888671875,
    5650.5107421875,
    5579.45751953125
  ],
  "l0": [
    500.0,
    494.445068359375,
    493.563232421875,
    493.69384765625,
    492.4619140625,
    493.3349609375,
    494.3876953125,
    495.330810546875,
    492.84423828125,
    493.68310546875,
    493.21923828125,
    495.37939453125,
    492.763671875,
    493.43017578125,
    494.1953125,
    492.7421875,
    493.24560546875,
    492.63720703125,
    493.573486328125,
    493.132568359375,
    493.068359375,
    491.716796875
  ],
  "steps_logged": [
    0,
    200,
    400,
    600,
    800,
    1000,
    1200,
    1400,
    1600,
    1800,
    2000,
    2200,
    2400,
    2600,
    2800,
    3000,
    3200,
    3400,
    3600,
    3800,
    4000,
    4200
  ],
  "final_step": 4200,
  "converged": true,
  "plateau_last": 0.0177257692105817,
  "elapsed_s": 2139.9981441497803,
  "row": 23,
  "arch_id": "txcdr_t14",
  "arch": "txcdr_t14",
  "group": 3,
  "src_class": "TemporalCrosscoder",
  "src_module": "src.architectures.crosscoder",
  "T": 14,
  "T_max": null,
  "t_sample": null,
  "n_layers": null,
  "k_win": 500,
  "k_pos": 36,
  "shifts": null,
  "alpha": null,
  "gamma": null,
  "n_scales": null,
  "seed": 42,
  "d_in": 2304,
  "d_sae": 18432,
  "subject_model": "google/gemma-2-2b",
  "anchor_layer": 12,
  "mlc_layers": [
    10,
    11,
    12,
    13,
    14
  ],
  "phase": "phase7_unification",
  "run_id": "txcdr_t14__seed42"
}