{
  "loss": [
    140012.03125,
    9209.7822265625,
    8516.005859375,
    8033.82177734375,
    7904.2890625,
    7703.19140625,
    7547.212890625,
    7433.3984375,
    7332.8681640625,
    7271.283203125,
    7191.47412109375,
    7137.9775390625,
    7093.7158203125,
    7055.6298828125,
    7058.69091796875,
    7020.099609375,
    6977.46435546875,
    6987.169921875,
    6996.357421875
  ],
  "l0": [
    500.0,
    496.380126953125,
    495.966796875,
    496.725830078125,
    496.65625,
    497.186279296875,
    497.12646484375,
    497.02294921875,
    497.03466796875,
    497.32080078125,
    496.580810546875,
    496.334716796875,
    496.052490234375,
    495.736572265625,
    496.844482421875,
    496.494384765625,
    495.609619140625,
    497.097412109375,
    496.830078125
  ],
  "steps_logged": [
    0,
    200,
    400,
    600,
    800,
    1000,
    1200,
    1400,
    1600,
    1800,
    2000,
    2200,
    2400,
    2600,
    2800,
    3000,
    3200,
    3400,
    3600
  ],
  "final_step": 3600,
  "converged": true,
  "plateau_last": 0.01986844025496277,
  "elapsed_s": 4145.3756313323975,
  "row": 29,
  "arch_id": "txcdr_t32",
  "arch": "txcdr_t32",
  "group": 3,
  "src_class": "TemporalCrosscoder",
  "src_module": "src.architectures.crosscoder",
  "T": 32,
  "T_max": null,
  "t_sample": null,
  "n_layers": null,
  "k_win": 500,
  "k_pos": 16,
  "shifts": null,
  "alpha": null,
  "gamma": null,
  "n_scales": null,
  "seed": 42,
  "d_in": 2304,
  "d_sae": 18432,
  "subject_model": "google/gemma-2-2b",
  "anchor_layer": 12,
  "mlc_layers": [
    10,
    11,
    12,
    13,
    14
  ],
  "phase": "phase7_unification",
  "run_id": "txcdr_t32__seed42"
}