{
  "loss": [
    66558.6015625,
    7396.27685546875,
    6615.7236328125,
    6187.73583984375,
    5947.58544921875,
    5755.796875,
    5637.75634765625,
    5572.88623046875,
    5476.89453125,
    5421.22998046875,
    5312.5126953125,
    5311.58203125,
    5259.34521484375,
    5231.32666015625,
    5221.82275390625,
    5180.60693359375,
    5143.94482421875,
    5137.3837890625,
    5164.048828125,
    5104.08154296875,
    5079.1494140625,
    5056.75927734375
  ],
  "l0": [
    500.0,
    494.92529296875,
    494.9619140625,
    494.38134765625,
    493.830078125,
    494.27294921875,
    493.513671875,
    494.578125,
    493.6875,
    492.996337890625,
    491.823486328125,
    492.73779296875,
    492.172119140625,
    492.9814453125,
    492.260498046875,
    493.69140625,
    491.48095703125,
    493.299072265625,
    493.1279296875,
    491.549072265625,
    491.56640625,
    492.726318359375
  ],
  "steps_logged": [
    0,
    200,
    400,
    600,
    800,
    1000,
    1200,
    1400,
    1600,
    1800,
    2000,
    2200,
    2400,
    2600,
    2800,
    3000,
    3200,
    3400,
    3600,
    3800,
    4000,
    4200
  ],
  "final_step": 4200,
  "converged": true,
  "plateau_last": 0.019035320972852713,
  "elapsed_s": 1614.8997263908386,
  "row": 21,
  "arch_id": "txcdr_t10",
  "arch": "txcdr_t10",
  "group": 3,
  "src_class": "TemporalCrosscoder",
  "src_module": "src.architectures.crosscoder",
  "T": 10,
  "T_max": null,
  "t_sample": null,
  "n_layers": null,
  "k_win": 500,
  "k_pos": 50,
  "shifts": null,
  "alpha": null,
  "gamma": null,
  "n_scales": null,
  "seed": 2,
  "d_in": 2304,
  "d_sae": 18432,
  "subject_model": "google/gemma-2-2b",
  "anchor_layer": 12,
  "mlc_layers": [
    10,
    11,
    12,
    13,
    14
  ],
  "phase": "phase7_unification",
  "run_id": "txcdr_t10__seed2"
}