{
  "loss": [
    54171.03125,
    6650.0341796875,
    5778.8916015625,
    5370.9873046875,
    5066.1904296875,
    4947.537109375,
    4783.05224609375,
    4727.25146484375,
    4608.16357421875,
    4525.3857421875,
    4464.26513671875,
    4405.87451171875,
    4409.7841796875,
    4379.986328125,
    4358.74853515625,
    4317.25537109375,
    4294.2431640625,
    4237.53125,
    4268.90673828125,
    4221.75,
    4226.3876953125,
    4176.494140625,
    4168.09716796875,
    4161.02099609375,
    4171.30712890625,
    4111.2939453125,
    4131.61328125
  ],
  "l0": [
    500.0,
    496.3466796875,
    495.33447265625,
    494.26806640625,
    493.890625,
    494.245361328125,
    493.401611328125,
    493.9443359375,
    492.8857421875,
    493.117431640625,
    491.75732421875,
    492.416259765625,
    492.255126953125,
    493.2607421875,
    493.692138671875,
    492.292236328125,
    492.390869140625,
    491.463623046875,
    492.8193359375,
    493.078369140625,
    492.216796875,
    491.498779296875,
    491.876953125,
    492.4609375,
    492.950927734375,
    491.66552734375,
    491.526611328125
  ],
  "steps_logged": [
    0,
    200,
    400,
    600,
    800,
    1000,
    1200,
    1400,
    1600,
    1800,
    2000,
    2200,
    2400,
    2600,
    2800,
    3000,
    3200,
    3400,
    3600,
    3800,
    4000,
    4200,
    4400,
    4600,
    4800,
    5000,
    5200
  ],
  "final_step": 5200,
  "converged": true,
  "plateau_last": 0.018349156380293843,
  "elapsed_s": 1233.7482249736786,
  "row": 17,
  "arch_id": "txcdr_t6",
  "arch": "txcdr_t6",
  "group": 3,
  "src_class": "TemporalCrosscoder",
  "src_module": "src.architectures.crosscoder",
  "T": 6,
  "T_max": null,
  "t_sample": null,
  "n_layers": null,
  "k_win": 500,
  "k_pos": 83,
  "shifts": null,
  "alpha": null,
  "gamma": null,
  "n_scales": null,
  "seed": 2,
  "d_in": 2304,
  "d_sae": 18432,
  "subject_model": "google/gemma-2-2b",
  "anchor_layer": 12,
  "mlc_layers": [
    10,
    11,
    12,
    13,
    14
  ],
  "phase": "phase7_unification",
  "run_id": "txcdr_t6__seed2"
}