{
  "loss": [
    190314.015625,
    8380.9404296875,
    7639.52490234375,
    7175.82958984375,
    7123.58935546875,
    6930.97900390625,
    6722.64453125,
    6638.62060546875,
    6493.71044921875,
    6444.16943359375,
    6354.53857421875,
    6389.75634765625,
    6249.61376953125,
    6226.68212890625,
    6317.4833984375,
    6119.09130859375,
    6102.46435546875,
    6093.0078125,
    6063.78662109375,
    6137.21875,
    6176.896484375,
    6067.58984375
  ],
  "l0": [
    2000.0,
    721.641357421875,
    1074.68994140625,
    1253.15234375,
    1372.02294921875,
    1437.322265625,
    1508.326171875,
    1597.990966796875,
    1691.98779296875,
    1741.32177734375,
    1802.625,
    1796.91162109375,
    1921.741943359375,
    1956.709228515625,
    1967.70458984375,
    1969.94189453125,
    1968.559814453125,
    1972.504638671875,
    1971.87353515625,
    1966.11328125,
    1972.905517578125,
    1969.38818359375
  ],
  "steps_logged": [
    0,
    200,
    400,
    600,
    800,
    1000,
    1200,
    1400,
    1600,
    1800,
    2000,
    2200,
    2400,
    2600,
    2800,
    3000,
    3200,
    3400,
    3600,
    3800,
    4000,
    4200
  ],
  "final_step": 4200,
  "converged": true,
  "plateau_last": 0.015374183442458427,
  "elapsed_s": 3038.2742807865143,
  "row": 46,
  "arch_id": "txcdr_t20_kpos100",
  "arch": "txcdr_t20_kpos100",
  "group": 5,
  "src_class": "TemporalCrosscoder",
  "src_module": "src.architectures.crosscoder",
  "T": 20,
  "T_max": null,
  "t_sample": null,
  "n_layers": null,
  "k_win": 2000,
  "k_pos": 100,
  "shifts": null,
  "alpha": null,
  "gamma": null,
  "n_scales": null,
  "seed": 42,
  "d_in": 2304,
  "d_sae": 18432,
  "subject_model": "google/gemma-2-2b",
  "anchor_layer": 12,
  "mlc_layers": [
    10,
    11,
    12,
    13,
    14
  ],
  "phase": "phase7_unification",
  "run_id": "txcdr_t20_kpos100__seed42"
}