{
  "loss": [
    99656.9765625,
    8495.9384765625,
    7809.09326171875,
    7382.53759765625,
    7022.6611328125,
    6875.15966796875,
    6734.25732421875,
    6641.21435546875,
    6548.77099609375,
    6456.23291015625,
    6467.4150390625,
    6403.27734375,
    6384.01611328125,
    6369.28271484375,
    6326.41552734375,
    6255.7333984375,
    6265.23193359375,
    6235.25341796875,
    6237.76806640625,
    6187.4384765625,
    6184.453125
  ],
  "l0": [
    500.0,
    494.660888671875,
    495.036376953125,
    495.69140625,
    494.499755859375,
    495.443603515625,
    494.9326171875,
    494.127197265625,
    494.9638671875,
    493.256591796875,
    495.35205078125,
    494.600341796875,
    495.24267578125,
    494.49951171875,
    494.126708984375,
    492.799560546875,
    494.085205078125,
    494.31396484375,
    493.600830078125,
    492.791748046875,
    492.937744140625
  ],
  "steps_logged": [
    0,
    200,
    400,
    600,
    800,
    1000,
    1200,
    1400,
    1600,
    1800,
    2000,
    2200,
    2400,
    2600,
    2800,
    3000,
    3200,
    3400,
    3600,
    3800,
    4000
  ],
  "final_step": 4000,
  "converged": true,
  "plateau_last": 0.01980483072936721,
  "elapsed_s": 2942.697650194168,
  "row": 26,
  "arch_id": "txcdr_t20",
  "arch": "txcdr_t20",
  "group": 3,
  "src_class": "TemporalCrosscoder",
  "src_module": "src.architectures.crosscoder",
  "T": 20,
  "T_max": null,
  "t_sample": null,
  "n_layers": null,
  "k_win": 500,
  "k_pos": 25,
  "shifts": null,
  "alpha": null,
  "gamma": null,
  "n_scales": null,
  "seed": 1,
  "d_in": 2304,
  "d_sae": 18432,
  "subject_model": "google/gemma-2-2b",
  "anchor_layer": 12,
  "mlc_layers": [
    10,
    11,
    12,
    13,
    14
  ],
  "phase": "phase7_unification",
  "run_id": "txcdr_t20__seed1"
}