{
  "loss": [
    61846.7578125,
    7251.92822265625,
    6458.99658203125,
    5983.8173828125,
    5780.24853515625,
    5590.4765625,
    5478.08154296875,
    5322.8046875,
    5273.671875,
    5214.28662109375,
    5172.58349609375,
    5137.35693359375,
    5074.54931640625,
    5048.98095703125,
    5031.38037109375,
    5019.92626953125,
    4973.060546875,
    4928.88525390625,
    4917.76806640625,
    4933.12158203125,
    4892.38037109375,
    4899.1630859375,
    4870.66943359375
  ],
  "l0": [
    500.0,
    495.1845703125,
    494.15380859375,
    493.521728515625,
    495.02099609375,
    494.0234375,
    495.560791015625,
    492.544921875,
    493.161376953125,
    493.2138671875,
    493.01171875,
    492.8076171875,
    492.70947265625,
    491.384765625,
    492.41552734375,
    492.194091796875,
    491.269287109375,
    492.225341796875,
    492.133544921875,
    492.436767578125,
    491.92236328125,
    493.03125,
    492.623291015625
  ],
  "steps_logged": [
    0,
    200,
    400,
    600,
    800,
    1000,
    1200,
    1400,
    1600,
    1800,
    2000,
    2200,
    2400,
    2600,
    2800,
    3000,
    3200,
    3400,
    3600,
    3800,
    4000,
    4200,
    4400
  ],
  "final_step": 4400,
  "converged": true,
  "plateau_last": 0.01956348665257912,
  "elapsed_s": 1504.1384608745575,
  "row": 20,
  "arch_id": "txcdr_t9",
  "arch": "txcdr_t9",
  "group": 3,
  "src_class": "TemporalCrosscoder",
  "src_module": "src.architectures.crosscoder",
  "T": 9,
  "T_max": null,
  "t_sample": null,
  "n_layers": null,
  "k_win": 500,
  "k_pos": 56,
  "shifts": null,
  "alpha": null,
  "gamma": null,
  "n_scales": null,
  "seed": 42,
  "d_in": 2304,
  "d_sae": 18432,
  "subject_model": "google/gemma-2-2b",
  "anchor_layer": 12,
  "mlc_layers": [
    10,
    11,
    12,
    13,
    14
  ],
  "phase": "phase7_unification",
  "run_id": "txcdr_t9__seed42"
}