{
  "loss": [
    52537.3359375,
    5481.72216796875,
    4616.3291015625,
    4175.46630859375,
    3970.78515625,
    3783.54638671875,
    3708.199951171875,
    3583.264404296875,
    3526.29443359375,
    3452.38818359375,
    3391.862060546875,
    3334.047607421875,
    3306.83935546875,
    3250.64453125,
    3227.283935546875,
    3178.41552734375,
    3177.18115234375,
    3146.31689453125,
    3128.744873046875,
    3111.853515625,
    3125.71044921875,
    3084.193115234375,
    3052.525390625,
    3042.430419921875,
    3061.61376953125,
    3023.41015625,
    3017.22998046875,
    3008.359130859375,
    3012.84521484375
  ],
  "l0": [
    500.0,
    498.578125,
    498.03955078125,
    496.2060546875,
    495.38232421875,
    495.0166015625,
    495.4453125,
    494.364013671875,
    494.387451171875,
    494.97021484375,
    494.502685546875,
    494.039306640625,
    493.384033203125,
    492.657958984375,
    493.062255859375,
    491.278564453125,
    492.381591796875,
    493.718017578125,
    492.918212890625,
    493.103271484375,
    493.101806640625,
    494.022216796875,
    492.474853515625,
    492.50537109375,
    493.99169921875,
    492.401123046875,
    493.3583984375,
    491.751708984375,
    491.998779296875
  ],
  "steps_logged": [
    0,
    200,
    400,
    600,
    800,
    1000,
    1200,
    1400,
    1600,
    1800,
    2000,
    2200,
    2400,
    2600,
    2800,
    3000,
    3200,
    3400,
    3600,
    3800,
    4000,
    4200,
    4400,
    4600,
    4800,
    5000,
    5200,
    5400,
    5600
  ],
  "final_step": 5600,
  "converged": true,
  "plateau_last": 0.01902186547498099,
  "elapsed_s": 624.2386348247528,
  "row": 14,
  "arch_id": "txcdr_t3",
  "arch": "txcdr_t3",
  "group": 3,
  "src_class": "TemporalCrosscoder",
  "src_module": "src.architectures.crosscoder",
  "T": 3,
  "T_max": null,
  "t_sample": null,
  "n_layers": null,
  "k_win": 500,
  "k_pos": 167,
  "shifts": null,
  "alpha": null,
  "gamma": null,
  "n_scales": null,
  "seed": 42,
  "d_in": 2304,
  "d_sae": 18432,
  "subject_model": "google/gemma-2-2b",
  "anchor_layer": 12,
  "mlc_layers": [
    10,
    11,
    12,
    13,
    14
  ],
  "phase": "phase7_unification",
  "run_id": "txcdr_t3__seed42"
}