{
  "loss": [
    86074.1875,
    8137.83203125,
    7328.12451171875,
    6934.82421875,
    6639.08984375,
    6528.73583984375,
    6366.35986328125,
    6264.09130859375,
    6200.1298828125,
    6150.84423828125,
    6097.353515625,
    6081.806640625,
    6058.513671875,
    5985.4404296875,
    5980.455078125,
    5937.638671875,
    5935.2060546875,
    5919.9892578125,
    5914.978515625,
    5867.076171875,
    5828.625
  ],
  "l0": [
    500.0,
    494.732421875,
    493.952392578125,
    494.396728515625,
    493.673095703125,
    495.595947265625,
    493.7314453125,
    492.962646484375,
    493.915771484375,
    494.289306640625,
    492.7548828125,
    494.75390625,
    495.533203125,
    493.26318359375,
    492.83984375,
    492.585693359375,
    494.3466796875,
    493.866455078125,
    493.0390625,
    493.701416015625,
    491.65283203125
  ],
  "steps_logged": [
    0,
    200,
    400,
    600,
    800,
    1000,
    1200,
    1400,
    1600,
    1800,
    2000,
    2200,
    2400,
    2600,
    2800,
    3000,
    3200,
    3400,
    3600,
    3800,
    4000
  ],
  "final_step": 4000,
  "converged": true,
  "plateau_last": 0.01923786085230165,
  "elapsed_s": 2359.3272178173065,
  "row": 24,
  "arch_id": "txcdr_t16",
  "arch": "txcdr_t16",
  "group": 3,
  "src_class": "TemporalCrosscoder",
  "src_module": "src.architectures.crosscoder",
  "T": 16,
  "T_max": null,
  "t_sample": null,
  "n_layers": null,
  "k_win": 500,
  "k_pos": 31,
  "shifts": null,
  "alpha": null,
  "gamma": null,
  "n_scales": null,
  "seed": 1,
  "d_in": 2304,
  "d_sae": 18432,
  "subject_model": "google/gemma-2-2b",
  "anchor_layer": 12,
  "mlc_layers": [
    10,
    11,
    12,
    13,
    14
  ],
  "phase": "phase7_unification",
  "run_id": "txcdr_t16__seed1"
}