{
  "loss": [
    85124.140625,
    8137.93408203125,
    7364.380859375,
    6921.810546875,
    6681.3779296875,
    6476.267578125,
    6410.3896484375,
    6274.2646484375,
    6248.939453125,
    6142.26025390625,
    6113.86328125,
    6055.2666015625,
    6024.18408203125,
    5964.6142578125,
    5978.013671875,
    5919.0634765625,
    5906.6923828125,
    5911.49853515625,
    5907.509765625,
    5885.46484375,
    5890.86279296875
  ],
  "l0": [
    500.0,
    495.268798828125,
    494.782958984375,
    494.98681640625,
    494.78515625,
    493.3671875,
    495.431640625,
    495.2646484375,
    495.24951171875,
    493.895751953125,
    495.16162109375,
    493.66015625,
    493.885498046875,
    491.570068359375,
    493.70947265625,
    492.601806640625,
    492.9033203125,
    494.44921875,
    493.427978515625,
    493.004150390625,
    494.029541015625
  ],
  "steps_logged": [
    0,
    200,
    400,
    600,
    800,
    1000,
    1200,
    1400,
    1600,
    1800,
    2000,
    2200,
    2400,
    2600,
    2800,
    3000,
    3200,
    3400,
    3600,
    3800,
    4000
  ],
  "final_step": 4000,
  "converged": true,
  "plateau_last": 0.014665899123474001,
  "elapsed_s": 2322.7389430999756,
  "row": 24,
  "arch_id": "txcdr_t16",
  "arch": "txcdr_t16",
  "group": 3,
  "src_class": "TemporalCrosscoder",
  "src_module": "src.architectures.crosscoder",
  "T": 16,
  "T_max": null,
  "t_sample": null,
  "n_layers": null,
  "k_win": 500,
  "k_pos": 31,
  "shifts": null,
  "alpha": null,
  "gamma": null,
  "n_scales": null,
  "seed": 42,
  "d_in": 2304,
  "d_sae": 18432,
  "subject_model": "google/gemma-2-2b",
  "anchor_layer": 12,
  "mlc_layers": [
    10,
    11,
    12,
    13,
    14
  ],
  "phase": "phase7_unification",
  "run_id": "txcdr_t16__seed42"
}