{
  "loss": [
    55801.796875,
    6639.0859375,
    5760.76708984375,
    5369.025390625,
    5126.3740234375,
    4906.5537109375,
    4791.41015625,
    4706.08056640625,
    4642.583984375,
    4559.7333984375,
    4504.3955078125,
    4453.2333984375,
    4410.76171875,
    4349.2734375,
    4349.26708984375,
    4326.11767578125,
    4273.9140625,
    4248.3876953125,
    4266.92626953125,
    4234.31787109375,
    4243.162109375,
    4177.1015625,
    4197.99072265625
  ],
  "l0": [
    500.0,
    495.3798828125,
    495.23046875,
    494.33984375,
    494.500732421875,
    494.88671875,
    494.706787109375,
    494.05859375,
    494.1337890625,
    492.677734375,
    491.287109375,
    492.898193359375,
    492.56884765625,
    492.5390625,
    491.428466796875,
    491.50390625,
    492.371337890625,
    492.856689453125,
    493.398193359375,
    491.203857421875,
    492.8896484375,
    492.328125,
    491.24169921875
  ],
  "steps_logged": [
    0,
    200,
    400,
    600,
    800,
    1000,
    1200,
    1400,
    1600,
    1800,
    2000,
    2200,
    2400,
    2600,
    2800,
    3000,
    3200,
    3400,
    3600,
    3800,
    4000,
    4200,
    4400
  ],
  "final_step": 4400,
  "converged": true,
  "plateau_last": 0.019838595632803786,
  "elapsed_s": 990.7479968070984,
  "row": 17,
  "arch_id": "txcdr_t6",
  "arch": "txcdr_t6",
  "group": 3,
  "src_class": "TemporalCrosscoder",
  "src_module": "src.architectures.crosscoder",
  "T": 6,
  "T_max": null,
  "t_sample": null,
  "n_layers": null,
  "k_win": 500,
  "k_pos": 83,
  "shifts": null,
  "alpha": null,
  "gamma": null,
  "n_scales": null,
  "seed": 42,
  "d_in": 2304,
  "d_sae": 18432,
  "subject_model": "google/gemma-2-2b",
  "anchor_layer": 12,
  "mlc_layers": [
    10,
    11,
    12,
    13,
    14
  ],
  "phase": "phase7_unification",
  "run_id": "txcdr_t6__seed42"
}