{
  "loss": [
    64777.33203125,
    7216.87353515625,
    6445.3369140625,
    6017.2177734375,
    5718.55224609375,
    5551.36962890625,
    5407.50732421875,
    5351.4931640625,
    5276.8115234375,
    5195.140625,
    5149.08056640625,
    5100.8740234375,
    5030.70458984375,
    5060.70849609375,
    5012.64501953125,
    4992.171875,
    4950.98779296875,
    4899.64794921875,
    4944.74658203125,
    4911.373046875,
    4867.25244140625,
    4862.4384765625,
    4847.87060546875
  ],
  "l0": [
    500.0,
    493.81640625,
    495.736328125,
    495.7236328125,
    494.32373046875,
    493.673828125,
    493.031005859375,
    493.646240234375,
    492.457275390625,
    492.50927734375,
    492.21337890625,
    491.166259765625,
    490.8427734375,
    493.017578125,
    491.837890625,
    493.05615234375,
    492.98876953125,
    491.439697265625,
    493.920166015625,
    491.546875,
    491.621337890625,
    491.1064453125,
    492.19482421875
  ],
  "steps_logged": [
    0,
    200,
    400,
    600,
    800,
    1000,
    1200,
    1400,
    1600,
    1800,
    2000,
    2200,
    2400,
    2600,
    2800,
    3000,
    3200,
    3400,
    3600,
    3800,
    4000,
    4200,
    4400
  ],
  "final_step": 4400,
  "converged": true,
  "plateau_last": 0.019364137914221525,
  "elapsed_s": 1522.4389989376068,
  "row": 20,
  "arch_id": "txcdr_t9",
  "arch": "txcdr_t9",
  "group": 3,
  "src_class": "TemporalCrosscoder",
  "src_module": "src.architectures.crosscoder",
  "T": 9,
  "T_max": null,
  "t_sample": null,
  "n_layers": null,
  "k_win": 500,
  "k_pos": 56,
  "shifts": null,
  "alpha": null,
  "gamma": null,
  "n_scales": null,
  "seed": 2,
  "d_in": 2304,
  "d_sae": 18432,
  "subject_model": "google/gemma-2-2b",
  "anchor_layer": 12,
  "mlc_layers": [
    10,
    11,
    12,
    13,
    14
  ],
  "phase": "phase7_unification",
  "run_id": "txcdr_t9__seed2"
}