{
  "loss": [
    60897.0,
    7018.7607421875,
    6228.2958984375,
    5815.0205078125,
    5536.5927734375,
    5401.041015625,
    5269.7998046875,
    5163.552734375,
    5065.2177734375,
    4994.7890625,
    4943.11181640625,
    4913.53857421875,
    4897.109375,
    4828.654296875,
    4826.32861328125,
    4797.15576171875,
    4768.0908203125,
    4739.28173828125,
    4750.09716796875,
    4714.61328125,
    4687.7216796875,
    4649.66162109375,
    4679.5419921875
  ],
  "l0": [
    500.0,
    494.9296875,
    494.86328125,
    494.5947265625,
    493.361328125,
    494.28515625,
    493.9052734375,
    493.19140625,
    492.7783203125,
    492.47705078125,
    492.447265625,
    491.860595703125,
    494.03271484375,
    491.841064453125,
    491.428466796875,
    492.7587890625,
    492.031005859375,
    491.888427734375,
    493.00146484375,
    492.802734375,
    492.089599609375,
    490.2138671875,
    492.516845703125
  ],
  "steps_logged": [
    0,
    200,
    400,
    600,
    800,
    1000,
    1200,
    1400,
    1600,
    1800,
    2000,
    2200,
    2400,
    2600,
    2800,
    3000,
    3200,
    3400,
    3600,
    3800,
    4000,
    4200,
    4400
  ],
  "final_step": 4400,
  "converged": true,
  "plateau_last": 0.019945126746723812,
  "elapsed_s": 1390.8489878177643,
  "row": 19,
  "arch_id": "txcdr_t8",
  "arch": "txcdr_t8",
  "group": 3,
  "src_class": "TemporalCrosscoder",
  "src_module": "src.architectures.crosscoder",
  "T": 8,
  "T_max": null,
  "t_sample": null,
  "n_layers": null,
  "k_win": 500,
  "k_pos": 62,
  "shifts": null,
  "alpha": null,
  "gamma": null,
  "n_scales": null,
  "seed": 2,
  "d_in": 2304,
  "d_sae": 18432,
  "subject_model": "google/gemma-2-2b",
  "anchor_layer": 12,
  "mlc_layers": [
    10,
    11,
    12,
    13,
    14
  ],
  "phase": "phase7_unification",
  "run_id": "txcdr_t8__seed2"
}