{
  "run_id": "agentic_txc_10_bare__seed2",
  "arch": "agentic_txc_10_bare",
  "seed": 2,
  "k_pos": 100,
  "k_win": 500,
  "T": 5,
  "match_budget": true,
  "layer": 13,
  "aux_k": 512,
  "dead_threshold_tokens": 10000000,
  "auxk_alpha": 0.03125,
  "variant": "agentic_txc_10_bare_antidead_track2",
  "loss": [
    36694.125,
    10216.0986328125,
    9306.2900390625,
    8536.3017578125,
    8126.66015625,
    7828.51708984375,
    7557.13134765625,
    7478.79638671875,
    7296.0390625,
    7126.09716796875,
    6924.23291015625,
    6856.69384765625,
    6803.57666015625,
    6674.30712890625,
    6778.20263671875,
    6621.04248046875,
    6553.49560546875,
    6572.0908203125,
    6569.07568359375,
    6487.46484375,
    6386.79443359375,
    6429.01611328125,
    6356.83837890625,
    6322.16552734375,
    6306.5390625,
    6231.17333984375,
    6314.763671875,
    6308.9423828125,
    6246.68505859375
  ],
  "l0": [
    500.0,
    499.61328125,
    496.93359375,
    496.326171875,
    493.6455078125,
    492.0419921875,
    491.33203125,
    495.4375,
    493.6025390625,
    492.3564453125,
    491.095703125,
    491.8369140625,
    490.607421875,
    489.125,
    493.033203125,
    490.767578125,
    490.953125,
    491.2216796875,
    492.720703125,
    492.8935546875,
    489.5322265625,
    494.4716796875,
    489.30078125,
    490.330078125,
    491.330078125,
    490.865234375,
    490.306640625,
    490.2099609375,
    490.140625
  ],
  "steps_logged": [
    0,
    200,
    400,
    600,
    800,
    1000,
    1200,
    1400,
    1600,
    1800,
    2000,
    2200,
    2400,
    2600,
    2800,
    3000,
    3200,
    3400,
    3600,
    3800,
    4000,
    4200,
    4400,
    4600,
    4800,
    5000,
    5200,
    5400,
    5600
  ],
  "final_step": 5600,
  "converged": true,
  "plateau_last": 0.017952934996290394,
  "elapsed_s": 1313.492637872696
}