{
  "run_id": "agentic_txc_02_t6__seed42",
  "arch": "agentic_txc_02_t6",
  "seed": 42,
  "k_pos": 100,
  "k_win": 600,
  "T": 6,
  "match_budget": true,
  "layer": 13,
  "alpha": 1.0,
  "n_contr_scales": 3,
  "gamma": 0.5,
  "batch_size": 1024,
  "variant": "agentic_txc_02_t_sweep",
  "loss": [
    186709.78125,
    25197.470703125,
    21508.169921875,
    19939.0,
    19231.451171875,
    18700.4765625,
    18279.283203125,
    18163.009765625,
    17931.37109375,
    17803.919921875,
    17402.751953125,
    17528.123046875,
    17334.767578125,
    17277.791015625,
    17239.609375,
    17460.43359375,
    17005.494140625,
    17067.2890625,
    16841.814453125
  ],
  "l0": [
    600.0,
    593.4609375,
    594.9609375,
    593.728515625,
    595.984375,
    594.5244140625,
    594.5703125,
    594.8671875,
    593.1494140625,
    591.578125,
    591.6318359375,
    593.0322265625,
    594.3427734375,
    592.58203125,
    593.7080078125,
    593.6162109375,
    588.6357421875,
    591.96875,
    587.34375
  ],
  "steps_logged": [
    0,
    200,
    400,
    600,
    800,
    1000,
    1200,
    1400,
    1600,
    1800,
    2000,
    2200,
    2400,
    2600,
    2800,
    3000,
    3200,
    3400,
    3600
  ],
  "final_step": 3600,
  "converged": true,
  "plateau_last": 0.019837039370804218,
  "elapsed_s": 2480.1148006916046
}