{
  "run_id": "agentic_txc_06__seed42",
  "arch": "agentic_txc_06",
  "seed": 42,
  "k_pos": 100,
  "k_win": 500,
  "T": 5,
  "match_budget": true,
  "layer": 13,
  "alpha": 1.0,
  "n_contr_scales": 3,
  "gamma": 0.5,
  "K_hardneg": 4,
  "min_gap": 10,
  "variant": "agentic_txc_06_hardneg",
  "loss": [
    173633.203125,
    25114.09765625,
    20948.00390625,
    19395.99609375,
    18475.4609375,
    18049.158203125,
    17918.595703125,
    17805.974609375,
    17060.560546875,
    17030.814453125,
    17123.59375,
    17011.4921875,
    16866.6015625,
    16756.021484375,
    16651.4375,
    16780.482421875,
    16504.56640625,
    16597.443359375,
    16272.732421875,
    16371.8115234375,
    16356.560546875,
    16311.294921875
  ],
  "l0": [
    500.0,
    496.71875,
    495.306640625,
    495.224609375,
    495.2275390625,
    495.7998046875,
    496.23828125,
    496.37890625,
    490.5,
    495.2626953125,
    493.46484375,
    493.3447265625,
    493.5224609375,
    493.6015625,
    492.5361328125,
    493.1943359375,
    493.5986328125,
    494.05859375,
    492.1708984375,
    493.99609375,
    494.4716796875,
    492.875
  ],
  "steps_logged": [
    0,
    200,
    400,
    600,
    800,
    1000,
    1200,
    1400,
    1600,
    1800,
    2000,
    2200,
    2400,
    2600,
    2800,
    3000,
    3200,
    3400,
    3600,
    3800,
    4000,
    4200
  ],
  "final_step": 4200,
  "converged": true,
  "plateau_last": 0.019737723557593907,
  "elapsed_s": 3025.281187772751
}