{
  "run_id": "agentic_txc_02_t2__seed42",
  "arch": "agentic_txc_02_t2",
  "seed": 42,
  "k_pos": 100,
  "k_win": 200,
  "T": 2,
  "match_budget": true,
  "layer": 13,
  "alpha": 1.0,
  "n_contr_scales": 2,
  "gamma": 0.5,
  "variant": "agentic_txc_02_t_sweep",
  "loss": [
    169328.4375,
    24381.955078125,
    20375.767578125,
    18386.23828125,
    17268.40625,
    16769.390625,
    16207.802734375,
    15356.283203125,
    15016.0537109375,
    14677.9599609375,
    14516.0126953125,
    14231.349609375,
    13970.7529296875,
    13655.0673828125,
    13634.7939453125,
    13638.8642578125,
    13282.2607421875,
    13360.919921875,
    13249.791015625,
    13190.802734375,
    12947.650390625,
    13013.5224609375,
    12756.126953125,
    12812.9384765625,
    12661.251953125,
    12721.4208984375,
    12776.701171875,
    12539.9140625,
    12561.00390625,
    12333.37890625
  ],
  "l0": [
    200.0,
    199.828125,
    200.0,
    200.0,
    199.4140625,
    199.2880859375,
    199.833984375,
    199.525390625,
    200.0,
    199.87109375,
    199.849609375,
    199.4833984375,
    199.505859375,
    199.64453125,
    199.4375,
    199.740234375,
    199.212890625,
    199.47265625,
    199.26953125,
    199.71875,
    199.33203125,
    199.4462890625,
    199.466796875,
    198.78125,
    199.42578125,
    199.2646484375,
    198.75390625,
    199.3994140625,
    198.6640625,
    199.416015625
  ],
  "steps_logged": [
    0,
    200,
    400,
    600,
    800,
    1000,
    1200,
    1400,
    1600,
    1800,
    2000,
    2200,
    2400,
    2600,
    2800,
    3000,
    3200,
    3400,
    3600,
    3800,
    4000,
    4200,
    4400,
    4600,
    4800,
    5000,
    5200,
    5400,
    5600,
    5800
  ],
  "final_step": 5800,
  "converged": true,
  "plateau_last": 0.019614302214598735,
  "elapsed_s": 928.2341721057892
}