{
  "run_id": "agentic_txc_02_t2_batchtopk__seed42",
  "arch": "agentic_txc_02_t2_batchtopk",
  "seed": 42,
  "k_pos": 100,
  "k_win": 200,
  "T": 2,
  "match_budget": true,
  "layer": 13,
  "alpha": 1.0,
  "n_contr_scales": 2,
  "gamma": 0.5,
  "sparsity": "batchtopk",
  "variant": "agentic_txc_02_t2_batchtopk",
  "loss": [
    215725.109375,
    25049.630859375,
    20778.595703125,
    18822.541015625,
    17804.216796875,
    17367.375,
    16878.001953125,
    16102.2119140625,
    15888.1591796875,
    15567.9521484375,
    15479.912109375,
    15233.318359375,
    14981.89453125,
    14665.25,
    14695.662109375,
    14715.2314453125,
    14295.1572265625,
    14483.0029296875,
    14395.5029296875,
    14344.271484375,
    14145.556640625,
    14186.5009765625,
    13900.0341796875,
    13960.517578125,
    13791.3330078125,
    13904.361328125,
    13985.7119140625,
    13701.9765625,
    13717.3359375,
    13497.796875
  ],
  "l0": [
    200.0,
    200.0,
    200.0,
    200.0,
    200.0,
    200.0,
    200.0,
    200.0,
    200.0,
    200.0,
    200.0,
    200.0,
    200.0,
    200.0,
    200.0,
    200.0,
    200.0,
    200.0,
    200.0,
    200.0,
    200.0,
    200.0,
    200.0,
    200.0,
    200.0,
    200.0,
    200.0,
    200.0,
    200.0,
    200.0
  ],
  "steps_logged": [
    0,
    200,
    400,
    600,
    800,
    1000,
    1200,
    1400,
    1600,
    1800,
    2000,
    2200,
    2400,
    2600,
    2800,
    3000,
    3200,
    3400,
    3600,
    3800,
    4000,
    4200,
    4400,
    4600,
    4800,
    5000,
    5200,
    5400,
    5600,
    5800
  ],
  "final_step": 5800,
  "converged": true,
  "plateau_last": 0.016814710997390233,
  "elapsed_s": 950.7127320766449
}