{
  "run_id": "agentic_txc_10_bare__seed42",
  "arch": "agentic_txc_10_bare",
  "seed": 42,
  "k_pos": 100,
  "k_win": 500,
  "T": 5,
  "match_budget": true,
  "layer": 13,
  "aux_k": 512,
  "dead_threshold_tokens": 10000000,
  "auxk_alpha": 0.03125,
  "variant": "agentic_txc_10_bare_antidead_track2",
  "loss": [
    34394.4296875,
    10336.314453125,
    9089.166015625,
    8556.4716796875,
    7941.3759765625,
    7879.6298828125,
    7503.21337890625,
    7388.28515625,
    7278.0439453125,
    7087.85302734375,
    6940.17529296875,
    6907.54931640625,
    6780.82373046875,
    6717.11083984375,
    6765.68603515625,
    6673.7783203125,
    6642.94482421875,
    6551.87255859375,
    6491.16455078125,
    6410.625,
    6452.64208984375,
    6394.3671875,
    6337.87109375,
    6200.75,
    6265.779296875,
    6258.88037109375,
    6314.57421875,
    6224.81103515625,
    6205.65771484375
  ],
  "l0": [
    500.0,
    498.470703125,
    496.0693359375,
    494.9609375,
    493.408203125,
    492.64453125,
    492.099609375,
    490.6787109375,
    493.26171875,
    492.849609375,
    490.146484375,
    490.3642578125,
    489.705078125,
    489.587890625,
    491.796875,
    493.9541015625,
    492.9072265625,
    491.36328125,
    489.5029296875,
    490.037109375,
    489.1796875,
    490.693359375,
    490.2841796875,
    488.83203125,
    489.943359375,
    488.919921875,
    490.6748046875,
    484.744140625,
    489.9638671875
  ],
  "steps_logged": [
    0,
    200,
    400,
    600,
    800,
    1000,
    1200,
    1400,
    1600,
    1800,
    2000,
    2200,
    2400,
    2600,
    2800,
    3000,
    3200,
    3400,
    3600,
    3800,
    4000,
    4200,
    4400,
    4600,
    4800,
    5000,
    5200,
    5400,
    5600
  ],
  "final_step": 5600,
  "converged": true,
  "plateau_last": 0.016560212145411743,
  "elapsed_s": 1322.8304088115692
}