{
  "run_id": "agentic_txc_02_batchtopk__seed2",
  "arch": "agentic_txc_02_batchtopk",
  "seed": 2,
  "k_pos": 100,
  "k_win": 500,
  "T": 5,
  "match_budget": true,
  "layer": 13,
  "alpha": 1.0,
  "n_contr_scales": 3,
  "gamma": 0.5,
  "sparsity": "batchtopk",
  "variant": "agentic_txc_02_batchtopk",
  "loss": [
    207333.765625,
    25644.138671875,
    21752.298828125,
    20341.611328125,
    19698.25390625,
    18694.822265625,
    18645.3046875,
    18436.076171875,
    18383.103515625,
    18452.5703125,
    18133.390625,
    17979.294921875,
    18204.58984375,
    17890.19921875,
    17878.2734375,
    17767.234375,
    17779.998046875,
    17743.482421875,
    17358.865234375,
    17605.03515625,
    17436.935546875,
    17249.734375,
    17280.142578125,
    17251.068359375
  ],
  "l0": [
    500.0,
    500.0,
    500.0,
    500.0,
    500.0,
    500.0,
    500.0,
    500.0,
    500.0,
    500.0,
    500.0,
    500.0,
    500.0,
    500.0,
    500.0,
    500.0,
    500.0,
    500.0,
    500.0,
    500.0,
    500.0,
    500.0,
    500.0,
    500.0
  ],
  "steps_logged": [
    0,
    200,
    400,
    600,
    800,
    1000,
    1200,
    1400,
    1600,
    1800,
    2000,
    2200,
    2400,
    2600,
    2800,
    3000,
    3200,
    3400,
    3600,
    3800,
    4000,
    4200,
    4400,
    4600
  ],
  "final_step": 4600,
  "converged": true,
  "plateau_last": 0.01925876921548853,
  "elapsed_s": 2432.8738372325897
}