{
  "run_id": "agentic_txc_04__seed42",
  "arch": "agentic_txc_04",
  "seed": 42,
  "k_pos": 100,
  "k_win": 500,
  "T": 5,
  "match_budget": true,
  "layer": 13,
  "alpha": 1.0,
  "n_contr_scales": 5,
  "gamma": 0.5,
  "variant": "agentic_txc_04_multiscale_n5_g05",
  "loss": [
    174954.890625,
    25064.1953125,
    20964.482421875,
    19381.556640625,
    18773.73046875,
    18283.8046875,
    17837.47265625,
    17723.7109375,
    17379.783203125,
    17405.666015625,
    17191.83984375,
    17112.634765625,
    16811.8984375,
    16753.4453125,
    16606.23046875,
    16621.98828125,
    16516.9765625,
    16377.2578125,
    16352.5068359375,
    16471.140625,
    16396.794921875,
    16219.041015625
  ],
  "l0": [
    500.0,
    496.4736328125,
    495.4296875,
    495.48828125,
    496.328125,
    493.5712890625,
    494.5859375,
    496.02734375,
    493.4921875,
    496.1484375,
    495.0361328125,
    494.4833984375,
    493.576171875,
    492.7255859375,
    491.0390625,
    493.513671875,
    494.4609375,
    492.703125,
    492.8955078125,
    490.880859375,
    493.16796875,
    492.8115234375
  ],
  "steps_logged": [
    0,
    200,
    400,
    600,
    800,
    1000,
    1200,
    1400,
    1600,
    1800,
    2000,
    2200,
    2400,
    2600,
    2800,
    3000,
    3200,
    3400,
    3600,
    3800,
    4000,
    4200
  ],
  "final_step": 4200,
  "converged": true,
  "plateau_last": 0.01793047876501963,
  "elapsed_s": 2310.645741224289
}