{
  "run_id": "agentic_mlc_08_batchtopk__seed2",
  "arch": "agentic_mlc_08_batchtopk",
  "seed": 2,
  "k_pos": 100,
  "k_win": null,
  "T": 1,
  "layer": 13,
  "n_layers": 5,
  "alpha": 1.0,
  "gamma": 0.5,
  "sparsity": "batchtopk",
  "variant": "agentic_mlc_08_batchtopk",
  "loss": [
    276.8110046386719,
    29.55916976928711,
    26.921377182006836,
    26.180580139160156,
    25.671049118041992,
    24.99496078491211,
    24.94289779663086,
    24.745656967163086,
    24.56332778930664,
    24.531558990478516,
    24.74984359741211,
    24.153879165649414,
    24.125885009765625,
    24.145931243896484,
    24.029865264892578,
    24.267162322998047,
    24.271326065063477
  ],
  "l0": [
    100.0,
    100.0,
    100.0,
    100.0,
    100.0,
    100.0,
    100.0,
    100.0,
    100.0,
    100.0,
    100.0,
    100.0,
    100.0,
    100.0,
    100.0,
    100.0,
    100.0
  ],
  "steps_logged": [
    0,
    200,
    400,
    600,
    800,
    1000,
    1200,
    1400,
    1600,
    1800,
    2000,
    2200,
    2400,
    2600,
    2800,
    3000,
    3200
  ],
  "final_step": 3200,
  "converged": true,
  "plateau_last": 0.015512713200646941,
  "elapsed_s": 1963.6860721111298
}