{
  "run_id": "agentic_txc_12_bare_batchtopk__seed42",
  "arch": "agentic_txc_12_bare_batchtopk",
  "seed": 42,
  "k_pos": 100,
  "k_win": 500,
  "T": 5,
  "match_budget": true,
  "layer": 13,
  "sparsity": "batchtopk",
  "aux_k": 512,
  "dead_threshold_tokens": 10000000,
  "auxk_alpha": 0.03125,
  "variant": "agentic_txc_12_bare_batchtopk_2x2cell",
  "loss": [
    34726.54296875,
    10494.3701171875,
    9174.0966796875,
    8649.5888671875,
    8093.72119140625,
    8081.18115234375,
    7740.0703125,
    7563.0517578125,
    7490.92822265625,
    7263.50146484375,
    7137.39208984375,
    7081.40185546875,
    6887.83935546875,
    6868.81640625,
    6837.18896484375,
    6773.40966796875,
    6724.4140625,
    6644.8984375,
    6541.36962890625,
    6495.75146484375,
    6496.2109375,
    6455.12255859375,
    6424.07763671875,
    6295.78857421875,
    6299.63623046875,
    6289.74169921875,
    6331.70458984375,
    6229.1572265625,
    6210.50244140625,
    6270.06298828125,
    6197.04296875,
    6094.49755859375,
    6268.21533203125,
    6209.11865234375,
    6204.515625,
    6240.21533203125,
    6154.46142578125,
    6118.79443359375,
    6178.6455078125,
    6193.30029296875,
    6056.2041015625,
    6081.1875,
    6091.1904296875,
    6170.76220703125,
    6061.28271484375,
    6000.41015625,
    6073.86572265625,
    5954.8984375,
    6010.33935546875,
    6041.2900390625,
    5952.5595703125
  ],
  "l0": [
    500.0,
    500.0,
    500.0,
    500.0,
    500.0,
    500.0,
    500.0,
    500.0,
    500.0,
    500.0,
    500.0,
    500.0,
    500.0,
    500.0,
    500.0,
    500.0,
    500.0,
    500.0,
    500.0,
    500.0,
    500.0,
    500.0,
    500.0,
    500.0,
    500.0,
    500.0,
    500.0,
    500.0,
    500.0,
    500.0,
    500.0,
    500.0,
    500.0,
    500.0,
    500.0,
    500.0,
    500.0,
    500.0,
    500.0,
    500.0,
    500.0,
    500.0,
    500.0,
    500.0,
    500.0,
    500.0,
    500.0,
    500.0,
    500.0,
    500.0,
    500.0
  ],
  "steps_logged": [
    0,
    200,
    400,
    600,
    800,
    1000,
    1200,
    1400,
    1600,
    1800,
    2000,
    2200,
    2400,
    2600,
    2800,
    3000,
    3200,
    3400,
    3600,
    3800,
    4000,
    4200,
    4400,
    4600,
    4800,
    5000,
    5200,
    5400,
    5600,
    5800,
    6000,
    6200,
    6400,
    6600,
    6800,
    7000,
    7200,
    7400,
    7600,
    7800,
    8000,
    8200,
    8400,
    8600,
    8800,
    9000,
    9200,
    9400,
    9600,
    9800,
    10000
  ],
  "final_step": 10000,
  "converged": true,
  "plateau_last": 0.012230946399769594,
  "elapsed_s": 2477.036907672882
}