{
  "run_id": "agentic_txc_02__seed42",
  "arch": "agentic_txc_02",
  "seed": 42,
  "k_pos": 100,
  "k_win": 500,
  "T": 5,
  "match_budget": true,
  "layer": 13,
  "alpha": 1.0,
  "n_contr_scales": 3,
  "gamma": 0.5,
  "variant": "agentic_txc_02_multiscale_contrastive",
  "loss": [
    173699.0625,
    25076.26953125,
    21030.314453125,
    19424.12890625,
    18822.83984375,
    18283.99609375,
    17872.8515625,
    17728.18359375,
    17380.50390625,
    17391.380859375,
    17186.275390625,
    17109.81640625,
    16813.427734375,
    16739.548828125,
    16597.12109375,
    16604.244140625,
    16507.05078125,
    16359.9658203125,
    16336.92578125,
    16434.7734375,
    16408.541015625,
    16205.521484375
  ],
  "l0": [
    500.0,
    496.541015625,
    496.015625,
    496.4765625,
    496.328125,
    495.1005859375,
    495.359375,
    496.2734375,
    493.98046875,
    496.45703125,
    495.3876953125,
    494.9140625,
    494.0029296875,
    493.8857421875,
    491.0087890625,
    493.603515625,
    494.5009765625,
    493.146484375,
    492.947265625,
    491.4755859375,
    493.447265625,
    493.169921875
  ],
  "steps_logged": [
    0,
    200,
    400,
    600,
    800,
    1000,
    1200,
    1400,
    1600,
    1800,
    2000,
    2200,
    2400,
    2600,
    2800,
    3000,
    3200,
    3400,
    3600,
    3800,
    4000,
    4200
  ],
  "final_step": 4200,
  "converged": true,
  "plateau_last": 0.018203695519989443,
  "elapsed_s": 2209.1080350875854
}