{
  "run_id": "agentic_txc_07__seed42",
  "arch": "agentic_txc_07",
  "seed": 42,
  "k_pos": 100,
  "k_win": 500,
  "T": 5,
  "match_budget": true,
  "layer": 13,
  "alpha": 1.0,
  "n_contr_scales": 3,
  "gamma": 0.5,
  "variant": "agentic_txc_07_consistency",
  "loss": [
    174994.859375,
    24996.529296875,
    20944.59765625,
    19293.66015625,
    18680.986328125,
    18153.072265625,
    17733.15234375,
    17604.310546875,
    17266.673828125,
    17257.54296875,
    17067.7421875,
    17008.1796875,
    16710.001953125,
    16635.896484375,
    16503.861328125,
    16506.671875,
    16428.146484375,
    16287.2197265625,
    16274.1494140625,
    16385.515625,
    16334.3046875
  ],
  "l0": [
    500.0,
    496.2041015625,
    496.015625,
    496.3046875,
    496.69921875,
    493.826171875,
    495.21875,
    496.09765625,
    494.775390625,
    496.4296875,
    495.044921875,
    494.9521484375,
    493.755859375,
    493.2509765625,
    491.5234375,
    493.8125,
    494.66796875,
    492.79296875,
    493.064453125,
    491.5322265625,
    493.404296875
  ],
  "steps_logged": [
    0,
    200,
    400,
    600,
    800,
    1000,
    1200,
    1400,
    1600,
    1800,
    2000,
    2200,
    2400,
    2600,
    2800,
    3000,
    3200,
    3400,
    3600,
    3800,
    4000
  ],
  "final_step": 4000,
  "converged": true,
  "plateau_last": 0.019855852072647368,
  "elapsed_s": 2081.1829607486725
}