{
  "run_id": "agentic_txc_02_t3__seed42",
  "arch": "agentic_txc_02_t3",
  "seed": 42,
  "k_pos": 100,
  "k_win": 300,
  "T": 3,
  "match_budget": true,
  "layer": 13,
  "alpha": 1.0,
  "n_contr_scales": 3,
  "gamma": 0.5,
  "variant": "agentic_txc_02_t_sweep",
  "loss": [
    129205.5859375,
    24876.173828125,
    20722.826171875,
    18744.474609375,
    17951.185546875,
    17553.435546875,
    16915.69140625,
    16804.166015625,
    16134.541015625,
    16066.408203125,
    15700.86328125,
    15558.544921875,
    15442.3125,
    15280.7451171875,
    15200.6650390625,
    15103.16796875,
    14948.0498046875,
    15055.578125,
    14869.2392578125,
    14649.5029296875,
    14475.4775390625,
    14724.1904296875,
    14302.0732421875,
    14183.9140625,
    14158.6220703125,
    14475.984375,
    14332.4365234375,
    14086.1240234375,
    14186.2763671875
  ],
  "l0": [
    300.0,
    298.9453125,
    299.912109375,
    298.734375,
    298.16796875,
    298.388671875,
    298.765625,
    298.365234375,
    296.923828125,
    298.13671875,
    296.03515625,
    296.2900390625,
    296.8095703125,
    296.396484375,
    296.4521484375,
    295.83984375,
    296.98046875,
    297.94140625,
    296.599609375,
    297.0810546875,
    296.7041015625,
    298.134765625,
    295.2626953125,
    296.7841796875,
    296.4931640625,
    297.21875,
    297.3046875,
    295.76953125,
    296.58203125
  ],
  "steps_logged": [
    0,
    200,
    400,
    600,
    800,
    1000,
    1200,
    1400,
    1600,
    1800,
    2000,
    2200,
    2400,
    2600,
    2800,
    3000,
    3200,
    3400,
    3600,
    3800,
    4000,
    4200,
    4400,
    4600,
    4800,
    5000,
    5200,
    5400,
    5600
  ],
  "final_step": 5600,
  "converged": true,
  "plateau_last": 0.015147749323684552,
  "elapsed_s": 1508.068025112152
}