{
  "run_id": "agentic_txc_02_batchtopk__seed2",
  "arch": "agentic_txc_02_batchtopk",
  "seed": 2,
  "k_pos": 100,
  "k_win": 500,
  "T": 5,
  "match_budget": true,
  "layer": 13,
  "alpha": 1.0,
  "n_contr_scales": 3,
  "gamma": 0.5,
  "sparsity": "batchtopk",
  "variant": "agentic_txc_02_batchtopk_cycleF",
  "loss": [
    211016.71875,
    25663.638671875,
    21736.40234375,
    20326.4609375,
    19637.544921875,
    18673.984375,
    18640.724609375,
    18385.33203125,
    18370.072265625,
    18457.669921875,
    18123.32421875,
    17982.173828125,
    18219.716796875,
    17925.896484375,
    17930.3359375,
    17835.68359375,
    17823.626953125
  ],
  "l0": [
    500.0,
    500.0244140625,
    500.0,
    500.0,
    500.0,
    500.0,
    500.0,
    500.0,
    500.0,
    500.0,
    500.0,
    500.0,
    500.0,
    500.0,
    500.0,
    500.0,
    500.0
  ],
  "steps_logged": [
    0,
    200,
    400,
    600,
    800,
    1000,
    1200,
    1400,
    1600,
    1800,
    2000,
    2200,
    2400,
    2600,
    2800,
    3000,
    3200
  ],
  "final_step": 3200,
  "converged": true,
  "plateau_last": 0.01733834050092805,
  "elapsed_s": 1715.0541183948517
}