{
  "run_id": "agentic_txc_10_bare__seed1",
  "arch": "agentic_txc_10_bare",
  "seed": 1,
  "k_pos": 100,
  "k_win": 500,
  "T": 5,
  "match_budget": true,
  "layer": 13,
  "aux_k": 512,
  "dead_threshold_tokens": 10000000,
  "auxk_alpha": 0.03125,
  "variant": "agentic_txc_10_bare_antidead_track2",
  "loss": [
    37518.70703125,
    10317.705078125,
    9172.4951171875,
    8541.8037109375,
    8090.30029296875,
    7793.77978515625,
    7572.3291015625,
    7410.47509765625,
    7163.8564453125,
    7141.28076171875,
    6943.18115234375,
    6890.40185546875,
    6897.76416015625,
    6801.05029296875,
    6643.12353515625,
    6565.26806640625,
    6551.1982421875,
    6486.5556640625,
    6459.33349609375,
    6486.46630859375,
    6359.83544921875,
    6517.14990234375,
    6316.29638671875,
    6380.81494140625
  ],
  "l0": [
    500.0,
    497.5517578125,
    496.19140625,
    495.4267578125,
    493.845703125,
    492.822265625,
    492.0634765625,
    493.060546875,
    488.876953125,
    493.1640625,
    491.42578125,
    491.7880859375,
    492.0654296875,
    489.63671875,
    491.2861328125,
    490.5693359375,
    490.36328125,
    485.4013671875,
    488.732421875,
    490.9365234375,
    489.9580078125,
    492.05078125,
    491.1005859375,
    489.994140625
  ],
  "steps_logged": [
    0,
    200,
    400,
    600,
    800,
    1000,
    1200,
    1400,
    1600,
    1800,
    2000,
    2200,
    2400,
    2600,
    2800,
    3000,
    3200,
    3400,
    3600,
    3800,
    4000,
    4200,
    4400,
    4600
  ],
  "final_step": 4600,
  "converged": true,
  "plateau_last": 0.01971889833957094,
  "elapsed_s": 1059.6713299751282
}