{
  "run_id": "agentic_mlc_08_batchtopk__seed1",
  "arch": "agentic_mlc_08_batchtopk",
  "seed": 1,
  "k_pos": 100,
  "k_win": null,
  "T": 1,
  "layer": 13,
  "n_layers": 5,
  "alpha": 1.0,
  "gamma": 0.5,
  "sparsity": "batchtopk",
  "variant": "agentic_mlc_08_batchtopk",
  "loss": [
    162.33834838867188,
    29.98824691772461,
    27.414325714111328,
    26.303905487060547,
    25.77839469909668,
    25.54208755493164,
    24.945444107055664,
    24.824199676513672,
    25.052791595458984,
    24.850391387939453,
    24.66275405883789,
    24.587417602539062,
    24.416372299194336,
    24.240137100219727,
    24.454700469970703,
    24.361413955688477
  ],
  "l0": [
    100.0,
    100.0,
    100.0,
    100.0,
    100.0,
    100.0,
    100.0,
    100.0,
    100.0,
    100.0,
    100.0,
    100.0,
    100.0,
    100.0,
    100.0,
    100.0
  ],
  "steps_logged": [
    0,
    200,
    400,
    600,
    800,
    1000,
    1200,
    1400,
    1600,
    1800,
    2000,
    2200,
    2400,
    2600,
    2800,
    3000
  ],
  "final_step": 3000,
  "converged": true,
  "plateau_last": 0.018301594628663778,
  "elapsed_s": 1217.64555311203
}