{
  "run_id": "agentic_txc_03__seed42",
  "arch": "agentic_txc_03",
  "seed": 42,
  "k_pos": 100,
  "k_win": 500,
  "T": 5,
  "match_budget": true,
  "layer": 13,
  "alpha": 1.0,
  "n_contr_scales": 3,
  "gamma": 1.0,
  "variant": "agentic_txc_03_multiscale_g10",
  "loss": [
    176069.53125,
    24981.8359375,
    20868.951171875,
    19229.17578125,
    18624.056640625,
    18125.26953125,
    17690.560546875,
    17593.759765625,
    17213.279296875,
    17211.490234375,
    17007.4609375,
    16975.80078125,
    16681.900390625,
    16606.2734375,
    16451.98828125,
    16457.58203125,
    16357.91015625,
    16228.0126953125,
    16208.6923828125,
    16329.2578125,
    16264.8291015625,
    16093.380859375
  ],
  "l0": [
    500.0,
    496.271484375,
    496.3671875,
    495.1015625,
    496.23046875,
    494.0244140625,
    495.3359375,
    496.1328125,
    494.2958984375,
    496.279296875,
    494.8388671875,
    494.66796875,
    493.5537109375,
    492.876953125,
    490.978515625,
    493.6064453125,
    494.6123046875,
    493.25390625,
    493.3349609375,
    491.390625,
    493.42578125,
    493.1865234375
  ],
  "steps_logged": [
    0,
    200,
    400,
    600,
    800,
    1000,
    1200,
    1400,
    1600,
    1800,
    2000,
    2200,
    2400,
    2600,
    2800,
    3000,
    3200,
    3400,
    3600,
    3800,
    4000,
    4200
  ],
  "final_step": 4200,
  "converged": true,
  "plateau_last": 0.01733959299946688,
  "elapsed_s": 2207.964063167572
}