{
  "run_id": "agentic_txc_12_bare_batchtopk__seed1",
  "arch": "agentic_txc_12_bare_batchtopk",
  "seed": 1,
  "k_pos": 100,
  "k_win": 500,
  "T": 5,
  "match_budget": true,
  "layer": 13,
  "sparsity": "batchtopk",
  "aux_k": 512,
  "dead_threshold_tokens": 10000000,
  "auxk_alpha": 0.03125,
  "variant": "agentic_txc_12_bare_batchtopk_2x2cell",
  "loss": [
    37727.76171875,
    10379.984375,
    9277.546875,
    8738.2138671875,
    8278.5498046875,
    8001.41162109375,
    7725.71435546875,
    7570.72998046875,
    7333.53466796875,
    7306.22021484375,
    7106.8984375,
    7057.84521484375,
    7044.36572265625,
    6935.3671875,
    6759.65771484375,
    6663.5595703125,
    6687.20947265625,
    6579.06396484375,
    6570.2783203125,
    6534.04248046875,
    6460.9697265625,
    6582.3330078125,
    6429.98828125,
    6423.80322265625,
    6312.58203125,
    6300.5048828125,
    6410.42333984375,
    6343.7275390625,
    6302.69775390625,
    6278.29931640625
  ],
  "l0": [
    500.0,
    500.0,
    500.0,
    500.0,
    500.0,
    500.0,
    500.0,
    500.0,
    500.0,
    500.0,
    500.0,
    500.0,
    500.0,
    500.0,
    500.0,
    500.0,
    500.0,
    500.0,
    500.0,
    500.0,
    500.0,
    500.0,
    500.0,
    500.0,
    500.0,
    500.0,
    500.0,
    500.0,
    500.0009765625,
    500.0
  ],
  "steps_logged": [
    0,
    200,
    400,
    600,
    800,
    1000,
    1200,
    1400,
    1600,
    1800,
    2000,
    2200,
    2400,
    2600,
    2800,
    3000,
    3200,
    3400,
    3600,
    3800,
    4000,
    4200,
    4400,
    4600,
    4800,
    5000,
    5200,
    5400,
    5600,
    5800
  ],
  "final_step": 5800,
  "converged": true,
  "plateau_last": 0.01782145938681779,
  "elapsed_s": 1596.3277904987335
}