{
  "run_id": "agentic_txc_02__seed2",
  "arch": "agentic_txc_02",
  "seed": 2,
  "k_pos": 100,
  "k_win": 500,
  "T": 5,
  "match_budget": true,
  "layer": 13,
  "alpha": 1.0,
  "n_contr_scales": 3,
  "gamma": 0.5,
  "variant": "agentic_txc_02_multiscale_contrastive",
  "loss": [
    167118.5625,
    25196.375,
    21189.0234375,
    19569.318359375,
    18763.0078125,
    17773.279296875,
    17618.8046875,
    17352.783203125,
    17327.861328125,
    17334.96484375,
    17041.33203125,
    16845.8046875,
    17015.453125,
    16804.908203125,
    16818.251953125,
    16702.921875,
    16632.599609375,
    16669.880859375,
    16229.6923828125,
    16477.1484375,
    16306.2431640625,
    16138.408203125,
    16120.580078125,
    16132.7763671875,
    16000.8134765625,
    15846.89453125,
    16200.345703125
  ],
  "l0": [
    500.0,
    495.623046875,
    496.181640625,
    495.8984375,
    497.392578125,
    493.91796875,
    494.33984375,
    494.56640625,
    493.8828125,
    493.970703125,
    494.916015625,
    491.875,
    494.4140625,
    494.9091796875,
    493.330078125,
    494.919921875,
    495.0361328125,
    493.248046875,
    493.64453125,
    493.275390625,
    492.6796875,
    491.2685546875,
    490.537109375,
    494.623046875,
    492.501953125,
    491.5400390625,
    493.43359375
  ],
  "steps_logged": [
    0,
    200,
    400,
    600,
    800,
    1000,
    1200,
    1400,
    1600,
    1800,
    2000,
    2200,
    2400,
    2600,
    2800,
    3000,
    3200,
    3400,
    3600,
    3800,
    4000,
    4200,
    4400,
    4600,
    4800,
    5000,
    5200
  ],
  "final_step": 5200,
  "converged": true,
  "plateau_last": 0.018576599658798376,
  "elapsed_s": 2731.4798743724823
}