{
  "run_id": "agentic_txc_02_t3_batchtopk__seed42",
  "arch": "agentic_txc_02_t3_batchtopk",
  "seed": 42,
  "k_pos": 100,
  "k_win": 300,
  "T": 3,
  "match_budget": true,
  "layer": 13,
  "alpha": 1.0,
  "n_contr_scales": 3,
  "gamma": 0.5,
  "sparsity": "batchtopk",
  "variant": "agentic_txc_02_t3_batchtopk",
  "loss": [
    158433.375,
    25521.07421875,
    21643.15625,
    19688.810546875,
    19026.580078125,
    18743.0234375,
    18139.6015625,
    18070.048828125,
    17422.875,
    17419.93359375,
    17029.59375,
    16934.79296875,
    16781.84375,
    16671.78125,
    16648.62890625,
    16546.591796875,
    16422.712890625,
    16545.236328125,
    16351.3955078125,
    16161.4072265625,
    15966.7314453125,
    16323.666015625,
    15853.69921875,
    15737.8173828125,
    15689.9677734375,
    16104.447265625,
    15949.8857421875,
    15627.0380859375
  ],
  "l0": [
    300.0,
    300.0,
    300.0,
    300.0,
    300.0,
    300.0,
    300.0,
    300.0,
    300.0,
    300.0,
    300.0,
    300.0,
    300.0,
    300.0,
    300.0,
    300.0,
    300.0,
    300.0,
    300.0,
    300.0,
    300.0,
    300.0,
    300.0,
    300.0,
    300.0,
    300.0,
    300.0,
    300.0
  ],
  "steps_logged": [
    0,
    200,
    400,
    600,
    800,
    1000,
    1200,
    1400,
    1600,
    1800,
    2000,
    2200,
    2400,
    2600,
    2800,
    3000,
    3200,
    3400,
    3600,
    3800,
    4000,
    4200,
    4400,
    4600,
    4800,
    5000,
    5200,
    5400
  ],
  "final_step": 5400,
  "converged": true,
  "plateau_last": 0.019189222190614672,
  "elapsed_s": 1473.8668925762177
}