{
  "run_id": "agentic_txc_02_batchtopk__seed1",
  "arch": "agentic_txc_02_batchtopk",
  "seed": 1,
  "k_pos": 100,
  "k_win": 500,
  "T": 5,
  "match_budget": true,
  "layer": 13,
  "alpha": 1.0,
  "n_contr_scales": 3,
  "gamma": 0.5,
  "sparsity": "batchtopk",
  "variant": "agentic_txc_02_batchtopk_cycleF",
  "loss": [
    194552.203125,
    25193.736328125,
    21827.74609375,
    20086.197265625,
    19387.298828125,
    19316.62890625,
    18908.833984375,
    18619.91796875,
    18930.015625,
    18537.931640625,
    18506.591796875,
    18230.904296875,
    18039.974609375,
    18105.306640625,
    17926.427734375,
    18078.75,
    17681.185546875,
    17617.0703125,
    17457.423828125,
    17412.34765625,
    17369.35546875,
    17612.8125,
    17279.92578125,
    17781.392578125
  ],
  "l0": [
    500.0,
    500.0,
    500.0,
    500.0,
    500.0,
    500.0,
    500.0,
    500.0,
    500.0,
    500.0,
    500.0,
    500.0,
    500.0,
    500.0,
    500.0,
    500.0,
    500.0,
    500.0,
    500.0,
    500.0,
    500.0,
    500.0,
    500.0,
    500.0
  ],
  "steps_logged": [
    0,
    200,
    400,
    600,
    800,
    1000,
    1200,
    1400,
    1600,
    1800,
    2000,
    2200,
    2400,
    2600,
    2800,
    3000,
    3200,
    3400,
    3600,
    3800,
    4000,
    4200,
    4400,
    4600
  ],
  "final_step": 4600,
  "converged": true,
  "plateau_last": 0.014702690751366966,
  "elapsed_s": 2462.710154771805
}