{
  "run_id": "agentic_txc_02_t8_batchtopk__seed42",
  "arch": "agentic_txc_02_t8_batchtopk",
  "seed": 42,
  "k_pos": 100,
  "k_win": 800,
  "T": 8,
  "match_budget": true,
  "layer": 13,
  "alpha": 1.0,
  "n_contr_scales": 3,
  "gamma": 0.5,
  "sparsity": "batchtopk",
  "variant": "agentic_txc_02_t8_batchtopk",
  "loss": [
    225869.625,
    27505.572265625,
    23450.888671875,
    22264.267578125,
    21974.71484375,
    21614.55859375,
    20997.03125,
    21138.7578125,
    20843.46875,
    20805.9765625,
    20526.142578125,
    20616.32421875,
    20463.330078125,
    20165.58984375,
    20023.2265625,
    20480.205078125,
    20160.392578125,
    20204.1171875,
    19719.83984375
  ],
  "l0": [
    800.0,
    800.0,
    800.0,
    800.0,
    800.0,
    800.0,
    800.0,
    800.0,
    800.0,
    800.0,
    800.0,
    800.0,
    800.0,
    800.0,
    800.0,
    800.0,
    800.0,
    800.0,
    800.0
  ],
  "steps_logged": [
    0,
    200,
    400,
    600,
    800,
    1000,
    1200,
    1400,
    1600,
    1800,
    2000,
    2200,
    2400,
    2600,
    2800,
    3000,
    3200,
    3400,
    3600
  ],
  "final_step": 3600,
  "converged": true,
  "plateau_last": 0.019395917067929414,
  "elapsed_s": 3889.169406414032
}