{
  "run_id": "agentic_txc_12_bare_batchtopk__seed2",
  "arch": "agentic_txc_12_bare_batchtopk",
  "seed": 2,
  "k_pos": 100,
  "k_win": 500,
  "T": 5,
  "match_budget": true,
  "layer": 13,
  "sparsity": "batchtopk",
  "aux_k": 512,
  "dead_threshold_tokens": 10000000,
  "auxk_alpha": 0.03125,
  "variant": "agentic_txc_12_bare_batchtopk_2x2cell",
  "loss": [
    37042.09375,
    10291.09765625,
    9357.2373046875,
    8619.4140625,
    8489.2470703125,
    8018.86279296875,
    7729.22265625,
    7748.38818359375,
    7522.07421875,
    7297.91552734375,
    7116.0751953125,
    7054.86083984375,
    6973.71875,
    6774.56787109375,
    6912.49072265625,
    6770.02294921875,
    6663.27294921875,
    6645.015625,
    6658.61572265625,
    6541.970703125,
    6430.6962890625,
    6474.56787109375,
    6422.14990234375,
    6359.47802734375,
    6333.65869140625,
    6280.8203125,
    6325.2431640625,
    6363.09228515625,
    6263.7783203125,
    6167.9765625
  ],
  "l0": [
    500.0,
    500.0,
    500.0,
    500.0,
    500.0,
    500.0,
    500.0,
    500.0,
    500.0,
    500.0,
    500.0,
    500.0,
    500.0,
    500.0,
    500.0,
    500.0,
    500.0,
    500.0,
    500.0,
    500.0,
    500.0,
    500.0,
    500.0,
    500.0,
    500.0,
    500.0,
    500.0,
    500.0,
    500.0,
    500.0
  ],
  "steps_logged": [
    0,
    200,
    400,
    600,
    800,
    1000,
    1200,
    1400,
    1600,
    1800,
    2000,
    2200,
    2400,
    2600,
    2800,
    3000,
    3200,
    3400,
    3600,
    3800,
    4000,
    4200,
    4400,
    4600,
    4800,
    5000,
    5200,
    5400,
    5600,
    5800
  ],
  "final_step": 5800,
  "converged": true,
  "plateau_last": 0.01935132661995266,
  "elapsed_s": 1495.5926759243011
}