{
  "run_id": "agentic_mlc_08_batchtopk__seed42",
  "arch": "agentic_mlc_08_batchtopk",
  "seed": 42,
  "k_pos": 100,
  "k_win": null,
  "T": 1,
  "layer": 13,
  "n_layers": 5,
  "alpha": 1.0,
  "gamma": 0.5,
  "sparsity": "batchtopk",
  "variant": "agentic_mlc_08_batchtopk",
  "loss": [
    178.97756958007812,
    29.44440460205078,
    26.693214416503906,
    26.178722381591797,
    25.488285064697266,
    25.322429656982422,
    25.01024627685547,
    24.746931076049805,
    24.55778694152832,
    24.65587615966797,
    24.35395050048828,
    24.40963363647461,
    24.30036163330078,
    24.263120651245117,
    24.377758026123047,
    24.2127742767334
  ],
  "l0": [
    100.0,
    100.0,
    100.0,
    100.0,
    100.0,
    100.0,
    100.0,
    100.0,
    100.0,
    100.0,
    100.0,
    100.0,
    100.0,
    100.0,
    100.0,
    100.0
  ],
  "steps_logged": [
    0,
    200,
    400,
    600,
    800,
    1000,
    1200,
    1400,
    1600,
    1800,
    2000,
    2200,
    2400,
    2600,
    2800,
    3000
  ],
  "final_step": 3000,
  "converged": true,
  "plateau_last": 0.014280524759708407,
  "elapsed_s": 1217.8822631835938
}