{
  "run_id": "agentic_txc_02_batchtopk__seed42",
  "arch": "agentic_txc_02_batchtopk",
  "seed": 42,
  "k_pos": 100,
  "k_win": 500,
  "T": 5,
  "match_budget": true,
  "layer": 13,
  "alpha": 1.0,
  "n_contr_scales": 3,
  "gamma": 0.5,
  "sparsity": "batchtopk",
  "variant": "agentic_txc_02_batchtopk",
  "loss": [
    217611.765625,
    25576.267578125,
    21558.595703125,
    20147.41015625,
    19695.126953125,
    19259.4296875,
    18820.916015625,
    18827.71484375,
    18473.650390625,
    18562.10546875,
    18331.59375,
    18251.5703125,
    18009.017578125,
    17888.87109375,
    17774.744140625,
    17803.890625,
    17757.783203125,
    17575.314453125,
    17579.208984375,
    17680.73046875,
    17656.658203125
  ],
  "l0": [
    500.0,
    500.0,
    500.0,
    500.0,
    500.0,
    500.0,
    500.0,
    500.0,
    500.0,
    500.0,
    500.0,
    500.0,
    500.0,
    500.0,
    500.0,
    500.0,
    500.0,
    500.0,
    500.0,
    500.0,
    500.0
  ],
  "steps_logged": [
    0,
    200,
    400,
    600,
    800,
    1000,
    1200,
    1400,
    1600,
    1800,
    2000,
    2200,
    2400,
    2600,
    2800,
    3000,
    3200,
    3400,
    3600,
    3800,
    4000
  ],
  "final_step": 4000,
  "converged": true,
  "plateau_last": 0.016476427568149467,
  "elapsed_s": 2116.672194480896
}