{
  "run_id": "agentic_txc_09_auxk__seed42",
  "arch": "agentic_txc_09_auxk",
  "seed": 42,
  "k_pos": 100,
  "k_win": 500,
  "T": 5,
  "match_budget": true,
  "layer": 13,
  "alpha": 1.0,
  "n_contr_scales": 3,
  "gamma": 0.5,
  "aux_k": 512,
  "dead_threshold_tokens": 10000000,
  "auxk_alpha": 0.03125,
  "variant": "agentic_txc_09_auxk_cycle_A",
  "loss": [
    175406.921875,
    25091.623046875,
    20915.330078125,
    19341.322265625,
    18758.115234375,
    18213.646484375,
    17781.513671875,
    17662.869140625,
    17293.064453125,
    17334.94140625,
    17128.291015625,
    17037.302734375,
    16756.478515625,
    16638.931640625,
    16563.748046875,
    16566.146484375,
    16440.01953125,
    16300.1884765625,
    16291.7275390625,
    16400.837890625,
    16348.703125,
    16081.6943359375
  ],
  "l0": [
    500.0,
    496.4736328125,
    495.9453125,
    495.724609375,
    496.5625,
    494.505859375,
    495.1953125,
    495.81640625,
    494.091796875,
    496.3837890625,
    495.240234375,
    494.5244140625,
    493.845703125,
    493.31640625,
    491.5234375,
    493.7099609375,
    494.44140625,
    492.9462890625,
    493.3056640625,
    491.1923828125,
    493.125,
    492.9716796875
  ],
  "steps_logged": [
    0,
    200,
    400,
    600,
    800,
    1000,
    1200,
    1400,
    1600,
    1800,
    2000,
    2200,
    2400,
    2600,
    2800,
    3000,
    3200,
    3400,
    3600,
    3800,
    4000,
    4200
  ],
  "final_step": 4200,
  "converged": true,
  "plateau_last": 0.018588161573337925,
  "elapsed_s": 2385.5167486667633
}