{
  "run_id": "agentic_txc_05__seed42",
  "arch": "agentic_txc_05",
  "seed": 42,
  "k_pos": 100,
  "k_win": 500,
  "T": 5,
  "match_budget": true,
  "layer": 13,
  "alpha": 1.0,
  "n_contr_scales": 3,
  "gamma": 0.3,
  "variant": "agentic_txc_05_multiscale_n3_g03",
  "loss": [
    173328.015625,
    25053.564453125,
    20928.4296875,
    19285.66796875,
    18688.9609375,
    18202.046875,
    17744.900390625,
    17643.869140625,
    17255.72265625,
    17285.576171875,
    17096.9921875,
    17016.990234375,
    16709.732421875,
    16650.6484375,
    16518.9453125,
    16527.462890625,
    16437.95703125,
    16264.845703125,
    16234.3095703125,
    16349.2822265625,
    16291.4853515625,
    16098.1171875
  ],
  "l0": [
    500.0,
    496.9228515625,
    497.2578125,
    496.326171875,
    497.08984375,
    494.5908203125,
    495.1015625,
    495.763671875,
    493.978515625,
    496.3837890625,
    495.1064453125,
    494.708984375,
    493.8681640625,
    493.119140625,
    491.8564453125,
    493.4638671875,
    494.8388671875,
    493.212890625,
    493.564453125,
    491.0791015625,
    493.33984375,
    493.0009765625
  ],
  "steps_logged": [
    0,
    200,
    400,
    600,
    800,
    1000,
    1200,
    1400,
    1600,
    1800,
    2000,
    2200,
    2400,
    2600,
    2800,
    3000,
    3200,
    3400,
    3600,
    3800,
    4000,
    4200
  ],
  "final_step": 4200,
  "converged": true,
  "plateau_last": 0.01939418165238019,
  "elapsed_s": 2206.496463537216
}