{
  "run_id": "agentic_txc_02__seed1",
  "arch": "agentic_txc_02",
  "seed": 1,
  "k_pos": 100,
  "k_win": 500,
  "T": 5,
  "match_budget": true,
  "layer": 13,
  "alpha": 1.0,
  "n_contr_scales": 3,
  "gamma": 0.5,
  "variant": "agentic_txc_02_multiscale_contrastive",
  "loss": [
    159585.265625,
    24700.19140625,
    21271.310546875,
    19260.24609375,
    18450.98828125,
    18264.970703125,
    17813.208984375,
    17524.193359375,
    17726.255859375,
    17371.6640625,
    17302.71875,
    17027.275390625,
    16865.5859375,
    16900.0546875,
    16749.439453125,
    16888.26171875,
    16530.880859375,
    16409.736328125,
    16274.15625,
    16228.12109375,
    16180.2119140625,
    16401.119140625,
    16093.6171875,
    16482.587890625
  ],
  "l0": [
    500.0,
    495.5966796875,
    496.3447265625,
    496.369140625,
    494.44921875,
    496.326171875,
    493.84765625,
    494.9375,
    496.978515625,
    494.3486328125,
    495.091796875,
    493.763671875,
    493.39453125,
    493.673828125,
    493.05078125,
    494.2685546875,
    492.626953125,
    492.23046875,
    490.8955078125,
    492.05859375,
    490.80078125,
    493.1962890625,
    492.4677734375,
    494.642578125
  ],
  "steps_logged": [
    0,
    200,
    400,
    600,
    800,
    1000,
    1200,
    1400,
    1600,
    1800,
    2000,
    2200,
    2400,
    2600,
    2800,
    3000,
    3200,
    3400,
    3600,
    3800,
    4000,
    4200,
    4400,
    4600
  ],
  "final_step": 4600,
  "converged": true,
  "plateau_last": 0.017703965871002852,
  "elapsed_s": 2415.5666942596436
}