{
  "run_id": "agentic_txc_02_t7__seed42",
  "arch": "agentic_txc_02_t7",
  "seed": 42,
  "k_pos": 100,
  "k_win": 700,
  "T": 7,
  "match_budget": true,
  "layer": 13,
  "alpha": 1.0,
  "n_contr_scales": 3,
  "gamma": 0.5,
  "batch_size": 1024,
  "variant": "agentic_txc_02_t_sweep",
  "loss": [
    206230.9375,
    25855.6796875,
    22009.4921875,
    20271.453125,
    19667.041015625,
    19290.51171875,
    18749.375,
    18637.853515625,
    18442.876953125,
    18356.841796875,
    18077.666015625,
    18028.05859375,
    18010.541015625,
    17921.48046875,
    17879.205078125,
    17785.97265625,
    17621.0703125,
    17645.556640625,
    17578.734375,
    17514.5703125
  ],
  "l0": [
    700.0,
    693.740234375,
    694.7998046875,
    691.7734375,
    692.111328125,
    693.14453125,
    692.3349609375,
    693.8017578125,
    690.392578125,
    691.05078125,
    692.7861328125,
    691.46484375,
    689.7109375,
    688.287109375,
    691.2060546875,
    690.15625,
    685.654296875,
    689.75,
    689.2578125,
    686.52734375
  ],
  "steps_logged": [
    0,
    200,
    400,
    600,
    800,
    1000,
    1200,
    1400,
    1600,
    1800,
    2000,
    2200,
    2400,
    2600,
    2800,
    3000,
    3200,
    3400,
    3600,
    3800
  ],
  "final_step": 3800,
  "converged": true,
  "plateau_last": 0.019696473822991167,
  "elapsed_s": 3314.766814470291
}