{
  "run_id": "agentic_txc_10_bare__seed42",
  "arch": "agentic_txc_10_bare",
  "seed": 42,
  "k_pos": 100,
  "k_win": 500,
  "T": 5,
  "match_budget": true,
  "layer": 13,
  "aux_k": 512,
  "dead_threshold_tokens": 10000000,
  "auxk_alpha": 0.03125,
  "variant": "agentic_txc_10_bare_antidead_track2",
  "loss": [
    34557.85546875,
    10335.041015625,
    9093.9794921875,
    8547.4443359375,
    7939.8876953125,
    7867.75634765625,
    7507.04443359375,
    7385.74365234375,
    7281.93115234375,
    7083.32958984375,
    6920.25341796875,
    6895.0439453125,
    6778.4501953125,
    6713.26953125,
    6732.65625,
    6669.7705078125,
    6592.92822265625,
    6540.0986328125,
    6460.1552734375,
    6401.4072265625,
    6425.392578125,
    6349.84228515625,
    6363.5625,
    6256.34130859375,
    6268.14697265625,
    6263.9853515625,
    6292.18603515625,
    6212.06787109375,
    6171.30322265625,
    6201.02880859375,
    6172.9287109375,
    6060.30615234375,
    6250.79248046875,
    6173.14794921875,
    6146.65478515625,
    6203.21044921875,
    6165.23486328125,
    6039.2294921875,
    6163.34375,
    6164.12548828125,
    6041.2119140625,
    6058.9072265625,
    6058.8525390625,
    6150.01953125,
    6030.07275390625,
    6005.3291015625,
    6076.07373046875,
    5949.55615234375,
    6017.33203125,
    6020.4541015625,
    5930.97119140625
  ],
  "l0": [
    500.0,
    498.2421875,
    494.9951171875,
    494.3515625,
    493.25,
    491.6875,
    492.546875,
    490.8603515625,
    493.37890625,
    493.2333984375,
    490.41015625,
    490.47265625,
    490.0810546875,
    490.1455078125,
    492.107421875,
    494.13671875,
    493.22265625,
    491.900390625,
    489.9833984375,
    490.34375,
    489.62890625,
    490.98046875,
    490.8349609375,
    489.7646484375,
    490.7138671875,
    489.59375,
    491.1416015625,
    485.59375,
    490.24609375,
    494.3740234375,
    489.8251953125,
    486.4248046875,
    492.2021484375,
    491.2265625,
    491.7880859375,
    489.2041015625,
    488.3974609375,
    489.130859375,
    490.1005859375,
    490.9052734375,
    488.666015625,
    488.1708984375,
    490.6376953125,
    491.796875,
    489.8369140625,
    487.28515625,
    489.873046875,
    487.7451171875,
    487.5771484375,
    487.8505859375,
    489.2119140625
  ],
  "steps_logged": [
    0,
    200,
    400,
    600,
    800,
    1000,
    1200,
    1400,
    1600,
    1800,
    2000,
    2200,
    2400,
    2600,
    2800,
    3000,
    3200,
    3400,
    3600,
    3800,
    4000,
    4200,
    4400,
    4600,
    4800,
    5000,
    5200,
    5400,
    5600,
    5800,
    6000,
    6200,
    6400,
    6600,
    6800,
    7000,
    7200,
    7400,
    7600,
    7800,
    8000,
    8200,
    8400,
    8600,
    8800,
    9000,
    9200,
    9400,
    9600,
    9800,
    10000
  ],
  "final_step": 10000,
  "converged": true,
  "plateau_last": 0.010190149468469809,
  "elapsed_s": 2453.96009349823
}