{
  "run_id": "agentic_txc_01__seed42",
  "arch": "agentic_txc_01",
  "seed": 42,
  "k_pos": 100,
  "k_win": 500,
  "T": 5,
  "match_budget": true,
  "layer": 13,
  "alpha": 1.0,
  "lam_orth": 1.0,
  "variant": "agentic_txc_01_orth_scale1",
  "loss": [
    175086.984375,
    25025.720703125,
    20911.712890625,
    19325.51171875,
    18770.55078125,
    18234.779296875,
    17791.3125,
    17669.814453125,
    17314.759765625,
    17325.486328125,
    17090.5703125,
    17026.32421875,
    16680.3671875,
    16644.00390625,
    16579.076171875,
    16558.46484375,
    16452.576171875,
    16302.7265625,
    16286.4443359375,
    16384.05859375,
    16345.8662109375,
    16153.271484375
  ],
  "l0": [
    500.0,
    495.6201171875,
    495.3125,
    496.08984375,
    496.015625,
    493.826171875,
    494.984375,
    495.658203125,
    493.994140625,
    496.2841796875,
    495.13671875,
    494.626953125,
    493.8681640625,
    493.220703125,
    490.857421875,
    493.7431640625,
    494.685546875,
    492.685546875,
    492.8603515625,
    491.05078125,
    492.974609375,
    492.8037109375
  ],
  "steps_logged": [
    0,
    200,
    400,
    600,
    800,
    1000,
    1200,
    1400,
    1600,
    1800,
    2000,
    2200,
    2400,
    2600,
    2800,
    3000,
    3200,
    3400,
    3600,
    3800,
    4000,
    4200
  ],
  "final_step": 4200,
  "converged": true,
  "plateau_last": 0.017392872146279763,
  "elapsed_s": 2191.0314288139343
}