{
  "run_id": "agentic_txc_02_batchtopk__seed1",
  "arch": "agentic_txc_02_batchtopk",
  "seed": 1,
  "k_pos": 100,
  "k_win": 500,
  "T": 5,
  "match_budget": true,
  "layer": 13,
  "alpha": 1.0,
  "n_contr_scales": 3,
  "gamma": 0.5,
  "sparsity": "batchtopk",
  "variant": "agentic_txc_02_batchtopk",
  "loss": [
    194968.453125,
    25188.578125,
    21849.943359375,
    20096.4453125,
    19358.595703125,
    19256.26171875,
    18860.21875,
    18609.56640625,
    18877.724609375,
    18515.376953125,
    18478.17578125,
    18184.875,
    17957.904296875,
    18056.029296875,
    17899.814453125,
    18013.7109375,
    17667.09765625,
    17556.982421875,
    17357.03515625,
    17384.3203125,
    17305.0859375,
    17579.640625,
    17246.251953125,
    17732.68359375
  ],
  "l0": [
    500.0,
    500.0244140625,
    500.0,
    500.0,
    500.0,
    500.0,
    500.0,
    500.0,
    500.0,
    500.0,
    500.0,
    500.0,
    500.0,
    500.0,
    500.0,
    500.0,
    500.0,
    500.0009765625,
    500.0,
    500.0,
    500.0,
    500.0,
    500.0,
    500.0
  ],
  "steps_logged": [
    0,
    200,
    400,
    600,
    800,
    1000,
    1200,
    1400,
    1600,
    1800,
    2000,
    2200,
    2400,
    2600,
    2800,
    3000,
    3200,
    3400,
    3600,
    3800,
    4000,
    4200,
    4400,
    4600
  ],
  "final_step": 4600,
  "converged": true,
  "plateau_last": 0.01408738647132044,
  "elapsed_s": 2430.484832048416
}