{
  "run_id": "agentic_txc_02_t8__seed42",
  "arch": "agentic_txc_02_t8",
  "seed": 42,
  "k_pos": 100,
  "k_win": 800,
  "T": 8,
  "match_budget": true,
  "layer": 13,
  "alpha": 1.0,
  "n_contr_scales": 3,
  "gamma": 0.5,
  "variant": "agentic_txc_02_t_sweep",
  "loss": [
    214807.921875,
    26350.65625,
    22281.232421875,
    20835.41796875,
    20399.814453125,
    19932.09765625,
    19260.62109375,
    19388.126953125,
    19044.35546875,
    18989.958984375,
    18713.673828125,
    18757.767578125,
    18611.751953125,
    18378.283203125,
    18178.65234375,
    18600.9765625,
    18331.408203125,
    18355.275390625,
    17938.03125,
    18489.443359375
  ],
  "l0": [
    800.0,
    792.0673828125,
    788.92578125,
    790.203125,
    791.1005859375,
    791.76171875,
    792.564453125,
    789.396484375,
    791.265625,
    788.830078125,
    790.98828125,
    788.2529296875,
    791.693359375,
    786.818359375,
    787.994140625,
    789.7783203125,
    789.171875,
    788.1787109375,
    781.974609375,
    794.38671875
  ],
  "steps_logged": [
    0,
    200,
    400,
    600,
    800,
    1000,
    1200,
    1400,
    1600,
    1800,
    2000,
    2200,
    2400,
    2600,
    2800,
    3000,
    3200,
    3400,
    3600,
    3800
  ],
  "final_step": 3800,
  "converged": true,
  "plateau_last": 0.009984810594996705,
  "elapsed_s": 4101.898344278336
}