{
  "run_id": "agentic_txc_11_stack__seed42",
  "arch": "agentic_txc_11_stack",
  "seed": 42,
  "k_pos": 100,
  "k_win": 500,
  "T": 5,
  "match_budget": true,
  "layer": 13,
  "alpha": 1.0,
  "n_contr_scales": 3,
  "gamma": 0.5,
  "sparsity": "batchtopk",
  "aux_k": 512,
  "dead_threshold_tokens": 10000000,
  "auxk_alpha": 0.03125,
  "variant": "agentic_txc_11_batchtopk_auxk_cycleH",
  "loss": [
    216514.6875,
    25628.87890625,
    21599.2109375,
    20199.28515625,
    19756.22265625,
    19315.630859375,
    18974.490234375,
    18910.2109375,
    18558.806640625,
    18651.6640625,
    18392.365234375,
    18410.013671875,
    18098.396484375,
    18026.3125,
    17876.767578125,
    17894.3984375,
    17788.640625,
    17654.45703125,
    17656.650390625,
    17790.234375,
    17755.923828125
  ],
  "l0": [
    500.0,
    500.0,
    500.0,
    500.0,
    500.0,
    500.0,
    500.0,
    500.0,
    500.0,
    500.0,
    500.0,
    500.0,
    500.0,
    500.0,
    500.0,
    500.0,
    500.0,
    500.0,
    500.0,
    500.0,
    500.0
  ],
  "steps_logged": [
    0,
    200,
    400,
    600,
    800,
    1000,
    1200,
    1400,
    1600,
    1800,
    2000,
    2200,
    2400,
    2600,
    2800,
    3000,
    3200,
    3400,
    3600,
    3800,
    4000
  ],
  "final_step": 4000,
  "converged": true,
  "plateau_last": 0.01838177383876385,
  "elapsed_s": 2273.683320760727
}