{
  "run_id": "conv_txcdr_t15__seed42",
  "arch": "conv_txcdr_t15",
  "seed": 42,
  "k_pos": 100,
  "k_win": 1500,
  "T": 15,
  "match_budget": true,
  "layer": 13,
  "variant": "conv_txcdr_kernel3",
  "encoder": "conv1d_k3_shared_across_T",
  "loss": [
    46217.26171875,
    19597.3828125,
    18004.96875,
    16421.087890625,
    18347.185546875,
    18160.443359375,
    16816.830078125,
    16134.07421875,
    16108.51953125,
    15812.677734375,
    15626.5986328125,
    16429.14453125,
    16966.037109375,
    16213.6796875,
    16472.18359375,
    16035.3837890625
  ],
  "l0": [
    1500.0,
    1214.0205078125,
    1228.7021484375,
    1207.4189453125,
    1217.3359375,
    1207.3125,
    1223.3779296875,
    1224.1328125,
    1211.80078125,
    1237.490234375,
    1211.3291015625,
    1180.8623046875,
    1213.6259765625,
    1179.9130859375,
    1201.0234375,
    1216.6357421875
  ],
  "steps_logged": [
    0,
    200,
    400,
    600,
    800,
    1000,
    1200,
    1400,
    1600,
    1800,
    2000,
    2200,
    2400,
    2600,
    2800,
    3000
  ],
  "final_step": 3000,
  "converged": true,
  "plateau_last": -0.02009633089354162,
  "elapsed_s": 1592.0864322185516
}