{
  "run_id": "conv_txcdr_t10__seed42",
  "arch": "conv_txcdr_t10",
  "seed": 42,
  "k_pos": 100,
  "k_win": 1000,
  "T": 10,
  "match_budget": true,
  "layer": 13,
  "variant": "conv_txcdr_kernel3",
  "encoder": "conv1d_k3_shared_across_T",
  "loss": [
    49883.77734375,
    18816.927734375,
    16653.951171875,
    15208.6484375,
    15545.7373046875,
    14762.0732421875,
    13800.6279296875,
    13937.171875,
    13094.6630859375,
    13222.5830078125,
    13479.15625,
    13047.58203125,
    13530.1376953125,
    13228.7099609375,
    13084.845703125,
    13101.900390625,
    12942.4560546875
  ],
  "l0": [
    1000.0,
    986.501953125,
    983.1748046875,
    987.10546875,
    981.6357421875,
    976.2763671875,
    977.546875,
    989.1318359375,
    975.7265625,
    979.6474609375,
    977.423828125,
    980.23046875,
    980.193359375,
    986.04296875,
    983.4521484375,
    987.408203125,
    973.896484375
  ],
  "steps_logged": [
    0,
    200,
    400,
    600,
    800,
    1000,
    1200,
    1400,
    1600,
    1800,
    2000,
    2200,
    2400,
    2600,
    2800,
    3000,
    3200
  ],
  "final_step": 3200,
  "converged": true,
  "plateau_last": 0.013373629560546961,
  "elapsed_s": 1170.4997162818909
}