{
  "run_id": "conv_txcdr_t5__seed42",
  "arch": "conv_txcdr_t5",
  "seed": 42,
  "k_pos": 100,
  "k_win": 500,
  "T": 5,
  "match_budget": true,
  "layer": 13,
  "variant": "conv_txcdr_kernel3",
  "encoder": "conv1d_k3_shared_across_T",
  "loss": [
    55946.36328125,
    14908.1318359375,
    12213.234375,
    11101.1015625,
    10704.2158203125,
    10475.2392578125,
    10390.08984375,
    10295.0908203125,
    10132.916015625,
    10054.32421875,
    10137.3623046875,
    9983.1689453125,
    9953.447265625,
    9996.1630859375,
    9982.8310546875,
    10067.5625,
    9791.5419921875
  ],
  "l0": [
    500.0,
    495.455078125,
    494.6376953125,
    493.51953125,
    491.8212890625,
    489.142578125,
    493.505859375,
    492.00390625,
    490.9609375,
    488.34375,
    492.2626953125,
    491.1025390625,
    491.1318359375,
    492.125,
    488.46875,
    493.71875,
    488.6328125
  ],
  "steps_logged": [
    0,
    200,
    400,
    600,
    800,
    1000,
    1200,
    1400,
    1600,
    1800,
    2000,
    2200,
    2400,
    2600,
    2800,
    3000,
    3200
  ],
  "final_step": 3200,
  "converged": true,
  "plateau_last": 0.016033014128033693,
  "elapsed_s": 716.384434223175
}