{
  "run_id": "conv_txcdr_t20__seed42",
  "arch": "conv_txcdr_t20",
  "seed": 42,
  "k_pos": 100,
  "k_win": 2000,
  "T": 20,
  "match_budget": true,
  "layer": 13,
  "variant": "conv_txcdr_kernel3",
  "encoder": "conv1d_k3_shared_across_T",
  "loss": [
    45886.0703125,
    20804.421875,
    19617.8984375,
    19107.33203125,
    19121.009765625,
    17657.775390625,
    18752.46875,
    18297.931640625,
    18074.01953125,
    17835.228515625,
    17385.21875,
    17676.140625,
    17413.681640625,
    17090.591796875,
    17542.017578125,
    17521.373046875,
    17732.359375,
    17274.0234375
  ],
  "l0": [
    2000.0,
    882.8759765625,
    880.984375,
    892.478515625,
    864.8671875,
    870.228515625,
    884.1611328125,
    870.9150390625,
    847.8720703125,
    866.46875,
    872.2978515625,
    860.4169921875,
    853.7216796875,
    871.4287109375,
    869.26953125,
    877.6318359375,
    877.8544921875,
    868.0029296875
  ],
  "steps_logged": [
    0,
    200,
    400,
    600,
    800,
    1000,
    1200,
    1400,
    1600,
    1800,
    2000,
    2200,
    2400,
    2600,
    2800,
    3000,
    3200,
    3400
  ],
  "final_step": 3400,
  "converged": true,
  "plateau_last": 0.013847753272750823,
  "elapsed_s": 2404.6573555469513
}