{
  "run_id": "conv_txcdr_t30__seed42",
  "arch": "conv_txcdr_t30",
  "seed": 42,
  "k_pos": 100,
  "k_win": 3000,
  "T": 30,
  "match_budget": true,
  "layer": 13,
  "variant": "conv_txcdr_kernel3",
  "encoder": "conv1d_k3_shared_across_T",
  "loss": [
    45505.8203125,
    22546.533203125,
    19973.990234375,
    20299.80078125,
    20718.517578125,
    20916.97265625,
    20455.57421875,
    19910.474609375,
    20987.671875,
    20488.064453125,
    19288.1796875,
    19364.546875,
    19939.212890625,
    19503.970703125,
    19686.5546875,
    19793.966796875,
    19123.04296875
  ],
  "l0": [
    3000.0,
    377.0166015625,
    366.8623046875,
    374.353515625,
    371.9296875,
    370.2890625,
    371.095703125,
    369.6943359375,
    369.68359375,
    370.2861328125,
    371.44921875,
    373.8154296875,
    370.05078125,
    373.0185546875,
    365.0771484375,
    370.7607421875,
    372.59375
  ],
  "steps_logged": [
    0,
    200,
    400,
    600,
    800,
    1000,
    1200,
    1400,
    1600,
    1800,
    2000,
    2200,
    2400,
    2600,
    2800,
    3000,
    3200
  ],
  "final_step": 3200,
  "converged": true,
  "plateau_last": 0.019914140462807223,
  "elapsed_s": 3436.0602729320526
}