{
  "run_id": "feature_nested_matryoshka_t5_contrastive__seed42",
  "arch": "feature_nested_matryoshka_t5_contrastive",
  "seed": 42,
  "k_pos": 100,
  "k_win": 500,
  "T": 5,
  "match_budget": true,
  "layer": 13,
  "alpha": 1.0,
  "n_contr_scales": 3,
  "gamma": 0.5,
  "variant": "feature_nested_matryoshka_contrastive",
  "loss": [
    176640.03125,
    23446.966796875,
    19560.134765625,
    18074.34765625,
    17630.93359375,
    17129.939453125,
    16712.7734375,
    16619.94921875,
    16300.7021484375,
    16259.0869140625,
    15995.4931640625,
    15996.158203125,
    15729.6357421875,
    15683.322265625,
    15545.923828125,
    15497.9599609375,
    15425.6005859375,
    15341.841796875,
    15314.84765625,
    15400.1201171875,
    15280.44921875,
    15148.708984375
  ],
  "l0": [
    500.0,
    495.193359375,
    495.078125,
    495.875,
    496.26953125,
    493.08984375,
    494.46875,
    495.587890625,
    493.9423828125,
    495.9775390625,
    494.53515625,
    494.1962890625,
    493.2841796875,
    492.509765625,
    490.796875,
    493.4990234375,
    494.2568359375,
    492.5771484375,
    492.564453125,
    491.05078125,
    493.146484375,
    492.984375
  ],
  "steps_logged": [
    0,
    200,
    400,
    600,
    800,
    1000,
    1200,
    1400,
    1600,
    1800,
    2000,
    2200,
    2400,
    2600,
    2800,
    3000,
    3200,
    3400,
    3600,
    3800,
    4000,
    4200
  ],
  "final_step": 4200,
  "converged": true,
  "plateau_last": 0.017930544634321602,
  "elapsed_s": 5889.699069738388
}