{
  "run_id": "feature_nested_matryoshka_t5__seed42",
  "arch": "feature_nested_matryoshka_t5",
  "seed": 42,
  "k_pos": 100,
  "k_win": 500,
  "T": 5,
  "match_budget": true,
  "layer": 13,
  "alpha": 0.0,
  "variant": "feature_nested_matryoshka",
  "loss": [
    97508.34375,
    12978.580078125,
    10614.5830078125,
    9899.7353515625,
    9363.375,
    9044.1318359375,
    8997.4072265625,
    8899.8037109375,
    8722.408203125,
    8690.1572265625,
    8654.20703125,
    8537.1064453125,
    8509.7509765625,
    8514.0419921875,
    8457.4912109375,
    8514.6845703125,
    8297.9765625,
    8490.2431640625
  ],
  "l0": [
    500.0,
    495.962890625,
    496.697265625,
    496.4111328125,
    495.361328125,
    493.4921875,
    495.828125,
    494.8232421875,
    494.236328125,
    491.9599609375,
    494.427734375,
    493.337890625,
    493.443359375,
    494.2236328125,
    491.744140625,
    495.2919921875,
    490.9482421875,
    494.1572265625
  ],
  "steps_logged": [
    0,
    200,
    400,
    600,
    800,
    1000,
    1200,
    1400,
    1600,
    1800,
    2000,
    2200,
    2400,
    2600,
    2800,
    3000,
    3200,
    3400
  ],
  "final_step": 3400,
  "converged": true,
  "plateau_last": 0.019464665468751148,
  "elapsed_s": 2874.9291911125183
}