{
  "run_id": "matryoshka_t5__seed2",
  "arch": "matryoshka_t5",
  "seed": 2,
  "k_pos": 100,
  "k_win": 500,
  "T": 5,
  "layer": 13,
  "loss": [
    80369.4609375,
    13581.1865234375,
    11216.3544921875,
    10391.0146484375,
    10116.6953125,
    9585.9345703125,
    9462.328125,
    9301.1787109375,
    9209.0029296875,
    9216.6953125,
    9023.376953125,
    9081.845703125,
    8874.1533203125,
    8916.845703125,
    8926.8369140625,
    8892.283203125,
    8836.2216796875,
    8835.7060546875,
    8745.974609375
  ],
  "l0": [
    500.0,
    496.451171875,
    496.47265625,
    496.798828125,
    496.845703125,
    494.35546875,
    495.5849609375,
    494.845703125,
    494.865234375,
    496.0439453125,
    495.244140625,
    493.88671875,
    490.1533203125,
    493.138671875,
    494.017578125,
    492.0380859375,
    495.4345703125,
    493.951171875,
    492.6611328125
  ],
  "steps_logged": [
    0,
    200,
    400,
    600,
    800,
    1000,
    1200,
    1400,
    1600,
    1800,
    2000,
    2200,
    2400,
    2600,
    2800,
    3000,
    3200,
    3400,
    3600
  ],
  "final_step": 3600,
  "converged": true,
  "plateau_last": 0.01941560399212691,
  "elapsed_s": 1123.6737320423126
}