{
  "run_id": "matryoshka_txcdr_contrastive_t5_alpha003__seed42",
  "arch": "matryoshka_txcdr_contrastive_t5_alpha003",
  "seed": 42,
  "k_pos": 100,
  "k_win": 500,
  "T": 5,
  "match_budget": true,
  "layer": 13,
  "alpha": 0.03,
  "variant": "matryoshka_contrastive_alpha_sweep",
  "loss": [
    176049.828125,
    25000.6953125,
    20902.90625,
    19266.572265625,
    18639.302734375,
    18138.3671875,
    17671.771484375,
    17555.32421875,
    17206.70703125,
    17222.197265625,
    17025.017578125,
    16961.7265625,
    16663.294921875,
    16568.681640625,
    16410.076171875,
    16444.287109375,
    16335.109375,
    16208.55078125,
    16191.6533203125,
    16316.18359375,
    16255.3486328125,
    16063.787109375
  ],
  "l0": [
    500.0,
    497.1025390625,
    496.71875,
    496.00390625,
    496.77734375,
    495.015625,
    495.4765625,
    495.81640625,
    494.3583984375,
    496.2861328125,
    495.7666015625,
    494.7705078125,
    494.0927734375,
    493.1025390625,
    491.1298828125,
    493.3037109375,
    494.4306640625,
    492.84765625,
    493.560546875,
    491.8720703125,
    493.46875,
    493.1513671875
  ],
  "steps_logged": [
    0,
    200,
    400,
    600,
    800,
    1000,
    1200,
    1400,
    1600,
    1800,
    2000,
    2200,
    2400,
    2600,
    2800,
    3000,
    3200,
    3400,
    3600,
    3800,
    4000,
    4200
  ],
  "final_step": 4200,
  "converged": true,
  "plateau_last": 0.016815110561471707,
  "elapsed_s": 2145.1990597248077
}