{
  "run_id": "matryoshka_t5__seed42",
  "arch": "matryoshka_t5",
  "seed": 42,
  "k_pos": 100,
  "k_win": 500,
  "T": 5,
  "layer": 13,
  "loss": [
    91777.2109375,
    13463.8408203125,
    11257.5224609375,
    10487.8037109375,
    9911.2060546875,
    9539.2998046875,
    9503.0615234375,
    9385.865234375,
    9237.8193359375,
    9192.9833984375,
    9119.4521484375,
    8948.609375,
    8883.7490234375,
    8962.4013671875,
    8866.6513671875,
    8961.9794921875,
    8787.4501953125,
    8906.9638671875
  ],
  "l0": [
    500.0,
    495.98828125,
    496.95703125,
    496.486328125,
    495.556640625,
    493.578125,
    496.3720703125,
    494.095703125,
    494.591796875,
    492.9287109375,
    495.244140625,
    493.685546875,
    493.900390625,
    494.189453125,
    492.283203125,
    495.4814453125,
    492.05859375,
    494.4931640625
  ],
  "steps_logged": [
    0,
    200,
    400,
    600,
    800,
    1000,
    1200,
    1400,
    1600,
    1800,
    2000,
    2200,
    2400,
    2600,
    2800,
    3000,
    3200,
    3400
  ],
  "final_step": 3400,
  "converged": true,
  "plateau_last": 0.01976895835917326,
  "elapsed_s": 1061.7679591178894
}