{
  "run_id": "matryoshka_txcdr_contrastive_t5_alpha100__seed42",
  "arch": "matryoshka_txcdr_contrastive_t5_alpha100",
  "seed": 42,
  "k_pos": 100,
  "k_win": 500,
  "T": 5,
  "match_budget": true,
  "layer": 13,
  "alpha": 1.0,
  "variant": "matryoshka_contrastive_alpha_sweep",
  "loss": [
    176390.0,
    25071.353515625,
    20945.001953125,
    19310.78125,
    18702.169921875,
    18172.16015625,
    17750.142578125,
    17612.37890625,
    17290.916015625,
    17285.146484375,
    17103.34765625,
    17023.14453125,
    16743.88671875,
    16651.798828125,
    16513.076171875,
    16535.779296875,
    16432.388671875,
    16303.21484375,
    16289.7138671875,
    16385.81640625,
    16326.5791015625,
    16149.0791015625
  ],
  "l0": [
    500.0,
    496.49609375,
    496.4375,
    494.994140625,
    496.171875,
    493.7412109375,
    494.5859375,
    495.81640625,
    494.376953125,
    496.30859375,
    495.197265625,
    494.708984375,
    493.8681640625,
    493.134765625,
    491.4931640625,
    493.5947265625,
    494.2900390625,
    493.2314453125,
    493.1220703125,
    491.107421875,
    493.576171875,
    493.244140625
  ],
  "steps_logged": [
    0,
    200,
    400,
    600,
    800,
    1000,
    1200,
    1400,
    1600,
    1800,
    2000,
    2200,
    2400,
    2600,
    2800,
    3000,
    3200,
    3400,
    3600,
    3800,
    4000,
    4200
  ],
  "final_step": 4200,
  "converged": true,
  "plateau_last": 0.017164322719861166,
  "elapsed_s": 2144.0680434703827
}