{
  "run_id": "matryoshka_t5_batchtopk__seed42",
  "arch": "matryoshka_t5_batchtopk",
  "seed": 42,
  "k_pos": 100,
  "k_win": 500,
  "T": 5,
  "match_budget": true,
  "layer": 13,
  "sparsity": "batchtopk",
  "variant": "matryoshka_t5_batchtopk",
  "loss": [
    120597.625,
    13835.9912109375,
    11523.8935546875,
    10846.1943359375,
    10311.8486328125,
    9943.7021484375,
    9966.6748046875,
    9859.53125,
    9724.9033203125,
    9658.96484375,
    9566.5166015625,
    9421.359375,
    9366.7568359375,
    9438.078125,
    9342.4833984375,
    9459.8056640625,
    9254.826171875,
    9395.6396484375
  ],
  "l0": [
    500.0,
    500.0,
    500.0,
    500.0,
    500.0,
    500.0,
    500.0,
    500.0,
    500.0,
    500.0,
    500.0,
    500.0,
    500.0,
    500.0,
    500.0,
    500.0,
    500.0,
    500.0
  ],
  "steps_logged": [
    0,
    200,
    400,
    600,
    800,
    1000,
    1200,
    1400,
    1600,
    1800,
    2000,
    2200,
    2400,
    2600,
    2800,
    3000,
    3200,
    3400
  ],
  "final_step": 3400,
  "converged": true,
  "plateau_last": 0.017756484837388786,
  "elapsed_s": 1067.494158744812
}