{
  "run_id": "matryoshka_txcdr_contrastive_t5_alpha100_batchtopk__seed42",
  "arch": "matryoshka_txcdr_contrastive_t5_alpha100_batchtopk",
  "seed": 42,
  "k_pos": 100,
  "k_win": 500,
  "T": 5,
  "match_budget": true,
  "layer": 13,
  "alpha": 1.0,
  "sparsity": "batchtopk",
  "variant": "matryoshka_txcdr_contrastive_t5_alpha100_batchtopk",
  "loss": [
    214379.890625,
    25674.490234375,
    21639.681640625,
    20267.455078125,
    19846.947265625,
    19380.91796875,
    18977.3046875,
    18982.130859375,
    18604.662109375,
    18681.998046875,
    18429.009765625,
    18398.248046875,
    18123.6171875,
    18045.83203125,
    17893.93359375,
    17932.150390625,
    17803.845703125,
    17680.9296875,
    17631.875,
    17770.33203125,
    17777.46484375
  ],
  "l0": [
    500.0,
    500.0,
    500.0,
    500.0,
    500.0,
    500.0,
    500.0,
    500.0,
    500.0,
    500.0,
    500.0,
    500.0,
    500.0,
    500.0,
    500.0,
    500.0,
    500.0,
    500.0,
    500.0009765625,
    500.0,
    500.0
  ],
  "steps_logged": [
    0,
    200,
    400,
    600,
    800,
    1000,
    1200,
    1400,
    1600,
    1800,
    2000,
    2200,
    2400,
    2600,
    2800,
    3000,
    3200,
    3400,
    3600,
    3800,
    4000
  ],
  "final_step": 4000,
  "converged": true,
  "plateau_last": 0.019131116769993392,
  "elapsed_s": 2052.9805653095245
}