{
  "run_id": "matryoshka_txcdr_contrastive_t5__seed42",
  "arch": "matryoshka_txcdr_contrastive_t5",
  "seed": 42,
  "k_pos": 100,
  "k_win": 500,
  "T": 5,
  "match_budget": true,
  "layer": 13,
  "alpha": 0.1,
  "variant": "matryoshka_contrastive",
  "loss": [
    175781.515625,
    24969.41015625,
    20881.142578125,
    19210.59765625,
    18615.4375,
    18127.91796875,
    17638.130859375,
    17542.787109375,
    17196.39453125,
    17207.447265625,
    17005.46875,
    16923.98828125,
    16633.55078125,
    16568.3203125,
    16392.861328125,
    16436.947265625,
    16334.0322265625,
    16168.8779296875,
    16153.7392578125,
    16281.9326171875,
    16205.3349609375,
    16030.9873046875
  ],
  "l0": [
    500.0,
    496.6982421875,
    496.3671875,
    496.669921875,
    496.953125,
    494.2509765625,
    495.5,
    495.833984375,
    494.615234375,
    496.662109375,
    495.18359375,
    494.9140625,
    494.4296875,
    493.166015625,
    492.12890625,
    493.9599609375,
    494.71875,
    492.359375,
    493.203125,
    491.3623046875,
    493.296875,
    493.0185546875
  ],
  "steps_logged": [
    0,
    200,
    400,
    600,
    800,
    1000,
    1200,
    1400,
    1600,
    1800,
    2000,
    2200,
    2400,
    2600,
    2800,
    3000,
    3200,
    3400,
    3600,
    3800,
    4000,
    4200
  ],
  "final_step": 4200,
  "converged": true,
  "plateau_last": 0.018513041511023058,
  "elapsed_s": 2142.8912239074707
}