{
  "run_id": "matryoshka_txcdr_contrastive_t5_alpha300__seed42",
  "arch": "matryoshka_txcdr_contrastive_t5_alpha300",
  "seed": 42,
  "k_pos": 100,
  "k_win": 500,
  "T": 5,
  "match_budget": true,
  "layer": 13,
  "alpha": 3.0,
  "variant": "matryoshka_contrastive_alpha_sweep",
  "loss": [
    177048.640625,
    25061.59765625,
    20983.9296875,
    19343.755859375,
    18729.396484375,
    18216.625,
    17785.681640625,
    17675.3359375,
    17295.658203125,
    17335.28125,
    17140.603515625,
    17046.703125,
    16702.740234375,
    16674.947265625,
    16613.791015625,
    16615.830078125,
    16489.220703125,
    16339.64453125,
    16304.0986328125,
    16399.275390625,
    16358.6474609375,
    16165.0751953125
  ],
  "l0": [
    500.0,
    496.4736328125,
    496.296875,
    495.853515625,
    497.12890625,
    494.505859375,
    495.3125,
    496.080078125,
    494.263671875,
    496.322265625,
    495.4912109375,
    494.6884765625,
    493.7783203125,
    492.890625,
    491.6748046875,
    493.130859375,
    494.6123046875,
    493.322265625,
    493.259765625,
    491.2490234375,
    493.146484375,
    493.05078125
  ],
  "steps_logged": [
    0,
    200,
    400,
    600,
    800,
    1000,
    1200,
    1400,
    1600,
    1800,
    2000,
    2200,
    2400,
    2600,
    2800,
    3000,
    3200,
    3400,
    3600,
    3800,
    4000,
    4200
  ],
  "final_step": 4200,
  "converged": true,
  "plateau_last": 0.018409771128612334,
  "elapsed_s": 2145.5877985954285
}