{
  "run_id": "matryoshka_t5__seed1",
  "arch": "matryoshka_t5",
  "seed": 1,
  "k_pos": 100,
  "k_win": 500,
  "T": 5,
  "layer": 13,
  "loss": [
    102475.7109375,
    13421.6162109375,
    11146.00390625,
    10222.1484375,
    9794.3154296875,
    9620.0771484375,
    9339.228515625,
    9147.0234375,
    9366.19140625,
    8973.095703125,
    8938.5380859375,
    8936.126953125,
    8975.080078125,
    8816.724609375,
    8752.125,
    8640.55078125,
    8670.0517578125,
    8639.16015625,
    8585.6748046875,
    8564.58203125,
    8560.1552734375,
    8658.3154296875
  ],
  "l0": [
    500.0,
    497.2236328125,
    496.0712890625,
    495.751953125,
    495.81640625,
    496.0859375,
    494.9873046875,
    495.548828125,
    496.71484375,
    493.421875,
    495.0771484375,
    495.1962890625,
    496.9189453125,
    492.32421875,
    493.701171875,
    492.44140625,
    491.96875,
    493.658203125,
    494.53125,
    492.458984375,
    492.806640625,
    492.08984375
  ],
  "steps_logged": [
    0,
    200,
    400,
    600,
    800,
    1000,
    1200,
    1400,
    1600,
    1800,
    2000,
    2200,
    2400,
    2600,
    2800,
    3000,
    3200,
    3400,
    3600,
    3800,
    4000,
    4200
  ],
  "final_step": 4200,
  "converged": true,
  "plateau_last": 0.01930574762207099,
  "elapsed_s": 1310.9376027584076
}