{
  "run_id": "matryoshka_txcdr_contrastive_t5_k2x__seed42",
  "arch": "matryoshka_txcdr_contrastive_t5_k2x",
  "seed": 42,
  "k_pos": 200,
  "k_win": 1000,
  "T": 5,
  "match_budget": true,
  "layer": 13,
  "alpha": 0.1,
  "variant": "matryoshka_contrastive_k2x",
  "loss": [
    214488.4375,
    23177.970703125,
    18743.443359375,
    16985.345703125,
    16290.6044921875,
    15710.5478515625,
    15254.5576171875,
    15057.0693359375,
    14741.94140625,
    14741.1865234375,
    14492.240234375,
    14420.107421875,
    14146.5986328125,
    14057.384765625,
    13921.80859375,
    13906.7548828125,
    13782.3955078125,
    13690.212890625,
    13590.5634765625,
    13711.068359375,
    13751.287109375,
    13582.3720703125,
    13609.7568359375
  ],
  "l0": [
    1000.0,
    991.3544921875,
    990.6484375,
    991.083984375,
    992.01171875,
    988.728515625,
    989.5810546875,
    991.580078125,
    987.0791015625,
    992.2490234375,
    989.7216796875,
    989.2509765625,
    986.6806640625,
    984.8935546875,
    982.68359375,
    986.1826171875,
    988.0322265625,
    984.1552734375,
    984.6650390625,
    981.6767578125,
    985.798828125,
    984.7783203125,
    985.6298828125
  ],
  "steps_logged": [
    0,
    200,
    400,
    600,
    800,
    1000,
    1200,
    1400,
    1600,
    1800,
    2000,
    2200,
    2400,
    2600,
    2800,
    3000,
    3200,
    3400,
    3600,
    3800,
    4000,
    4200,
    4400
  ],
  "final_step": 4400,
  "converged": true,
  "plateau_last": 0.01605438237176765,
  "elapsed_s": 2254.341453075409
}