{
  "run_id": "mlc_contrastive_alpha100_batchtopk__seed42",
  "arch": "mlc_contrastive_alpha100_batchtopk",
  "seed": 42,
  "k_pos": 100,
  "k_win": null,
  "T": 1,
  "layer": 13,
  "n_layers": 5,
  "alpha": 1.0,
  "sparsity": "batchtopk",
  "variant": "mlc_contrastive_alpha100_batchtopk",
  "loss": [
    171.72596740722656,
    24.648828506469727,
    21.750389099121094,
    21.183992385864258,
    20.56436538696289,
    20.33115005493164,
    20.10736846923828,
    19.73234748840332,
    19.656681060791016,
    19.697484970092773,
    19.398130416870117,
    19.515321731567383,
    19.32013702392578,
    19.328872680664062,
    19.41214942932129,
    19.345510482788086
  ],
  "l0": [
    100.0,
    100.0,
    100.0,
    100.0,
    100.0,
    100.0,
    100.0,
    100.0,
    100.0,
    100.0,
    100.0,
    100.0,
    100.0,
    100.0,
    100.0,
    100.0
  ],
  "steps_logged": [
    0,
    200,
    400,
    600,
    800,
    1000,
    1200,
    1400,
    1600,
    1800,
    2000,
    2200,
    2400,
    2600,
    2800,
    3000
  ],
  "final_step": 3000,
  "converged": true,
  "plateau_last": 0.01693870544260761,
  "elapsed_s": 1166.9316375255585
}