{
  "run_id": "mlc_batchtopk__seed42",
  "arch": "mlc_batchtopk",
  "seed": 42,
  "k_pos": 100,
  "k_win": null,
  "T": 1,
  "layer": 13,
  "n_layers": 5,
  "sparsity": "batchtopk",
  "variant": "mlc_batchtopk",
  "loss": [
    172094.5,
    11412.8857421875,
    9892.3369140625,
    8972.9765625,
    8586.7275390625,
    8506.8505859375,
    8081.81884765625,
    8064.14208984375,
    8009.62255859375,
    7891.28759765625,
    7939.45654296875,
    7628.88427734375,
    7601.92138671875,
    7448.50146484375,
    7411.97265625,
    7276.4814453125,
    7386.08447265625,
    7386.69140625,
    7474.82568359375,
    7417.1298828125,
    7422.88916015625
  ],
  "l0": [
    100.0,
    100.0,
    100.0,
    100.0,
    100.0,
    100.0,
    100.0,
    100.0,
    100.0,
    100.0,
    100.0,
    100.0009765625,
    100.0,
    100.0,
    100.0,
    100.0,
    100.0,
    100.0,
    100.0,
    100.0,
    100.0
  ],
  "steps_logged": [
    0,
    200,
    400,
    600,
    800,
    1000,
    1200,
    1400,
    1600,
    1800,
    2000,
    2200,
    2400,
    2600,
    2800,
    3000,
    3200,
    3400,
    3600,
    3800,
    4000
  ],
  "final_step": 4000,
  "converged": true,
  "plateau_last": 0.007496853324238738,
  "elapsed_s": 691.5548119544983
}