{
  "run_id": "mlc_bare_antidead__seed42",
  "arch": "mlc_bare_antidead",
  "seed": 42,
  "k_pos": 100,
  "k_win": 100,
  "T": 5,
  "match_budget": true,
  "layer": 13,
  "aux_k": 512,
  "dead_threshold_tokens": 10000000,
  "auxk_alpha": 0.03125,
  "variant": "mlc_bare_antidead",
  "loss": [
    55547.125,
    8481.9443359375,
    7436.72021484375,
    6682.875,
    6455.39111328125,
    6340.45654296875,
    6165.80224609375,
    6230.0634765625,
    6203.8994140625,
    6099.16259765625,
    6172.92578125,
    5915.5986328125,
    5855.9814453125,
    5772.60791015625,
    5769.4033203125,
    5627.5712890625,
    5653.84716796875,
    5651.34912109375,
    5759.228515625,
    5666.12744140625,
    5731.57275390625
  ],
  "l0": [
    100.0,
    100.0,
    99.7890625,
    100.0,
    100.0,
    99.9375,
    99.42578125,
    99.609375,
    99.2431640625,
    98.9453125,
    99.125,
    98.994140625,
    98.7529296875,
    98.83203125,
    98.6611328125,
    98.6884765625,
    98.513671875,
    98.4560546875,
    98.72265625,
    98.384765625,
    98.7138671875
  ],
  "steps_logged": [
    0,
    200,
    400,
    600,
    800,
    1000,
    1200,
    1400,
    1600,
    1800,
    2000,
    2200,
    2400,
    2600,
    2800,
    3000,
    3200,
    3400,
    3600,
    3800,
    4000
  ],
  "final_step": 4000,
  "converged": true,
  "plateau_last": 0.016552120048385386,
  "elapsed_s": 1998.3563339710236
}