{
  "run_id": "mlc_contrastive_batchtopk__seed42",
  "arch": "mlc_contrastive_batchtopk",
  "seed": 42,
  "k_pos": 100,
  "k_win": null,
  "T": 1,
  "layer": 13,
  "n_layers": 5,
  "alpha": 0.1,
  "sparsity": "batchtopk",
  "variant": "mlc_contrastive_batchtopk",
  "loss": [
    164.662109375,
    18.71778678894043,
    16.08061981201172,
    15.257776260375977,
    14.577937126159668,
    14.308435440063477,
    13.985925674438477,
    13.69797420501709,
    13.59465217590332,
    13.641924858093262,
    13.377667427062988,
    13.435954093933105,
    13.297258377075195,
    13.314102172851562,
    13.441751480102539,
    13.244379043579102,
    12.987239837646484,
    13.30955696105957
  ],
  "l0": [
    100.0,
    100.0,
    100.0,
    100.0,
    100.0,
    100.0,
    100.0,
    100.0,
    100.0,
    100.0,
    100.0,
    100.0,
    100.0,
    100.0,
    100.0,
    100.0,
    100.0,
    100.0
  ],
  "steps_logged": [
    0,
    200,
    400,
    600,
    800,
    1000,
    1200,
    1400,
    1600,
    1800,
    2000,
    2200,
    2400,
    2600,
    2800,
    3000,
    3200,
    3400
  ],
  "final_step": 3400,
  "converged": true,
  "plateau_last": 0.015597135878317694,
  "elapsed_s": 1320.2763001918793
}