{
  "run_id": "mlc_bare_matryoshka_contrastive_antidead__seed42",
  "arch": "mlc_bare_matryoshka_contrastive_antidead",
  "seed": 42,
  "k_pos": 100,
  "k_win": 100,
  "T": 5,
  "match_budget": true,
  "layer": 13,
  "alpha": 1.0,
  "matryoshka_h_size": 3686,
  "aux_k": 512,
  "dead_threshold_tokens": 10000000,
  "auxk_alpha": 0.03125,
  "variant": "mlc_bare_matryoshka_contrastive_antidead",
  "loss": [
    154525.25,
    33318.55078125,
    28637.689453125,
    27835.7421875,
    26961.771484375,
    26521.505859375,
    26214.486328125,
    25656.96875,
    25564.369140625,
    25745.55859375,
    25060.482421875,
    25291.556640625,
    25171.09375,
    25076.337890625,
    25338.955078125,
    25050.54296875
  ],
  "l0": [
    100.0,
    99.58984375,
    99.458984375,
    99.55078125,
    99.22265625,
    99.46484375,
    99.404296875,
    99.2490234375,
    99.240234375,
    99.2353515625,
    99.0185546875,
    99.208984375,
    99.1435546875,
    99.1484375,
    99.33984375,
    99.349609375
  ],
  "steps_logged": [
    0,
    200,
    400,
    600,
    800,
    1000,
    1200,
    1400,
    1600,
    1800,
    2000,
    2200,
    2400,
    2600,
    2800,
    3000
  ],
  "final_step": 3000,
  "converged": true,
  "plateau_last": 0.018039186361037917,
  "elapsed_s": 2163.698497056961
}