{
  "run_id": "phase57_partB_h8_bare_multidistance_t3__seed42",
  "arch": "phase57_partB_h8_bare_multidistance_t3",
  "seed": 42,
  "k_pos": 100,
  "k_win": 300,
  "T": 3,
  "match_budget": true,
  "layer": 13,
  "alpha": 1.0,
  "shifts": [
    1
  ],
  "weights": null,
  "matryoshka_h_size": 3686,
  "aux_k": 512,
  "dead_threshold_tokens": 10000000,
  "auxk_alpha": 0.03125,
  "variant": "phase57_partB_h8_bare_multidistance_t3",
  "loss": [
    147680.390625,
    38651.34375,
    34745.08203125,
    32777.359375,
    30811.537109375,
    29401.51953125,
    29289.12109375,
    28703.43359375,
    27878.1875,
    27565.12890625,
    27302.859375,
    26603.759765625,
    26454.83984375,
    26521.345703125,
    26148.634765625,
    26295.06640625,
    25777.26171875,
    26246.845703125,
    25605.39453125,
    25784.001953125,
    25370.251953125,
    25372.166015625,
    24650.9609375,
    24758.33203125,
    24928.10546875,
    25189.509765625,
    25036.1875,
    25005.3203125
  ],
  "l0": [
    300.0,
    299.2890625,
    298.732421875,
    298.173828125,
    298.2666015625,
    297.3681640625,
    298.359375,
    298.4296875,
    298.73046875,
    298.40625,
    298.49609375,
    297.740234375,
    298.3828125,
    299.056640625,
    298.388671875,
    299.171875,
    298.828125,
    298.7109375,
    298.96875,
    299.5703125,
    298.8046875,
    299.5732421875,
    299.365234375,
    299.0556640625,
    298.75390625,
    299.302734375,
    299.07421875,
    297.5390625
  ],
  "steps_logged": [
    0,
    200,
    400,
    600,
    800,
    1000,
    1200,
    1400,
    1600,
    1800,
    2000,
    2200,
    2400,
    2600,
    2800,
    3000,
    3200,
    3400,
    3600,
    3800,
    4000,
    4200,
    4400,
    4600,
    4800,
    5000,
    5200,
    5400
  ],
  "final_step": 5400,
  "converged": true,
  "plateau_last": 0.014712726604641919,
  "elapsed_s": 2864.7256951332092
}