{
  "run_id": "phase62_c2_track2_contrastive__seed1",
  "arch": "phase62_c2_track2_contrastive",
  "seed": 1,
  "k_pos": 100,
  "k_win": 500,
  "T": 5,
  "match_budget": true,
  "layer": 13,
  "alpha": 1.0,
  "matryoshka_h_size": null,
  "contr_prefix": 3686,
  "aux_k": 512,
  "dead_threshold_tokens": 10000000,
  "auxk_alpha": 0.03125,
  "variant": "phase62_c2_track2_contrastive",
  "loss": [
    64296.12109375,
    18739.978515625,
    17165.240234375,
    15572.2802734375,
    14722.599609375,
    14405.6865234375,
    13930.4228515625,
    13553.0966796875,
    13647.92578125,
    13218.0400390625,
    13011.3759765625,
    12688.9560546875,
    12589.96875,
    12508.984375,
    12413.015625,
    12508.3251953125,
    12181.9951171875,
    12057.4814453125,
    11989.7685546875,
    11980.455078125,
    11885.19921875,
    11991.6708984375,
    11806.6123046875,
    11965.03125,
    11808.515625,
    11651.0595703125
  ],
  "l0": [
    500.0,
    495.2275390625,
    496.6416015625,
    495.724609375,
    493.6015625,
    495.0458984375,
    492.31640625,
    493.015625,
    496.0771484375,
    493.0849609375,
    493.99609375,
    492.7001953125,
    492.3408203125,
    491.7978515625,
    491.4306640625,
    493.0859375,
    491.1376953125,
    490.8203125,
    488.771484375,
    490.404296875,
    488.720703125,
    492.1259765625,
    490.92578125,
    493.5458984375,
    492.3212890625,
    490.353515625
  ],
  "steps_logged": [
    0,
    200,
    400,
    600,
    800,
    1000,
    1200,
    1400,
    1600,
    1800,
    2000,
    2200,
    2400,
    2600,
    2800,
    3000,
    3200,
    3400,
    3600,
    3800,
    4000,
    4200,
    4400,
    4600,
    4800,
    5000
  ],
  "final_step": 5000,
  "converged": true,
  "plateau_last": 0.014510545389496794,
  "elapsed_s": 1862.9645555019379
}