{
  "run_id": "phase57_partB_h8a_shifts5__seed42",
  "arch": "phase57_partB_h8a_shifts5",
  "seed": 42,
  "k_pos": 100,
  "k_win": 500,
  "T": 5,
  "match_budget": true,
  "layer": 13,
  "alpha": 1.0,
  "shifts": [
    5
  ],
  "weights": null,
  "matryoshka_h_size": 3686,
  "aux_k": 512,
  "dead_threshold_tokens": 10000000,
  "auxk_alpha": 0.03125,
  "variant": "phase57_partB_h8a_shifts5",
  "loss": [
    118202.0078125,
    40422.91796875,
    36207.171875,
    34204.8359375,
    32891.359375,
    32260.357421875,
    31183.431640625,
    31015.515625,
    30223.736328125,
    30221.92578125,
    29264.27734375,
    29310.01171875,
    29041.791015625,
    29020.17578125,
    28584.16796875,
    28477.93359375,
    28261.927734375,
    28060.2109375,
    27838.880859375,
    28038.48046875,
    27629.892578125,
    28004.947265625,
    27269.650390625,
    27329.74609375,
    27752.541015625
  ],
  "l0": [
    500.0,
    497.14453125,
    494.9375,
    495.72265625,
    496.66015625,
    496.61328125,
    495.9365234375,
    496.71875,
    495.5078125,
    496.328125,
    493.599609375,
    494.328125,
    495.7138671875,
    495.88671875,
    494.3623046875,
    495.1953125,
    494.6767578125,
    494.9384765625,
    494.474609375,
    494.8974609375,
    493.6728515625,
    496.458984375,
    492.453125,
    494.181640625,
    495.130859375
  ],
  "steps_logged": [
    0,
    200,
    400,
    600,
    800,
    1000,
    1200,
    1400,
    1600,
    1800,
    2000,
    2200,
    2400,
    2600,
    2800,
    3000,
    3200,
    3400,
    3600,
    3800,
    4000,
    4200,
    4400,
    4600,
    4800
  ],
  "final_step": 4800,
  "converged": true,
  "plateau_last": 0.019126424055830465,
  "elapsed_s": 3040.15704536438
}