{
  "run_id": "phase57_partB_h8a_shifts_10__seed42",
  "arch": "phase57_partB_h8a_shifts_10",
  "seed": 42,
  "k_pos": 100,
  "k_win": 500,
  "T": 5,
  "match_budget": true,
  "layer": 13,
  "alpha": 1.0,
  "shifts": [
    10
  ],
  "weights": null,
  "matryoshka_h_size": 3686,
  "aux_k": 512,
  "dead_threshold_tokens": 10000000,
  "auxk_alpha": 0.03125,
  "variant": "phase57_partB_h8a_shifts_10",
  "loss": [
    124860.3046875,
    39929.77734375,
    36348.8515625,
    34727.3515625,
    33327.92578125,
    32180.732421875,
    31348.814453125,
    31203.86328125,
    30653.18359375,
    30180.27734375,
    29866.177734375,
    29549.244140625,
    28924.25390625,
    29101.166015625,
    28547.8046875,
    28954.57421875,
    28599.45703125,
    28533.75,
    28457.046875,
    28482.203125,
    27949.53125,
    28240.70703125
  ],
  "l0": [
    500.0,
    496.66015625,
    496.89453125,
    497.55078125,
    497.181640625,
    496.6162109375,
    497.0849609375,
    497.802734375,
    496.4638671875,
    497.142578125,
    497.115234375,
    496.546875,
    495.91796875,
    496.080078125,
    496.3125,
    496.40625,
    495.80078125,
    497.494140625,
    494.728515625,
    497.7939453125,
    496.25,
    496.70703125
  ],
  "steps_logged": [
    0,
    200,
    400,
    600,
    800,
    1000,
    1200,
    1400,
    1600,
    1800,
    2000,
    2200,
    2400,
    2600,
    2800,
    3000,
    3200,
    3400,
    3600,
    3800,
    4000,
    4200
  ],
  "final_step": 4200,
  "converged": true,
  "plateau_last": 0.017096124972566924,
  "elapsed_s": 3722.5656249523163
}