{
  "run_id": "phase57_partB_h8_bare_multidistance_t9__seed42",
  "arch": "phase57_partB_h8_bare_multidistance_t9",
  "seed": 42,
  "k_pos": 100,
  "k_win": 900,
  "T": 9,
  "match_budget": true,
  "layer": 13,
  "alpha": 1.0,
  "shifts": [
    1,
    2,
    4
  ],
  "weights": null,
  "matryoshka_h_size": 3686,
  "aux_k": 512,
  "dead_threshold_tokens": 10000000,
  "auxk_alpha": 0.03125,
  "variant": "phase57_partB_h8_bare_multidistance_t9",
  "loss": [
    225939.609375,
    81676.328125,
    76036.2890625,
    72878.2890625,
    69739.421875,
    69694.96875,
    67674.671875,
    67705.1484375,
    65998.078125,
    66362.421875,
    65440.55078125,
    65079.890625,
    64106.69140625,
    64025.7890625,
    63665.1484375,
    63735.5078125,
    62918.19921875,
    62783.53125,
    62148.1171875,
    62605.26953125,
    61521.34375,
    61805.46484375,
    61837.0390625,
    61721.46484375
  ],
  "l0": [
    900.0,
    888.1875,
    890.8525390625,
    890.783203125,
    885.4169921875,
    890.7060546875,
    889.361328125,
    894.5322265625,
    883.9404296875,
    890.857421875,
    890.3076171875,
    890.171875,
    891.669921875,
    889.6708984375,
    887.994140625,
    886.486328125,
    882.609375,
    884.998046875,
    885.57421875,
    885.2626953125,
    881.2333984375,
    888.609375,
    888.8125,
    885.9228515625
  ],
  "steps_logged": [
    0,
    200,
    400,
    600,
    800,
    1000,
    1200,
    1400,
    1600,
    1800,
    2000,
    2200,
    2400,
    2600,
    2800,
    3000,
    3200,
    3400,
    3600,
    3800,
    4000,
    4200,
    4400,
    4600
  ],
  "final_step": 4600,
  "converged": true,
  "plateau_last": 0.018270936298686775,
  "elapsed_s": 9935.749564647675
}