{
  "run_id": "phase57_partB_h8_bare_multidistance_t8__seed42",
  "arch": "phase57_partB_h8_bare_multidistance_t8",
  "seed": 42,
  "k_pos": 100,
  "k_win": 800,
  "T": 8,
  "match_budget": true,
  "layer": 13,
  "alpha": 1.0,
  "shifts": [
    1,
    2,
    4
  ],
  "weights": null,
  "matryoshka_h_size": 3686,
  "aux_k": 512,
  "dead_threshold_tokens": 10000000,
  "auxk_alpha": 0.03125,
  "variant": "phase57_partB_h8_bare_multidistance_t8",
  "loss": [
    233265.765625,
    81608.3203125,
    74118.8671875,
    70331.7109375,
    68390.7265625,
    67225.71875,
    66305.96875,
    65841.8984375,
    64254.1171875,
    64612.546875,
    62992.2734375,
    62866.58984375,
    61778.0,
    62357.484375,
    61105.96484375,
    61617.98046875,
    60833.9765625,
    60495.86328125,
    60591.3203125,
    60692.44921875,
    59821.77734375,
    60014.765625
  ],
  "l0": [
    800.0,
    793.3759765625,
    792.03125,
    786.349609375,
    787.7568359375,
    784.875,
    790.7421875,
    788.9267578125,
    789.5283203125,
    790.859375,
    789.5244140625,
    787.3544921875,
    787.8212890625,
    788.466796875,
    785.0234375,
    787.2216796875,
    786.3955078125,
    784.9951171875,
    785.767578125,
    789.01953125,
    785.693359375,
    788.28125
  ],
  "steps_logged": [
    0,
    200,
    400,
    600,
    800,
    1000,
    1200,
    1400,
    1600,
    1800,
    2000,
    2200,
    2400,
    2600,
    2800,
    3000,
    3200,
    3400,
    3600,
    3800,
    4000,
    4200
  ],
  "final_step": 4200,
  "converged": true,
  "plateau_last": 0.019750928506450636,
  "elapsed_s": 4542.8887441158295
}