{
  "run_id": "phase57_partB_h8a_shifts2__seed42",
  "arch": "phase57_partB_h8a_shifts2",
  "seed": 42,
  "k_pos": 100,
  "k_win": 500,
  "T": 5,
  "match_budget": true,
  "layer": 13,
  "alpha": 1.0,
  "shifts": [
    2
  ],
  "weights": null,
  "matryoshka_h_size": 3686,
  "aux_k": 512,
  "dead_threshold_tokens": 10000000,
  "auxk_alpha": 0.03125,
  "variant": "phase57_partB_h8a_shifts2",
  "loss": [
    126941.15625,
    40186.28125,
    36605.94921875,
    34073.76953125,
    33084.9765625,
    32352.759765625,
    31263.6484375,
    30916.388671875,
    30399.083984375,
    30084.728515625,
    29666.25390625,
    29247.052734375,
    29167.1875,
    29054.51171875,
    28914.873046875,
    28720.50390625,
    28323.900390625,
    28314.880859375,
    28270.93359375,
    28047.478515625,
    27857.5703125,
    27697.65625,
    27138.310546875,
    27473.744140625,
    27434.072265625,
    27784.865234375,
    27394.2890625,
    27043.267578125
  ],
  "l0": [
    500.0,
    495.29296875,
    496.4404296875,
    493.30078125,
    494.9951171875,
    495.5703125,
    495.724609375,
    496.380859375,
    494.8203125,
    495.283203125,
    496.2646484375,
    495.8203125,
    494.6796875,
    494.2626953125,
    495.37109375,
    495.037109375,
    492.302734375,
    495.0361328125,
    494.548828125,
    492.890625,
    495.25390625,
    494.17578125,
    491.7861328125,
    494.369140625,
    491.3310546875,
    493.5810546875,
    491.701171875,
    489.9609375
  ],
  "steps_logged": [
    0,
    200,
    400,
    600,
    800,
    1000,
    1200,
    1400,
    1600,
    1800,
    2000,
    2200,
    2400,
    2600,
    2800,
    3000,
    3200,
    3400,
    3600,
    3800,
    4000,
    4200,
    4400,
    4600,
    4800,
    5000,
    5200,
    5400
  ],
  "final_step": 5400,
  "converged": true,
  "plateau_last": 0.013536325100649596,
  "elapsed_s": 3221.3585646152496
}