{
  "run_id": "phase62_c1_track2_matryoshka__seed42",
  "arch": "phase62_c1_track2_matryoshka",
  "seed": 42,
  "k_pos": 100,
  "k_win": 500,
  "T": 5,
  "match_budget": true,
  "layer": 13,
  "alpha": 0.0,
  "matryoshka_h_size": 3686,
  "aux_k": 512,
  "dead_threshold_tokens": 10000000,
  "auxk_alpha": 0.03125,
  "variant": "phase62_c1_track2_matryoshka",
  "loss": [
    77401.703125,
    21401.10546875,
    19228.44140625,
    18295.19921875,
    17412.4453125,
    16761.00390625,
    16581.5546875,
    16332.9658203125,
    15920.4208984375,
    15805.41015625,
    15673.2294921875,
    15438.521484375,
    15284.4560546875,
    15285.9609375,
    15160.81640625,
    15240.05078125,
    14831.5361328125,
    15132.8837890625,
    14754.6796875,
    14963.640625,
    14714.986328125,
    14668.509765625,
    14424.533203125,
    14362.294921875,
    14507.34375,
    14605.7939453125,
    14392.7890625,
    14511.265625
  ],
  "l0": [
    500.0,
    496.19140625,
    496.140625,
    495.857421875,
    495.068359375,
    492.296875,
    495.6025390625,
    494.6767578125,
    494.490234375,
    492.65625,
    495.232421875,
    494.1123046875,
    494.2822265625,
    494.9140625,
    492.26171875,
    495.78125,
    492.32421875,
    494.93359375,
    493.68359375,
    494.47265625,
    493.5546875,
    494.58203125,
    492.408203125,
    493.3115234375,
    491.5302734375,
    495.01953125,
    490.640625,
    490.9599609375
  ],
  "steps_logged": [
    0,
    200,
    400,
    600,
    800,
    1000,
    1200,
    1400,
    1600,
    1800,
    2000,
    2200,
    2400,
    2600,
    2800,
    3000,
    3200,
    3400,
    3600,
    3800,
    4000,
    4200,
    4400,
    4600,
    4800,
    5000,
    5200,
    5400
  ],
  "final_step": 5400,
  "converged": true,
  "plateau_last": 0.015597976926373491,
  "elapsed_s": 1482.0058388710022
}