{
  "run_id": "phase63_track2_t20__seed42",
  "arch": "phase63_track2_t20",
  "seed": 42,
  "k_pos": 100,
  "k_win": 2000,
  "T": 20,
  "match_budget": true,
  "layer": 13,
  "aux_k": 512,
  "dead_threshold_tokens": 10000000,
  "auxk_alpha": 0.03125,
  "variant": "phase63_track2_t20",
  "loss": [
    27546.587890625,
    11902.4619140625,
    10632.775390625,
    10172.7998046875,
    9877.1865234375,
    9639.3359375,
    9552.0361328125,
    9419.6748046875,
    9358.6064453125,
    9275.28125,
    9210.2275390625,
    9183.7421875,
    9171.3896484375,
    9096.5634765625,
    9042.9365234375,
    8973.482421875,
    8986.109375,
    8917.515625,
    8957.6923828125,
    8908.0732421875,
    8940.4326171875
  ],
  "l0": [
    2000.0,
    1983.4375,
    1977.7744140625,
    1981.1005859375,
    1979.615234375,
    1966.1142578125,
    1984.376953125,
    1977.7646484375,
    1979.625,
    1972.6162109375,
    1973.5576171875,
    1985.869140625,
    1979.068359375,
    1970.90234375,
    1971.2060546875,
    1975.08984375,
    1963.1240234375,
    1977.6435546875,
    1960.5283203125,
    1966.681640625,
    1973.955078125
  ],
  "steps_logged": [
    0,
    200,
    400,
    600,
    800,
    1000,
    1200,
    1400,
    1600,
    1800,
    2000,
    2200,
    2400,
    2600,
    2800,
    3000,
    3200,
    3400,
    3600,
    3800,
    4000
  ],
  "final_step": 4000,
  "converged": true,
  "plateau_last": 0.01667742390470279,
  "elapsed_s": 4136.3754551410675
}