{
  "run_id": "phase57_partB_h7_bare_multiscale__seed42",
  "arch": "phase57_partB_h7_bare_multiscale",
  "seed": 42,
  "k_pos": 100,
  "k_win": 500,
  "T": 5,
  "match_budget": true,
  "layer": 13,
  "alpha": 1.0,
  "n_contr_scales": 3,
  "gamma": 0.5,
  "matryoshka_h_size": 3686,
  "aux_k": 512,
  "dead_threshold_tokens": 10000000,
  "auxk_alpha": 0.03125,
  "variant": "phase57_partB_h7_bare_multiscale",
  "loss": [
    134607.703125,
    40304.859375,
    36366.4609375,
    34213.1875,
    33371.06640625,
    32310.13671875,
    31400.2265625,
    31149.88671875,
    30403.767578125,
    30270.3046875,
    29755.88671875,
    29679.763671875,
    29220.9765625,
    28941.54296875,
    28622.3046875,
    28641.744140625,
    28465.80859375,
    28257.83203125,
    28283.015625,
    28337.703125,
    28139.025390625,
    27842.8828125,
    28008.9765625
  ],
  "l0": [
    500.0,
    496.2490234375,
    495.0078125,
    494.71484375,
    495.8984375,
    493.599609375,
    494.6796875,
    496.0625,
    494.8974609375,
    496.640625,
    495.8994140625,
    495.4267578125,
    494.9462890625,
    494.2109375,
    493.5517578125,
    495.1318359375,
    495.880859375,
    494.7373046875,
    494.6240234375,
    493.2880859375,
    495.1015625,
    495.11328125,
    494.96484375
  ],
  "steps_logged": [
    0,
    200,
    400,
    600,
    800,
    1000,
    1200,
    1400,
    1600,
    1800,
    2000,
    2200,
    2400,
    2600,
    2800,
    3000,
    3200,
    3400,
    3600,
    3800,
    4000,
    4200,
    4400
  ],
  "final_step": 4400,
  "converged": true,
  "plateau_last": 0.016215219706835163,
  "elapsed_s": 2524.0723803043365
}