{
  "run_id": "phase63_track2_t3__seed2",
  "arch": "phase63_track2_t3",
  "seed": 2,
  "k_pos": 100,
  "k_win": 300,
  "T": 3,
  "match_budget": true,
  "layer": 13,
  "aux_k": 512,
  "dead_threshold_tokens": 10000000,
  "auxk_alpha": 0.03125,
  "variant": "phase63_track2_t3",
  "loss": [
    44469.80859375,
    9781.158203125,
    8808.2373046875,
    8116.61083984375,
    7544.63623046875,
    7277.79443359375,
    7027.09326171875,
    6801.9189453125,
    6638.56005859375,
    6629.49755859375,
    6399.14013671875,
    6255.84912109375,
    6150.69140625,
    6077.90234375,
    6079.90185546875,
    5964.1396484375,
    6058.8779296875,
    5895.7294921875,
    5985.6982421875,
    5816.3916015625,
    5815.8154296875,
    5809.84326171875,
    5668.0556640625,
    5636.28076171875,
    5708.4326171875,
    5594.43115234375,
    5599.7548828125,
    5667.283203125,
    5566.4755859375,
    5518.48193359375,
    5640.5517578125
  ],
  "l0": [
    300.0,
    300.0,
    300.0,
    300.0,
    300.0,
    299.2578125,
    299.263671875,
    298.7421875,
    297.978515625,
    298.3857421875,
    297.978515625,
    297.3876953125,
    296.94140625,
    296.427734375,
    298.2275390625,
    296.748046875,
    297.9375,
    296.953125,
    297.75,
    297.126953125,
    295.5537109375,
    297.6875,
    296.25,
    296.4765625,
    295.48828125,
    294.462890625,
    295.2802734375,
    296.369140625,
    297.0751953125,
    296.3720703125,
    294.611328125
  ],
  "steps_logged": [
    0,
    200,
    400,
    600,
    800,
    1000,
    1200,
    1400,
    1600,
    1800,
    2000,
    2200,
    2400,
    2600,
    2800,
    3000,
    3200,
    3400,
    3600,
    3800,
    4000,
    4200,
    4400,
    4600,
    4800,
    5000,
    5200,
    5400,
    5600,
    5800,
    6000
  ],
  "final_step": 6000,
  "converged": true,
  "plateau_last": 0.014938080887685229,
  "elapsed_s": 823.1144633293152
}