{
  "run_id": "phase62_c2_track2_contrastive__seed42",
  "arch": "phase62_c2_track2_contrastive",
  "seed": 42,
  "k_pos": 100,
  "k_win": 500,
  "T": 5,
  "match_budget": true,
  "layer": 13,
  "alpha": 1.0,
  "matryoshka_h_size": null,
  "contr_prefix": 3686,
  "aux_k": 512,
  "dead_threshold_tokens": 10000000,
  "auxk_alpha": 0.03125,
  "variant": "phase62_c2_track2_contrastive",
  "loss": [
    66398.0625,
    18916.830078125,
    16834.435546875,
    15527.9453125,
    15013.3388671875,
    14378.0166015625,
    13887.80859375,
    13656.8271484375,
    13277.3427734375,
    13099.5986328125,
    12932.1064453125,
    12857.36328125,
    12581.1953125,
    12453.2548828125,
    12313.8798828125,
    12294.966796875,
    12199.27734375,
    12104.279296875,
    12069.6171875,
    12090.3125,
    11922.8486328125,
    11807.607421875,
    11959.35546875,
    11672.583984375,
    11786.310546875,
    11731.7060546875,
    11844.2548828125
  ],
  "l0": [
    500.0,
    496.046875,
    495.2421875,
    495.251953125,
    495.5078125,
    493.4013671875,
    493.6484375,
    495.130859375,
    492.626953125,
    495.21875,
    493.8955078125,
    492.9658203125,
    492.1162109375,
    491.087890625,
    489.1015625,
    492.345703125,
    493.0283203125,
    491.46484375,
    491.640625,
    489.23828125,
    491.75,
    492.0322265625,
    492.326171875,
    492.1875,
    489.501953125,
    492.2177734375,
    492.4306640625
  ],
  "steps_logged": [
    0,
    200,
    400,
    600,
    800,
    1000,
    1200,
    1400,
    1600,
    1800,
    2000,
    2200,
    2400,
    2600,
    2800,
    3000,
    3200,
    3400,
    3600,
    3800,
    4000,
    4200,
    4400,
    4600,
    4800,
    5000,
    5200
  ],
  "final_step": 5200,
  "converged": true,
  "plateau_last": 0.016675717764422966,
  "elapsed_s": 1934.4634892940521
}