{
  "run_id": "phase63_track2_t10__seed42",
  "arch": "phase63_track2_t10",
  "seed": 42,
  "k_pos": 100,
  "k_win": 1000,
  "T": 10,
  "match_budget": true,
  "layer": 13,
  "aux_k": 512,
  "dead_threshold_tokens": 10000000,
  "auxk_alpha": 0.03125,
  "variant": "phase63_track2_t10",
  "loss": [
    35467.05859375,
    11037.396484375,
    9969.5927734375,
    9372.5693359375,
    8933.5146484375,
    8790.7490234375,
    8584.962890625,
    8421.205078125,
    8245.7685546875,
    8143.63623046875,
    7854.24072265625,
    7873.9775390625,
    7852.00537109375,
    7747.00146484375,
    7819.58935546875,
    7624.19677734375,
    7579.06787109375,
    7547.7275390625,
    7526.7109375,
    7466.67529296875,
    7441.671875,
    7393.45458984375,
    7358.9921875,
    7278.96728515625,
    7326.69873046875,
    7360.54931640625,
    7410.04150390625
  ],
  "l0": [
    1000.0,
    990.3515625,
    989.541015625,
    986.259765625,
    984.9287109375,
    982.3857421875,
    988.67578125,
    990.3662109375,
    986.34375,
    987.173828125,
    980.1025390625,
    981.263671875,
    985.9404296875,
    989.796875,
    991.0654296875,
    986.783203125,
    979.025390625,
    981.1328125,
    977.341796875,
    981.8203125,
    981.3876953125,
    982.419921875,
    983.5771484375,
    980.0078125,
    980.453125,
    980.53515625,
    983.5322265625
  ],
  "steps_logged": [
    0,
    200,
    400,
    600,
    800,
    1000,
    1200,
    1400,
    1600,
    1800,
    2000,
    2200,
    2400,
    2600,
    2800,
    3000,
    3200,
    3400,
    3600,
    3800,
    4000,
    4200,
    4400,
    4600,
    4800,
    5000,
    5200
  ],
  "final_step": 5200,
  "converged": true,
  "plateau_last": 0.01714969742590586,
  "elapsed_s": 2622.1480481624603
}