{
  "run_id": "phase62_c2_track2_contrastive__seed2",
  "arch": "phase62_c2_track2_contrastive",
  "seed": 2,
  "k_pos": 100,
  "k_win": 500,
  "T": 5,
  "match_budget": true,
  "layer": 13,
  "alpha": 1.0,
  "matryoshka_h_size": null,
  "contr_prefix": 3686,
  "aux_k": 512,
  "dead_threshold_tokens": 10000000,
  "auxk_alpha": 0.03125,
  "variant": "phase62_c2_track2_contrastive",
  "loss": [
    67381.0,
    19026.603515625,
    17005.591796875,
    15834.181640625,
    14979.2587890625,
    14153.7861328125,
    13800.05078125,
    13465.21875,
    13368.623046875,
    13219.2685546875,
    12876.341796875,
    12675.4091796875,
    12849.4521484375,
    12589.294921875,
    12498.572265625,
    12373.12890625,
    12375.119140625,
    12338.4443359375,
    12033.6669921875,
    12187.9892578125,
    11978.3095703125,
    11895.4345703125,
    11938.060546875,
    11865.48046875,
    11710.2666015625,
    11654.080078125,
    11803.7373046875,
    11668.9755859375,
    11619.6611328125,
    11708.1181640625
  ],
  "l0": [
    500.0,
    495.9130859375,
    496.2041015625,
    495.8984375,
    496.9677734375,
    492.23046875,
    492.912109375,
    492.865234375,
    492.9599609375,
    492.63671875,
    493.828125,
    489.65625,
    492.7099609375,
    493.162109375,
    491.9609375,
    493.759765625,
    493.8125,
    491.298828125,
    492.2978515625,
    492.0078125,
    491.3662109375,
    489.46875,
    487.083984375,
    493.6181640625,
    491.44921875,
    489.7666015625,
    492.345703125,
    490.701171875,
    492.6416015625,
    492.0009765625
  ],
  "steps_logged": [
    0,
    200,
    400,
    600,
    800,
    1000,
    1200,
    1400,
    1600,
    1800,
    2000,
    2200,
    2400,
    2600,
    2800,
    3000,
    3200,
    3400,
    3600,
    3800,
    4000,
    4200,
    4400,
    4600,
    4800,
    5000,
    5200,
    5400,
    5600,
    5800
  ],
  "final_step": 5800,
  "converged": true,
  "plateau_last": 0.01571001774904388,
  "elapsed_s": 2178.3712632656097
}