{
  "run_id": "phase57_partB_h8a_shifts_20__seed42",
  "arch": "phase57_partB_h8a_shifts_20",
  "seed": 42,
  "k_pos": 100,
  "k_win": 500,
  "T": 5,
  "match_budget": true,
  "layer": 13,
  "alpha": 1.0,
  "shifts": [
    20
  ],
  "weights": null,
  "matryoshka_h_size": 3686,
  "aux_k": 512,
  "dead_threshold_tokens": 10000000,
  "auxk_alpha": 0.03125,
  "variant": "phase57_partB_h8a_shifts_20",
  "loss": [
    126559.671875,
    40260.96875,
    36115.109375,
    34112.29296875,
    32911.45703125,
    32406.705078125,
    31424.833984375,
    30793.375,
    30545.19921875,
    30269.775390625,
    29599.984375,
    29479.67578125,
    29019.3671875,
    29152.451171875,
    28801.087890625,
    28480.14453125,
    28351.849609375,
    28461.556640625,
    28174.392578125,
    28398.39453125,
    27792.072265625,
    28039.1484375,
    27807.0546875,
    27772.083984375
  ],
  "l0": [
    500.0,
    498.263671875,
    497.689453125,
    496.921875,
    497.92578125,
    497.142578125,
    497.998046875,
    497.919921875,
    498.55078125,
    498.4345703125,
    497.333984375,
    497.6689453125,
    497.1435546875,
    498.06640625,
    497.1943359375,
    497.2060546875,
    496.1318359375,
    497.1103515625,
    495.7998046875,
    497.208984375,
    496.9033203125,
    497.712890625,
    495.7783203125,
    498.1884765625
  ],
  "steps_logged": [
    0,
    200,
    400,
    600,
    800,
    1000,
    1200,
    1400,
    1600,
    1800,
    2000,
    2200,
    2400,
    2600,
    2800,
    3000,
    3200,
    3400,
    3600,
    3800,
    4000,
    4200,
    4400,
    4600
  ],
  "final_step": 4600,
  "converged": true,
  "plateau_last": 0.0172931334538064,
  "elapsed_s": 4097.177453517914
}