{
  "run_id": "phase62_c3_track2_matryoshka_contrastive__seed42",
  "arch": "phase62_c3_track2_matryoshka_contrastive",
  "seed": 42,
  "k_pos": 100,
  "k_win": 500,
  "T": 5,
  "match_budget": true,
  "layer": 13,
  "alpha": 1.0,
  "matryoshka_h_size": 3686,
  "aux_k": 512,
  "dead_threshold_tokens": 10000000,
  "auxk_alpha": 0.03125,
  "variant": "phase62_c3_track2_matryoshka_contrastive",
  "loss": [
    134871.15625,
    40299.828125,
    36386.8203125,
    34183.3515625,
    33360.75,
    32289.435546875,
    31376.83984375,
    31114.083984375,
    30371.044921875,
    30203.095703125,
    29705.5390625,
    29577.42578125,
    29155.841796875,
    28916.279296875,
    28641.384765625,
    28596.140625,
    28440.755859375,
    28230.431640625,
    28218.859375,
    28309.0859375,
    28129.30859375,
    27807.30859375,
    27943.3046875
  ],
  "l0": [
    500.0,
    496.271484375,
    495.03125,
    495.037109375,
    495.41015625,
    493.1748046875,
    494.9140625,
    495.9921875,
    494.23828125,
    496.375,
    495.6767578125,
    494.9345703125,
    494.4521484375,
    493.8046875,
    492.310546875,
    494.6728515625,
    495.30078125,
    493.5419921875,
    493.7998046875,
    491.7587890625,
    493.8984375,
    493.8671875,
    494.1181640625
  ],
  "steps_logged": [
    0,
    200,
    400,
    600,
    800,
    1000,
    1200,
    1400,
    1600,
    1800,
    2000,
    2200,
    2400,
    2600,
    2800,
    3000,
    3200,
    3400,
    3600,
    3800,
    4000,
    4200,
    4400
  ],
  "final_step": 4400,
  "converged": true,
  "plateau_last": 0.01692368375435866,
  "elapsed_s": 1796.6392018795013
}