{
  "run_id": "phase57_partB_h8_bare_multidistance_t10__seed42",
  "arch": "phase57_partB_h8_bare_multidistance_t10",
  "seed": 42,
  "k_pos": 100,
  "k_win": 1000,
  "T": 10,
  "match_budget": true,
  "layer": 13,
  "alpha": 1.0,
  "shifts": [
    1,
    2,
    5
  ],
  "weights": null,
  "matryoshka_h_size": 3686,
  "aux_k": 512,
  "dead_threshold_tokens": 10000000,
  "auxk_alpha": 0.03125,
  "variant": "phase57_partB_h8_bare_multidistance_t10",
  "loss": [
    217406.234375,
    83329.21875,
    75930.9140625,
    73724.125,
    71618.8125,
    70315.3203125,
    68788.640625,
    68828.28125,
    67811.578125,
    66963.265625,
    66792.09375,
    65903.09375,
    64965.2578125,
    65210.83203125,
    64549.13671875,
    64686.7890625,
    63820.40234375,
    64200.875,
    63677.3046875,
    63741.94140625,
    62682.34765625,
    63235.421875
  ],
  "l0": [
    1000.0,
    987.9384765625,
    987.9091796875,
    990.140625,
    988.830078125,
    986.7294921875,
    986.4111328125,
    992.0791015625,
    989.3251953125,
    988.2421875,
    988.201171875,
    986.44140625,
    982.0263671875,
    985.498046875,
    985.2890625,
    984.458984375,
    982.884765625,
    986.6884765625,
    979.439453125,
    990.62890625,
    984.3173828125,
    987.59375
  ],
  "steps_logged": [
    0,
    200,
    400,
    600,
    800,
    1000,
    1200,
    1400,
    1600,
    1800,
    2000,
    2200,
    2400,
    2600,
    2800,
    3000,
    3200,
    3400,
    3600,
    3800,
    4000,
    4200
  ],
  "final_step": 4200,
  "converged": true,
  "plateau_last": 0.017617438806217016,
  "elapsed_s": 7075.288627386093
}