{
  "run_id": "phase57_partB_h8a_shifts123__seed42",
  "arch": "phase57_partB_h8a_shifts123",
  "seed": 42,
  "k_pos": 100,
  "k_win": 500,
  "T": 5,
  "match_budget": true,
  "layer": 13,
  "alpha": 1.0,
  "shifts": [
    1,
    2,
    3
  ],
  "weights": null,
  "matryoshka_h_size": 3686,
  "aux_k": 512,
  "dead_threshold_tokens": 10000000,
  "auxk_alpha": 0.03125,
  "variant": "phase57_partB_h8a_shifts123",
  "loss": [
    205826.0,
    77545.125,
    69833.5078125,
    65626.625,
    64225.16796875,
    62427.98046875,
    60001.47265625,
    59945.62109375,
    58565.73828125,
    58141.890625,
    57053.08203125,
    57004.65625,
    56414.96484375,
    55636.88671875,
    54825.06640625,
    56214.08984375,
    55332.87890625,
    55068.9140625,
    53788.73828125,
    55545.44921875
  ],
  "l0": [
    500.0,
    497.275390625,
    493.65625,
    494.50390625,
    495.1875,
    494.328125,
    494.796875,
    493.4921875,
    494.140625,
    493.6982421875,
    495.658203125,
    493.3828125,
    495.39453125,
    492.580078125,
    493.6005859375,
    494.435546875,
    493.802734375,
    493.115234375,
    490.4697265625,
    496.3310546875
  ],
  "steps_logged": [
    0,
    200,
    400,
    600,
    800,
    1000,
    1200,
    1400,
    1600,
    1800,
    2000,
    2200,
    2400,
    2600,
    2800,
    3000,
    3200,
    3400,
    3600,
    3800
  ],
  "final_step": 3800,
  "converged": true,
  "plateau_last": 0.017742865917775193,
  "elapsed_s": 4247.464995145798
}