{
  "run_id": "phase57_partB_h8_bare_multidistance__seed42",
  "arch": "phase57_partB_h8_bare_multidistance",
  "seed": 42,
  "k_pos": 100,
  "k_win": 500,
  "T": 5,
  "match_budget": true,
  "layer": 13,
  "alpha": 1.0,
  "shifts": [
    1,
    2
  ],
  "matryoshka_h_size": 3686,
  "aux_k": 512,
  "dead_threshold_tokens": 10000000,
  "auxk_alpha": 0.03125,
  "variant": "phase57_partB_h8_bare_multidistance",
  "loss": [
    179833.96875,
    58844.10546875,
    53591.66015625,
    49941.24609375,
    48451.0234375,
    47457.47265625,
    45829.69140625,
    45303.921875,
    44649.68359375,
    44154.8125,
    43494.34765625,
    42971.6171875,
    42893.296875,
    42637.18359375,
    42451.22265625,
    42189.25390625,
    41567.80859375,
    41651.5625,
    41521.265625,
    41262.6328125,
    40938.96484375,
    40762.46484375,
    39852.796875,
    40351.328125,
    40252.53125,
    40924.37890625,
    40285.44921875,
    39782.98046875
  ],
  "l0": [
    500.0,
    496.4521484375,
    495.8330078125,
    492.69921875,
    493.8046875,
    494.5869140625,
    494.51953125,
    495.4296875,
    493.931640625,
    494.5068359375,
    495.52734375,
    495.3125,
    494.515625,
    493.779296875,
    494.791015625,
    494.68359375,
    491.8017578125,
    493.8466796875,
    494.28515625,
    492.6796875,
    494.244140625,
    493.75,
    490.9931640625,
    493.49609375,
    490.138671875,
    493.0458984375,
    490.0556640625,
    489.6044921875
  ],
  "steps_logged": [
    0,
    200,
    400,
    600,
    800,
    1000,
    1200,
    1400,
    1600,
    1800,
    2000,
    2200,
    2400,
    2600,
    2800,
    3000,
    3200,
    3400,
    3600,
    3800,
    4000,
    4200,
    4400,
    4600,
    4800,
    5000,
    5200,
    5400
  ],
  "final_step": 5400,
  "converged": true,
  "plateau_last": 0.013416277707598583,
  "elapsed_s": 5655.905947685242
}