{
  "run_id": "phase57_partB_h8a_shifts1__seed42",
  "arch": "phase57_partB_h8a_shifts1",
  "seed": 42,
  "k_pos": 100,
  "k_win": 500,
  "T": 5,
  "match_budget": true,
  "layer": 13,
  "alpha": 1.0,
  "shifts": [
    1
  ],
  "weights": null,
  "matryoshka_h_size": 3686,
  "aux_k": 512,
  "dead_threshold_tokens": 10000000,
  "auxk_alpha": 0.03125,
  "variant": "phase57_partB_h8a_shifts1",
  "loss": [
    131798.5,
    39985.97265625,
    36602.9921875,
    34614.76171875,
    33227.2265625,
    32146.28515625,
    31362.609375,
    30962.21484375,
    30367.986328125,
    30086.68359375,
    29288.607421875,
    29437.40234375,
    28956.939453125,
    28856.505859375,
    28786.671875,
    28957.880859375,
    28363.90234375,
    28384.509765625,
    27968.638671875,
    28243.115234375,
    27630.34765625,
    27809.5,
    27531.02734375,
    27507.595703125,
    27510.849609375,
    27189.408203125,
    27881.953125
  ],
  "l0": [
    500.0,
    495.576171875,
    496.07421875,
    494.9375,
    496.5546875,
    495.982421875,
    496.2060546875,
    496.765625,
    495.77734375,
    495.1904296875,
    494.794921875,
    496.4560546875,
    495.82421875,
    494.6474609375,
    495.7001953125,
    495.5458984375,
    492.205078125,
    494.2568359375,
    491.53125,
    495.484375,
    491.1376953125,
    495.2236328125,
    492.6435546875,
    493.9296875,
    492.859375,
    491.474609375,
    496.0068359375
  ],
  "steps_logged": [
    0,
    200,
    400,
    600,
    800,
    1000,
    1200,
    1400,
    1600,
    1800,
    2000,
    2200,
    2400,
    2600,
    2800,
    3000,
    3200,
    3400,
    3600,
    3800,
    4000,
    4200,
    4400,
    4600,
    4800,
    5000,
    5200
  ],
  "final_step": 5200,
  "converged": true,
  "plateau_last": 0.017247532231815955,
  "elapsed_s": 3699.8673577308655
}