{
  "run_id": "phase63_track2_t10__seed1",
  "arch": "phase63_track2_t10",
  "seed": 1,
  "k_pos": 100,
  "k_win": 1000,
  "T": 10,
  "match_budget": true,
  "layer": 13,
  "aux_k": 512,
  "dead_threshold_tokens": 10000000,
  "auxk_alpha": 0.03125,
  "variant": "phase63_track2_t10",
  "loss": [
    30028.48828125,
    10944.7763671875,
    9910.2392578125,
    9448.447265625,
    9017.6982421875,
    8818.08203125,
    8492.380859375,
    8376.1630859375,
    8206.048828125,
    8107.72509765625,
    8017.33203125,
    7893.95947265625,
    7792.08203125,
    7740.50390625,
    7681.37353515625,
    7621.24853515625,
    7564.51416015625,
    7430.8984375,
    7571.03125,
    7409.73779296875,
    7454.13525390625,
    7417.30078125,
    7459.48046875
  ],
  "l0": [
    1000.0,
    991.134765625,
    987.087890625,
    986.7783203125,
    986.35546875,
    986.2958984375,
    981.2705078125,
    982.4189453125,
    984.083984375,
    983.9169921875,
    987.146484375,
    985.1982421875,
    985.8984375,
    981.7236328125,
    990.1181640625,
    983.7822265625,
    984.4169921875,
    979.3916015625,
    987.6630859375,
    979.8505859375,
    985.177734375,
    983.7470703125,
    983.427734375
  ],
  "steps_logged": [
    0,
    200,
    400,
    600,
    800,
    1000,
    1200,
    1400,
    1600,
    1800,
    2000,
    2200,
    2400,
    2600,
    2800,
    3000,
    3200,
    3400,
    3600,
    3800,
    4000,
    4200,
    4400
  ],
  "final_step": 4400,
  "converged": true,
  "plateau_last": 0.019108332091296133,
  "elapsed_s": 2191.43364238739
}