{
  "run_id": "phase57_partB_h8a_shifts1234__seed42",
  "arch": "phase57_partB_h8a_shifts1234",
  "seed": 42,
  "k_pos": 100,
  "k_win": 500,
  "T": 5,
  "match_budget": true,
  "layer": 13,
  "alpha": 1.0,
  "shifts": [
    1,
    2,
    3,
    4
  ],
  "weights": null,
  "matryoshka_h_size": 3686,
  "aux_k": 512,
  "dead_threshold_tokens": 10000000,
  "auxk_alpha": 0.03125,
  "variant": "phase57_partB_h8a_shifts1234",
  "loss": [
    306928.5,
    95331.90625,
    86535.25,
    81988.375,
    78607.46875,
    76495.4453125,
    74167.140625,
    73861.2890625,
    71784.7109375,
    72175.0,
    70826.578125,
    70456.3515625,
    69436.375,
    70282.046875,
    68733.390625,
    69296.2109375,
    67222.328125,
    68243.234375,
    67702.8359375,
    67483.171875,
    67413.6640625,
    67521.640625
  ],
  "l0": [
    500.0,
    496.6953125,
    494.609375,
    495.78125,
    493.0126953125,
    491.83203125,
    492.294921875,
    496.404296875,
    492.5,
    493.24609375,
    492.78125,
    493.8232421875,
    493.6279296875,
    495.2890625,
    494.70703125,
    495.5673828125,
    490.5322265625,
    492.662109375,
    492.353515625,
    493.099609375,
    493.291015625,
    495.1904296875
  ],
  "steps_logged": [
    0,
    200,
    400,
    600,
    800,
    1000,
    1200,
    1400,
    1600,
    1800,
    2000,
    2200,
    2400,
    2600,
    2800,
    3000,
    3200,
    3400,
    3600,
    3800,
    4000,
    4200
  ],
  "final_step": 4200,
  "converged": true,
  "plateau_last": 0.01914890557284074,
  "elapsed_s": 6653.968742132187
}