{
  "run_id": "phase63_track2_t10__seed2",
  "arch": "phase63_track2_t10",
  "seed": 2,
  "k_pos": 100,
  "k_win": 1000,
  "T": 10,
  "match_budget": true,
  "layer": 13,
  "aux_k": 512,
  "dead_threshold_tokens": 10000000,
  "auxk_alpha": 0.03125,
  "variant": "phase63_track2_t10",
  "loss": [
    28152.53125,
    11025.1005859375,
    10001.490234375,
    9411.5498046875,
    9030.0400390625,
    8857.1201171875,
    8461.7109375,
    8421.70703125,
    8253.126953125,
    8031.078125,
    8019.74853515625,
    7854.86279296875,
    7846.11279296875,
    7701.41015625,
    7725.11474609375,
    7562.01953125,
    7699.9375,
    7520.59228515625,
    7522.8828125,
    7495.94677734375,
    7527.08740234375,
    7389.27294921875,
    7464.05810546875,
    7448.40576171875
  ],
  "l0": [
    1000.0,
    992.705078125,
    987.8388671875,
    989.029296875,
    985.1083984375,
    987.84765625,
    980.021484375,
    983.9453125,
    989.9140625,
    984.0791015625,
    983.87890625,
    983.4140625,
    989.541015625,
    984.80078125,
    990.2216796875,
    976.271484375,
    989.9150390625,
    980.857421875,
    986.326171875,
    978.349609375,
    981.8515625,
    981.1796875,
    983.43359375,
    983.6455078125
  ],
  "steps_logged": [
    0,
    200,
    400,
    600,
    800,
    1000,
    1200,
    1400,
    1600,
    1800,
    2000,
    2200,
    2400,
    2600,
    2800,
    3000,
    3200,
    3400,
    3600,
    3800,
    4000,
    4200,
    4400,
    4600
  ],
  "final_step": 4600,
  "converged": true,
  "plateau_last": 0.018558131210314126,
  "elapsed_s": 2298.5644176006317
}