{
  "run_id": "phase57_partB_h8_bare_multidistance_t20__seed42",
  "arch": "phase57_partB_h8_bare_multidistance_t20",
  "seed": 42,
  "k_pos": 100,
  "k_win": 2000,
  "T": 20,
  "match_budget": true,
  "layer": 13,
  "alpha": 1.0,
  "shifts": [
    1,
    5,
    10
  ],
  "weights": null,
  "matryoshka_h_size": 3686,
  "aux_k": 512,
  "dead_threshold_tokens": 10000000,
  "auxk_alpha": 0.03125,
  "variant": "phase57_partB_h8_bare_multidistance_t20",
  "loss": [
    220443.578125,
    100929.5078125,
    89915.9296875,
    84782.0390625,
    82296.734375,
    80592.734375,
    79552.1640625,
    78863.9765625,
    77906.1796875,
    77487.8203125,
    76206.078125,
    76157.5859375,
    75041.3984375,
    76476.671875,
    75800.5703125,
    76377.8828125,
    76713.6328125
  ],
  "l0": [
    2000.0,
    1984.001953125,
    1982.904296875,
    1978.451171875,
    1970.71875,
    1973.5810546875,
    1979.1728515625,
    1980.2919921875,
    1972.0419921875,
    1972.4482421875,
    1974.3193359375,
    1972.9306640625,
    1962.5,
    1973.498046875,
    1971.06640625,
    1976.4716796875,
    1968.419921875
  ],
  "steps_logged": [
    0,
    200,
    400,
    600,
    800,
    1000,
    1200,
    1400,
    1600,
    1800,
    2000,
    2200,
    2400,
    2600,
    2800,
    3000,
    3200
  ],
  "final_step": 3200,
  "converged": true,
  "plateau_last": 0.016066054566833653,
  "elapsed_s": 8994.09350657463
}