{
  "run_id": "phase63_track2_t20__seed2",
  "arch": "phase63_track2_t20",
  "seed": 2,
  "k_pos": 100,
  "k_win": 2000,
  "T": 20,
  "match_budget": true,
  "layer": 13,
  "aux_k": 512,
  "dead_threshold_tokens": 10000000,
  "auxk_alpha": 0.03125,
  "variant": "phase63_track2_t20",
  "loss": [
    29205.849609375,
    11914.0087890625,
    10705.1630859375,
    10062.5234375,
    9802.9580078125,
    9677.0439453125,
    9474.666015625,
    9395.515625,
    9307.259765625,
    9161.6103515625,
    9130.4873046875,
    9104.3974609375,
    9098.6357421875,
    9109.0341796875,
    9086.796875,
    8957.2099609375,
    9041.8271484375
  ],
  "l0": [
    2000.0,
    1984.5693359375,
    1982.0859375,
    1972.935546875,
    1974.40625,
    1968.87890625,
    1967.53125,
    1971.529296875,
    1968.8134765625,
    1971.51171875,
    1964.73046875,
    1971.482421875,
    1971.1796875,
    1983.291015625,
    1981.568359375,
    1960.8291015625,
    1979.0
  ],
  "steps_logged": [
    0,
    200,
    400,
    600,
    800,
    1000,
    1200,
    1400,
    1600,
    1800,
    2000,
    2200,
    2400,
    2600,
    2800,
    3000,
    3200
  ],
  "final_step": 3200,
  "converged": true,
  "plateau_last": 0.01747894473570782,
  "elapsed_s": 3283.8372683525085
}