{
  "run_id": "phase57_partB_h7_bare_multiscale__seed1",
  "arch": "phase57_partB_h7_bare_multiscale",
  "seed": 1,
  "k_pos": 100,
  "k_win": 500,
  "T": 5,
  "match_budget": true,
  "layer": 13,
  "alpha": 1.0,
  "n_contr_scales": 3,
  "gamma": 0.5,
  "matryoshka_h_size": 3686,
  "aux_k": 512,
  "dead_threshold_tokens": 10000000,
  "auxk_alpha": 0.03125,
  "variant": "phase57_partB_h7_bare_multiscale",
  "loss": [
    129578.734375,
    39914.6796875,
    36957.89453125,
    34211.6640625,
    32747.474609375,
    32297.52734375,
    31424.5625,
    30802.09765625,
    31033.89453125,
    30206.541015625,
    30122.51171875,
    29391.912109375,
    29127.091796875,
    29130.2421875,
    28871.505859375,
    29042.876953125,
    28354.423828125,
    28213.87109375,
    27934.265625,
    28016.96484375,
    27837.259765625,
    28234.201171875,
    27690.677734375,
    28206.94921875
  ],
  "l0": [
    500.0,
    495.04296875,
    495.91796875,
    495.080078125,
    493.65625,
    496.029296875,
    494.2578125,
    495.078125,
    497.333984375,
    494.6767578125,
    495.84375,
    495.1708984375,
    494.923828125,
    494.4921875,
    494.384765625,
    495.0126953125,
    493.603515625,
    494.0830078125,
    492.44140625,
    493.6279296875,
    492.412109375,
    494.529296875,
    494.0927734375,
    495.5869140625
  ],
  "steps_logged": [
    0,
    200,
    400,
    600,
    800,
    1000,
    1200,
    1400,
    1600,
    1800,
    2000,
    2200,
    2400,
    2600,
    2800,
    3000,
    3200,
    3400,
    3600,
    3800,
    4000,
    4200,
    4400,
    4600
  ],
  "final_step": 4600,
  "converged": true,
  "plateau_last": 0.017068830208396495,
  "elapsed_s": 4243.297006368637
}