{
  "run_id": "phase57_partB_h8a_shifts1_5__seed42",
  "arch": "phase57_partB_h8a_shifts1_5",
  "seed": 42,
  "k_pos": 100,
  "k_win": 500,
  "T": 5,
  "match_budget": true,
  "layer": 13,
  "alpha": 1.0,
  "shifts": [
    1,
    5
  ],
  "weights": null,
  "matryoshka_h_size": 3686,
  "aux_k": 512,
  "dead_threshold_tokens": 10000000,
  "auxk_alpha": 0.03125,
  "variant": "phase57_partB_h8a_shifts1_5",
  "loss": [
    174660.25,
    59130.19921875,
    53060.2578125,
    49862.765625,
    48087.22265625,
    47201.05078125,
    45721.421875,
    45577.5703125,
    44436.18359375,
    44243.57421875,
    42937.13671875,
    42974.13671875,
    42668.54296875,
    42733.375,
    42095.21484375,
    42009.83203125,
    41588.578125,
    41195.640625,
    40907.5859375,
    41291.22265625,
    40666.91015625,
    41206.70703125,
    40191.26171875,
    40378.125
  ],
  "l0": [
    500.0,
    496.919921875,
    495.125,
    493.408203125,
    495.7138671875,
    494.8203125,
    495.0078125,
    495.78125,
    494.46875,
    495.3515625,
    492.78125,
    493.173828125,
    494.0146484375,
    494.865234375,
    492.529296875,
    493.8720703125,
    492.97265625,
    493.1181640625,
    493.2578125,
    494.068359375,
    491.9814453125,
    494.5830078125,
    491.8740234375,
    491.796875
  ],
  "steps_logged": [
    0,
    200,
    400,
    600,
    800,
    1000,
    1200,
    1400,
    1600,
    1800,
    2000,
    2200,
    2400,
    2600,
    2800,
    3000,
    3200,
    3400,
    3600,
    3800,
    4000,
    4200,
    4400,
    4600
  ],
  "final_step": 4600,
  "converged": true,
  "plateau_last": 0.01955094588513567,
  "elapsed_s": 3620.794296979904
}