{
  "run_id": "phase63_track2_t20__seed1",
  "arch": "phase63_track2_t20",
  "seed": 1,
  "k_pos": 100,
  "k_win": 2000,
  "T": 20,
  "match_budget": true,
  "layer": 13,
  "aux_k": 512,
  "dead_threshold_tokens": 10000000,
  "auxk_alpha": 0.03125,
  "variant": "phase63_track2_t20",
  "loss": [
    26076.083984375,
    11963.3623046875,
    10757.8330078125,
    10216.3623046875,
    9886.521484375,
    9661.34765625,
    9529.673828125,
    9432.1884765625,
    9298.0576171875,
    9335.6005859375,
    9198.9072265625,
    9311.4765625,
    9082.69921875,
    9053.1015625,
    8987.2080078125,
    9091.826171875,
    9084.3642578125,
    8957.974609375,
    9009.3740234375
  ],
  "l0": [
    2000.0,
    1985.6640625,
    1981.4521484375,
    1985.8515625,
    1978.3046875,
    1974.8662109375,
    1972.3095703125,
    1977.8046875,
    1961.328125,
    1989.4775390625,
    1967.6123046875,
    1975.0888671875,
    1966.1611328125,
    1968.5859375,
    1966.36328125,
    1981.7724609375,
    1978.265625,
    1968.6025390625,
    1976.701171875
  ],
  "steps_logged": [
    0,
    200,
    400,
    600,
    800,
    1000,
    1200,
    1400,
    1600,
    1800,
    2000,
    2200,
    2400,
    2600,
    2800,
    3000,
    3200,
    3400,
    3600
  ],
  "final_step": 3600,
  "converged": true,
  "plateau_last": 0.018508156720005515,
  "elapsed_s": 3700.8483221530914
}