{
  "run_id": "phase57_partB_h8a_shifts124__seed42",
  "arch": "phase57_partB_h8a_shifts124",
  "seed": 42,
  "k_pos": 100,
  "k_win": 500,
  "T": 5,
  "match_budget": true,
  "layer": 13,
  "alpha": 1.0,
  "shifts": [
    1,
    2,
    4
  ],
  "weights": null,
  "matryoshka_h_size": 3686,
  "aux_k": 512,
  "dead_threshold_tokens": 10000000,
  "auxk_alpha": 0.03125,
  "variant": "phase57_partB_h8a_shifts124",
  "loss": [
    248410.78125,
    76954.7421875,
    69933.7421875,
    66094.625,
    63396.52734375,
    61664.7890625,
    59802.703125,
    59514.91796875,
    57865.4453125,
    58001.828125,
    57061.921875,
    56742.5,
    55834.2265625,
    56547.46484375,
    55321.23046875,
    55769.46484375,
    54038.19921875,
    54869.0234375,
    54421.4921875,
    54285.7890625,
    54229.08984375,
    54286.76171875
  ],
  "l0": [
    500.0,
    496.5078125,
    494.7734375,
    495.8515625,
    493.408203125,
    491.8984375,
    493.291015625,
    496.6640625,
    493.0859375,
    493.8046875,
    493.6015625,
    494.1650390625,
    494.1650390625,
    495.763671875,
    495.01953125,
    495.783203125,
    491.5234375,
    493.44921875,
    492.9072265625,
    493.6416015625,
    493.783203125,
    495.7568359375
  ],
  "steps_logged": [
    0,
    200,
    400,
    600,
    800,
    1000,
    1200,
    1400,
    1600,
    1800,
    2000,
    2200,
    2400,
    2600,
    2800,
    3000,
    3200,
    3400,
    3600,
    3800,
    4000,
    4200
  ],
  "final_step": 4200,
  "converged": true,
  "plateau_last": 0.019525127912490926,
  "elapsed_s": 3958.3328347206116
}