{
  "run_id": "phase57_partB_h8_bare_multidistance__seed2",
  "arch": "phase57_partB_h8_bare_multidistance",
  "seed": 2,
  "k_pos": 100,
  "k_win": 500,
  "T": 5,
  "match_budget": true,
  "layer": 13,
  "alpha": 1.0,
  "shifts": [
    1,
    2
  ],
  "matryoshka_h_size": 3686,
  "aux_k": 512,
  "dead_threshold_tokens": 10000000,
  "auxk_alpha": 0.03125,
  "variant": "phase57_partB_h8_bare_multidistance",
  "loss": [
    169463.453125,
    59077.45703125,
    53480.515625,
    50207.45703125,
    48401.625,
    46322.2109375,
    46085.90625,
    44664.43359375,
    44404.421875,
    44176.9765625,
    43921.55859375,
    42781.49609375,
    42685.00390625,
    42676.1328125,
    42691.0546875,
    41860.94921875,
    42716.0625,
    41281.0703125,
    41571.67578125,
    41178.0078125,
    41451.265625,
    41395.828125,
    41037.03515625,
    41300.18359375
  ],
  "l0": [
    500.0,
    496.8330078125,
    495.9609375,
    494.43359375,
    494.7021484375,
    491.421875,
    496.2314453125,
    490.1103515625,
    494.2138671875,
    494.8564453125,
    494.951171875,
    491.9111328125,
    493.75,
    494.544921875,
    493.49609375,
    494.333984375,
    496.201171875,
    491.1142578125,
    493.35546875,
    493.927734375,
    493.755859375,
    492.4853515625,
    492.3232421875,
    495.3349609375
  ],
  "steps_logged": [
    0,
    200,
    400,
    600,
    800,
    1000,
    1200,
    1400,
    1600,
    1800,
    2000,
    2200,
    2400,
    2600,
    2800,
    3000,
    3200,
    3400,
    3600,
    3800,
    4000,
    4200,
    4400,
    4600
  ],
  "final_step": 4600,
  "converged": true,
  "plateau_last": 0.017887291329125136,
  "elapsed_s": 3698.480343103409
}