{
  "run_id": "phase57_partB_h8_bare_multidistance_t6__seed42",
  "arch": "phase57_partB_h8_bare_multidistance_t6",
  "seed": 42,
  "k_pos": 100,
  "k_win": 600,
  "T": 6,
  "match_budget": true,
  "layer": 13,
  "alpha": 1.0,
  "shifts": [
    1,
    3
  ],
  "weights": null,
  "matryoshka_h_size": 3686,
  "aux_k": 512,
  "dead_threshold_tokens": 10000000,
  "auxk_alpha": 0.03125,
  "variant": "phase57_partB_h8_bare_multidistance_t6",
  "loss": [
    189480.46875,
    59732.0703125,
    54579.90625,
    51764.5859375,
    49777.05859375,
    48571.6796875,
    47226.72265625,
    47117.6875,
    45810.46484375,
    45904.3046875,
    45242.4375,
    44909.43359375,
    44311.28515625,
    44875.5859375,
    43925.91796875,
    44174.234375,
    42847.0625,
    43442.65625,
    43107.34765625,
    42973.36328125,
    42892.23828125,
    43003.69140625,
    42748.19140625,
    42290.3984375
  ],
  "l0": [
    600.0,
    595.40234375,
    592.9921875,
    595.21875,
    592.9443359375,
    590.625,
    592.20703125,
    595.87109375,
    590.888671875,
    591.82421875,
    591.818359375,
    592.3935546875,
    592.6669921875,
    594.3701171875,
    593.33984375,
    594.4306640625,
    587.923828125,
    590.9697265625,
    590.3837890625,
    591.0849609375,
    591.01953125,
    593.966796875,
    591.1923828125,
    590.15625
  ],
  "steps_logged": [
    0,
    200,
    400,
    600,
    800,
    1000,
    1200,
    1400,
    1600,
    1800,
    2000,
    2200,
    2400,
    2600,
    2800,
    3000,
    3200,
    3400,
    3600,
    3800,
    4000,
    4200,
    4400,
    4600
  ],
  "final_step": 4600,
  "converged": true,
  "plateau_last": 0.016502904994043745,
  "elapsed_s": 3004.031002998352
}