{
  "run_id": "phase57_partB_h7_bare_multiscale__seed2",
  "arch": "phase57_partB_h7_bare_multiscale",
  "seed": 2,
  "k_pos": 100,
  "k_win": 500,
  "T": 5,
  "match_budget": true,
  "layer": 13,
  "alpha": 1.0,
  "n_contr_scales": 3,
  "gamma": 0.5,
  "matryoshka_h_size": 3686,
  "aux_k": 512,
  "dead_threshold_tokens": 10000000,
  "auxk_alpha": 0.03125,
  "variant": "phase57_partB_h7_bare_multiscale",
  "loss": [
    136760.625,
    40475.65625,
    36871.296875,
    34810.2578125,
    33409.5859375,
    31704.326171875,
    31300.349609375,
    30652.88671875,
    30541.30078125,
    30352.4765625,
    29813.6796875,
    29286.427734375,
    29756.3828125,
    29240.37890625,
    28982.55078125,
    28927.06640625,
    28865.6796875,
    28854.681640625,
    28176.119140625,
    28486.759765625,
    28059.5859375,
    27938.12890625,
    27937.9140625,
    27887.228515625,
    27657.974609375,
    27384.060546875,
    27945.2890625
  ],
  "l0": [
    500.0,
    495.5439453125,
    495.6650390625,
    495.625,
    497.0263671875,
    492.8984375,
    494.421875,
    494.744140625,
    494.19921875,
    494.46484375,
    496.0546875,
    492.46875,
    494.822265625,
    495.4033203125,
    494.408203125,
    495.640625,
    496.0654296875,
    494.0654296875,
    494.5048828125,
    494.263671875,
    493.9765625,
    492.3525390625,
    490.603515625,
    495.1689453125,
    493.447265625,
    492.23828125,
    494.1123046875
  ],
  "steps_logged": [
    0,
    200,
    400,
    600,
    800,
    1000,
    1200,
    1400,
    1600,
    1800,
    2000,
    2200,
    2400,
    2600,
    2800,
    3000,
    3200,
    3400,
    3600,
    3800,
    4000,
    4200,
    4400,
    4600,
    4800,
    5000,
    5200
  ],
  "final_step": 5200,
  "converged": true,
  "plateau_last": 0.019099058997620055,
  "elapsed_s": 5610.641045808792
}