{
  "run_id": "phase57_partB_h8_bare_multidistance_t7__seed42",
  "arch": "phase57_partB_h8_bare_multidistance_t7",
  "seed": 42,
  "k_pos": 100,
  "k_win": 700,
  "T": 7,
  "match_budget": true,
  "layer": 13,
  "alpha": 1.0,
  "shifts": [
    1,
    3
  ],
  "weights": null,
  "matryoshka_h_size": 3686,
  "aux_k": 512,
  "dead_threshold_tokens": 10000000,
  "auxk_alpha": 0.03125,
  "variant": "phase57_partB_h8_bare_multidistance_t7",
  "loss": [
    170044.75,
    61122.10546875,
    55293.07421875,
    52369.96875,
    50857.3984375,
    50329.83203125,
    48843.890625,
    48789.44140625,
    47754.6328125,
    47769.515625,
    46430.7265625,
    46470.58984375,
    46235.8984375,
    46246.2421875,
    45656.109375,
    45456.08984375,
    44993.18359375,
    44690.57421875,
    44304.6875,
    44616.328125,
    43964.58984375,
    44601.1171875,
    43454.89453125,
    43722.6796875,
    44068.69921875
  ],
  "l0": [
    700.0,
    694.392578125,
    692.4296875,
    690.70703125,
    693.77734375,
    692.416015625,
    691.4921875,
    694.3076171875,
    691.7568359375,
    693.60546875,
    687.890625,
    689.2099609375,
    691.32421875,
    692.36328125,
    687.7607421875,
    689.1552734375,
    688.1083984375,
    687.7060546875,
    689.0634765625,
    689.2568359375,
    686.1708984375,
    691.59375,
    685.98828125,
    686.6123046875,
    690.34375
  ],
  "steps_logged": [
    0,
    200,
    400,
    600,
    800,
    1000,
    1200,
    1400,
    1600,
    1800,
    2000,
    2200,
    2400,
    2600,
    2800,
    3000,
    3200,
    3400,
    3600,
    3800,
    4000,
    4200,
    4400,
    4600,
    4800
  ],
  "final_step": 4800,
  "converged": true,
  "plateau_last": 0.018963074364158877,
  "elapsed_s": 3643.3332312107086
}