{
  "run_id": "phase57_partB_h8a_shifts123_uniform__seed42",
  "arch": "phase57_partB_h8a_shifts123_uniform",
  "seed": 42,
  "k_pos": 100,
  "k_win": 500,
  "T": 5,
  "match_budget": true,
  "layer": 13,
  "alpha": 1.0,
  "shifts": [
    1,
    2,
    3
  ],
  "weights": [
    1.0,
    1.0,
    1.0
  ],
  "matryoshka_h_size": 3686,
  "aux_k": 512,
  "dead_threshold_tokens": 10000000,
  "auxk_alpha": 0.03125,
  "variant": "phase57_partB_h8a_shifts123_uniform",
  "loss": [
    205684.671875,
    77433.6953125,
    69828.09375,
    65551.8046875,
    64185.34375,
    62459.7578125,
    59925.44921875,
    59954.60546875,
    58577.34375,
    58153.32421875,
    57090.1171875,
    57066.8515625,
    56448.8671875,
    55644.62109375,
    54868.06640625,
    56243.84765625,
    55411.16796875,
    55164.76171875,
    53849.546875,
    55507.83984375
  ],
  "l0": [
    500.0,
    497.556640625,
    493.8203125,
    493.7109375,
    495.40234375,
    495.03125,
    494.9140625,
    493.9296875,
    494.775390625,
    494.0673828125,
    495.7509765625,
    493.73828125,
    495.623046875,
    493.146484375,
    493.798828125,
    494.328125,
    493.9208984375,
    493.65234375,
    491.2314453125,
    496.4833984375
  ],
  "steps_logged": [
    0,
    200,
    400,
    600,
    800,
    1000,
    1200,
    1400,
    1600,
    1800,
    2000,
    2200,
    2400,
    2600,
    2800,
    3000,
    3200,
    3400,
    3600,
    3800
  ],
  "final_step": 3800,
  "converged": true,
  "plateau_last": 0.017577494768318196,
  "elapsed_s": 4615.609226465225
}