{
  "run_id": "phase57_partB_h8_bare_multidistance_t15__seed42",
  "arch": "phase57_partB_h8_bare_multidistance_t15",
  "seed": 42,
  "k_pos": 100,
  "k_win": 1500,
  "T": 15,
  "match_budget": true,
  "layer": 13,
  "alpha": 1.0,
  "shifts": [
    1,
    3,
    7
  ],
  "weights": null,
  "matryoshka_h_size": 3686,
  "aux_k": 512,
  "dead_threshold_tokens": 10000000,
  "auxk_alpha": 0.03125,
  "variant": "phase57_partB_h8_bare_multidistance_t15",
  "loss": [
    222006.609375,
    89250.8515625,
    82123.7890625,
    77937.390625,
    76282.8671875,
    74918.296875,
    73568.0625,
    73649.6640625,
    72728.1171875,
    72280.8515625,
    70532.3359375,
    71401.578125,
    70067.0703125,
    69851.03125,
    69737.5390625,
    70072.015625,
    69195.7265625,
    69391.1875,
    68802.640625
  ],
  "l0": [
    1500.0,
    1481.8515625,
    1492.3515625,
    1480.46875,
    1486.8349609375,
    1479.875,
    1478.4130859375,
    1483.7451171875,
    1482.6669921875,
    1484.236328125,
    1473.8330078125,
    1484.0068359375,
    1483.4296875,
    1470.1171875,
    1480.84375,
    1480.326171875,
    1480.3876953125,
    1476.32421875,
    1459.3828125
  ],
  "steps_logged": [
    0,
    200,
    400,
    600,
    800,
    1000,
    1200,
    1400,
    1600,
    1800,
    2000,
    2200,
    2400,
    2600,
    2800,
    3000,
    3200,
    3400,
    3600
  ],
  "final_step": 3600,
  "converged": true,
  "plateau_last": 0.019579537667789755,
  "elapsed_s": 7428.090595006943
}