{
  "run_id": "phase63_track2_t3__seed1",
  "arch": "phase63_track2_t3",
  "seed": 1,
  "k_pos": 100,
  "k_win": 300,
  "T": 3,
  "match_budget": true,
  "layer": 13,
  "aux_k": 512,
  "dead_threshold_tokens": 10000000,
  "auxk_alpha": 0.03125,
  "variant": "phase63_track2_t3",
  "loss": [
    41442.140625,
    9708.8203125,
    8525.4345703125,
    8079.1044921875,
    7675.65185546875,
    7323.05224609375,
    6988.5859375,
    6759.32177734375,
    6642.640625,
    6508.697265625,
    6413.06201171875,
    6292.6171875,
    6215.33740234375,
    6149.86083984375,
    6118.88427734375,
    6020.20703125,
    5852.76953125,
    5910.0703125,
    5806.986328125,
    5730.6875,
    5845.2587890625,
    5828.92333984375,
    5711.2177734375,
    5731.17138671875,
    5683.32568359375
  ],
  "l0": [
    300.0,
    300.0,
    300.0,
    299.61328125,
    298.921875,
    298.095703125,
    297.81640625,
    297.34765625,
    296.888671875,
    297.46484375,
    296.875,
    297.1904296875,
    297.40234375,
    296.5859375,
    297.0498046875,
    297.2197265625,
    294.4296875,
    295.27734375,
    294.4296875,
    294.638671875,
    296.9951171875,
    295.2265625,
    295.4619140625,
    296.1572265625,
    295.810546875
  ],
  "steps_logged": [
    0,
    200,
    400,
    600,
    800,
    1000,
    1200,
    1400,
    1600,
    1800,
    2000,
    2200,
    2400,
    2600,
    2800,
    3000,
    3200,
    3400,
    3600,
    3800,
    4000,
    4200,
    4400,
    4600,
    4800
  ],
  "final_step": 4800,
  "converged": true,
  "plateau_last": 0.017762992108622932,
  "elapsed_s": 599.3478538990021
}