{
  "run_id": "phase57_partB_h8_bare_multidistance_t4__seed42",
  "arch": "phase57_partB_h8_bare_multidistance_t4",
  "seed": 42,
  "k_pos": 100,
  "k_win": 400,
  "T": 4,
  "match_budget": true,
  "layer": 13,
  "alpha": 1.0,
  "shifts": [
    1,
    2
  ],
  "weights": null,
  "matryoshka_h_size": 3686,
  "aux_k": 512,
  "dead_threshold_tokens": 10000000,
  "auxk_alpha": 0.03125,
  "variant": "phase57_partB_h8_bare_multidistance_t4",
  "loss": [
    192987.234375,
    57338.76953125,
    52173.71875,
    49011.2734375,
    46923.69921875,
    45369.9609375,
    44161.5859375,
    43606.22265625,
    42639.6875,
    42302.84765625,
    41201.4140625,
    41355.30859375,
    40755.34375,
    40588.703125,
    40455.703125,
    40828.84375,
    39924.515625,
    40069.53125,
    39316.0078125,
    39800.88671875,
    38911.83984375,
    39160.453125,
    38772.72265625,
    38830.3125,
    38843.9609375,
    38389.13671875,
    39359.40625
  ],
  "l0": [
    400.0,
    397.34375,
    396.93359375,
    395.623046875,
    396.34765625,
    396.064453125,
    396.4736328125,
    396.7158203125,
    396.2734375,
    395.810546875,
    396.361328125,
    396.6982421875,
    396.712890625,
    396.47265625,
    396.9755859375,
    397.109375,
    395.2626953125,
    396.203125,
    394.9658203125,
    396.90625,
    394.318359375,
    396.5546875,
    395.736328125,
    395.970703125,
    395.2900390625,
    394.7978515625,
    397.2734375
  ],
  "steps_logged": [
    0,
    200,
    400,
    600,
    800,
    1000,
    1200,
    1400,
    1600,
    1800,
    2000,
    2200,
    2400,
    2600,
    2800,
    3000,
    3200,
    3400,
    3600,
    3800,
    4000,
    4200,
    4400,
    4600,
    4800,
    5000,
    5200
  ],
  "final_step": 5200,
  "converged": true,
  "plateau_last": 0.015528741679510754,
  "elapsed_s": 3985.810192346573
}