{
  "run_id": "phase57_partB_h13_md_x_ms__seed42",
  "arch": "phase57_partB_h13_md_x_ms",
  "seed": 42,
  "k_pos": 100,
  "k_win": 500,
  "T": 5,
  "match_budget": true,
  "layer": 13,
  "alpha": 1.0,
  "shifts": [
    1,
    2
  ],
  "n_contr_scales": 3,
  "gamma": 0.5,
  "matryoshka_h_size": 3686,
  "aux_k": 512,
  "dead_threshold_tokens": 10000000,
  "auxk_alpha": 0.03125,
  "variant": "phase57_partB_h13_md_x_ms",
  "loss": [
    180248.03125,
    58862.9375,
    53535.1015625,
    49921.40625,
    48413.8046875,
    47415.15234375,
    45831.76953125,
    45297.12890625,
    44630.71875,
    44111.30859375,
    43468.17578125,
    42947.77734375,
    42808.0546875,
    42586.140625,
    42409.703125,
    42134.3046875,
    41562.09375,
    41643.71484375,
    41549.8359375,
    41241.515625,
    40902.3515625,
    40743.4609375,
    39860.796875,
    40315.9609375,
    40257.0390625,
    40919.0546875,
    40312.2890625,
    39772.0546875
  ],
  "l0": [
    500.0,
    496.80078125,
    496.2646484375,
    493.65625,
    494.4140625,
    494.6318359375,
    494.833984375,
    495.01953125,
    494.185546875,
    494.0673828125,
    495.234375,
    495.3125,
    494.1640625,
    493.3984375,
    494.62109375,
    494.7470703125,
    491.09765625,
    493.771484375,
    494.11328125,
    492.6826171875,
    494.390625,
    493.7001953125,
    491.18359375,
    493.63671875,
    490.138671875,
    492.9609375,
    489.8134765625,
    489.4345703125
  ],
  "steps_logged": [
    0,
    200,
    400,
    600,
    800,
    1000,
    1200,
    1400,
    1600,
    1800,
    2000,
    2200,
    2400,
    2600,
    2800,
    3000,
    3200,
    3400,
    3600,
    3800,
    4000,
    4200,
    4400,
    4600,
    4800,
    5000,
    5200,
    5400
  ],
  "final_step": 5400,
  "converged": true,
  "plateau_last": 0.01332153530809148,
  "elapsed_s": 5386.8286192417145
}