{
  "run_id": "phase57_partB_h8_bare_multidistance__seed1",
  "arch": "phase57_partB_h8_bare_multidistance",
  "seed": 1,
  "k_pos": 100,
  "k_win": 500,
  "T": 5,
  "match_budget": true,
  "layer": 13,
  "alpha": 1.0,
  "shifts": [
    1,
    2
  ],
  "matryoshka_h_size": 3686,
  "aux_k": 512,
  "dead_threshold_tokens": 10000000,
  "auxk_alpha": 0.03125,
  "variant": "phase57_partB_h8_bare_multidistance",
  "loss": [
    173569.984375,
    58799.078125,
    53613.9453125,
    50848.6953125,
    48363.5625,
    47540.9453125,
    45984.2578125,
    45851.5,
    45384.7734375,
    44605.73046875,
    43680.61328125,
    43150.33984375,
    43136.59375,
    42476.3671875,
    42400.5859375,
    42025.8984375,
    41996.3046875,
    41930.20703125,
    41910.5390625,
    41315.78125,
    41234.74609375,
    41660.18359375
  ],
  "l0": [
    500.0,
    497.0703125,
    495.080078125,
    494.23828125,
    495.693359375,
    493.4375,
    493.728515625,
    494.3046875,
    494.9140625,
    494.384765625,
    495.17578125,
    493.091796875,
    495.65625,
    492.51171875,
    493.962890625,
    491.4326171875,
    493.203125,
    491.50390625,
    492.86328125,
    492.685546875,
    492.96484375,
    493.96484375
  ],
  "steps_logged": [
    0,
    200,
    400,
    600,
    800,
    1000,
    1200,
    1400,
    1600,
    1800,
    2000,
    2200,
    2400,
    2600,
    2800,
    3000,
    3200,
    3400,
    3600,
    3800,
    4000,
    4200
  ],
  "final_step": 4200,
  "converged": true,
  "plateau_last": 0.018790666049239405,
  "elapsed_s": 3307.058920145035
}