{
  "run_id": "phase63_track2_t3__seed42",
  "arch": "phase63_track2_t3",
  "seed": 42,
  "k_pos": 100,
  "k_win": 300,
  "T": 3,
  "match_budget": true,
  "layer": 13,
  "aux_k": 512,
  "dead_threshold_tokens": 10000000,
  "auxk_alpha": 0.03125,
  "variant": "phase63_track2_t3",
  "loss": [
    33418.0625,
    9742.28515625,
    8639.9677734375,
    7937.57421875,
    7537.658203125,
    7284.5224609375,
    6903.45068359375,
    6777.13037109375,
    6672.54638671875,
    6525.376953125,
    6445.57958984375,
    6377.80810546875,
    6248.60302734375,
    6163.4951171875,
    6058.61083984375,
    6010.54833984375,
    5972.9306640625,
    5894.9609375,
    5954.12109375,
    5762.0771484375,
    5811.9169921875,
    5741.853515625,
    5741.9423828125,
    5682.1591796875,
    5667.6083984375,
    5673.15380859375,
    5740.265625,
    5592.68896484375,
    5585.69140625
  ],
  "l0": [
    300.0,
    299.1875,
    299.6171875,
    299.90625,
    298.7646484375,
    297.07421875,
    297.435546875,
    296.828125,
    296.5546875,
    296.75,
    295.28515625,
    296.841796875,
    296.7392578125,
    297.53125,
    295.8076171875,
    295.708984375,
    296.1728515625,
    294.5341796875,
    295.2275390625,
    294.1875,
    294.5625,
    296.3076171875,
    295.77734375,
    295.314453125,
    296.6298828125,
    294.052734375,
    296.34375,
    293.326171875,
    294.0341796875
  ],
  "steps_logged": [
    0,
    200,
    400,
    600,
    800,
    1000,
    1200,
    1400,
    1600,
    1800,
    2000,
    2200,
    2400,
    2600,
    2800,
    3000,
    3200,
    3400,
    3600,
    3800,
    4000,
    4200,
    4400,
    4600,
    4800,
    5000,
    5200,
    5400,
    5600
  ],
  "final_step": 5600,
  "converged": true,
  "plateau_last": 0.016720315403740978,
  "elapsed_s": 707.4510197639465
}