{
  "run_id": "phase57_partB_h8a_shifts4__seed42",
  "arch": "phase57_partB_h8a_shifts4",
  "seed": 42,
  "k_pos": 100,
  "k_win": 500,
  "T": 5,
  "match_budget": true,
  "layer": 13,
  "alpha": 1.0,
  "shifts": [
    4
  ],
  "weights": null,
  "matryoshka_h_size": 3686,
  "aux_k": 512,
  "dead_threshold_tokens": 10000000,
  "auxk_alpha": 0.03125,
  "variant": "phase57_partB_h8a_shifts4",
  "loss": [
    134517.71875,
    40088.83984375,
    36266.859375,
    34334.04296875,
    32891.8125,
    32007.74609375,
    30983.4296875,
    30834.873046875,
    29897.0859375,
    29987.318359375,
    29498.03515625,
    29265.384765625,
    28804.63671875,
    29178.10546875,
    28521.0546875,
    28777.4375,
    27947.48046875,
    28258.951171875,
    28012.91796875,
    27943.97265625,
    27966.185546875,
    27814.77734375,
    27785.251953125,
    27568.91796875
  ],
  "l0": [
    500.0,
    497.14453125,
    495.1875,
    497.2314453125,
    495.6728515625,
    494.109375,
    494.41015625,
    497.609375,
    494.53125,
    495.21875,
    494.7998046875,
    495.462890625,
    495.40234375,
    496.4990234375,
    495.482421875,
    496.8388671875,
    493.740234375,
    494.892578125,
    493.853515625,
    494.462890625,
    494.15625,
    495.78125,
    495.130859375,
    494.5810546875
  ],
  "steps_logged": [
    0,
    200,
    400,
    600,
    800,
    1000,
    1200,
    1400,
    1600,
    1800,
    2000,
    2200,
    2400,
    2600,
    2800,
    3000,
    3200,
    3400,
    3600,
    3800,
    4000,
    4200,
    4400,
    4600
  ],
  "final_step": 4600,
  "converged": true,
  "plateau_last": 0.01723271283083437,
  "elapsed_s": 3007.9778366088867
}