{
  "run_id": "stacked_t20_batchtopk__seed42",
  "arch": "stacked_t20_batchtopk",
  "seed": 42,
  "k_pos": 100,
  "k_win": null,
  "T": 20,
  "layer": 13,
  "sparsity": "batchtopk",
  "variant": "stacked_t20_batchtopk",
  "loss": [
    135321.640625,
    13631.5107421875,
    10725.6826171875,
    9408.55859375,
    8780.28125,
    8261.09765625,
    7794.42919921875,
    7580.62060546875,
    7296.47021484375,
    7129.75146484375,
    6886.19677734375,
    6786.8720703125,
    6639.05029296875,
    6603.81591796875,
    6518.6015625,
    6511.806640625,
    6363.58935546875,
    6342.68701171875,
    6199.56982421875,
    6250.1630859375,
    6184.61572265625,
    6120.1337890625,
    6133.72265625,
    6005.5947265625,
    6015.53662109375,
    5943.671875,
    5927.49169921875,
    5867.95703125,
    5840.76904296875,
    5830.677734375,
    5739.71826171875,
    5812.76953125,
    5888.1474609375,
    5757.8642578125
  ],
  "l0": [
    100.0,
    100.00005340576172,
    100.0,
    100.0,
    100.0001449584961,
    100.0,
    100.0,
    100.00005340576172,
    100.0,
    100.0,
    100.0,
    100.0,
    100.0,
    100.00005340576172,
    100.0,
    100.0,
    100.0,
    100.0,
    100.0,
    100.0,
    100.0,
    100.0,
    100.0,
    100.0,
    100.0,
    100.0,
    100.0,
    100.0,
    100.0,
    100.0,
    100.0,
    100.0,
    100.0,
    100.0
  ],
  "steps_logged": [
    0,
    200,
    400,
    600,
    800,
    1000,
    1200,
    1400,
    1600,
    1800,
    2000,
    2200,
    2400,
    2600,
    2800,
    3000,
    3200,
    3400,
    3600,
    3800,
    4000,
    4200,
    4400,
    4600,
    4800,
    5000,
    5200,
    5400,
    5600,
    5800,
    6000,
    6200,
    6400,
    6600
  ],
  "final_step": 6600,
  "converged": true,
  "plateau_last": 0.01913299096558232,
  "elapsed_s": 5568.566539049149
}