{
  "run_id": "stacked_t20__seed42",
  "arch": "stacked_t20",
  "seed": 42,
  "k_pos": 100,
  "k_win": 2000,
  "T": 20,
  "layer": 13,
  "loss": [
    74670.5,
    13222.806640625,
    10598.4638671875,
    9421.8056640625,
    8744.1748046875,
    8191.0283203125,
    7719.19873046875,
    7484.06640625,
    7196.93310546875,
    6995.09716796875,
    6754.7109375,
    6641.31591796875,
    6488.859375,
    6439.7216796875,
    6332.2724609375,
    6295.021484375,
    6181.6904296875,
    6128.3642578125,
    6017.98046875,
    6036.91943359375,
    5970.57470703125,
    5908.27197265625,
    5913.73681640625,
    5783.328125,
    5789.80615234375,
    5719.12451171875,
    5691.81201171875,
    5660.4873046875,
    5622.3525390625,
    5619.6455078125,
    5519.93896484375,
    5580.88427734375,
    5638.37744140625,
    5525.544921875,
    5556.890625
  ],
  "l0": [
    2000.0,
    2000.0,
    2000.0,
    2000.0,
    2000.0,
    2000.0,
    2000.0,
    2000.0,
    2000.0,
    2000.0,
    2000.0,
    2000.0,
    2000.0,
    2000.0,
    2000.0,
    1999.9824523925781,
    2000.0,
    2000.0,
    1999.9961853027344,
    1999.9453735351562,
    1999.9971008300781,
    1999.9784851074219,
    1999.9491882324219,
    1999.90234375,
    1999.9658203125,
    1999.9815368652344,
    1999.9942016601562,
    1999.9462890625,
    1999.9668884277344,
    1999.9473571777344,
    1999.9882507324219,
    1999.9736022949219,
    1999.86328125,
    1999.9531555175781,
    1999.9540710449219
  ],
  "steps_logged": [
    0,
    200,
    400,
    600,
    800,
    1000,
    1200,
    1400,
    1600,
    1800,
    2000,
    2200,
    2400,
    2600,
    2800,
    3000,
    3200,
    3400,
    3600,
    3800,
    4000,
    4200,
    4400,
    4600,
    4800,
    5000,
    5200,
    5400,
    5600,
    5800,
    6000,
    6200,
    6400,
    6600,
    6800
  ],
  "final_step": 6800,
  "converged": true,
  "plateau_last": 0.01736934683142219,
  "elapsed_s": 5459.923222064972
}