{
  "run_id": "stacked_t5_batchtopk__seed42",
  "arch": "stacked_t5_batchtopk",
  "seed": 42,
  "k_pos": 100,
  "k_win": null,
  "T": 5,
  "layer": 13,
  "sparsity": "batchtopk",
  "variant": "stacked_t5_batchtopk",
  "loss": [
    219351.203125,
    14923.5380859375,
    11680.8896484375,
    10099.171875,
    9258.6533203125,
    8512.470703125,
    8135.79541015625,
    7794.47265625,
    7402.77734375,
    7260.36572265625,
    7105.1533203125,
    6893.55615234375,
    6780.54443359375,
    6725.9501953125,
    6568.9267578125,
    6637.16552734375,
    6401.9609375,
    6465.853515625,
    6301.17041015625,
    6336.49462890625,
    6192.52880859375,
    6200.66943359375,
    6023.1884765625,
    6029.3720703125,
    6065.330078125,
    6074.55859375,
    5999.19482421875,
    6007.5654296875,
    5964.06201171875,
    5868.1923828125
  ],
  "l0": [
    100.00117492675781,
    100.0,
    100.00019836425781,
    100.0,
    100.0,
    100.0,
    100.0,
    100.00019836425781,
    100.0,
    100.0,
    100.0,
    100.0,
    100.0,
    100.0,
    100.0,
    100.0,
    100.0,
    100.0,
    100.0,
    100.0,
    100.0,
    100.0,
    100.0,
    100.0,
    100.0,
    100.0,
    100.0,
    100.0,
    100.0,
    100.0
  ],
  "steps_logged": [
    0,
    200,
    400,
    600,
    800,
    1000,
    1200,
    1400,
    1600,
    1800,
    2000,
    2200,
    2400,
    2600,
    2800,
    3000,
    3200,
    3400,
    3600,
    3800,
    4000,
    4200,
    4400,
    4600,
    4800,
    5000,
    5200,
    5400,
    5600,
    5800
  ],
  "final_step": 5800,
  "converged": true,
  "plateau_last": 0.019583556247400477,
  "elapsed_s": 1221.5089223384857
}