{
  "run_id": "stacked_t5__seed42",
  "arch": "stacked_t5",
  "seed": 42,
  "k_pos": 100,
  "k_win": 500,
  "T": 5,
  "layer": 13,
  "loss": [
    89028.1484375,
    13348.3203125,
    10757.4521484375,
    9589.5361328125,
    8650.853515625,
    8027.6640625,
    7786.52197265625,
    7500.81884765625,
    7155.8017578125,
    6997.98779296875,
    6855.22216796875,
    6673.56201171875,
    6538.72265625,
    6487.1630859375,
    6345.1669921875,
    6379.11962890625,
    6151.9658203125,
    6248.49609375,
    6084.2470703125,
    6108.68359375,
    5964.9267578125,
    5973.39599609375,
    5761.49853515625,
    5783.96435546875,
    5828.94140625,
    5847.794921875,
    5759.4072265625,
    5744.44140625,
    5696.9697265625,
    5661.06591796875,
    5670.09375,
    5619.76904296875,
    5622.72021484375,
    5646.728515625,
    5502.06640625,
    5513.12255859375,
    5613.12255859375
  ],
  "l0": [
    500.0,
    500.0,
    500.0,
    500.0,
    500.0,
    500.0,
    500.0,
    500.0,
    500.0,
    500.0,
    500.0,
    500.0,
    500.0,
    500.0,
    500.0,
    500.0,
    500.0,
    500.0,
    499.94922637939453,
    499.99217987060547,
    499.9062728881836,
    499.99217987060547,
    499.98146057128906,
    499.9853515625,
    500.0,
    499.99217987060547,
    499.98729705810547,
    499.9990463256836,
    499.9658203125,
    499.95704650878906,
    500.0,
    499.97264862060547,
    499.97169494628906,
    499.99317169189453,
    499.95800018310547,
    499.94922637939453,
    499.98146057128906
  ],
  "steps_logged": [
    0,
    200,
    400,
    600,
    800,
    1000,
    1200,
    1400,
    1600,
    1800,
    2000,
    2200,
    2400,
    2600,
    2800,
    3000,
    3200,
    3400,
    3600,
    3800,
    4000,
    4200,
    4400,
    4600,
    4800,
    5000,
    5200,
    5400,
    5600,
    5800,
    6000,
    6200,
    6400,
    6600,
    6800,
    7000,
    7200
  ],
  "final_step": 7200,
  "converged": true,
  "plateau_last": 0.017419472736855943,
  "elapsed_s": 1444.97469830513
}