{
  "run_id": "temporal_contrastive__seed42",
  "arch": "temporal_contrastive",
  "seed": 42,
  "k_pos": 100,
  "k_win": null,
  "T": 2,
  "variant": "contrastive_matryoshka",
  "layer": 13,
  "loss": [
    106.36663055419922,
    27.29309844970703,
    23.51868438720703,
    21.604604721069336,
    20.180809020996094,
    19.45648956298828,
    18.917049407958984,
    18.39535140991211,
    18.085247039794922,
    18.074054718017578,
    17.5819034576416,
    17.572982788085938,
    17.42120361328125,
    17.30246353149414,
    17.316001892089844,
    17.113052368164062,
    16.926374435424805,
    17.08156967163086,
    16.79812240600586,
    16.81412124633789,
    16.853515625,
    16.633331298828125,
    16.327312469482422,
    16.5655517578125,
    16.420209884643555,
    16.519878387451172,
    16.311641693115234,
    16.32779312133789
  ],
  "l0": [
    100.0,
    99.4052734375,
    99.7978515625,
    99.685546875,
    99.1484375,
    99.056640625,
    98.9501953125,
    98.90625,
    98.6875,
    98.697265625,
    98.8720703125,
    98.7109375,
    98.9716796875,
    98.9013671875,
    99.0234375,
    99.220703125,
    98.06640625,
    98.681640625,
    98.93359375,
    99.00390625,
    99.2412109375,
    99.1689453125,
    98.7060546875,
    98.8828125,
    98.2734375,
    98.470703125,
    98.53515625,
    98.048828125
  ],
  "steps_logged": [
    0,
    200,
    400,
    600,
    800,
    1000,
    1200,
    1400,
    1600,
    1800,
    2000,
    2200,
    2400,
    2600,
    2800,
    3000,
    3200,
    3400,
    3600,
    3800,
    4000,
    4200,
    4400,
    4600,
    4800,
    5000,
    5200,
    5400
  ],
  "final_step": 5400,
  "converged": true,
  "plateau_last": 0.015358785162926786,
  "elapsed_s": 466.1348214149475
}