{
  "run_id": "tfa_big__seed42",
  "arch": "tfa_big",
  "seed": 42,
  "k_pos": 100,
  "k_win": null,
  "T": 128,
  "use_pos": false,
  "d_sae": 18432,
  "layer": 13,
  "scale": 0.2259788066148758,
  "loss": [
    4096.75927734375,
    1067.13427734375,
    1064.854248046875,
    1038.7637939453125,
    1018.8480224609375,
    1025.037353515625,
    980.752197265625,
    996.3828125,
    965.0281982421875,
    925.4326171875,
    918.080322265625,
    870.3546142578125,
    851.1859130859375,
    829.527099609375,
    827.22900390625,
    825.8524780273438,
    814.601806640625,
    803.99267578125,
    797.4566650390625,
    782.1307373046875,
    788.6624755859375,
    785.8997192382812,
    769.1986083984375,
    753.462158203125,
    757.5191650390625,
    759.053955078125,
    755.3543701171875,
    744.32470703125,
    760.696044921875,
    750.778564453125,
    724.9398193359375,
    733.5599365234375,
    718.46875,
    734.399169921875,
    714.40185546875,
    715.04736328125,
    715.79931640625,
    708.6942138671875,
    716.5281982421875,
    710.3579711914062
  ],
  "l0": [
    100.0,
    100.0,
    100.0,
    100.0,
    100.0,
    100.0,
    100.0,
    100.0,
    100.0,
    100.0,
    100.0,
    100.0,
    100.0,
    100.0,
    100.0,
    100.0,
    100.0,
    100.0,
    100.0,
    100.0,
    100.0,
    100.0,
    100.0,
    100.0,
    100.0,
    100.0,
    100.0,
    100.0,
    100.0,
    100.0,
    100.0,
    100.0,
    100.0,
    100.0,
    100.0,
    100.0,
    100.0,
    100.0,
    100.0,
    100.0
  ],
  "steps_logged": [
    0,
    200,
    400,
    600,
    800,
    1000,
    1200,
    1400,
    1600,
    1800,
    2000,
    2200,
    2400,
    2600,
    2800,
    3000,
    3200,
    3400,
    3600,
    3800,
    4000,
    4200,
    4400,
    4600,
    4800,
    5000,
    5200,
    5400,
    5600,
    5800,
    6000,
    6200,
    6400,
    6600,
    6800,
    7000,
    7200,
    7400,
    7600,
    7800
  ],
  "final_step": 7800,
  "converged": true,
  "plateau_last": 0.016366861641440373,
  "elapsed_s": 10865.568942546844,
  "input_scale": 0.2259788066148758
}