{
  "run_id": "tfa_pos_big__seed42",
  "arch": "tfa_pos_big",
  "seed": 42,
  "k_pos": 100,
  "k_win": null,
  "T": 128,
  "use_pos": true,
  "d_sae": 18432,
  "layer": 13,
  "scale": 0.2259788066148758,
  "loss": [
    4088.9228515625,
    1097.691650390625,
    1048.16552734375,
    988.1890258789062,
    951.260498046875,
    949.5162353515625,
    892.0809326171875,
    909.8937377929688,
    898.1019897460938,
    895.248291015625,
    915.2866821289062,
    898.8134155273438,
    900.2733154296875,
    889.2858276367188,
    898.9030151367188,
    910.9263916015625
  ],
  "l0": [
    100.0,
    100.0,
    100.0,
    100.0,
    100.0,
    100.0,
    100.0,
    100.0,
    100.0,
    100.0,
    100.0,
    100.0,
    100.0,
    100.0,
    100.0,
    100.0
  ],
  "steps_logged": [
    0,
    200,
    400,
    600,
    800,
    1000,
    1200,
    1400,
    1600,
    1800,
    2000,
    2200,
    2400,
    2600,
    2800,
    3000
  ],
  "final_step": 3000,
  "converged": true,
  "plateau_last": 0.0027512162379780937,
  "elapsed_s": 4098.166822910309,
  "input_scale": 0.2259788066148758
}