{
  "run_id": "tfa_small__seed42",
  "arch": "tfa_small",
  "seed": 42,
  "k_pos": 100,
  "k_win": null,
  "T": 32,
  "use_pos": false,
  "d_sae": 4096,
  "layer": 13,
  "scale": 0.2259788066148758,
  "loss": [
    2331.91357421875,
    1120.8587646484375,
    1093.4736328125,
    6759.4267578125,
    6174.99462890625,
    1071.565673828125,
    1023.419921875,
    1035.20654296875,
    1013.1128540039062,
    988.8616943359375,
    1012.6764526367188,
    985.2828369140625,
    983.7564697265625,
    972.8734130859375,
    971.9364013671875,
    956.4685668945312,
    994.427490234375,
    962.1141967773438,
    951.048583984375,
    949.148681640625,
    961.1461791992188
  ],
  "l0": [
    100.0,
    100.0,
    100.0,
    100.0,
    100.0,
    100.0,
    100.0,
    100.0,
    100.0,
    100.0,
    100.0,
    100.0,
    100.0,
    100.0,
    100.0,
    100.0,
    100.0,
    100.0,
    100.0,
    100.0,
    100.0
  ],
  "steps_logged": [
    0,
    200,
    400,
    600,
    800,
    1000,
    1200,
    1400,
    1600,
    1800,
    2000,
    2200,
    2400,
    2600,
    2800,
    3000,
    3200,
    3400,
    3600,
    3800,
    4000
  ],
  "final_step": 4000,
  "converged": true,
  "plateau_last": 0.010765736346452049,
  "elapsed_s": 155.33765697479248,
  "input_scale": 0.2259788066148758
}