{
  "run_id": "tfa_big__seed42",
  "arch": "tfa_big",
  "seed": 42,
  "k_pos": 100,
  "k_win": null,
  "T": 128,
  "use_pos": false,
  "d_sae": 18432,
  "layer": 13,
  "scale": 0.2259788066148758,
  "loss": [
    4076.8779296875,
    1070.1005859375,
    1066.8466796875,
    1042.193603515625,
    1020.198974609375,
    1026.54443359375,
    980.6192626953125,
    1000.815185546875,
    969.1284790039062,
    926.1713256835938,
    902.6670532226562,
    856.2027587890625,
    845.1841430664062,
    824.1944580078125,
    819.5469970703125,
    817.850830078125,
    808.718017578125,
    796.3017578125,
    790.4473876953125,
    778.683349609375,
    779.9879150390625,
    777.885498046875,
    764.59521484375,
    745.7139892578125,
    753.15087890625,
    754.468505859375,
    752.1505126953125,
    740.8616943359375,
    757.946533203125,
    748.6512451171875
  ],
  "l0": [
    100.0,
    100.0,
    100.0,
    100.0,
    100.0,
    100.0,
    100.0,
    100.0,
    100.0,
    100.0,
    100.0,
    100.0,
    100.0,
    100.0,
    100.0,
    100.0,
    100.0,
    100.0,
    100.0,
    100.0,
    100.0,
    100.0,
    100.0,
    100.0,
    100.0,
    100.0,
    100.0,
    100.0,
    100.0,
    100.0
  ],
  "steps_logged": [
    0,
    200,
    400,
    600,
    800,
    1000,
    1200,
    1400,
    1600,
    1800,
    2000,
    2200,
    2400,
    2600,
    2800,
    3000,
    3200,
    3400,
    3600,
    3800,
    4000,
    4200,
    4400,
    4600,
    4800,
    5000,
    5200,
    5400,
    5600,
    5800
  ],
  "final_step": 5800,
  "converged": true,
  "plateau_last": 0.01759987840672943,
  "elapsed_s": 8012.094748020172,
  "input_scale": 0.2259788066148758
}