{
  "run_id": "tfa_pos_small__seed42",
  "arch": "tfa_pos_small",
  "seed": 42,
  "k_pos": 100,
  "k_win": null,
  "T": 32,
  "use_pos": true,
  "d_sae": 4096,
  "layer": 13,
  "scale": 0.2259788066148758,
  "loss": [
    2319.73046875,
    1085.7601318359375,
    1022.135498046875,
    6074.015625,
    5502.51513671875,
    933.0347900390625,
    888.1822509765625,
    888.7234497070312,
    868.4541015625,
    845.290771484375,
    863.9954833984375,
    834.608154296875,
    850.0343017578125,
    823.4354858398438,
    814.0700073242188,
    823.8076171875,
    823.350830078125,
    796.720458984375,
    788.97607421875,
    785.0685424804688,
    802.1846923828125,
    779.2276611328125,
    790.07275390625,
    759.0565185546875,
    779.0650024414062,
    782.1756591796875,
    771.9840087890625
  ],
  "l0": [
    100.0,
    100.0,
    100.0,
    100.0,
    100.0,
    100.0,
    100.0,
    100.0,
    100.0,
    100.0,
    100.0,
    100.0,
    100.0,
    100.0,
    100.0,
    100.0,
    100.0,
    100.0,
    100.0,
    100.0,
    100.0,
    100.0,
    100.0,
    100.0,
    100.0,
    100.0,
    100.0
  ],
  "steps_logged": [
    0,
    200,
    400,
    600,
    800,
    1000,
    1200,
    1400,
    1600,
    1800,
    2000,
    2200,
    2400,
    2600,
    2800,
    3000,
    3200,
    3400,
    3600,
    3800,
    4000,
    4200,
    4400,
    4600,
    4800,
    5000,
    5200
  ],
  "final_step": 5200,
  "converged": true,
  "plateau_last": 0.017667093033895586,
  "elapsed_s": 201.379576921463,
  "input_scale": 0.2259788066148758
}