{
  "run_id": "time_layer_crosscoder_t5_batchtopk__seed42",
  "arch": "time_layer_crosscoder_t5_batchtopk",
  "seed": 42,
  "k_pos": 100,
  "k_win": null,
  "T": 5,
  "n_layers": 5,
  "d_sae": 8192,
  "layer": 13,
  "sparsity": "batchtopk",
  "variant": "time_layer_crosscoder_t5_batchtopk",
  "loss": [
    69711.828125,
    12741.8564453125,
    10246.0263671875,
    9177.8798828125,
    8640.94140625,
    8134.32861328125,
    7782.34375,
    7605.38037109375,
    7334.1318359375,
    7249.9306640625,
    7094.3828125,
    6982.185546875,
    6830.89990234375,
    6748.72119140625,
    6643.34130859375,
    6642.048828125,
    6553.69970703125,
    6499.55029296875,
    6472.2802734375,
    6447.1474609375,
    6408.48974609375,
    6314.63134765625,
    6349.63134765625,
    6236.416015625,
    6228.8125,
    6223.71875,
    6262.9287109375,
    6132.1884765625,
    6034.52099609375,
    6085.638671875,
    6132.9560546875,
    6099.77490234375,
    6105.4609375,
    6019.45849609375
  ],
  "l0": [
    100.00003814697266,
    100.0,
    100.0,
    100.0,
    100.00003814697266,
    100.0,
    100.0,
    100.0,
    100.0,
    100.00003814697266,
    100.0,
    100.0,
    100.0,
    100.00003814697266,
    100.0,
    100.0,
    100.0,
    100.0,
    100.0,
    100.0,
    100.0,
    100.0,
    100.0,
    100.0,
    100.00003814697266,
    100.0,
    100.00003814697266,
    100.0,
    100.0,
    100.0,
    100.00003814697266,
    100.0,
    100.0,
    100.0
  ],
  "steps_logged": [
    0,
    200,
    400,
    600,
    800,
    1000,
    1200,
    1400,
    1600,
    1800,
    2000,
    2200,
    2400,
    2600,
    2800,
    3000,
    3200,
    3400,
    3600,
    3800,
    4000,
    4200,
    4400,
    4600,
    4800,
    5000,
    5200,
    5400,
    5600,
    5800,
    6000,
    6200,
    6400,
    6600
  ],
  "final_step": 6600,
  "converged": true,
  "plateau_last": 0.014211448843886436,
  "elapsed_s": 3888.798167705536
}