{
  "run_id": "topk_sae__seed42",
  "arch": "topk_sae",
  "seed": 42,
  "k_pos": 100,
  "k_win": null,
  "T": 1,
  "layer": 13,
  "loss": [
    116011.25,
    15180.927734375,
    11359.90234375,
    9577.986328125,
    8804.3779296875,
    8019.65185546875,
    7537.84765625,
    7446.1025390625,
    7290.0205078125,
    7109.568359375,
    7049.29052734375,
    6674.3095703125,
    6584.5986328125,
    6403.4609375,
    6332.41650390625,
    6180.4111328125,
    6186.361328125,
    6137.59326171875,
    6171.310546875,
    6152.140625,
    6081.271484375,
    5937.13037109375,
    5922.69580078125,
    5982.1162109375,
    5855.6904296875,
    5858.494140625,
    5723.9560546875,
    5689.9150390625,
    5628.6376953125,
    5690.9208984375,
    5518.044921875,
    5696.490234375,
    5604.58203125,
    5700.5146484375
  ],
  "l0": [
    100.0,
    100.0,
    100.0,
    100.0,
    100.0,
    100.0,
    100.0,
    100.0,
    100.0,
    100.0,
    100.0,
    100.0,
    100.0,
    100.0,
    100.0,
    100.0,
    99.970703125,
    100.0,
    100.0,
    100.0,
    100.0,
    100.0,
    100.0,
    99.998046875,
    100.0,
    100.0,
    99.9814453125,
    100.0,
    99.9697265625,
    99.9833984375,
    99.9931640625,
    99.9736328125,
    99.9921875,
    100.0
  ],
  "steps_logged": [
    0,
    200,
    400,
    600,
    800,
    1000,
    1200,
    1400,
    1600,
    1800,
    2000,
    2200,
    2400,
    2600,
    2800,
    3000,
    3200,
    3400,
    3600,
    3800,
    4000,
    4200,
    4400,
    4600,
    4800,
    5000,
    5200,
    5400,
    5600,
    5800,
    6000,
    6200,
    6400,
    6600
  ],
  "final_step": 6600,
  "converged": true,
  "plateau_last": 0.018991774129759265,
  "elapsed_s": 258.9973244667053
}