{
  "run_id": "topk_sae_batchtopk__seed42",
  "arch": "topk_sae_batchtopk",
  "seed": 42,
  "k_pos": 100,
  "k_win": null,
  "T": 1,
  "layer": 13,
  "sparsity": "batchtopk",
  "variant": "topk_sae_batchtopk",
  "loss": [
    375797.75,
    18255.373046875,
    14192.18359375,
    11618.392578125,
    10286.47265625,
    9772.51953125,
    8979.2568359375,
    8586.5185546875,
    8299.576171875,
    7862.18017578125,
    7806.35400390625,
    7300.29833984375,
    7385.484375,
    6865.03271484375,
    6933.4462890625,
    6775.71630859375,
    6714.888671875,
    6583.9775390625,
    6621.8681640625,
    6672.2431640625,
    6643.501953125,
    6382.4267578125,
    6383.7802734375,
    6449.08935546875,
    6244.4189453125,
    6308.9501953125,
    6140.2509765625,
    6121.7607421875,
    6031.255859375,
    6079.609375,
    5876.037109375,
    6084.21630859375,
    5974.49169921875,
    6081.001953125,
    6031.16357421875,
    5975.3193359375
  ],
  "l0": [
    100.0,
    100.0,
    100.0,
    100.0,
    100.0,
    100.0,
    100.0,
    100.0,
    100.0,
    100.0,
    100.0,
    100.0,
    100.0,
    100.0,
    100.0,
    100.0,
    100.0,
    100.0,
    100.0,
    100.0,
    100.0,
    100.0,
    100.0,
    100.0,
    100.0,
    100.0,
    100.0,
    100.0,
    100.0,
    100.0,
    100.0,
    100.0,
    100.0,
    100.0,
    100.0,
    100.0
  ],
  "steps_logged": [
    0,
    200,
    400,
    600,
    800,
    1000,
    1200,
    1400,
    1600,
    1800,
    2000,
    2200,
    2400,
    2600,
    2800,
    3000,
    3200,
    3400,
    3600,
    3800,
    4000,
    4200,
    4400,
    4600,
    4800,
    5000,
    5200,
    5400,
    5600,
    5800,
    6000,
    6200,
    6400,
    6600,
    6800,
    7000
  ],
  "final_step": 7000,
  "converged": true,
  "plateau_last": 0.0033958637719690567,
  "elapsed_s": 289.08413219451904
}