{
  "run_id": "tsae_paper__seed1",
  "arch": "tsae_paper",
  "seed": 1,
  "k_pos": 20,
  "k_win": null,
  "T": 2,
  "layer": 13,
  "d_sae": 18432,
  "group_sizes": [
    3686,
    14746
  ],
  "group_weights": [
    0.5,
    0.5
  ],
  "variant": "tsae_paper_matryoshka_batchtopk_auxk",
  "arch_class": "TemporalMatryoshkaBatchTopKSAE",
  "loss": [
    201984.40625,
    38497.421875,
    20497.74609375,
    15819.65625,
    14053.5576171875,
    12496.798828125,
    11883.6796875,
    11206.453125,
    11043.2724609375,
    10789.1357421875,
    10743.435546875,
    10340.501953125,
    10404.71484375,
    10129.5859375,
    10147.8203125,
    10012.505859375,
    9831.27734375,
    9780.7998046875,
    9783.294921875,
    9621.8671875,
    9743.6640625,
    9586.556640625,
    9524.205078125,
    9437.2119140625,
    9322.783203125,
    9390.8671875,
    9275.2109375,
    9257.0830078125,
    9113.724609375,
    9019.6279296875,
    9363.8330078125,
    9108.8154296875,
    8990.4052734375,
    9032.87890625,
    9317.498046875,
    8991.12109375,
    9043.6748046875,
    8914.1455078125,
    8983.087890625,
    9044.5771484375,
    9088.31640625,
    8782.66015625,
    8794.056640625,
    8969.7265625,
    9023.7607421875,
    8780.1064453125,
    8823.80078125,
    8794.322265625,
    8656.7646484375,
    8786.4111328125,
    8585.8125,
    8897.8134765625,
    8897.3212890625,
    8759.98046875,
    8545.427734375,
    8411.34375,
    8488.7822265625,
    8615.701171875,
    8781.697265625,
    8567.416015625,
    8861.703125,
    8634.708984375,
    8617.90625,
    8727.03515625,
    8453.2919921875,
    8721.2197265625,
    8605.34375,
    8760.8310546875,
    8386.576171875,
    8598.7431640625,
    8668.0859375,
    8694.251953125,
    8635.4609375,
    8618.5703125,
    8787.068359375,
    8610.109375,
    8580.2412109375,
    8340.779296875,
    8452.712890625,
    8442.7421875,
    8477.572265625,
    8469.2021484375,
    8471.69921875,
    8455.3349609375,
    8470.3232421875,
    8512.658203125,
    8485.06640625,
    8731.0537109375,
    8478.640625,
    8545.94921875,
    8382.2177734375,
    8375.169921875,
    8604.123046875,
    8298.9814453125,
    8451.0234375,
    8488.85546875,
    8487.4931640625,
    8274.1845703125,
    8222.939453125,
    8346.5966796875,
    8261.4404296875,
    8522.470703125,
    8334.9853515625,
    8354.7841796875,
    8491.478515625,
    8279.54296875,
    8334.017578125,
    8376.310546875,
    8371.7080078125,
    8253.462890625,
    8244.287109375,
    8156.93994140625,
    8365.7880859375,
    8173.14453125,
    8276.3984375,
    8506.0107421875,
    8178.2763671875,
    8187.2373046875,
    8253.5166015625,
    8153.193359375,
    8359.642578125,
    8204.189453125,
    8034.15869140625,
    8213.4404296875,
    8221.76953125,
    8306.9150390625
  ],
  "auxk": [
    0.0,
    0.0,
    0.0,
    0.0,
    0.0,
    0.0,
    0.0,
    0.0,
    0.0,
    0.0,
    0.0,
    0.0,
    0.0,
    0.0,
    0.0,
    0.0,
    0.0,
    0.0,
    0.0,
    0.0,
    0.0,
    0.0,
    0.0,
    0.0,
    0.0,
    0.0,
    0.0,
    0.0,
    0.0,
    0.0,
    0.0,
    0.0,
    0.0,
    0.0,
    0.0,
    0.0,
    0.0,
    0.0,
    0.0,
    0.0,
    0.0,
    0.0,
    0.0,
    0.0,
    0.0,
    0.0,
    0.0,
    0.0,
    0.0,
    0.0,
    0.0,
    0.0,
    0.0,
    0.0,
    1.001013159751892,
    1.001119613647461,
    1.0009211301803589,
    1.0009169578552246,
    1.0009384155273438,
    1.000617265701294,
    1.0000131130218506,
    0.9993069767951965,
    0.9976798295974731,
    0.9951438307762146,
    0.9920440316200256,
    0.9864779114723206,
    0.9841570258140564,
    0.9783734679222107,
    0.977813184261322,
    0.9763607978820801,
    0.9732245802879333,
    0.9700675010681152,
    0.9696711301803589,
    0.9699362516403198,
    0.9700804948806763,
    0.9709562063217163,
    0.971454381942749,
    0.9749475121498108,
    0.974022388458252,
    0.9747081398963928,
    0.9745911955833435,
    0.9774251580238342,
    0.9798141717910767,
    0.9813015460968018,
    0.981748640537262,
    0.9822921752929688,
    0.9836309552192688,
    0.983000636100769,
    0.9825993180274963,
    0.9835575222969055,
    0.9852979779243469,
    0.9849002957344055,
    0.9841463565826416,
    0.9864987730979919,
    0.9856195449829102,
    0.9849205017089844,
    0.985234797000885,
    0.986236572265625,
    0.9864785075187683,
    0.9853125214576721,
    0.9848208427429199,
    0.9836251139640808,
    0.9853157997131348,
    0.9865872263908386,
    0.9840461611747742,
    0.9842222929000854,
    0.984212338924408,
    0.9828318357467651,
    0.984100878238678,
    0.9838058948516846,
    0.9827129244804382,
    0.9835873246192932,
    0.9832462072372437,
    0.9807758927345276,
    0.9798089265823364,
    0.9763261079788208,
    0.9775433540344238,
    0.9786653518676758,
    0.9789977073669434,
    0.977786123752594,
    0.9768766760826111,
    0.9782081246376038,
    0.9762564301490784,
    0.9757876396179199,
    0.9785210490226746,
    0.9802010655403137
  ],
  "temp": [
    428.9689025878906,
    478.7451171875,
    1763.019775390625,
    9896.28515625,
    5432.74755859375,
    1542.928466796875,
    1402.300537109375,
    1699.768310546875,
    995.6373901367188,
    1042.5975341796875,
    1755.3553466796875,
    1003.14697265625,
    940.0908203125,
    1019.1396484375,
    938.499267578125,
    1185.54248046875,
    902.68115234375,
    1053.5040283203125,
    955.006103515625,
    1478.83642578125,
    839.6593627929688,
    822.646240234375,
    1157.28857421875,
    863.556640625,
    845.4058837890625,
    831.476318359375,
    809.8616943359375,
    815.4718017578125,
    847.893310546875,
    880.338134765625,
    992.0049438476562,
    967.2432861328125,
    780.367431640625,
    785.4813842773438,
    804.6895141601562,
    954.4049072265625,
    814.058349609375,
    804.397216796875,
    933.2574462890625,
    803.3428955078125,
    729.7200927734375,
    824.1171264648438,
    824.9453735351562,
    730.568115234375,
    899.4332275390625,
    829.01220703125,
    782.4523315429688,
    789.881103515625,
    939.722412109375,
    755.0368041992188,
    826.8427124023438,
    700.3836669921875,
    840.3768310546875,
    886.4703369140625,
    728.5386352539062,
    826.75537109375,
    750.730224609375,
    744.8160400390625,
    714.949462890625,
    785.615478515625,
    754.7794189453125,
    703.1991577148438,
    742.4852294921875,
    729.8919067382812,
    706.1141357421875,
    705.7760009765625,
    699.9400634765625,
    737.6383666992188,
    768.58251953125,
    750.304931640625,
    721.7554931640625,
    782.5975952148438,
    901.7350463867188,
    829.5576782226562,
    750.376220703125,
    754.4931640625,
    749.5816650390625,
    789.6428833007812,
    913.736572265625,
    880.44921875,
    799.44287109375,
    787.946044921875,
    726.6561279296875,
    772.4075927734375,
    885.5020141601562,
    741.98828125,
    668.3492431640625,
    722.2716064453125,
    796.8560791015625,
    815.8143920898438,
    717.707763671875,
    749.5858154296875,
    811.5036010742188,
    746.4820556640625,
    713.0235595703125,
    875.364013671875,
    744.7172241210938,
    825.9903564453125,
    791.5208740234375,
    837.802490234375,
    831.8837890625,
    730.1880493164062,
    704.1618041992188,
    701.6749877929688,
    719.0882568359375,
    697.266845703125,
    674.4461669921875,
    668.9367065429688,
    643.6923217773438,
    845.4201049804688,
    938.0498046875,
    788.9157104492188,
    799.5355224609375,
    792.3994140625,
    710.32470703125,
    719.4192504882812,
    700.8411865234375,
    748.0560302734375,
    685.9757080078125,
    842.04736328125,
    694.296142578125,
    657.31396484375,
    837.2523803710938,
    837.740234375,
    898.9528198242188,
    721.1725463867188
  ],