{
  "run_id": "tsae_paper__seed2",
  "arch": "tsae_paper",
  "seed": 2,
  "k_pos": 20,
  "k_win": null,
  "T": 2,
  "layer": 13,
  "d_sae": 18432,
  "group_sizes": [
    3686,
    14746
  ],
  "group_weights": [
    0.5,
    0.5
  ],
  "variant": "tsae_paper_matryoshka_batchtopk_auxk",
  "arch_class": "TemporalMatryoshkaBatchTopKSAE",
  "loss": [
    202885.84375,
    40464.859375,
    20635.4921875,
    16075.5341796875,
    13785.21484375,
    12628.787109375,
    11997.955078125,
    11313.357421875,
    11171.5576171875,
    10901.2890625,
    10665.794921875,
    10733.4873046875,
    10605.74609375,
    10321.3212890625,
    10194.4091796875,
    10122.8115234375,
    9922.546875,
    10097.443359375,
    10007.5791015625,
    9418.01953125,
    9678.630859375,
    9925.1416015625,
    9554.791015625,
    9496.3046875,
    9565.52734375,
    9243.7041015625,
    9303.6337890625,
    9368.1796875,
    9286.650390625,
    9387.73046875,
    9348.978515625,
    9200.376953125,
    9114.958984375,
    9074.2060546875,
    9245.7109375,
    9219.19140625,
    9199.947265625,
    8937.169921875,
    9089.283203125,
    9128.5,
    9020.234375,
    9081.33203125,
    9052.111328125,
    8860.822265625,
    8947.390625,
    8955.45703125,
    8839.990234375,
    8846.958984375,
    8639.25,
    8825.6826171875,
    8628.5859375,
    8995.28125,
    8803.693359375,
    8725.130859375,
    8730.5244140625,
    8758.640625,
    8904.9912109375,
    8668.044921875,
    8659.681640625,
    8565.5126953125,
    8743.859375,
    8760.9287109375,
    8573.9765625,
    8531.4912109375,
    8664.54296875,
    8622.7734375,
    8733.38671875,
    8858.5263671875,
    8679.708984375,
    8560.5625,
    8550.1953125,
    8683.6298828125,
    8593.3271484375,
    8800.85546875,
    8718.0673828125,
    8489.61328125,
    8644.31640625,
    8481.7470703125,
    8592.310546875,
    8498.22265625,
    8593.3671875,
    8637.771484375,
    8656.7236328125,
    8477.1796875,
    8508.8330078125,
    8474.970703125,
    8695.1640625,
    8657.494140625,
    8341.6689453125,
    8541.64453125,
    8627.94140625,
    8613.8505859375,
    8416.626953125,
    8417.0654296875,
    8449.3828125,
    8547.5732421875,
    8235.2021484375,
    8489.3828125,
    8426.599609375,
    8587.6650390625,
    8307.6318359375,
    8496.173828125,
    8378.4375,
    8421.8369140625,
    8258.921875,
    8349.42578125,
    8375.486328125,
    8384.015625,
    8293.830078125,
    8219.873046875,
    8356.7841796875,
    8238.3125,
    8351.1015625,
    8390.1142578125,
    8233.267578125,
    8410.1015625,
    8108.25732421875,
    8217.1201171875,
    8165.2294921875,
    8228.99609375,
    8192.0546875,
    8414.955078125,
    8396.22265625,
    8372.208984375,
    8320.3046875,
    8391.0693359375
  ],
  "auxk": [
    0.0,
    0.0,
    0.0,
    0.0,
    0.0,
    0.0,
    0.0,
    0.0,
    0.0,
    0.0,
    0.0,
    0.0,
    0.0,
    0.0,
    0.0,
    0.0,
    0.0,
    0.0,
    0.0,
    0.0,
    0.0,
    0.0,
    0.0,
    0.0,
    0.0,
    0.0,
    0.0,
    0.0,
    0.0,
    0.0,
    0.0,
    0.0,
    0.0,
    0.0,
    0.0,
    0.0,
    0.0,
    0.0,
    0.0,
    0.0,
    0.0,
    0.0,
    0.0,
    0.0,
    0.0,
    0.0,
    0.0,
    0.0,
    0.0,
    0.0,
    0.0,
    0.0,
    0.0,
    0.0,
    0.0,
    0.0,
    0.0,
    1.0010430812835693,
    1.000861406326294,
    1.0004092454910278,
    0.9992147088050842,
    0.9974727630615234,
    0.9938872456550598,
    0.9935010671615601,
    0.9878430366516113,
    0.9832742810249329,
    0.9772893190383911,
    0.9753318428993225,
    0.9753686189651489,
    0.9712068438529968,
    0.9693575501441956,
    0.9694494605064392,
    0.9693065285682678,
    0.9665762186050415,
    0.9644443392753601,
    0.9662619829177856,
    0.9661499261856079,
    0.9697536826133728,
    0.9712303876876831,
    0.9721344113349915,
    0.9731016755104065,
    0.9729911684989929,
    0.9742873311042786,
    0.9772028923034668,
    0.9796658754348755,
    0.9802904725074768,
    0.9801062345504761,
    0.9791898131370544,
    0.9797500371932983,
    0.9809017181396484,
    0.9805302619934082,
    0.980789840221405,
    0.9839826822280884,
    0.9857718348503113,
    0.9839339852333069,
    0.9838410019874573,
    0.9851620197296143,
    0.9827636480331421,
    0.983309268951416,
    0.9821804761886597,
    0.982687771320343,
    0.981029748916626,
    0.9810404181480408,
    0.9830263257026672,
    0.9824808239936829,
    0.9823114275932312,
    0.9819498658180237,
    0.9813462495803833,
    0.9822956919670105,
    0.9807650446891785,
    0.9775670766830444,
    0.9779467582702637,
    0.9804213047027588,
    0.9783424139022827,
    0.9790835380554199,
    0.9790148138999939,
    0.9773728847503662,
    0.9772914052009583,
    0.9778913855552673,
    0.9754911065101624,
    0.9771115183830261,
    0.9740079045295715,
    0.975515604019165,
    0.9777368903160095,
    0.9764620065689087,
    0.9827502965927124
  ],
  "temp": [
    15930.16796875,
    9792.0263671875,
    16086.9990234375,
    2076.069091796875,
    2041.206298828125,
    1539.436279296875,
    1261.597900390625,
    1382.06201171875,
    1326.4669189453125,
    1475.462158203125,
    1022.1911010742188,
    1002.3677978515625,
    1533.025146484375,
    1240.77978515625,
    1226.781494140625,
    834.9569091796875,
    1112.8955078125,
    1060.561279296875,
    964.84375,
    1203.79736328125,
    1202.201416015625,
    888.5185546875,
    825.958251953125,
    962.010986328125,
    816.8370361328125,
    821.0584106445312,
    1001.0909423828125,
    1150.08642578125,
    825.6475219726562,
    1039.2847900390625,
    780.5625,
    1049.28564453125,
    791.451416015625,
    924.906494140625,
    851.1739501953125,
    791.802978515625,
    954.0054931640625,
    901.1871337890625,
    854.3472290039062,
    832.1920776367188,
    905.38720703125,
    871.4188232421875,
    820.1953735351562,
    830.0469970703125,
    794.2890014648438,
    815.88671875,
    792.349609375,
    915.1859130859375,
    1013.04150390625,
    816.3871459960938,
    764.490234375,
    844.1737060546875,
    836.6573486328125,
    768.9275512695312,
    779.364013671875,
    812.526611328125,
    841.5274658203125,
    797.3084716796875,
    809.4969482421875,
    893.83056640625,
    677.845458984375,
    771.016357421875,
    931.266845703125,
    762.7659301757812,
    755.3694458007812,
    927.9140625,
    883.84228515625,
    690.80712890625,
    861.114990234375,
    962.3455200195312,
    776.1953125,
    763.77001953125,
    841.140380859375,
    871.6155395507812,
    866.5946044921875,
    727.918701171875,
    809.1063232421875,
    751.80029296875,
    697.3077392578125,
    818.403076171875,
    766.6473388671875,
    763.2654418945312,
    714.6810913085938,
    725.925537109375,
    831.2987060546875,
    861.1109619140625,
    704.7374267578125,
    845.47412109375,
    736.5570068359375,
    753.906982421875,
    755.2672119140625,
    710.2066650390625,
    822.2034912109375,
    679.5791015625,
    830.216064453125,
    865.5831298828125,
    819.7568359375,
    780.2138671875,
    687.9429931640625,
    715.1666870117188,
    853.368408203125,
    782.8756713867188,
    683.9864501953125,
    810.8472290039062,
    826.6854248046875,
    857.7361450195312,
    766.5144653320312,
    811.3687744140625,
    691.926513671875,
    822.1383056640625,
    757.1572875976562,
    933.3030395507812,
    807.8070678710938,
    681.1279907226562,
    717.6763916015625,
    734.9814453125,
    808.0139770507812,
    736.7801513671875,
    742.3372192382812,
    910.9772338867188,
    805.1724853515625,
    786.383544921875,
    753.75732421875,
    710.032958984375,
    809.5889282226562,
    779.1644287109375
  ],