{
  "run_id": "tsae_paper__seed42",
  "arch": "tsae_paper",
  "seed": 42,
  "k_pos": 20,
  "k_win": null,
  "T": 2,
  "layer": 13,
  "d_sae": 18432,
  "group_sizes": [
    3686,
    14746
  ],
  "group_weights": [
    0.5,
    0.5
  ],
  "variant": "tsae_paper_matryoshka_batchtopk_auxk",
  "arch_class": "TemporalMatryoshkaBatchTopKSAE",
  "loss": [
    180908.8125,
    42212.96875,
    19966.4765625,
    15626.6103515625,
    13918.197265625,
    12503.814453125,
    11961.0859375,
    11641.572265625,
    11211.064453125,
    10960.44921875,
    10814.349609375,
    10490.69921875,
    10345.2275390625,
    10295.0986328125,
    10020.4287109375,
    9742.4296875,
    9948.8876953125,
    9910.2890625,
    9874.2421875,
    9607.7109375,
    9482.857421875,
    9575.470703125,
    9378.09375,
    9494.046875,
    9323.35546875,
    9215.37890625,
    9044.294921875,
    9141.154296875,
    9190.1591796875,
    9064.43359375,
    9153.142578125,
    9029.1162109375,
    9102.0244140625,
    9132.3330078125,
    9139.677734375,
    9027.615234375,
    8878.427734375,
    9075.7138671875,
    9094.1484375,
    9001.3466796875,
    8584.6513671875,
    8790.615234375,
    8838.865234375,
    8968.3583984375,
    8678.9873046875,
    8806.306640625,
    8778.693359375,
    8681.5654296875,
    8671.29296875,
    8806.75390625,
    8804.53125,
    8819.93359375,
    8803.466796875,
    8599.888671875,
    8714.41796875,
    8763.70703125,
    8774.7080078125,
    8657.078125,
    8747.732421875,
    8688.0107421875,
    8633.94921875,
    8686.2138671875,
    8701.447265625,
    8814.4921875,
    8712.00390625,
    8606.3056640625,
    8606.7861328125,
    8656.111328125,
    8630.85546875,
    8844.095703125,
    8477.66796875,
    8593.541015625,
    8539.0009765625,
    8471.87109375,
    8843.955078125,
    8764.3017578125,
    8372.140625,
    8508.734375,
    8486.0498046875,
    8638.484375,
    8525.01953125,
    8535.2001953125,
    8616.8544921875,
    8535.263671875,
    8521.18359375,
    8480.580078125,
    8522.05859375,
    8616.4501953125,
    8495.576171875,
    8423.837890625,
    8715.630859375,
    8474.833984375,
    8441.9404296875,
    8526.28125,
    8489.2060546875,
    8457.5615234375,
    8388.5048828125,
    8464.994140625,
    8457.8193359375,
    8263.94140625,
    8363.873046875,
    8409.2529296875,
    8264.5908203125,
    8364.73828125,
    8406.0078125,
    8418.072265625,
    8510.9306640625,
    8209.662109375,
    8247.216796875,
    8429.201171875,
    8249.134765625,
    8140.3056640625,
    8270.85546875,
    8146.02685546875,
    8187.68798828125,
    8141.23291015625,
    8225.8037109375,
    8268.927734375,
    8277.30078125,
    8249.150390625,
    8229.1650390625,
    8254.69921875,
    8029.6591796875,
    8343.7265625,
    8125.99267578125,
    8351.01171875
  ],
  "auxk": [
    0.0,
    0.0,
    0.0,
    0.0,
    0.0,
    0.0,
    0.0,
    0.0,
    0.0,
    0.0,
    0.0,
    0.0,
    0.0,
    0.0,
    0.0,
    0.0,
    0.0,
    0.0,
    0.0,
    0.0,
    0.0,
    0.0,
    0.0,
    0.0,
    0.0,
    0.0,
    0.0,
    0.0,
    0.0,
    0.0,
    0.0,
    0.0,
    0.0,
    0.0,
    0.0,
    0.0,
    0.0,
    0.0,
    0.0,
    0.0,
    0.0,
    0.0,
    0.0,
    0.0,
    0.0,
    0.0,
    0.0,
    0.0,
    0.0,
    0.0,
    0.0,
    0.0,
    0.0,
    0.0,
    0.0,
    1.0010823011398315,
    1.0011073350906372,
    1.0009368658065796,
    1.000975489616394,
    1.0007258653640747,
    1.0004123449325562,
    0.9997605681419373,
    0.998699426651001,
    0.9958192706108093,
    0.9927228093147278,
    0.9899652004241943,
    0.987568199634552,
    0.9842650890350342,
    0.97768235206604,
    0.9740502834320068,
    0.9746167659759521,
    0.9734140038490295,
    0.9689809083938599,
    0.970052182674408,
    0.9658018946647644,
    0.9629079103469849,
    0.964172899723053,
    0.9633955359458923,
    0.9653443098068237,
    0.9648683667182922,
    0.9658779501914978,
    0.9720439314842224,
    0.9699552059173584,
    0.9708965420722961,
    0.972411572933197,
    0.9728062152862549,
    0.9724037647247314,
    0.975221574306488,
    0.9785741567611694,
    0.9761148691177368,
    0.9734764099121094,
    0.9759488105773926,
    0.9747677445411682,
    0.975160539150238,
    0.9747428894042969,
    0.9744803309440613,
    0.9773759245872498,
    0.9777542352676392,
    0.9754546880722046,
    0.9776096343994141,
    0.9779934883117676,
    0.9759475588798523,
    0.9765937328338623,
    0.9782205820083618,
    0.9784338474273682,
    0.9780998826026917,
    0.978178858757019,
    0.9804942607879639,
    0.9829787015914917,
    0.9809041619300842,
    0.9814372062683105,
    0.9826765656471252,
    0.9814038872718811,
    0.9835827350616455,
    0.9825669527053833,
    0.9840251207351685,
    0.9840714931488037,
    0.9825094938278198,
    0.9811644554138184,
    0.9821802973747253,
    0.9825992584228516,
    0.9822111129760742,
    0.9834268093109131,
    0.9820648431777954,
    0.9850194454193115,
    0.987922728061676
  ],
  "temp": [
    403.87017822265625,
    7752.11474609375,
    13562.041015625,
    10458.5830078125,
    6768.40283203125,
    3025.197998046875,
    1360.883544921875,
    2658.80712890625,
    1086.4210205078125,
    1087.8233642578125,
    2729.55078125,
    931.7840576171875,
    1025.0296630859375,
    894.3447265625,
    889.9987182617188,
    870.6343994140625,
    1135.7303466796875,
    889.7766723632812,
    786.64306640625,
    1209.235595703125,
    1042.985107421875,
    857.4840698242188,
    872.3364868164062,
    808.44287109375,
    871.3797607421875,
    970.8134765625,
    847.8475952148438,
    960.424560546875,
    728.411865234375,
    1009.079345703125,
    937.8313598632812,
    843.0087890625,
    897.8311767578125,
    796.2207641601562,
    747.3631591796875,
    827.6182250976562,
    795.8243408203125,
    956.8749389648438,
    861.300537109375,
    768.6515502929688,
    925.9046020507812,
    829.5880126953125,
    778.3167724609375,
    795.025146484375,
    756.1443481445312,
    798.390625,
    804.6900634765625,
    730.781982421875,
    768.5339965820312,
    788.323974609375,
    704.11474609375,
    773.9061889648438,
    804.852783203125,
    767.578125,
    854.650146484375,
    727.625244140625,
    822.6859741210938,
    711.5865478515625,
    726.0778198242188,
    948.561279296875,
    749.0518798828125,
    877.029296875,
    845.0516357421875,
    778.6920166015625,
    700.72314453125,
    761.5675659179688,
    723.2757568359375,
    712.7069702148438,
    752.148681640625,
    771.49853515625,
    727.829833984375,
    752.7423095703125,
    772.480224609375,
    713.791015625,
    687.329345703125,
    853.7508544921875,
    725.2700805664062,
    907.3427734375,
    822.7161865234375,
    743.584228515625,
    840.9212036132812,
    705.4730834960938,
    795.7714233398438,
    747.540283203125,
    694.8896484375,
    688.25830078125,
    803.3802490234375,
    759.0299072265625,
    633.9478759765625,
    769.23974609375,
    720.9501342773438,
    769.1582641601562,
    705.0751953125,
    758.2363891601562,
    778.9168701171875,
    718.60205078125,
    762.73046875,
    824.1350708007812,
    755.4791870117188,
    802.8973999023438,
    681.3599243164062,
    717.074462890625,
    1028.38525390625,
    704.5455322265625,
    687.6456298828125,
    679.41259765625,
    711.8662109375,
    703.70751953125,
    660.843017578125,
    718.654541015625,
    804.6348876953125,
    863.4671020507812,
    683.9373779296875,
    708.78271484375,
    735.623291015625,
    712.367919921875,
    898.6248779296875,
    752.9425048828125,
    796.71728515625,
    797.79296875,
    739.4567260742188,
    661.781982421875,
    744.7442626953125,
    661.38427734375,
    768.2074584960938,
    739.998046875
  ],