{
  "run_id": "tsae_ours__seed42",
  "arch": "tsae_ours",
  "seed": 42,
  "k_pos": 100,
  "k_win": null,
  "T": 2,
  "variant": "tsae_paper_literal",
  "layer": 13,
  "loss": [
    45.75831985473633,
    17.499332427978516,
    15.490272521972656,
    14.730212211608887,
    14.20169448852539,
    13.830001831054688,
    13.41922378540039,
    13.092748641967773,
    12.98676586151123,
    12.923160552978516,
    12.742262840270996,
    12.737798690795898,
    12.452131271362305,
    12.469655990600586,
    12.460233688354492,
    12.383130073547363,
    12.13351821899414,
    12.271684646606445,
    12.094502449035645,
    12.045310020446777,
    12.148112297058105,
    11.98813533782959,
    11.78146743774414,
    11.947546005249023,
    11.834217071533203,
    11.885008811950684,
    11.733697891235352,
    11.722040176391602
  ],
  "l0": [
    100.0,
    100.0,
    99.4833984375,
    99.4609375,
    99.1796875,
    99.517578125,
    99.1455078125,
    99.15234375,
    99.2099609375,
    99.3203125,
    99.0009765625,
    99.091796875,
    99.1826171875,
    99.1943359375,
    99.296875,
    99.33203125,
    98.83984375,
    98.974609375,
    99.162109375,
    98.88671875,
    99.34375,
    99.3525390625,
    98.974609375,
    99.2001953125,
    98.75,
    98.923828125,
    98.88671875,
    98.626953125
  ],
  "steps_logged": [
    0,
    200,
    400,
    600,
    800,
    1000,
    1200,
    1400,
    1600,
    1800,
    2000,
    2200,
    2400,
    2600,
    2800,
    3000,
    3200,
    3400,
    3600,
    3800,
    4000,
    4200,
    4400,
    4600,
    4800,
    5000,
    5200,
    5400
  ],
  "final_step": 5400,
  "converged": true,
  "plateau_last": 0.015568699279182481,
  "elapsed_s": 348.49346566200256
}