{
  "run_id": "txc_shared_relu_sum_pos_t5__seed42",
  "arch": "txc_shared_relu_sum_pos_t5",
  "seed": 42,
  "k_pos": 100,
  "k_win": 500,
  "T": 5,
  "match_budget": true,
  "layer": 13,
  "use_pos": true,
  "variant": "txc_shared_relu_sum",
  "loss": [
    173158.90625,
    19513.369140625,
    19182.09375,
    13527.048828125,
    12601.2626953125,
    13782.712890625,
    11164.845703125,
    10638.5751953125,
    10412.099609375,
    10050.8173828125,
    9635.3662109375,
    9695.1279296875,
    9783.4189453125,
    8886.4951171875,
    8953.1240234375,
    8478.9326171875,
    8074.6923828125,
    8101.30078125,
    7776.34521484375,
    7711.1962890625,
    7499.39697265625,
    7384.61865234375,
    7181.9150390625,
    7137.65625,
    7107.75634765625,
    7172.7119140625,
    6943.2734375,
    6925.8134765625,
    6824.74609375,
    6766.97998046875,
    6789.57177734375,
    6701.20263671875,
    6663.7900390625,
    6674.4189453125,
    6528.64697265625,
    6493.84912109375,
    6576.49560546875,
    6496.134765625,
    6549.18115234375,
    6513.708984375,
    6435.18212890625
  ],
  "l0": [
    500.0,
    490.09765625,
    494.3779296875,
    496.80078125,
    500.0,
    500.0,
    500.0,
    500.0,
    500.0,
    500.0,
    500.0,
    500.0,
    500.0,
    500.0,
    500.0,
    500.0,
    500.0,
    500.0,
    500.0,
    500.0,
    500.0,
    500.0,
    500.0,
    500.0,
    500.0,
    500.0,
    500.0,
    500.0,
    500.0,
    500.0,
    500.0,
    500.0,
    500.0,
    500.0,
    500.0,
    500.0,
    500.0,
    500.0,
    500.0,
    500.0,
    500.0
  ],
  "steps_logged": [
    0,
    200,
    400,
    600,
    800,
    1000,
    1200,
    1400,
    1600,
    1800,
    2000,
    2200,
    2400,
    2600,
    2800,
    3000,
    3200,
    3400,
    3600,
    3800,
    4000,
    4200,
    4400,
    4600,
    4800,
    5000,
    5200,
    5400,
    5600,
    5800,
    6000,
    6200,
    6400,
    6600,
    6800,
    7000,
    7200,
    7400,
    7600,
    7800,
    8000
  ],
  "final_step": 8000,
  "converged": true,
  "plateau_last": 0.014857130518952587,
  "elapsed_s": 2992.422614336014
}