{
  "run_id": "txc_shared_concat_two_layer_t5__seed42",
  "arch": "txc_shared_concat_two_layer_t5",
  "seed": 42,
  "k_pos": 100,
  "k_win": 500,
  "T": 5,
  "match_budget": true,
  "layer": 13,
  "d_hidden": 512,
  "use_pos": true,
  "variant": "txc_shared_concat_two_layer",
  "loss": [
    59748.27734375,
    13699.0751953125,
    12081.04296875,
    11458.0341796875,
    10893.046875,
    10568.8388671875,
    10531.9091796875,
    10420.2255859375,
    10250.5419921875,
    10178.9404296875,
    10107.5615234375,
    10042.6748046875,
    10002.359375,
    10019.2763671875,
    9950.966796875,
    10093.5732421875,
    9829.4326171875,
    10061.3642578125
  ],
  "l0": [
    500.0,
    499.9921875,
    499.9072265625,
    500.0,
    499.658203125,
    499.52734375,
    499.6806640625,
    499.7646484375,
    498.984375,
    498.814453125,
    499.38671875,
    499.849609375,
    498.857421875,
    498.76953125,
    498.47265625,
    498.828125,
    497.744140625,
    498.2490234375
  ],
  "steps_logged": [
    0,
    200,
    400,
    600,
    800,
    1000,
    1200,
    1400,
    1600,
    1800,
    2000,
    2200,
    2400,
    2600,
    2800,
    3000,
    3200,
    3400
  ],
  "final_step": 3400,
  "converged": true,
  "plateau_last": 0.01240488463521376,
  "elapsed_s": 1432.813589334488
}