{
  "run_id": "txc_shared_relu_sum_nopos_t5__seed42",
  "arch": "txc_shared_relu_sum_nopos_t5",
  "seed": 42,
  "k_pos": 100,
  "k_win": 500,
  "T": 5,
  "match_budget": true,
  "layer": 13,
  "use_pos": false,
  "variant": "txc_shared_relu_sum",
  "loss": [
    172604.328125,
    19548.9921875,
    19393.984375,
    14378.6015625,
    14178.2158203125,
    17009.802734375,
    13372.916015625,
    13122.0615234375,
    13169.4814453125,
    13117.9208984375,
    12995.6630859375,
    13069.9912109375,
    14067.7001953125,
    13121.5498046875,
    13861.796875,
    13141.2841796875
  ],
  "l0": [
    500.0,
    490.326171875,
    493.3388671875,
    492.986328125,
    492.2607421875,
    490.96875,
    495.509765625,
    495.1484375,
    494.76953125,
    494.125,
    496.484375,
    496.2734375,
    496.31640625,
    496.6572265625,
    495.4404296875,
    497.640625
  ],
  "steps_logged": [
    0,
    200,
    400,
    600,
    800,
    1000,
    1200,
    1400,
    1600,
    1800,
    2000,
    2200,
    2400,
    2600,
    2800,
    3000
  ],
  "final_step": 3000,
  "converged": true,
  "plateau_last": -0.022564965904810472,
  "elapsed_s": 1052.981883764267
}