{
  "run_id": "txcdr_t5__seed1",
  "arch": "txcdr_t5",
  "seed": 1,
  "k_pos": 100,
  "k_win": 500,
  "T": 5,
  "match_budget": true,
  "layer": 13,
  "loss": [
    110853.2265625,
    11894.8037109375,
    10030.7451171875,
    9278.6083984375,
    8792.3076171875,
    8674.3173828125,
    8354.9287109375,
    8119.05859375,
    8243.13671875,
    7900.1611328125,
    7826.29296875,
    7820.58984375,
    7819.80810546875,
    7657.5205078125,
    7590.4189453125,
    7454.15869140625,
    7488.19140625,
    7419.8837890625,
    7413.01953125,
    7335.95947265625,
    7360.0595703125,
    7352.40771484375,
    7225.4501953125,
    7416.6455078125
  ],
  "l0": [
    500.0,
    494.833984375,
    494.09375,
    492.4384765625,
    492.453125,
    494.1640625,
    492.693359375,
    493.6484375,
    495.859375,
    492.2109375,
    493.6455078125,
    494.1669921875,
    496.1884765625,
    490.947265625,
    492.2607421875,
    490.9765625,
    491.0068359375,
    493.0361328125,
    493.482421875,
    491.96484375,
    491.9365234375,
    490.8505859375,
    492.7890625,
    494.0947265625
  ],
  "steps_logged": [
    0,
    200,
    400,
    600,
    800,
    1000,
    1200,
    1400,
    1600,
    1800,
    2000,
    2200,
    2400,
    2600,
    2800,
    3000,
    3200,
    3400,
    3600,
    3800,
    4000,
    4200,
    4400,
    4600
  ],
  "final_step": 4600,
  "converged": true,
  "plateau_last": 0.01806872082428287,
  "elapsed_s": 787.8476469516754
}