{
  "run_id": "txcdr_t6__seed42",
  "arch": "txcdr_t6",
  "seed": 42,
  "k_pos": 100,
  "k_win": 600,
  "T": 6,
  "match_budget": true,
  "layer": 13,
  "loss": [
    107121.75,
    12063.7646484375,
    10272.1396484375,
    9524.66015625,
    9212.08984375,
    8835.90234375,
    8602.3017578125,
    8512.5966796875,
    8297.2197265625,
    8249.2431640625,
    8106.5302734375,
    8050.65380859375,
    7949.38427734375,
    7878.0458984375,
    7774.04833984375,
    7784.14208984375,
    7752.55615234375,
    7671.005859375,
    7644.72412109375,
    7664.7216796875,
    7597.2177734375,
    7528.51318359375,
    7571.390625,
    7453.80859375,
    7473.39208984375,
    7425.52099609375,
    7517.53125
  ],
  "l0": [
    600.0,
    593.7880859375,
    592.0546875,
    593.146484375,
    593.611328125,
    590.4609375,
    592.0439453125,
    593.56640625,
    590.87109375,
    593.9658203125,
    592.533203125,
    591.880859375,
    590.8583984375,
    589.5751953125,
    587.4970703125,
    590.8310546875,
    591.9736328125,
    589.90625,
    590.267578125,
    587.708984375,
    590.740234375,
    590.5361328125,
    590.5361328125,
    591.2265625,
    587.533203125,
    591.0908203125,
    590.8935546875
  ],
  "steps_logged": [
    0,
    200,
    400,
    600,
    800,
    1000,
    1200,
    1400,
    1600,
    1800,
    2000,
    2200,
    2400,
    2600,
    2800,
    3000,
    3200,
    3400,
    3600,
    3800,
    4000,
    4200,
    4400,
    4600,
    4800,
    5000,
    5200
  ],
  "final_step": 5200,
  "converged": true,
  "plateau_last": 0.017439140235481564,
  "elapsed_s": 1074.8408689498901
}