{
  "run_id": "txcdr_t3__seed42",
  "arch": "txcdr_t3",
  "seed": 42,
  "k_pos": 100,
  "k_win": 300,
  "T": 3,
  "match_budget": true,
  "layer": 13,
  "loss": [
    92289.140625,
    11481.240234375,
    9747.9013671875,
    8996.64453125,
    8450.19921875,
    8222.142578125,
    8042.3232421875,
    7698.5986328125,
    7602.6591796875,
    7415.69140625,
    7410.34765625,
    7264.04248046875,
    7210.33935546875,
    7037.4931640625,
    7062.51513671875,
    6999.77880859375,
    6877.640625,
    6944.318359375,
    6859.234375,
    6828.01708984375,
    6713.52734375,
    6742.47021484375,
    6611.74951171875,
    6621.3935546875,
    6531.095703125,
    6572.6328125,
    6588.849609375,
    6476.3701171875,
    6479.5498046875,
    6345.8740234375,
    6446.37060546875,
    6412.40185546875,
    6408.181640625,
    6366.64404296875,
    6411.5859375
  ],
  "l0": [
    300.0,
    297.787109375,
    298.482421875,
    298.8125,
    297.515625,
    297.0732421875,
    298.5556640625,
    298.20703125,
    298.0078125,
    297.486328125,
    297.529296875,
    297.3046875,
    297.21484375,
    297.00390625,
    296.7890625,
    297.333984375,
    295.9677734375,
    297.3056640625,
    296.6142578125,
    296.6748046875,
    297.173828125,
    297.0673828125,
    295.9755859375,
    296.15625,
    295.5908203125,
    296.27734375,
    296.046875,
    293.5537109375,
    293.3486328125,
    295.759765625,
    296.62109375,
    294.8583984375,
    295.6748046875,
    295.4072265625,
    296.1240234375
  ],
  "steps_logged": [
    0,
    200,
    400,
    600,
    800,
    1000,
    1200,
    1400,
    1600,
    1800,
    2000,
    2200,
    2400,
    2600,
    2800,
    3000,
    3200,
    3400,
    3600,
    3800,
    4000,
    4200,
    4400,
    4600,
    4800,
    5000,
    5200,
    5400,
    5600,
    5800,
    6000,
    6200,
    6400,
    6600,
    6800
  ],
  "final_step": 6800,
  "converged": true,
  "plateau_last": 0.012878930654665497,
  "elapsed_s": 697.528073310852
}