{
  "run_id": "txcdr_rank_k_dec_t5__seed1",
  "arch": "txcdr_rank_k_dec_t5",
  "seed": 1,
  "k_pos": 100,
  "k_win": 500,
  "T": 5,
  "variant": "rank_k_feature",
  "K_rank": 4,
  "layer": 13,
  "loss": [
    439579.09375,
    12201.7529296875,
    10318.9912109375,
    9582.9677734375,
    9141.9755859375,
    9041.5859375,
    8759.93359375,
    8520.3046875,
    8678.43359375,
    8326.65234375,
    8282.6767578125,
    8244.6689453125,
    8268.2548828125,
    8095.32958984375,
    8036.58740234375,
    7927.234375,
    7958.13623046875,
    7832.58203125,
    7839.14990234375,
    7802.3046875,
    7808.96728515625,
    7809.45849609375,
    7655.49169921875,
    7855.04052734375
  ],
  "l0": [
    500.0,
    497.234375,
    497.1259765625,
    496.884765625,
    495.84375,
    496.8359375,
    495.2138671875,
    495.6171875,
    496.7802734375,
    493.6083984375,
    494.759765625,
    495.404296875,
    496.783203125,
    492.220703125,
    493.310546875,
    492.236328125,
    492.21484375,
    494.1064453125,
    494.19921875,
    492.8388671875,
    492.8984375,
    491.9580078125,
    493.6630859375,
    494.3037109375
  ],
  "steps_logged": [
    0,
    200,
    400,
    600,
    800,
    1000,
    1200,
    1400,
    1600,
    1800,
    2000,
    2200,
    2400,
    2600,
    2800,
    3000,
    3200,
    3400,
    3600,
    3800,
    4000,
    4200,
    4400,
    4600
  ],
  "final_step": 4600,
  "converged": true,
  "plateau_last": 0.016730626700215686,
  "elapsed_s": 1739.2292323112488
}