{
  "run_id": "txcdr_t7__seed42",
  "arch": "txcdr_t7",
  "seed": 42,
  "k_pos": 100,
  "k_win": 700,
  "T": 7,
  "match_budget": true,
  "layer": 13,
  "loss": [
    121183.2578125,
    12400.5791015625,
    10535.3515625,
    9833.708984375,
    9419.919921875,
    9117.0966796875,
    8954.3818359375,
    8757.8076171875,
    8639.0458984375,
    8603.419921875,
    8343.6513671875,
    8412.994140625,
    8262.767578125,
    8227.419921875,
    8207.8544921875,
    8202.58984375,
    8073.81005859375,
    8099.7021484375,
    7963.76953125,
    8054.60595703125,
    7911.822265625,
    7974.87890625,
    7864.5537109375,
    7860.8173828125,
    7832.68017578125,
    7750.06396484375,
    7945.23681640625
  ],
  "l0": [
    700.0,
    690.4970703125,
    692.51953125,
    690.021484375,
    692.8916015625,
    692.0341796875,
    692.490234375,
    692.55078125,
    690.701171875,
    690.3642578125,
    689.34765625,
    691.6240234375,
    693.1220703125,
    691.0771484375,
    692.09765625,
    691.953125,
    685.47265625,
    689.46484375,
    685.125,
    691.9150390625,
    683.9619140625,
    691.23046875,
    686.958984375,
    688.9326171875,
    686.876953125,
    684.6484375,
    693.1806640625
  ],
  "steps_logged": [
    0,
    200,
    400,
    600,
    800,
    1000,
    1200,
    1400,
    1600,
    1800,
    2000,
    2200,
    2400,
    2600,
    2800,
    3000,
    3200,
    3400,
    3600,
    3800,
    4000,
    4200,
    4400,
    4600,
    4800,
    5000,
    5200
  ],
  "final_step": 5200,
  "converged": true,
  "plateau_last": 0.01878342488550595,
  "elapsed_s": 1248.6687455177307
}