{
  "run_id": "txcdr_t2__seed42",
  "arch": "txcdr_t2",
  "seed": 42,
  "k_pos": 100,
  "k_win": 200,
  "T": 2,
  "match_budget": true,
  "layer": 13,
  "loss": [
    64098.6015625,
    11365.193359375,
    9387.458984375,
    8705.224609375,
    8205.400390625,
    7890.2548828125,
    7585.77734375,
    7342.951171875,
    7140.2275390625,
    7118.5927734375,
    6880.037109375,
    6887.2744140625,
    6748.146484375,
    6642.9326171875,
    6644.72021484375,
    6527.029296875,
    6405.978515625,
    6480.244140625,
    6303.2763671875,
    6348.4248046875,
    6313.0673828125,
    6197.609375,
    6007.6904296875,
    6133.49609375,
    6036.1357421875,
    6098.2587890625,
    5971.306640625,
    5977.0908203125,
    6017.7236328125,
    5980.55908203125,
    5919.67236328125
  ],
  "l0": [
    200.0,
    199.7333984375,
    199.91015625,
    199.8203125,
    199.912109375,
    199.384765625,
    198.92578125,
    199.0703125,
    198.84375,
    198.6689453125,
    198.5498046875,
    198.88671875,
    199.05078125,
    198.9013671875,
    199.16015625,
    199.0908203125,
    197.99609375,
    198.564453125,
    198.501953125,
    198.2939453125,
    198.9130859375,
    199.26953125,
    198.6328125,
    198.4208984375,
    198.125,
    198.62109375,
    198.216796875,
    197.6513671875,
    197.9248046875,
    198.1767578125,
    197.203125
  ],
  "steps_logged": [
    0,
    200,
    400,
    600,
    800,
    1000,
    1200,
    1400,
    1600,
    1800,
    2000,
    2200,
    2400,
    2600,
    2800,
    3000,
    3200,
    3400,
    3600,
    3800,
    4000,
    4200,
    4400,
    4600,
    4800,
    5000,
    5200,
    5400,
    5600,
    5800,
    6000
  ],
  "final_step": 6000,
  "converged": true,
  "plateau_last": 0.0199138285840202,
  "elapsed_s": 412.73678255081177
}