{
  "run_id": "txcdr_tied_t5__seed42",
  "arch": "txcdr_tied_t5",
  "seed": 42,
  "k_pos": 100,
  "k_win": 500,
  "T": 5,
  "variant": "tied",
  "layer": 13,
  "loss": [
    45950.46484375,
    10715.640625,
    9101.40234375,
    8270.9736328125,
    7757.27685546875,
    7392.97265625,
    7257.671875,
    7084.39990234375,
    6860.30078125,
    6793.03466796875,
    6711.47216796875,
    6558.05322265625,
    6483.087890625,
    6462.462890625,
    6388.49462890625,
    6416.1201171875,
    6240.40478515625,
    6345.31982421875,
    6181.38671875,
    6238.58203125,
    6149.89697265625,
    6127.61669921875,
    5992.43701171875,
    5965.78271484375,
    6037.19384765625,
    6088.06103515625,
    5989.83154296875,
    6025.2373046875
  ],
  "l0": [
    500.0,
    500.0,
    500.0,
    500.0,
    500.0,
    500.0,
    500.0,
    499.5732421875,
    500.0,
    499.0,
    498.984375,
    497.5478515625,
    497.6083984375,
    498.3369140625,
    497.6845703125,
    498.611328125,
    497.162109375,
    497.8466796875,
    498.37890625,
    498.0859375,
    497.0966796875,
    498.1064453125,
    496.3173828125,
    496.255859375,
    496.3671875,
    497.54296875,
    496.36328125,
    496.029296875
  ],
  "steps_logged": [
    0,
    200,
    400,
    600,
    800,
    1000,
    1200,
    1400,
    1600,
    1800,
    2000,
    2200,
    2400,
    2600,
    2800,
    3000,
    3200,
    3400,
    3600,
    3800,
    4000,
    4200,
    4400,
    4600,
    4800,
    5000,
    5200,
    5400
  ],
  "final_step": 5400,
  "converged": true,
  "plateau_last": 0.019022956040809915,
  "elapsed_s": 843.7219977378845
}