{
  "run_id": "txcdr_t7_batchtopk__seed42",
  "arch": "txcdr_t7_batchtopk",
  "seed": 42,
  "k_pos": 100,
  "k_win": 700,
  "T": 7,
  "match_budget": true,
  "layer": 13,
  "sparsity": "batchtopk",
  "variant": "txcdr_t7_batchtopk",
  "loss": [
    148637.125,
    12410.408203125,
    10531.1943359375,
    9869.1357421875,
    9496.4736328125,
    9220.3310546875,
    9074.9873046875,
    8900.9853515625,
    8762.90234375,
    8716.71875,
    8481.41796875,
    8583.591796875,
    8431.5185546875,
    8399.1943359375,
    8422.24609375,
    8427.478515625,
    8247.287109375,
    8284.0302734375,
    8146.90771484375,
    8238.9990234375,
    8074.5908203125,
    8167.7158203125,
    8028.54052734375,
    8047.7861328125,
    8033.90771484375,
    7954.4130859375
  ],
  "l0": [
    700.0,
    700.0,
    700.0,
    700.0,
    700.0,
    700.0,
    700.0,
    700.0,
    700.0,
    700.0,
    700.0009765625,
    700.0,
    700.0,
    700.0,
    700.0,
    700.0,
    700.0,
    700.0,
    700.0,
    700.0,
    700.0,
    700.0,
    700.0,
    700.0,
    700.0,
    700.0
  ],
  "steps_logged": [
    0,
    200,
    400,
    600,
    800,
    1000,
    1200,
    1400,
    1600,
    1800,
    2000,
    2200,
    2400,
    2600,
    2800,
    3000,
    3200,
    3400,
    3600,
    3800,
    4000,
    4200,
    4400,
    4600,
    4800,
    5000
  ],
  "final_step": 5000,
  "converged": true,
  "plateau_last": 0.01852690985363316,
  "elapsed_s": 1208.354677438736
}