{
  "run_id": "txcdr_t20_batchtopk__seed42",
  "arch": "txcdr_t20_batchtopk",
  "seed": 42,
  "k_pos": 100,
  "k_win": 2000,
  "T": 20,
  "match_budget": true,
  "layer": 13,
  "sparsity": "batchtopk",
  "variant": "txcdr_t20_batchtopk",
  "loss": [
    375124.90625,
    15493.3662109375,
    13974.5283203125,
    13244.5439453125,
    13033.712890625,
    12755.244140625,
    12545.1005859375,
    12515.845703125,
    12306.7646484375,
    12251.2236328125,
    12052.697265625,
    11974.2607421875,
    11915.9267578125,
    11877.0224609375,
    11885.529296875,
    11983.5693359375,
    11781.0322265625,
    11803.8681640625
  ],
  "l0": [
    2000.0,
    347.4462890625,
    475.2421875,
    536.8017578125,
    582.330078125,
    613.1328125,
    646.5703125,
    675.7490234375,
    695.1044921875,
    721.78125,
    741.0556640625,
    765.0615234375,
    786.294921875,
    803.6728515625,
    825.9638671875,
    847.3671875,
    856.8720703125,
    876.9111328125
  ],
  "steps_logged": [
    0,
    200,
    400,
    600,
    800,
    1000,
    1200,
    1400,
    1600,
    1800,
    2000,
    2200,
    2400,
    2600,
    2800,
    3000,
    3200,
    3400
  ],
  "final_step": 3400,
  "converged": true,
  "plateau_last": 0.01933611043254908,
  "elapsed_s": 2404.10462474823
}