{
  "run_id": "txcdr_t9__seed42",
  "arch": "txcdr_t9",
  "seed": 42,
  "k_pos": 100,
  "k_win": 900,
  "T": 9,
  "match_budget": true,
  "layer": 13,
  "loss": [
    122258.734375,
    13003.9345703125,
    10912.94140625,
    10092.693359375,
    9866.1669921875,
    9621.419921875,
    9292.7705078125,
    9229.8720703125,
    9072.400390625,
    8971.33984375,
    8857.3818359375,
    8823.0283203125,
    8776.7626953125,
    8663.1064453125,
    8539.4111328125,
    8751.8662109375,
    8641.490234375,
    8588.41015625,
    8430.703125,
    8626.1240234375
  ],
  "l0": [
    900.0,
    786.07421875,
    885.125,
    886.55859375,
    888.607421875,
    888.865234375,
    890.7412109375,
    885.77734375,
    888.5361328125,
    885.70703125,
    889.1025390625,
    886.0888671875,
    890.0654296875,
    883.82421875,
    885.7099609375,
    887.8095703125,
    887.087890625,
    885.7236328125,
    879.44921875,
    893.6845703125
  ],
  "steps_logged": [
    0,
    200,
    400,
    600,
    800,
    1000,
    1200,
    1400,
    1600,
    1800,
    2000,
    2200,
    2400,
    2600,
    2800,
    3000,
    3200,
    3400,
    3600,
    3800
  ],
  "final_step": 3800,
  "converged": true,
  "plateau_last": 0.014225860824362785,
  "elapsed_s": 1479.2763833999634
}