{
  "run_id": "txcdr_t20__seed42",
  "arch": "txcdr_t20",
  "seed": 42,
  "k_pos": 100,
  "k_win": 2000,
  "T": 20,
  "match_budget": true,
  "layer": 13,
  "loss": [
    355839.71875,
    15693.4482421875,
    14251.9716796875,
    13562.03125,
    13394.34375,
    13116.4033203125,
    12906.154296875,
    12884.6435546875,
    12631.7099609375,
    12585.4560546875,
    12389.3828125,
    12299.263671875,
    12208.4130859375,
    12216.095703125,
    12205.2919921875,
    12283.1689453125,
    12078.421875,
    12092.6142578125
  ],
  "l0": [
    2000.0,
    304.1591796875,
    387.876953125,
    432.453125,
    471.73046875,
    502.1484375,
    532.8740234375,
    560.5,
    581.3740234375,
    608.51171875,
    628.71875,
    653.173828125,
    674.66015625,
    694.12890625,
    715.111328125,
    736.5869140625,
    747.537109375,
    765.9658203125
  ],
  "steps_logged": [
    0,
    200,
    400,
    600,
    800,
    1000,
    1200,
    1400,
    1600,
    1800,
    2000,
    2200,
    2400,
    2600,
    2800,
    3000,
    3200,
    3400
  ],
  "final_step": 3400,
  "converged": true,
  "plateau_last": 0.01994120993726795,
  "elapsed_s": 2409.0770218372345
}