{
  "run_id": "txcdr_t8_batchtopk__seed42",
  "arch": "txcdr_t8_batchtopk",
  "seed": 42,
  "k_pos": 100,
  "k_win": 800,
  "T": 8,
  "match_budget": true,
  "layer": 13,
  "sparsity": "batchtopk",
  "variant": "txcdr_t8_batchtopk",
  "loss": [
    159982.15625,
    12701.779296875,
    10772.3828125,
    9899.20703125,
    9634.228515625,
    9466.7421875,
    9190.3515625,
    9136.01953125,
    8967.0625,
    8858.486328125,
    8778.150390625,
    8678.96484375,
    8641.056640625,
    8607.962890625,
    8617.75390625,
    8580.6083984375,
    8442.40234375,
    8496.8125,
    8456.8310546875,
    8433.240234375,
    8361.32421875,
    8347.734375
  ],
  "l0": [
    800.0,
    800.0,
    800.0,
    800.0,
    800.0009765625,
    800.0,
    800.0,
    800.0,
    800.0,
    800.0,
    800.0,
    800.0,
    800.0,
    800.0,
    800.0,
    800.0,
    800.0,
    800.0,
    800.0,
    800.0,
    800.0,
    800.0
  ],
  "steps_logged": [
    0,
    200,
    400,
    600,
    800,
    1000,
    1200,
    1400,
    1600,
    1800,
    2000,
    2200,
    2400,
    2600,
    2800,
    3000,
    3200,
    3400,
    3600,
    3800,
    4000,
    4200
  ],
  "final_step": 4200,
  "converged": true,
  "plateau_last": 0.018508878327510102,
  "elapsed_s": 1166.8860437870026
}