{
  "run_id": "txcdr_t5__seed2",
  "arch": "txcdr_t5",
  "seed": 2,
  "k_pos": 100,
  "k_win": 500,
  "T": 5,
  "match_budget": true,
  "layer": 13,
  "loss": [
    83901.703125,
    12389.0546875,
    10069.7841796875,
    9437.2333984375,
    9062.38671875,
    8500.1689453125,
    8362.7099609375,
    8243.1748046875,
    8073.0830078125,
    8068.8359375,
    7926.41943359375,
    7864.46240234375,
    7642.546875,
    7714.89453125,
    7619.49560546875,
    7627.7734375,
    7577.64208984375,
    7542.0078125,
    7465.1015625,
    7272.9580078125,
    7382.8056640625,
    7243.24072265625,
    7349.3916015625,
    7276.2626953125,
    7313.16259765625,
    7226.671875,
    7329.07177734375
  ],
  "l0": [
    500.0,
    495.462890625,
    494.7294921875,
    494.177734375,
    495.716796875,
    491.533203125,
    494.384765625,
    492.0419921875,
    494.005859375,
    494.9677734375,
    494.0478515625,
    493.75,
    489.6826171875,
    492.6220703125,
    493.5556640625,
    491.73828125,
    494.9521484375,
    493.728515625,
    491.9736328125,
    490.302734375,
    492.40625,
    489.85546875,
    491.8916015625,
    492.4169921875,
    491.4208984375,
    491.72265625,
    491.708984375
  ],
  "steps_logged": [
    0,
    200,
    400,
    600,
    800,
    1000,
    1200,
    1400,
    1600,
    1800,
    2000,
    2200,
    2400,
    2600,
    2800,
    3000,
    3200,
    3400,
    3600,
    3800,
    4000,
    4200,
    4400,
    4600,
    4800,
    5000,
    5200
  ],
  "final_step": 5200,
  "converged": true,
  "plateau_last": 0.011151356255667755,
  "elapsed_s": 890.3894968032837
}