{
  "run_id": "txcdr_t3_batchtopk__seed42",
  "arch": "txcdr_t3_batchtopk",
  "seed": 42,
  "k_pos": 100,
  "k_win": 300,
  "T": 3,
  "match_budget": true,
  "layer": 13,
  "sparsity": "batchtopk",
  "variant": "txcdr_t3_batchtopk",
  "loss": [
    127853.2109375,
    11784.2724609375,
    9968.95703125,
    9207.2021484375,
    8664.7236328125,
    8441.720703125,
    8310.0302734375,
    7982.744140625,
    7894.31640625,
    7699.3134765625,
    7754.0654296875,
    7599.14599609375,
    7547.677734375,
    7341.91748046875,
    7396.90771484375,
    7309.28662109375,
    7180.8056640625,
    7291.669921875,
    7192.595703125,
    7157.7548828125,
    7068.0302734375,
    7055.0771484375,
    6901.77490234375,
    6941.4130859375,
    6847.21630859375,
    6896.58349609375,
    6879.76171875,
    6755.29248046875,
    6784.10888671875,
    6639.41162109375,
    6766.0693359375,
    6698.421875,
    6695.11328125,
    6659.0859375,
    6689.490234375
  ],
  "l0": [
    300.0,
    300.0,
    300.0,
    300.0,
    300.0,
    300.0,
    300.0,
    300.0,
    300.0,
    300.0,
    300.0,
    300.0,
    300.0,
    300.0,
    300.0,
    300.0,
    300.0,
    300.0,
    300.0,
    300.0,
    300.0,
    300.0,
    300.0,
    300.0,
    300.0,
    300.0,
    300.0,
    300.0,
    300.0,
    300.0,
    300.0,
    300.0,
    300.0,
    300.0,
    300.0
  ],
  "steps_logged": [
    0,
    200,
    400,
    600,
    800,
    1000,
    1200,
    1400,
    1600,
    1800,
    2000,
    2200,
    2400,
    2600,
    2800,
    3000,
    3200,
    3400,
    3600,
    3800,
    4000,
    4200,
    4400,
    4600,
    4800,
    5000,
    5200,
    5400,
    5600,
    5800,
    6000,
    6200,
    6400,
    6600,
    6800
  ],
  "final_step": 6800,
  "converged": true,
  "plateau_last": 0.01316375957928428,
  "elapsed_s": 711.5484504699707
}