{
  "run_id": "txcdr_rank_k_dec_t5__seed42",
  "arch": "txcdr_rank_k_dec_t5",
  "seed": 42,
  "k_pos": 100,
  "k_win": 500,
  "T": 5,
  "variant": "rank_k_feature",
  "K_rank": 4,
  "layer": 13,
  "loss": [
    381559.59375,
    12064.9130859375,
    10419.171875,
    9747.6640625,
    9196.6494140625,
    8842.0078125,
    8773.6435546875,
    8631.5888671875,
    8423.6953125,
    8354.3505859375,
    8304.8359375,
    8162.9375,
    8104.6455078125,
    8107.79833984375,
    7999.98974609375,
    8077.0908203125,
    7849.296875,
    8023.48779296875,
    7797.23779296875,
    7903.62353515625,
    7765.7470703125,
    7754.6875,
    7606.62060546875,
    7584.5517578125,
    7652.21240234375,
    7714.76416015625,
    7585.3046875,
    7654.359375
  ],
  "l0": [
    500.0,
    496.572265625,
    497.84765625,
    497.8876953125,
    497.1435546875,
    495.251953125,
    496.7978515625,
    495.119140625,
    494.66796875,
    492.7724609375,
    495.55859375,
    494.044921875,
    493.931640625,
    494.935546875,
    492.1240234375,
    495.9208984375,
    492.130859375,
    494.6474609375,
    493.8876953125,
    494.6875,
    493.0244140625,
    494.3408203125,
    492.23046875,
    492.2861328125,
    491.1640625,
    494.8037109375,
    490.9013671875,
    490.7294921875
  ],
  "steps_logged": [
    0,
    200,
    400,
    600,
    800,
    1000,
    1200,
    1400,
    1600,
    1800,
    2000,
    2200,
    2400,
    2600,
    2800,
    3000,
    3200,
    3400,
    3600,
    3800,
    4000,
    4200,
    4400,
    4600,
    4800,
    5000,
    5200,
    5400
  ],
  "final_step": 5400,
  "converged": true,
  "plateau_last": 0.016398616727984646,
  "elapsed_s": 2064.424704551697
}