{
  "run_id": "txcdr_causal_t5__seed42",
  "arch": "txcdr_causal_t5",
  "seed": 42,
  "k_pos": 100,
  "k_win": 500,
  "T": 5,
  "variant": "causal",
  "layer": 13,
  "loss": [
    84292.7890625,
    8274.5224609375,
    5823.37060546875,
    5173.8466796875,
    4797.3408203125,
    4529.1201171875,
    4448.29248046875,
    4332.380859375,
    4206.98193359375,
    4198.4296875,
    4094.063232421875,
    4001.20947265625,
    3952.078125,
    3925.759033203125,
    3847.185546875,
    3868.858642578125,
    3738.114990234375,
    3797.819580078125,
    3661.409423828125,
    3718.150146484375,
    3651.975341796875,
    3640.989501953125,
    3544.12939453125,
    3542.477294921875,
    3563.364990234375,
    3579.928955078125,
    3526.656005859375,
    3481.93212890625,
    3479.724365234375,
    3448.210205078125,
    3459.39697265625,
    3416.274169921875,
    3414.43017578125,
    3427.059814453125,
    3346.572265625,
    3356.611083984375,
    3403.093017578125
  ],
  "l0": [
    2500.0,
    2457.9453125,
    2472.275390625,
    2474.1201171875,
    2470.8759765625,
    2464.7216796875,
    2479.40625,
    2466.1826171875,
    2471.232421875,
    2460.16015625,
    2471.7099609375,
    2463.73828125,
    2466.5791015625,
    2469.9365234375,
    2458.8017578125,
    2477.2158203125,
    2459.6953125,
    2471.7216796875,
    2471.19140625,
    2472.3994140625,
    2463.7412109375,
    2471.3076171875,
    2461.841796875,
    2464.4951171875,
    2460.0693359375,
    2474.6259765625,
    2455.32421875,
    2457.9150390625,
    2468.39453125,
    2464.8525390625,
    2457.4970703125,
    2469.74609375,
    2468.892578125,
    2461.6640625,
    2452.642578125,
    2455.2119140625,
    2463.828125
  ],
  "steps_logged": [
    0,
    200,
    400,
    600,
    800,
    1000,
    1200,
    1400,
    1600,
    1800,
    2000,
    2200,
    2400,
    2600,
    2800,
    3000,
    3200,
    3400,
    3600,
    3800,
    4000,
    4200,
    4400,
    4600,
    4800,
    5000,
    5200,
    5400,
    5600,
    5800,
    6000,
    6200,
    6400,
    6600,
    6800,
    7000,
    7200
  ],
  "final_step": 7200,
  "converged": true,
  "plateau_last": 0.01954069855774232,
  "elapsed_s": 2345.3256640434265
}