{
  "run_id": "txcdr_tied_t5__seed2",
  "arch": "txcdr_tied_t5",
  "seed": 2,
  "k_pos": 100,
  "k_win": 500,
  "T": 5,
  "variant": "tied",
  "layer": 13,
  "loss": [
    39681.19921875,
    11116.3642578125,
    8953.9970703125,
    8265.1474609375,
    7860.44873046875,
    7328.64990234375,
    7190.40478515625,
    7025.9853515625,
    6867.52490234375,
    6847.34765625,
    6689.6015625,
    6648.76904296875,
    6430.36083984375,
    6469.15380859375,
    6382.8701171875,
    6374.17333984375,
    6329.60107421875,
    6297.27099609375,
    6214.56787109375,
    6085.86865234375,
    6152.58740234375,
    6036.0703125,
    6131.4814453125,
    6064.91748046875,
    6116.8662109375,
    6011.515625,
    6113.64208984375
  ],
  "l0": [
    500.0,
    500.0,
    500.0,
    500.0,
    500.0,
    500.0,
    500.0,
    499.546875,
    499.61328125,
    499.1533203125,
    499.091796875,
    498.3203125,
    497.734375,
    497.853515625,
    498.357421875,
    497.42578125,
    498.228515625,
    497.5693359375,
    496.38671875,
    495.546875,
    497.267578125,
    495.8583984375,
    496.7421875,
    496.458984375,
    496.56640625,
    496.5361328125,
    496.6962890625
  ],
  "steps_logged": [
    0,
    200,
    400,
    600,
    800,
    1000,
    1200,
    1400,
    1600,
    1800,
    2000,
    2200,
    2400,
    2600,
    2800,
    3000,
    3200,
    3400,
    3600,
    3800,
    4000,
    4200,
    4400,
    4600,
    4800,
    5000,
    5200
  ],
  "final_step": 5200,
  "converged": true,
  "plateau_last": 0.011301833787900289,
  "elapsed_s": 810.8670098781586
}