{
  "run_id": "txcdr_rotational_t5__seed42",
  "arch": "txcdr_rotational_t5",
  "seed": 42,
  "k_pos": 100,
  "k_win": 500,
  "T": 5,
  "match_budget": true,
  "layer": 13,
  "K_rank": 8,
  "variant": "rotational",
  "loss": [
    98664.109375,
    29672.14453125,
    29222.884765625,
    20295.01171875,
    21287.39453125,
    23346.373046875,
    18922.83203125,
    17231.716796875,
    16457.701171875,
    18668.0546875,
    17823.458984375,
    18940.564453125,
    21102.947265625,
    17311.927734375,
    18616.224609375,
    18763.185546875
  ],
  "l0": [
    500.0,
    120.9931640625,
    169.48046875,
    226.958984375,
    280.25,
    316.453125,
    345.966796875,
    369.15625,
    388.9697265625,
    408.298828125,
    428.341796875,
    442.3837890625,
    457.65234375,
    474.9462890625,
    482.5166015625,
    493.419921875
  ],
  "steps_logged": [
    0,
    200,
    400,
    600,
    800,
    1000,
    1200,
    1400,
    1600,
    1800,
    2000,
    2200,
    2400,
    2600,
    2800,
    3000
  ],
  "final_step": 3000,
  "converged": true,
  "plateau_last": -0.06319694820340577,
  "elapsed_s": 349.4599585533142
}