{
  "run_id": "txcdr_lowrank_dec_t5__seed42",
  "arch": "txcdr_lowrank_dec_t5",
  "seed": 42,
  "k_pos": 100,
  "k_win": 500,
  "T": 5,
  "variant": "lowrank_dec",
  "rank": 8,
  "layer": 13,
  "loss": [
    97081.0859375,
    19507.62109375,
    16881.857421875,
    15700.078125,
    14974.900390625,
    14326.5849609375,
    13956.6015625,
    13626.5615234375,
    13331.9345703125,
    13144.9755859375,
    13202.5458984375,
    13028.7490234375,
    13022.8896484375,
    13013.9990234375,
    12773.439453125,
    12886.1142578125,
    12520.4580078125,
    12687.9296875,
    12423.736328125,
    12542.705078125,
    12327.8291015625,
    12356.7724609375,
    12183.7783203125,
    12099.6923828125,
    12210.2490234375,
    12320.19140625,
    12127.3359375,
    12117.8544921875
  ],
  "l0": [
    500.0,
    117.5048828125,
    174.642578125,
    223.1826171875,
    255.6396484375,
    280.146484375,
    299.826171875,
    321.6630859375,
    336.958984375,
    348.484375,
    358.1220703125,
    365.359375,
    374.1962890625,
    382.23046875,
    387.869140625,
    398.623046875,
    403.44921875,
    413.2607421875,
    418.7373046875,
    422.439453125,
    427.3515625,
    430.1845703125,
    432.4560546875,
    435.2080078125,
    435.7822265625,
    440.1630859375,
    439.2900390625,
    443.60546875
  ],
  "steps_logged": [
    0,
    200,
    400,
    600,
    800,
    1000,
    1200,
    1400,
    1600,
    1800,
    2000,
    2200,
    2400,
    2600,
    2800,
    3000,
    3200,
    3400,
    3600,
    3800,
    4000,
    4200,
    4400,
    4600,
    4800,
    5000,
    5200,
    5400
  ],
  "final_step": 5400,
  "converged": true,
  "plateau_last": 0.015517115225248073,
  "elapsed_s": 865.1505675315857
}