{
  "run_id": "txcdr_shared_dec_t5__seed42",
  "arch": "txcdr_shared_dec_t5",
  "seed": 42,
  "k_pos": 100,
  "k_win": 500,
  "T": 5,
  "variant": "shared_dec",
  "layer": 13,
  "loss": [
    97379.4921875,
    30589.01953125,
    33495.015625,
    24475.86328125,
    31237.78125,
    33303.80078125,
    24601.865234375,
    22562.1875,
    21307.701171875,
    27813.447265625,
    24145.806640625,
    26476.384765625,
    28709.90625,
    21723.060546875,
    23927.533203125,
    27513.091796875
  ],
  "l0": [
    500.0,
    121.0693359375,
    183.0927734375,
    238.322265625,
    275.68359375,
    303.349609375,
    324.4990234375,
    343.0537109375,
    362.4189453125,
    383.62109375,
    404.35546875,
    424.5927734375,
    443.8955078125,
    455.8642578125,
    466.62109375,
    472.4287109375
  ],
  "steps_logged": [
    0,
    200,
    400,
    600,
    800,
    1000,
    1200,
    1400,
    1600,
    1800,
    2000,
    2200,
    2400,
    2600,
    2800,
    3000
  ],
  "final_step": 3000,
  "converged": true,
  "plateau_last": -0.06575523109736912,
  "elapsed_s": 288.1842863559723
}