{
  "run_id": "txcdr_t10__seed42",
  "arch": "txcdr_t10",
  "seed": 42,
  "k_pos": 100,
  "k_win": 1000,
  "T": 10,
  "match_budget": true,
  "layer": 13,
  "loss": [
    166237.21875,
    13484.9248046875,
    11181.5419921875,
    10378.2197265625,
    9948.5498046875,
    9688.125,
    9431.994140625,
    9364.68359375,
    9130.8251953125,
    9144.650390625,
    9035.4326171875,
    8931.1337890625,
    8872.84375,
    8943.0283203125,
    8791.962890625,
    8853.4619140625,
    8643.0771484375,
    8702.978515625,
    8682.1123046875,
    8656.6455078125,
    8662.5810546875,
    8646.283203125
  ],
  "l0": [
    1000.0,
    759.24609375,
    986.3251953125,
    990.3994140625,
    986.6787109375,
    981.943359375,
    982.5283203125,
    991.7626953125,
    980.361328125,
    982.888671875,
    982.4140625,
    983.8076171875,
    984.0654296875,
    988.8583984375,
    986.423828125,
    989.990234375,
    979.158203125,
    984.779296875,
    982.7958984375,
    984.068359375,
    983.3916015625,
    989.095703125
  ],
  "steps_logged": [
    0,
    200,
    400,
    600,
    800,
    1000,
    1200,
    1400,
    1600,
    1800,
    2000,
    2200,
    2400,
    2600,
    2800,
    3000,
    3200,
    3400,
    3600,
    3800,
    4000,
    4200
  ],
  "final_step": 4200,
  "converged": true,
  "plateau_last": 0.01709067307245855,
  "elapsed_s": 1472.2997193336487
}