{
  "run_id": "txcdr_t4__seed42",
  "arch": "txcdr_t4",
  "seed": 42,
  "k_pos": 100,
  "k_win": 400,
  "T": 4,
  "match_budget": true,
  "layer": 13,
  "loss": [
    81192.140625,
    11840.8603515625,
    10016.556640625,
    9072.203125,
    8636.69140625,
    8440.9619140625,
    8083.29541015625,
    8056.51806640625,
    7772.31005859375,
    7698.6025390625,
    7505.3408203125,
    7462.802734375,
    7419.6318359375,
    7382.91162109375,
    7273.8505859375,
    7277.66015625,
    7199.93701171875,
    7235.224609375,
    7177.89599609375,
    7119.021484375,
    7029.32275390625,
    7111.3671875,
    6948.90576171875,
    6880.66015625,
    6900.48046875,
    7020.2548828125,
    6935.927734375,
    6825.7802734375,
    6842.4736328125
  ],
  "l0": [
    400.0,
    396.15625,
    397.626953125,
    396.51953125,
    394.9140625,
    396.4765625,
    397.078125,
    396.90625,
    394.169921875,
    396.58984375,
    394.2578125,
    394.109375,
    394.419921875,
    393.6396484375,
    395.3212890625,
    393.1259765625,
    394.15234375,
    396.009765625,
    393.287109375,
    394.5771484375,
    393.3291015625,
    396.7412109375,
    391.609375,
    394.03515625,
    393.056640625,
    394.4833984375,
    394.8466796875,
    392.09765625,
    393.6279296875
  ],
  "steps_logged": [
    0,
    200,
    400,
    600,
    800,
    1000,
    1200,
    1400,
    1600,
    1800,
    2000,
    2200,
    2400,
    2600,
    2800,
    3000,
    3200,
    3400,
    3600,
    3800,
    4000,
    4200,
    4400,
    4600,
    4800,
    5000,
    5200,
    5400,
    5600
  ],
  "final_step": 5600,
  "converged": true,
  "plateau_last": 0.016083555840542902,
  "elapsed_s": 1487.6060674190521
}