{
  "run_id": "txcdr_t5_batchtopk__seed42",
  "arch": "txcdr_t5_batchtopk",
  "seed": 42,
  "k_pos": 100,
  "k_win": 500,
  "T": 5,
  "layer": 13,
  "sparsity": "batchtopk",
  "variant": "txcdr_t5_batchtopk",
  "loss": [
    128661.8515625,
    12050.0849609375,
    10196.5625,
    9511.609375,
    9021.91796875,
    8692.6015625,
    8621.1513671875,
    8512.8349609375,
    8292.109375,
    8253.2958984375,
    8208.1630859375,
    8079.16943359375,
    8007.23583984375,
    8008.51123046875,
    7919.59375,
    8019.80810546875,
    7776.94091796875,
    7961.8759765625,
    7738.61083984375,
    7850.4736328125,
    7687.58056640625,
    7683.81982421875,
    7541.3955078125,
    7509.08154296875,
    7582.32373046875,
    7667.4931640625,
    7513.1064453125,
    7577.29638671875
  ],
  "l0": [
    500.0,
    500.0,
    500.0,
    500.0,
    500.0,
    500.0,
    500.0,
    500.0,
    500.0,
    500.0,
    500.0,
    500.0,
    500.0,
    500.0,
    500.0,
    500.0,
    500.0,
    500.0,
    500.0,
    500.0,
    500.0,
    500.0,
    500.0,
    500.0,
    500.0,
    500.0,
    500.0,
    500.0
  ],
  "steps_logged": [
    0,
    200,
    400,
    600,
    800,
    1000,
    1200,
    1400,
    1600,
    1800,
    2000,
    2200,
    2400,
    2600,
    2800,
    3000,
    3200,
    3400,
    3600,
    3800,
    4000,
    4200,
    4400,
    4600,
    4800,
    5000,
    5200,
    5400
  ],
  "final_step": 5400,
  "converged": true,
  "plateau_last": 0.016949278717629503,
  "elapsed_s": 935.8441505432129
}