{
  "run_id": "txcdr_t10_batchtopk__seed42",
  "arch": "txcdr_t10_batchtopk",
  "seed": 42,
  "k_pos": 100,
  "k_win": 1000,
  "T": 10,
  "match_budget": true,
  "layer": 13,
  "sparsity": "batchtopk",
  "variant": "txcdr_t10_batchtopk",
  "loss": [
    194873.671875,
    13615.7060546875,
    11224.892578125,
    10457.22265625,
    10037.4453125,
    9789.171875,
    9531.001953125,
    9492.6748046875,
    9270.912109375,
    9301.005859375,
    9195.4951171875,
    9114.095703125,
    9036.0341796875,
    9139.8212890625,
    9008.9169921875,
    9078.3505859375,
    8826.5771484375,
    8934.9521484375,
    8889.501953125,
    8873.23046875
  ],
  "l0": [
    1000.0,
    702.572265625,
    1000.0,
    1000.0,
    1000.0,
    1000.0,
    1000.0,
    1000.0,
    1000.0,
    1000.0,
    1000.0,
    1000.0,
    1000.0,
    1000.0,
    1000.0,
    1000.0,
    1000.0,
    1000.0,
    1000.0,
    1000.0
  ],
  "steps_logged": [
    0,
    200,
    400,
    600,
    800,
    1000,
    1200,
    1400,
    1600,
    1800,
    2000,
    2200,
    2400,
    2600,
    2800,
    3000,
    3200,
    3400,
    3600,
    3800
  ],
  "final_step": 3800,
  "converged": true,
  "plateau_last": 0.01960135085416227,
  "elapsed_s": 1337.9044952392578
}