{
  "run_id": "txcdr_t8__seed42",
  "arch": "txcdr_t8",
  "seed": 42,
  "k_pos": 100,
  "k_win": 800,
  "T": 8,
  "match_budget": true,
  "layer": 13,
  "loss": [
    132058.546875,
    12604.119140625,
    10764.8466796875,
    9867.5263671875,
    9566.70703125,
    9392.734375,
    9093.017578125,
    9009.9462890625,
    8841.8955078125,
    8719.90234375,
    8631.10546875,
    8517.59765625,
    8474.3564453125,
    8447.94140625,
    8431.087890625,
    8392.2939453125,
    8253.986328125,
    8310.396484375,
    8298.34375,
    8254.724609375,
    8177.60693359375,
    8129.78125
  ],
  "l0": [
    800.0,
    789.185546875,
    793.14453125,
    789.158203125,
    788.99609375,
    791.091796875,
    790.625,
    792.146484375,
    788.26171875,
    788.9833984375,
    791.3486328125,
    789.921875,
    787.0859375,
    786.4765625,
    789.8095703125,
    788.4541015625,
    783.2470703125,
    787.8271484375,
    787.8134765625,
    783.9482421875,
    789.8271484375,
    787.791015625
  ],
  "steps_logged": [
    0,
    200,
    400,
    600,
    800,
    1000,
    1200,
    1400,
    1600,
    1800,
    2000,
    2200,
    2400,
    2600,
    2800,
    3000,
    3200,
    3400,
    3600,
    3800,
    4000,
    4200
  ],
  "final_step": 4200,
  "converged": true,
  "plateau_last": 0.019733799501474875,
  "elapsed_s": 1161.237500667572
}