{
  "run_id": "txcdr_t15_batchtopk__seed42",
  "arch": "txcdr_t15_batchtopk",
  "seed": 42,
  "k_pos": 100,
  "k_win": 1500,
  "T": 15,
  "match_budget": true,
  "layer": 13,
  "sparsity": "batchtopk",
  "variant": "txcdr_t15_batchtopk",
  "loss": [
    272402.09375,
    14697.5048828125,
    12803.833984375,
    12080.2548828125,
    11686.0947265625,
    11447.80078125,
    11112.8154296875,
    11109.4716796875,
    10812.8154296875,
    10764.2861328125,
    10555.4814453125,
    10552.4169921875,
    10421.7822265625,
    10396.37109375,
    10296.1669921875,
    10343.5673828125,
    10194.8857421875,
    10179.3388671875,
    10186.525390625,
    10099.97265625,
    10022.4921875,
    10032.033203125,
    9951.7841796875,
    9896.5029296875,
    9885.986328125,
    9913.9130859375
  ],
  "l0": [
    1500.0,
    462.9130859375,
    663.19921875,
    782.4873046875,
    863.92578125,
    928.4091796875,
    976.8427734375,
    1019.091796875,
    1052.3603515625,
    1083.3798828125,
    1109.7138671875,
    1134.3359375,
    1164.806640625,
    1186.98046875,
    1220.240234375,
    1243.8876953125,
    1263.5400390625,
    1291.62890625,
    1312.9951171875,
    1329.4423828125,
    1351.8388671875,
    1377.9306640625,
    1386.7685546875,
    1413.0576171875,
    1422.6171875,
    1448.16796875
  ],
  "steps_logged": [
    0,
    200,
    400,
    600,
    800,
    1000,
    1200,
    1400,
    1600,
    1800,
    2000,
    2200,
    2400,
    2600,
    2800,
    3000,
    3200,
    3400,
    3600,
    3800,
    4000,
    4200,
    4400,
    4600,
    4800,
    5000
  ],
  "final_step": 5000,
  "converged": true,
  "plateau_last": 0.01978949283859775,
  "elapsed_s": 2617.3429851531982
}