{
  "run_id": "txcdr_t2_batchtopk__seed42",
  "arch": "txcdr_t2_batchtopk",
  "seed": 42,
  "k_pos": 100,
  "k_win": 200,
  "T": 2,
  "match_budget": true,
  "layer": 13,
  "sparsity": "batchtopk",
  "variant": "txcdr_t2_batchtopk",
  "loss": [
    78679.3125,
    11838.431640625,
    9770.357421875,
    9022.56640625,
    8484.8076171875,
    8194.66015625,
    7844.388671875,
    7653.03564453125,
    7412.1396484375,
    7428.80859375,
    7190.0556640625,
    7173.833984375,
    7027.0166015625,
    6987.9638671875,
    6970.748046875,
    6844.57470703125,
    6701.63720703125,
    6784.857421875,
    6617.7998046875,
    6625.41162109375,
    6618.63623046875,
    6527.1298828125,
    6317.42138671875,
    6473.94775390625,
    6320.59423828125,
    6403.3916015625,
    6279.35693359375,
    6257.517578125,
    6312.0302734375,
    6280.94482421875,
    6205.2841796875,
    6214.3525390625
  ],
  "l0": [
    200.0,
    200.0,
    200.0,
    200.0,
    200.0,
    200.0,
    200.0,
    200.0,
    200.0,
    200.0,
    200.0,
    200.0,
    200.0,
    200.0,
    200.0,
    200.0,
    200.0,
    200.0,
    200.0,
    200.0,
    200.0,
    200.0,
    200.0,
    200.0,
    200.0,
    200.0,
    200.0,
    200.0,
    200.0,
    200.0,
    200.0,
    200.0
  ],
  "steps_logged": [
    0,
    200,
    400,
    600,
    800,
    1000,
    1200,
    1400,
    1600,
    1800,
    2000,
    2200,
    2400,
    2600,
    2800,
    3000,
    3200,
    3400,
    3600,
    3800,
    4000,
    4200,
    4400,
    4600,
    4800,
    5000,
    5200,
    5400,
    5600,
    5800,
    6000,
    6200
  ],
  "final_step": 6200,
  "converged": true,
  "plateau_last": 0.016499049305719046,
  "elapsed_s": 438.3972487449646
}