{
  "run_id": "txcdr_contrastive_t5_k2x__seed42",
  "arch": "txcdr_contrastive_t5_k2x",
  "seed": 42,
  "k_pos": 200,
  "k_win": 1000,
  "T": 5,
  "match_budget": true,
  "layer": 13,
  "alpha": 0.1,
  "h": 9216,
  "variant": "txcdr_contrastive_k2x",
  "loss": [
    164.3724365234375,
    18.186901092529297,
    15.093762397766113,
    13.944595336914062,
    13.552663803100586,
    13.118419647216797,
    12.76706600189209,
    12.669623374938965,
    12.401741981506348,
    12.35844898223877,
    12.155037879943848,
    12.123019218444824,
    11.950122833251953,
    11.869621276855469,
    11.726934432983398,
    11.735365867614746,
    11.667840003967285,
    11.573097229003906,
    11.526077270507812,
    11.554402351379395,
    11.50629997253418,
    11.3678617477417,
    11.406609535217285,
    11.243629455566406
  ],
  "l0": [
    1000.0,
    987.6015625,
    987.7890625,
    987.92578125,
    988.14453125,
    982.951171875,
    985.3515625,
    988.626953125,
    983.21484375,
    988.9345703125,
    986.662109375,
    985.193359375,
    983.962890625,
    980.8701171875,
    978.3544921875,
    983.056640625,
    985.5625,
    982.1923828125,
    982.2451171875,
    977.9384765625,
    983.263671875,
    983.49609375,
    983.19140625,
    983.92578125
  ],
  "steps_logged": [
    0,
    200,
    400,
    600,
    800,
    1000,
    1200,
    1400,
    1600,
    1800,
    2000,
    2200,
    2400,
    2600,
    2800,
    3000,
    3200,
    3400,
    3600,
    3800,
    4000,
    4200,
    4400,
    4600
  ],
  "final_step": 4600,
  "converged": true,
  "plateau_last": 0.01975829091428068,
  "elapsed_s": 1788.6955273151398
}