{
  "run_id": "txcdr_t15__seed42",
  "arch": "txcdr_t15",
  "seed": 42,
  "k_pos": 100,
  "k_win": 1500,
  "T": 15,
  "match_budget": true,
  "layer": 13,
  "loss": [
    249972.234375,
    14725.7109375,
    12788.8759765625,
    12066.3427734375,
    11688.07421875,
    11442.275390625,
    11118.794921875,
    11102.6796875,
    10816.62109375,
    10751.142578125,
    10559.58984375,
    10529.51953125,
    10399.2724609375,
    10353.056640625,
    10293.76953125,
    10331.3232421875,
    10169.1904296875,
    10150.115234375,
    10147.4365234375,
    10067.1005859375,
    9992.65234375,
    10004.771484375,
    9883.9970703125,
    9862.9169921875,
    9852.47265625,
    9898.619140625,
    9856.025390625,
    9688.2734375
  ],
  "l0": [
    1500.0,
    476.8779296875,
    662.7216796875,
    779.591796875,
    855.1103515625,
    917.1748046875,
    963.7890625,
    1007.3291015625,
    1042.1162109375,
    1075.6103515625,
    1103.9033203125,
    1131.8427734375,
    1167.169921875,
    1198.4892578125,
    1235.3974609375,
    1260.7236328125,
    1291.7001953125,
    1322.2080078125,
    1340.322265625,
    1366.7939453125,
    1387.076171875,
    1413.001953125,
    1423.95703125,
    1450.1220703125,
    1457.4697265625,
    1468.962890625,
    1477.44140625,
    1461.6630859375
  ],
  "steps_logged": [
    0,
    200,
    400,
    600,
    800,
    1000,
    1200,
    1400,
    1600,
    1800,
    2000,
    2200,
    2400,
    2600,
    2800,
    3000,
    3200,
    3400,
    3600,
    3800,
    4000,
    4200,
    4400,
    4600,
    4800,
    5000,
    5200,
    5400
  ],
  "final_step": 5400,
  "converged": true,
  "plateau_last": 0.0187170867254154,
  "elapsed_s": 2821.4097752571106
}