{
  "run_id": "txcdr_rank_k_dec_t5__seed2",
  "arch": "txcdr_rank_k_dec_t5",
  "seed": 2,
  "k_pos": 100,
  "k_win": 500,
  "T": 5,
  "variant": "rank_k_feature",
  "K_rank": 4,
  "layer": 13,
  "loss": [
    337482.71875,
    12278.5126953125,
    10359.537109375,
    9694.607421875,
    9349.974609375,
    8796.2763671875,
    8669.8974609375,
    8572.2724609375,
    8412.650390625,
    8413.2294921875,
    8287.4638671875,
    8230.2646484375,
    7999.97412109375,
    8067.5283203125,
    7992.65185546875,
    7994.66943359375,
    7935.60302734375,
    7912.0859375,
    7819.99560546875,
    7641.58056640625,
    7734.84912109375,
    7613.12060546875,
    7738.68212890625,
    7675.8203125,
    7683.62646484375,
    7596.24951171875
  ],
  "l0": [
    500.0,
    497.21484375,
    497.8466796875,
    496.970703125,
    497.8916015625,
    495.517578125,
    496.40625,
    495.015625,
    495.939453125,
    496.28125,
    495.5849609375,
    495.1953125,
    491.5126953125,
    493.8798828125,
    494.736328125,
    492.6416015625,
    495.4375,
    494.767578125,
    493.2275390625,
    491.50390625,
    493.25,
    490.4462890625,
    492.9775390625,
    493.3505859375,
    492.46484375,
    492.8681640625
  ],
  "steps_logged": [
    0,
    200,
    400,
    600,
    800,
    1000,
    1200,
    1400,
    1600,
    1800,
    2000,
    2200,
    2400,
    2600,
    2800,
    3000,
    3200,
    3400,
    3600,
    3800,
    4000,
    4200,
    4400,
    4600,
    4800,
    5000
  ],
  "final_step": 5000,
  "converged": true,
  "plateau_last": 0.018866229862740624,
  "elapsed_s": 1891.1220767498016
}