{
  "run_id": "txcdr_tied_t5__seed1",
  "arch": "txcdr_tied_t5",
  "seed": 1,
  "k_pos": 100,
  "k_win": 500,
  "T": 5,
  "variant": "tied",
  "layer": 13,
  "loss": [
    52149.08984375,
    10807.892578125,
    8977.642578125,
    8136.66162109375,
    7707.67333984375,
    7528.32275390625,
    7220.00927734375,
    6961.85400390625,
    7007.83740234375,
    6731.89990234375,
    6660.8212890625,
    6627.0546875,
    6596.10498046875,
    6464.02490234375,
    6392.49951171875,
    6282.0322265625,
    6310.75146484375,
    6203.63134765625,
    6198.93896484375,
    6136.6123046875,
    6140.56689453125,
    6160.03857421875,
    6028.484375,
    6198.53369140625,
    6004.49560546875
  ],
  "l0": [
    500.0,
    500.0,
    500.0,
    500.0,
    500.0,
    500.0,
    500.0,
    499.7890625,
    499.453125,
    498.1318359375,
    498.84375,
    498.3447265625,
    498.8359375,
    497.216796875,
    498.4375,
    496.455078125,
    496.4677734375,
    497.0517578125,
    497.0205078125,
    495.966796875,
    497.330078125,
    495.833984375,
    496.7958984375,
    497.408203125,
    495.2197265625
  ],
  "steps_logged": [
    0,
    200,
    400,
    600,
    800,
    1000,
    1200,
    1400,
    1600,
    1800,
    2000,
    2200,
    2400,
    2600,
    2800,
    3000,
    3200,
    3400,
    3600,
    3800,
    4000,
    4200,
    4400,
    4600,
    4800
  ],
  "final_step": 4800,
  "converged": true,
  "plateau_last": 0.019267885684534084,
  "elapsed_s": 748.3354597091675
}