{
  "run_id": "txcdr_basis_expansion_t5__seed42",
  "arch": "txcdr_basis_expansion_t5",
  "seed": 42,
  "k_pos": 100,
  "k_win": 500,
  "T": 5,
  "match_budget": true,
  "layer": 13,
  "K_basis": 3,
  "variant": "basis_expansion",
  "loss": [
    97045.7421875,
    23406.138671875,
    19516.453125,
    16102.015625,
    14618.783203125,
    15060.728515625,
    14318.0830078125,
    13418.603515625,
    12695.8232421875,
    14092.328125,
    13722.353515625,
    14630.6005859375,
    15847.3984375,
    13108.6162109375,
    13928.421875,
    14315.4443359375
  ],
  "l0": [
    500.0,
    122.1455078125,
    179.5810546875,
    241.955078125,
    290.501953125,
    324.845703125,
    352.615234375,
    379.9228515625,
    407.6484375,
    433.4404296875,
    458.90625,
    474.7646484375,
    490.01953125,
    494.595703125,
    492.7119140625,
    496.107421875
  ],
  "steps_logged": [
    0,
    200,
    400,
    600,
    800,
    1000,
    1200,
    1400,
    1600,
    1800,
    2000,
    2200,
    2400,
    2600,
    2800,
    3000
  ],
  "final_step": 3000,
  "converged": true,
  "plateau_last": -0.05250457879991734,
  "elapsed_s": 415.39880323410034
}