{
  "run_id": "txcdr_t5__seed42",
  "arch": "txcdr_t5",
  "seed": 42,
  "k_pos": 100,
  "k_win": 500,
  "T": 5,
  "match_budget": true,
  "layer": 13,
  "loss": [
    97746.1484375,
    11943.6708984375,
    10187.2216796875,
    9464.3583984375,
    8870.4326171875,
    8499.705078125,
    8392.52734375,
    8255.541015625,
    8032.86083984375,
    7967.6484375,
    7896.81005859375,
    7774.53466796875,
    7709.66748046875,
    7689.5244140625,
    7611.65625,
    7657.1142578125,
    7453.54248046875,
    7612.5869140625,
    7403.5048828125,
    7479.67041015625,
    7349.92822265625,
    7354.63232421875,
    7214.23583984375,
    7203.9111328125,
    7251.36181640625,
    7305.82958984375,
    7198.3330078125,
    7245.21240234375
  ],
  "l0": [
    500.0,
    494.998046875,
    496.140625,
    495.2216796875,
    494.7265625,
    492.1640625,
    495.509765625,
    494.357421875,
    493.85546875,
    491.90625,
    494.8125,
    493.2431640625,
    493.7939453125,
    494.072265625,
    491.080078125,
    495.0029296875,
    491.01953125,
    494.0107421875,
    493.0107421875,
    493.8671875,
    492.3212890625,
    493.8955078125,
    491.849609375,
    491.853515625,
    490.236328125,
    494.3388671875,
    489.9130859375,
    490.5048828125
  ],
  "steps_logged": [
    0,
    200,
    400,
    600,
    800,
    1000,
    1200,
    1400,
    1600,
    1800,
    2000,
    2200,
    2400,
    2600,
    2800,
    3000,
    3200,
    3400,
    3600,
    3800,
    4000,
    4200,
    4400,
    4600,
    4800,
    5000,
    5200,
    5400
  ],
  "final_step": 5400,
  "converged": true,
  "plateau_last": 0.016230753495156743,
  "elapsed_s": 927.1478581428528
}