{
  "run_id": "txcdr_block_sparse_t5__seed42",
  "arch": "txcdr_block_sparse_t5",
  "seed": 42,
  "k_pos": 100,
  "k_win": 500,
  "T": 5,
  "variant": "block_sparse",
  "layer": 13,
  "loss": [
    60665.8203125,
    12520.0263671875,
    9705.7578125,
    8695.5966796875,
    7998.3994140625,
    7536.27880859375,
    7398.46240234375,
    7191.5244140625,
    6936.3955078125,
    6874.99853515625,
    6743.58203125,
    6598.70166015625,
    6523.73486328125,
    6516.75,
    6398.94677734375,
    6460.06787109375,
    6263.02197265625,
    6373.29541015625,
    6222.87060546875,
    6268.60107421875,
    6148.58349609375,
    6149.61767578125,
    5951.87841796875,
    5990.69287109375,
    6035.6689453125,
    6082.72265625,
    5987.9140625,
    5991.61474609375,
    5963.22509765625
  ],
  "l0": [
    500.0,
    500.0,
    500.0,
    500.0,
    500.0,
    500.0,
    500.0,
    500.0,
    500.0,
    500.0,
    500.0,
    500.0,
    500.0,
    499.8154296875,
    500.0,
    500.0,
    498.9453125,
    500.0,
    500.0,
    500.0,
    500.0,
    500.0,
    499.796875,
    499.8291015625,
    499.890625,
    499.5849609375,
    500.0,
    499.943359375,
    499.591796875
  ],
  "steps_logged": [
    0,
    200,
    400,
    600,
    800,
    1000,
    1200,
    1400,
    1600,
    1800,
    2000,
    2200,
    2400,
    2600,
    2800,
    3000,
    3200,
    3400,
    3600,
    3800,
    4000,
    4200,
    4400,
    4600,
    4800,
    5000,
    5200,
    5400,
    5600
  ],
  "final_step": 5600,
  "converged": true,
  "plateau_last": 0.014691485776568147,
  "elapsed_s": 1074.450613975525
}