{
  "run_id": "txcdr_dynamics_t5__seed42",
  "arch": "txcdr_dynamics_t5",
  "seed": 42,
  "k_pos": 100,
  "k_win": null,
  "T": 5,
  "match_budget": false,
  "layer": 13,
  "variant": "dynamics",
  "loss": [
    59976.3125,
    11088.05078125,
    8799.0263671875,
    7752.66259765625,
    7014.79150390625,
    6500.859375,
    6349.77978515625,
    6126.15576171875,
    5849.37060546875,
    5737.8466796875,
    5621.86328125,
    5475.81787109375,
    5409.2880859375,
    5363.21484375,
    5252.28271484375,
    5276.93603515625,
    5111.80517578125,
    5181.580078125,
    5057.52978515625,
    5105.46875,
    5008.72900390625,
    5000.12841796875,
    4859.21337890625,
    4862.05224609375,
    4920.96923828125,
    4929.12548828125,
    4864.740234375,
    4851.9814453125,
    4830.57958984375
  ],
  "l0": [
    500.0,
    498.349609375,
    497.587890625,
    497.2314453125,
    497.314453125,
    496.181640625,
    498.14453125,
    498.0908203125,
    497.71484375,
    497.65625,
    498.14453125,
    498.125,
    498.3154296875,
    498.4619140625,
    498.30078125,
    499.140625,
    498.974609375,
    499.3505859375,
    499.248046875,
    499.4140625,
    499.4140625,
    499.5361328125,
    499.23828125,
    499.267578125,
    499.453125,
    499.5849609375,
    499.4140625,
    499.0087890625,
    499.5361328125
  ],
  "steps_logged": [
    0,
    200,
    400,
    600,
    800,
    1000,
    1200,
    1400,
    1600,
    1800,
    2000,
    2200,
    2400,
    2600,
    2800,
    3000,
    3200,
    3400,
    3600,
    3800,
    4000,
    4200,
    4400,
    4600,
    4800,
    5000,
    5200,
    5400,
    5600
  ],
  "final_step": 5600,
  "converged": true,
  "plateau_last": 0.017643863869448325,
  "elapsed_s": 771.4485023021698
}