{
  "run_id": "txcdr_shared_enc_t5__seed42",
  "arch": "txcdr_shared_enc_t5",
  "seed": 42,
  "k_pos": 100,
  "k_win": 500,
  "T": 5,
  "variant": "shared_enc",
  "layer": 13,
  "loss": [
    171496.515625,
    18290.3671875,
    14817.25,
    13092.2783203125,
    12567.9013671875,
    12340.1328125,
    11906.3740234375,
    11800.892578125,
    11392.3388671875,
    11341.666015625,
    11446.1865234375,
    11207.7802734375,
    11121.2578125,
    11131.3271484375,
    11057.2685546875,
    11056.2333984375,
    10827.6748046875,
    11008.6005859375,
    10750.1484375,
    10843.7109375,
    10736.4599609375,
    10671.212890625,
    10633.896484375,
    10422.23046875,
    10597.0615234375,
    10673.033203125,
    10443.3115234375,
    10673.44140625
  ],
  "l0": [
    500.0,
    494.0302734375,
    495.98046875,
    494.6064453125,
    494.677734375,
    492.330078125,
    494.8232421875,
    493.7333984375,
    493.119140625,
    491.71875,
    494.51171875,
    492.96875,
    492.587890625,
    493.5810546875,
    490.03125,
    495.046875,
    489.98046875,
    493.5244140625,
    492.287109375,
    493.3203125,
    491.65625,
    493.2275390625,
    490.478515625,
    490.4951171875,
    489.71875,
    493.724609375,
    488.318359375,
    489.2333984375
  ],
  "steps_logged": [
    0,
    200,
    400,
    600,
    800,
    1000,
    1200,
    1400,
    1600,
    1800,
    2000,
    2200,
    2400,
    2600,
    2800,
    3000,
    3200,
    3400,
    3600,
    3800,
    4000,
    4200,
    4400,
    4600,
    4800,
    5000,
    5200,
    5400
  ],
  "final_step": 5400,
  "converged": true,
  "plateau_last": 0.015406804901123039,
  "elapsed_s": 592.1755957603455
}