{
  "run_id": "txcdr_pos_t5__seed42",
  "arch": "txcdr_pos_t5",
  "seed": 42,
  "k_pos": 100,
  "k_win": 500,
  "T": 5,
  "variant": "pos",
  "layer": 13,
  "loss": [
    178076.875,
    18389.255859375,
    14964.21875,
    13296.234375,
    12787.9833984375,
    12564.7099609375,
    12181.048828125,
    11984.36328125,
    11665.587890625,
    11579.1787109375,
    11624.8896484375,
    11455.6826171875,
    11389.6240234375,
    11388.5068359375,
    11329.9306640625,
    11391.59375,
    11117.7314453125,
    11308.3974609375,
    11047.8125,
    11144.9287109375,
    11025.7177734375,
    10973.3564453125
  ],
  "l0": [
    500.0,
    491.00390625,
    495.9736328125,
    494.421875,
    494.4580078125,
    491.96484375,
    494.767578125,
    493.576171875,
    492.94140625,
    491.0625,
    494.00390625,
    493.109375,
    492.36328125,
    493.0478515625,
    489.8046875,
    494.421875,
    489.27734375,
    493.2646484375,
    491.943359375,
    492.75390625,
    491.515625,
    492.80078125
  ],
  "steps_logged": [
    0,
    200,
    400,
    600,
    800,
    1000,
    1200,
    1400,
    1600,
    1800,
    2000,
    2200,
    2400,
    2600,
    2800,
    3000,
    3200,
    3400,
    3600,
    3800,
    4000,
    4200
  ],
  "final_step": 4200,
  "converged": true,
  "plateau_last": 0.019731992111798238,
  "elapsed_s": 462.60070037841797
}