{
  "run_id": "txcdr_contrastive_t5_alpha100__seed42",
  "arch": "txcdr_contrastive_t5_alpha100",
  "seed": 42,
  "k_pos": 100,
  "k_win": 500,
  "T": 5,
  "match_budget": true,
  "layer": 13,
  "alpha": 1.0,
  "h": 9216,
  "variant": "txcdr_contrastive_alpha_sweep",
  "loss": [
    144.08827209472656,
    25.785425186157227,
    22.946897506713867,
    21.80013656616211,
    21.38722801208496,
    20.889333724975586,
    20.505489349365234,
    20.36698341369629,
    20.023387908935547,
    19.946199417114258,
    19.705711364746094,
    19.682331085205078,
    19.434383392333984,
    19.32135581970215,
    19.189678192138672,
    19.150955200195312,
    19.08147430419922,
    18.96722984313965,
    18.955913543701172,
    18.93537712097168,
    18.88756561279297,
    18.730968475341797
  ],
  "l0": [
    500.0,
    494.25,
    492.40625,
    492.48046875,
    493.30078125,
    489.861328125,
    491.1171875,
    492.96875,
    490.1611328125,
    493.71875,
    492.5205078125,
    491.673828125,
    490.611328125,
    489.7900390625,
    487.708984375,
    491.4482421875,
    492.0537109375,
    490.845703125,
    490.29296875,
    488.162109375,
    490.654296875,
    491.314453125
  ],
  "steps_logged": [
    0,
    200,
    400,
    600,
    800,
    1000,
    1200,
    1400,
    1600,
    1800,
    2000,
    2200,
    2400,
    2600,
    2800,
    3000,
    3200,
    3400,
    3600,
    3800,
    4000,
    4200
  ],
  "final_step": 4200,
  "converged": true,
  "plateau_last": 0.01768382602949008,
  "elapsed_s": 1625.8453478813171
}