{
  "run_id": "txcdr_contrastive_t5_alpha003__seed42",
  "arch": "txcdr_contrastive_t5_alpha003",
  "seed": 42,
  "k_pos": 100,
  "k_win": 500,
  "T": 5,
  "match_budget": true,
  "layer": 13,
  "alpha": 0.03,
  "h": 9216,
  "variant": "txcdr_contrastive_alpha_sweep",
  "loss": [
    136.10476684570312,
    19.523588180541992,
    16.74760627746582,
    15.49242877960205,
    15.064870834350586,
    14.571451187133789,
    14.166226387023926,
    14.040416717529297,
    13.708012580871582,
    13.63383674621582,
    13.397920608520508,
    13.345502853393555,
    13.118338584899902,
    13.02226734161377,
    12.866154670715332,
    12.84338665008545,
    12.797514915466309,
    12.685454368591309,
    12.656682968139648,
    12.671418190002441,
    12.602737426757812,
    12.45505428314209,
    12.515461921691895,
    12.291240692138672,
    12.313899993896484,
    12.308995246887207,
    12.397698402404785
  ],
  "l0": [
    500.0,
    495.283203125,
    493.4609375,
    494.37109375,
    494.66796875,
    492.693359375,
    493.71875,
    494.919921875,
    493.5791015625,
    495.84375,
    495.02734375,
    493.4375,
    493.26171875,
    492.53515625,
    490.373046875,
    492.9580078125,
    493.765625,
    492.302734375,
    492.4853515625,
    490.3427734375,
    492.48046875,
    492.6982421875,
    493.0419921875,
    493.203125,
    490.4443359375,
    492.638671875,
    492.962890625
  ],
  "steps_logged": [
    0,
    200,
    400,
    600,
    800,
    1000,
    1200,
    1400,
    1600,
    1800,
    2000,
    2200,
    2400,
    2600,
    2800,
    3000,
    3200,
    3400,
    3600,
    3800,
    4000,
    4200,
    4400,
    4600,
    4800,
    5000,
    5200
  ],
  "final_step": 5200,
  "converged": true,
  "plateau_last": 0.01972450302903435,
  "elapsed_s": 2011.355413198471
}