{
  "run_id": "txcdr_contrastive_t5__seed42",
  "arch": "txcdr_contrastive_t5",
  "seed": 42,
  "k_pos": 100,
  "k_win": 500,
  "T": 5,
  "match_budget": true,
  "layer": 13,
  "alpha": 0.1,
  "h": 9216,
  "loss": [
    137.03915405273438,
    19.962135314941406,
    17.171756744384766,
    15.936392784118652,
    15.505859375,
    15.027303695678711,
    14.642324447631836,
    14.519882202148438,
    14.186918258666992,
    14.103045463562012,
    13.881034851074219,
    13.829854011535645,
    13.62918758392334,
    13.514605522155762,
    13.387904167175293,
    13.31255054473877,
    13.255220413208008,
    13.156858444213867,
    13.136677742004395,
    13.130456924438477,
    13.081984519958496,
    12.943829536437988,
    12.981037139892578,
    12.774826049804688,
    12.781930923461914,
    12.798233032226562,
    12.843962669372559
  ],
  "l0": [
    500.0,
    495.3056640625,
    494.0,
    494.28515625,
    494.47265625,
    491.7021484375,
    493.6484375,
    494.744140625,
    491.69921875,
    495.0,
    493.59375,
    492.4736328125,
    492.228515625,
    491.158203125,
    489.1318359375,
    492.1923828125,
    493.5244140625,
    491.759765625,
    491.919921875,
    489.634765625,
    492.65234375,
    491.873046875,
    492.1162109375,
    492.63671875,
    489.5771484375,
    492.5888671875,
    492.7353515625
  ],
  "steps_logged": [
    0,
    200,
    400,
    600,
    800,
    1000,
    1200,
    1400,
    1600,
    1800,
    2000,
    2200,
    2400,
    2600,
    2800,
    3000,
    3200,
    3400,
    3600,
    3800,
    4000,
    4200,
    4400,
    4600,
    4800,
    5000,
    5200
  ],
  "final_step": 5200,
  "converged": true,
  "plateau_last": 0.01940139180324637,
  "elapsed_s": 2019.1986253261566
}