{
  "run_id": "txcdr_t6_batchtopk__seed42",
  "arch": "txcdr_t6_batchtopk",
  "seed": 42,
  "k_pos": 100,
  "k_win": 600,
  "T": 6,
  "match_budget": true,
  "layer": 13,
  "sparsity": "batchtopk",
  "variant": "txcdr_t6_batchtopk",
  "loss": [
    133885.625,
    12248.396484375,
    10265.3115234375,
    9582.5625,
    9346.3515625,
    9014.150390625,
    8808.7216796875,
    8740.896484375,
    8582.80859375,
    8558.06640625,
    8392.607421875,
    8369.0517578125,
    8245.3134765625,
    8172.15185546875,
    8112.40185546875,
    8149.52099609375,
    8093.62109375,
    8019.99560546875,
    8005.49609375,
    8013.29248046875,
    7960.5576171875,
    7892.2353515625,
    7941.43505859375
  ],
  "l0": [
    600.0,
    600.0,
    600.0,
    600.0,
    600.0,
    600.0,
    600.0,
    600.0,
    600.0,
    600.0,
    600.0,
    600.0,
    600.0,
    600.0,
    600.0,
    600.0,
    600.0,
    600.0,
    600.0,
    600.0,
    600.0,
    600.0,
    600.0
  ],
  "steps_logged": [
    0,
    200,
    400,
    600,
    800,
    1000,
    1200,
    1400,
    1600,
    1800,
    2000,
    2200,
    2400,
    2600,
    2800,
    3000,
    3200,
    3400,
    3600,
    3800,
    4000,
    4200,
    4400
  ],
  "final_step": 4400,
  "converged": true,
  "plateau_last": 0.01811878257942595,
  "elapsed_s": 916.642965555191
}