{"loss":1.8303197622299194,"_timestamp":1.7726739570914073e+09,"step":79999,"_runtime":177.416956843,"recovery_90":0.2800000011920929,"auc":0.5518367346938775,"recovery_80":0.29999998211860657,"_step":79999,"mean_max_cos_sim":0.5532780289649963,"_wandb":{"runtime":177}}