{"_step":79999,"auc":0.8710204081632652,"recovery_90":0.6800000071525574,"mean_max_cos_sim":0.8727133274078369,"_runtime":156.665543611,"loss":1.3151731491088867,"recovery_80":0.7400000095367432,"_wandb":{"runtime":156},"step":79999,"_timestamp":1.7726714054848459e+09}