{"mean_max_cos_sim":0.5807543396949768,"_step":39999,"step":39999,"_timestamp":1.7726702822416224e+09,"_wandb":{"runtime":76},"recovery_90":0.09999999403953552,"recovery_80":0.19999998807907104,"_runtime":76.68889064,"loss":4.075037956237793,"auc":0.5795918367346939}