{"mean_max_cos_sim":0.8986691236495972,"_timestamp":1.7740084684677558e+09,"_step":64999,"recovery_90":0.875,"step":64999,"l0":4,"recovery_80":0.875,"window_l0":4,"_wandb":{"runtime":324},"loss":6.605078220367432,"_runtime":324.863435851,"auc":0.898683562992126}