{"window_l0":25,"l0":25,"_runtime":333.349590862,"step":64999,"auc":0.9552780511811024,"loss":2.730792999267578,"recovery_90":0.859375,"_timestamp":1.773997967285682e+09,"_step":64999,"recovery_80":0.875,"_wandb":{"runtime":333},"mean_max_cos_sim":0.957500696182251}