{"auc":0.9843134842519689,"_runtime":316.466519009,"recovery_90":0.9765625,"window_l0":5,"_wandb":{"runtime":316},"_step":64999,"mean_max_cos_sim":0.9868698120117188,"recovery_80":0.9765625,"loss":0.23968154191970825,"_timestamp":1.774006444047724e+09,"step":64999,"l0":5}