{"recovery_80":0.17999999225139618,"step":79999,"loss":1.6024847030639648,"_timestamp":1.7726750050620553e+09,"_wandb":{"runtime":184},"auc":0.4653061224489795,"recovery_90":0.17999999225139618,"_runtime":184.147376773,"_step":79999,"mean_max_cos_sim":0.46608710289001465}