{"mean_max_cos_sim":0.19216284155845642,"loss":8.653543472290039,"recovery_80":0,"recovery_90":0,"window_l0":33,"_wandb":{"runtime":5},"_step":999,"auc":0.1922367125984252,"l0":33,"_timestamp":1.773984471323377e+09,"_runtime":5.172771529,"step":999}