{
  "per_arch": {
    "topk_sae": {
      "family": "topk",
      "nmse": 0.1372677981853485,
      "explained_variance": 0.8181475400924683,
      "l0_mean": 63.975390625,
      "n_samples": 5120,
      "loss_recovered": {
        "ce_clean": 8.03203125,
        "ce_zero": 12.4375,
        "ce_patched": 8.0734375,
        "loss_recovered": 0.9906011701954298
      }
    },
    "txc_t5": {
      "family": "txc",
      "nmse": 0.22712934017181396,
      "explained_variance": 0.6979827880859375,
      "l0_mean": 63.11915322580645,
      "n_samples": 4960,
      "loss_recovered": {
        "ce_clean": 8.03203125,
        "ce_zero": 12.4375,
        "ce_patched": 8.66875,
        "loss_recovered": 0.8554708279668376
      }
    },
    "mlc_l5": {
      "family": "mlxc",
      "nmse": 0.1689167320728302,
      "explained_variance": 0.7759683132171631,
      "l0_mean": 63.7314453125,
      "n_samples": 5120,
      "loss_recovered": {
        "ce_clean": 8.03203125,
        "ce_zero": 12.4375,
        "ce_patched": 8.1421875,
        "loss_recovered": 0.9749955663685058
      }
    }
  },
  "per_arch_category": {
    "topk_sae": {
      "bracket_depth": {
        "0\u20130": {
          "n": 3794,
          "nmse": 0.1265999674797058
        },
        "1\u20131": {
          "n": 1102,
          "nmse": 0.16675636172294617
        },
        "2\u20132": {
          "n": 193,
          "nmse": 0.17558054625988007
        },
        "\u22653": {
          "n": 31,
          "nmse": 0.1560792624950409
        }
      },
      "indent_spaces": {
        "0\u20133": {
          "n": 1001,
          "nmse": 0.03184352442622185
        },
        "4\u20137": {
          "n": 2168,
          "nmse": 0.1642175018787384
        },
        "8\u201311": {
          "n": 155,
          "nmse": 0.15690337121486664
        },
        "\u226512": {
          "n": 1796,
          "nmse": 0.16179971396923065
        }
      },
      "scope_kind": {
        "module": {
          "n": 25,
          "nmse": 0.05492044612765312
        },
        "function_body": {
          "n": 2873,
          "nmse": 0.15386469662189484
        },
        "comprehension": {
          "n": 105,
          "nmse": 0.16991497576236725
        },
        "string_literal": {
          "n": 1199,
          "nmse": 0.17408274114131927
        },
        "comment": {
          "n": 154,
          "nmse": 0.18334908783435822
        }
      }
    },
    "txc_t5": {
      "bracket_depth": {
        "0\u20130": {
          "n": 3671,
          "nmse": 0.20955528318881989
        },
        "1\u20131": {
          "n": 1069,
          "nmse": 0.27753153443336487
        },
        "2\u20132": {
          "n": 189,
          "nmse": 0.2792048752307892
        },
        "\u22653": {
          "n": 31,
          "nmse": 0.2526840269565582
        }
      },
      "indent_spaces": {
        "0\u20133": {
          "n": 937,
          "nmse": 0.052079468965530396
        },
        "4\u20137": {
          "n": 2108,
          "nmse": 0.27064087986946106
        },
        "8\u201311": {
          "n": 147,
          "nmse": 0.26034241914749146
        },
        "\u226512": {
          "n": 1768,
          "nmse": 0.2652612030506134
        }
      },
      "scope_kind": {
        "module": {
          "n": 7,
          "nmse": 0.2606489360332489
        },
        "function_body": {
          "n": 2769,
          "nmse": 0.25575679540634155
        },
        "comprehension": {
          "n": 105,
          "nmse": 0.2786252200603485
        },
        "string_literal": {
          "n": 1162,
          "nmse": 0.2848054766654968
        },
        "comment": {
          "n": 153,
          "nmse": 0.30878233909606934
        }
      }
    },
    "mlc_l5": {
      "bracket_depth": {
        "0\u20130": {
          "n": 3794,
          "nmse": 0.15578725934028625
        },
        "1\u20131": {
          "n": 1102,
          "nmse": 0.20600838959217072
        },
        "2\u20132": {
          "n": 193,
          "nmse": 0.21237269043922424
        },
        "\u22653": {
          "n": 31,
          "nmse": 0.18669559061527252
        }
      },
      "indent_spaces": {
        "0\u20133": {
          "n": 1001,
          "nmse": 0.0400286503136158
        },
        "4\u20137": {
          "n": 2168,
          "nmse": 0.20177237689495087
        },
        "8\u201311": {
          "n": 155,
          "nmse": 0.1928103119134903
        },
        "\u226512": {
          "n": 1796,
          "nmse": 0.19902938604354858
        }
      },
      "scope_kind": {
        "module": {
          "n": 25,
          "nmse": 0.07722685486078262
        },
        "function_body": {
          "n": 2873,
          "nmse": 0.18988971412181854
        },
        "comprehension": {
          "n": 105,
          "nmse": 0.2086857408285141
        },
        "string_literal": {
          "n": 1199,
          "nmse": 0.21212244033813477
        },
        "comment": {
          "n": 154,
          "nmse": 0.22559301555156708
        }
      }
    }
  },
  "manifest": {
    "n_chunks": 4088,
    "chunk_tokens": 128,
    "layers": [
      10,
      11,
      12,
      13,
      14
    ],
    "subject_model": "google/gemma-2-2b-it",
    "dtype": "bfloat16",
    "d_model": 2304,
    "train_eval_split": 0.9,
    "seed": 42
  },
  "seed": 42
}