{
  "bin_edges": [
    -22.125,
    -3.875,
    2.5625,
    8.375,
    27.75
  ],
  "mean_kl_per_bin": [
    0.10218038409948349,
    0.20822380483150482,
    0.17222218215465546,
    0.12688978016376495
  ],
  "overall_mean_kl": 0.15298153460025787,
  "overall_mean_abs_surprisal_delta": 6.675689697265625
}