{
  "bin_edges": [
    -22.125,
    -3.875,
    2.5625,
    8.375,
    27.75
  ],
  "mean_kl_per_bin": [
    0.35678088665008545,
    1.044925332069397,
    0.9470455050468445,
    0.7751935720443726
  ],
  "overall_mean_kl": 0.7854698300361633,
  "overall_mean_abs_surprisal_delta": 6.675689697265625
}