{
  "bin_edges": [
    -22.125,
    -3.875,
    2.5625,
    8.375,
    27.75
  ],
  "mean_kl_per_bin": [
    0.1336585432291031,
    0.2906128466129303,
    0.23777993023395538,
    0.18017344176769257
  ],
  "overall_mean_kl": 0.2117086797952652,
  "overall_mean_abs_surprisal_delta": 6.675689697265625
}