{
  "bins": {
    "topk_sae": {
      "bin_edges": [
        -22.125,
        -3.875,
        2.5625,
        8.375,
        27.75
      ],
      "mean_kl_per_bin": [
        0.10218038409948349,
        0.20822380483150482,
        0.17222218215465546,
        0.12688978016376495
      ],
      "overall_mean_kl": 0.15298153460025787,
      "overall_mean_abs_surprisal_delta": 6.675689697265625
    },
    "txc_t5": {
      "bin_edges": [
        -22.125,
        -3.875,
        2.5625,
        8.375,
        27.75
      ],
      "mean_kl_per_bin": [
        0.35678088665008545,
        1.044925332069397,
        0.9470455050468445,
        0.7751935720443726
      ],
      "overall_mean_kl": 0.7854698300361633,
      "overall_mean_abs_surprisal_delta": 6.675689697265625
    },
    "mlc_l5": {
      "bin_edges": [
        -22.125,
        -3.875,
        2.5625,
        8.375,
        27.75
      ],
      "mean_kl_per_bin": [
        0.1336585432291031,
        0.2906128466129303,
        0.23777993023395538,
        0.18017344176769257
      ],
      "overall_mean_kl": 0.2117086797952652,
      "overall_mean_abs_surprisal_delta": 6.675689697265625
    }
  },
  "surprisal_delta_stats": {
    "mean": 2.51342511177063,
    "std": 7.63594388961792,
    "quantiles": [
      0.0,
      0.25,
      0.5,
      0.75,
      1.0
    ]
  }
}