{
  "TFA": {
    "5": {
      "long_cont": {
        "0.0": 2.54997181892395,
        "0.3": 4.753707200288773,
        "0.5": 4.983317777514458,
        "0.7": 2.1468013525009155,
        "0.9": 3.509539842605591
      },
      "sudden_onset": {
        "0.0": 2.544162333011627,
        "0.3": 4.7302291095256805,
        "0.5": 4.964533008635044,
        "0.7": 2.1181744933128357,
        "0.9": 3.4075756669044495
      },
      "sudden_offset": {
        "0.0": 1.5847721844911575,
        "0.3": 3.8819680362939835,
        "0.5": 3.8283357992768288,
        "0.7": 1.619466945528984,
        "0.9": 1.824946790933609
      },
      "long_absent": {
        "0.0": 1.5933560580015182,
        "0.3": 3.8739337027072906,
        "0.5": 3.8170755207538605,
        "0.7": 1.5925513803958893,
        "0.9": 1.7247205972671509
      }
    },
    "8": {
      "long_cont": {
        "0.0": 3.1985971336252987,
        "0.3": 5.859171479940414,
        "0.5": 1.4170907267834991,
        "0.7": 1.8560359147377312,
        "0.9": 4.124401271343231
      },
      "sudden_onset": {
        "0.0": 3.1400995592121035,
        "0.3": 5.842712193727493,
        "0.5": 1.4111666295211762,
        "0.7": 1.8253851304762065,
        "0.9": 4.05920934677124
      },
      "sudden_offset": {
        "0.0": 2.327986171003431,
        "0.3": 5.057005390524864,
        "0.5": 1.139330739621073,
        "0.7": 1.1041415554936975,
        "0.9": 2.5155595541000366
      },
      "long_absent": {
        "0.0": 2.2638765783049166,
        "0.3": 5.050530210137367,
        "0.5": 1.1363029927015305,
        "0.7": 1.0747935944236815,
        "0.9": 2.4636985659599304
      }
    }
  },
  "TFA-pos": {
    "5": {
      "long_cont": {
        "0.0": 6.1416210532188416,
        "0.3": 3.4032695717178285,
        "0.5": 5.398353457450867,
        "0.7": 1.0405699610710144,
        "0.9": 0.9084887802600861
      },
      "sudden_onset": {
        "0.0": 6.1372551918029785,
        "0.3": 3.3278657379560173,
        "0.5": 4.818172574043274,
        "0.7": 0.8905019611120224,
        "0.9": 0.996945708990097
      },
      "sudden_offset": {
        "0.0": 5.846755623817444,
        "0.3": 3.163482081145048,
        "0.5": 5.078827381134033,
        "0.7": 0.9509263932704926,
        "0.9": 0.9025618582963943
      },
      "long_absent": {
        "0.0": 5.843552231788635,
        "0.3": 3.0975771015509963,
        "0.5": 4.536518931388855,
        "0.7": 0.9837524443864822,
        "0.9": 1.0027822703123093
      }
    },
    "8": {
      "long_cont": {
        "0.0": 3.290120073594153,
        "0.3": 1.0173662400338799,
        "0.5": 4.2129627745598555,
        "0.7": 1.0300209522247314,
        "0.9": 1.158179685473442
      },
      "sudden_onset": {
        "0.0": 3.2890277842525393,
        "0.3": 0.9707947756396607,
        "0.5": 4.107714001554996,
        "0.7": 0.9738280028104782,
        "0.9": 0.8361154347658157
      },
      "sudden_offset": {
        "0.0": 3.06513104820624,
        "0.3": 0.9950676828157157,
        "0.5": 3.9628716190345585,
        "0.7": 1.0238098502159119,
        "0.9": 1.1330050826072693
      },
      "long_absent": {
        "0.0": 3.0620067855343223,
        "0.3": 0.9507292119087651,
        "0.5": 3.8640170998405665,
        "0.7": 0.9790592193603516,
        "0.9": 0.8423076421022415
      }
    }
  }
}