{"step":39999,"auc":0.34030303030303033,"mean_max_cos_sim":0.34031587839126587,"_timestamp":1.7726680245353127e+09,"recovery_80":0.019999999552965164,"_runtime":87.375943755,"recovery_90":0,"_step":39999,"loss":19.825653076171875,"_wandb":{"runtime":87}}