{
  "loss": [
    27450.572265625,
    12230.41015625,
    10886.5029296875,
    10118.7021484375,
    9718.6943359375,
    9399.2109375,
    9249.7060546875,
    9033.7236328125,
    8837.0771484375,
    8666.873046875,
    8738.7607421875,
    8560.173828125,
    8541.1630859375,
    8529.8076171875,
    8455.4365234375,
    8384.2275390625,
    8351.8642578125,
    8401.5146484375,
    8225.87890625,
    8106.12353515625,
    8142.81103515625,
    8132.5625,
    8161.5595703125,
    8177.1767578125,
    8035.52197265625
  ],
  "l0": [
    500.0,
    498.6572265625,
    496.6943359375,
    495.552734375,
    493.6513671875,
    495.3740234375,
    493.5126953125,
    491.626953125,
    493.8974609375,
    491.8603515625,
    495.921875,
    493.3388671875,
    493.3720703125,
    494.2138671875,
    495.7861328125,
    492.435546875,
    490.7998046875,
    494.6923828125,
    490.984375,
    489.9189453125,
    491.568359375,
    491.2705078125,
    492.7607421875,
    493.1630859375,
    492.3955078125
  ],
  "steps_logged": [
    0,
    200,
    400,
    600,
    800,
    1000,
    1200,
    1400,
    1600,
    1800,
    2000,
    2200,
    2400,
    2600,
    2800,
    3000,
    3200,
    3400,
    3600,
    3800,
    4000,
    4200,
    4400,
    4600,
    4800
  ],
  "final_step": 4800,
  "converged": true,
  "plateau_last": 0.01977296320833793,
  "elapsed_s": 822.6418750286102,
  "T_max": 10,
  "t_sample": 5,
  "contiguous": false,
  "arch": "subseq_track2",
  "seed": 42,
  "k_pos": 100,
  "k_win": 500,
  "layer": 13,
  "run_id": "phase5b_subseq_track2__seed42"
}