{
  "loss": [
    206716.390625,
    89343.0234375,
    81198.3828125,
    76824.3359375,
    75985.9140625,
    75275.9375,
    73872.7109375,
    73518.4921875,
    72024.8046875,
    72455.515625,
    72925.890625,
    70828.7734375,
    70549.5703125,
    70930.0859375,
    70873.7265625,
    70685.15625,
    70990.0,
    70906.4921875
  ],
  "l0": [
    500.0,
    497.28515625,
    496.61328125,
    495.55859375,
    496.4462890625,
    497.1572265625,
    496.095703125,
    496.6865234375,
    494.0693359375,
    495.568359375,
    495.5029296875,
    494.3544921875,
    494.0224609375,
    495.92578125,
    495.2353515625,
    494.5634765625,
    494.90234375,
    494.376953125
  ],
  "steps_logged": [
    0,
    200,
    400,
    600,
    800,
    1000,
    1200,
    1400,
    1600,
    1800,
    2000,
    2200,
    2400,
    2600,
    2800,
    3000,
    3200,
    3400
  ],
  "final_step": 3400,
  "converged": true,
  "plateau_last": 0.012261101244538107,
  "elapsed_s": 1522.1450605392456,
  "T_max": 10,
  "t_sample": 5,
  "contiguous": false,
  "shifts": [
    1,
    2,
    5
  ],
  "alpha": 1.0,
  "arch": "subseq_h8",
  "seed": 2,
  "k_pos": 100,
  "k_win": 500,
  "layer": 13,
  "run_id": "phase5b_subseq_h8__seed2"
}