{
  "loss": [
    28045.083984375,
    11367.3544921875,
    10421.0341796875,
    9964.017578125,
    9319.1083984375,
    8960.2490234375,
    8683.419921875,
    8431.5546875,
    8117.5751953125,
    7885.92529296875,
    7969.6875,
    7744.6416015625,
    7516.91552734375,
    7423.62841796875,
    7406.2705078125,
    7294.09716796875,
    7252.34619140625,
    7204.3515625,
    7074.3408203125,
    7130.53271484375,
    6981.45458984375,
    7048.46875,
    6930.8876953125,
    6877.11962890625,
    6864.8720703125,
    6888.32666015625,
    6890.63916015625,
    6864.4580078125,
    6784.92822265625
  ],
  "l0": [
    500.0,
    497.8876953125,
    497.90625,
    497.333984375,
    496.984375,
    497.998046875,
    496.9375,
    497.5615234375,
    496.0322265625,
    494.1171875,
    497.7412109375,
    496.220703125,
    494.0107421875,
    495.1181640625,
    496.21484375,
    493.466796875,
    494.296875,
    495.17578125,
    493.6015625,
    496.2265625,
    494.234375,
    495.43359375,
    493.7841796875,
    494.591796875,
    493.5615234375,
    492.9091796875,
    494.171875,
    493.841796875,
    493.9716796875
  ],
  "steps_logged": [
    0,
    200,
    400,
    600,
    800,
    1000,
    1200,
    1400,
    1600,
    1800,
    2000,
    2200,
    2400,
    2600,
    2800,
    3000,
    3200,
    3400,
    3600,
    3800,
    4000,
    4200,
    4400,
    4600,
    4800,
    5000,
    5200,
    5400,
    5600
  ],
  "final_step": 5600,
  "converged": true,
  "plateau_last": 0.019309949381985693,
  "elapsed_s": 511.4579801559448,
  "T_window": 20,
  "t": 5,
  "probe_strategy": "random_K_subsets",
  "probe_K": 16,
  "arch": "subset_encoder",
  "seed": 42,
  "k_pos": 100,
  "k_win": 500,
  "layer": 13,
  "run_id": "phase5b_subset_encoder_T20_t5__seed42"
}