{
  "loss": [
    190442.984375,
    85311.265625,
    77350.890625,
    73178.8984375,
    71454.984375,
    69428.984375,
    69419.71875,
    69500.59375,
    67661.34375,
    67338.2890625,
    67745.90625,
    66520.0,
    66830.34375,
    65971.46875,
    66679.328125,
    65442.6953125,
    65450.41796875,
    65715.3671875,
    64999.70703125
  ],
  "l0": [
    500.0,
    498.9306640625,
    498.5048828125,
    496.6435546875,
    497.2275390625,
    495.4599609375,
    497.8984375,
    496.8212890625,
    495.5830078125,
    496.9990234375,
    497.1923828125,
    495.5859375,
    494.2119140625,
    496.5693359375,
    497.6513671875,
    495.380859375,
    494.626953125,
    496.6318359375,
    497.5712890625
  ],
  "steps_logged": [
    0,
    200,
    400,
    600,
    800,
    1000,
    1200,
    1400,
    1600,
    1800,
    2000,
    2200,
    2400,
    2600,
    2800,
    3000,
    3200,
    3400,
    3600
  ],
  "final_step": 3600,
  "converged": true,
  "plateau_last": 0.01829659768233179,
  "elapsed_s": 1524.8646359443665,
  "T_max": 10,
  "t_sample": 3,
  "contiguous": false,
  "shifts": [
    1,
    2,
    5
  ],
  "alpha": 1.0,
  "arch": "subseq_h8",
  "seed": 42,
  "k_pos": 100,
  "k_win": 500,
  "layer": 13,
  "run_id": "phase5b_subseq_h8_t10_s3_k500__seed42"
}