{
  "loss": [
    30064.771484375,
    10979.095703125,
    10019.921875,
    9365.091796875,
    8827.9423828125,
    8465.376953125,
    8286.6982421875,
    7956.6220703125,
    7762.9501953125,
    7512.4072265625,
    7531.81884765625,
    7323.57568359375,
    7253.28076171875,
    7200.32666015625,
    7101.91552734375,
    7016.31103515625,
    6984.1181640625,
    7006.40625,
    6846.25341796875,
    6762.90771484375,
    6761.56201171875,
    6704.7822265625,
    6754.14697265625,
    6759.92529296875,
    6603.27197265625,
    6608.78271484375,
    6656.1845703125,
    6605.703125
  ],
  "l0": [
    500.0,
    499.056640625,
    498.037109375,
    496.97265625,
    494.884765625,
    495.763671875,
    493.34375,
    491.4453125,
    493.296875,
    491.083984375,
    495.607421875,
    492.7158203125,
    492.3603515625,
    493.017578125,
    495.34375,
    491.990234375,
    489.251953125,
    494.541015625,
    489.8291015625,
    489.1259765625,
    490.6494140625,
    490.9873046875,
    491.9501953125,
    492.24609375,
    491.642578125,
    489.681640625,
    490.6728515625,
    492.578125
  ],
  "steps_logged": [
    0,
    200,
    400,
    600,
    800,
    1000,
    1200,
    1400,
    1600,
    1800,
    2000,
    2200,
    2400,
    2600,
    2800,
    3000,
    3200,
    3400,
    3600,
    3800,
    4000,
    4200,
    4400,
    4600,
    4800,
    5000,
    5200,
    5400
  ],
  "final_step": 5400,
  "converged": true,
  "plateau_last": 0.01761131512422479,
  "elapsed_s": 471.6668174266815,
  "T_window": 10,
  "t": 5,
  "probe_strategy": "random_K_subsets",
  "probe_K": 16,
  "arch": "subset_encoder",
  "seed": 42,
  "k_pos": 100,
  "k_win": 500,
  "layer": 13,
  "run_id": "phase5b_subset_encoder_T10_t5__seed42"
}