{
  "loss": [
    199508.765625,
    88292.3046875,
    81808.9921875,
    77516.7421875,
    75846.5390625,
    73916.8984375,
    74055.9375,
    74124.8125,
    72291.1640625,
    72094.03125,
    72504.0546875,
    71519.265625,
    71685.765625,
    71001.5703125,
    71666.953125,
    70623.03125,
    70541.0703125
  ],
  "l0": [
    500.0,
    495.173828125,
    497.4091796875,
    495.3974609375,
    495.7685546875,
    495.2177734375,
    496.9111328125,
    496.216796875,
    494.326171875,
    494.986328125,
    495.50390625,
    494.626953125,
    493.453125,
    495.140625,
    496.5556640625,
    493.37109375,
    493.640625
  ],
  "steps_logged": [
    0,
    200,
    400,
    600,
    800,
    1000,
    1200,
    1400,
    1600,
    1800,
    2000,
    2200,
    2400,
    2600,
    2800,
    3000,
    3200
  ],
  "final_step": 3200,
  "converged": true,
  "plateau_last": 0.0193497727127069,
  "elapsed_s": 1456.7283136844635,
  "T_max": 10,
  "t_sample": 5,
  "contiguous": false,
  "shifts": [
    1,
    2,
    5
  ],
  "alpha": 1.0,
  "arch": "subseq_h8",
  "seed": 42,
  "k_pos": 100,
  "k_win": 500,
  "layer": 13,
  "run_id": "phase5b_subseq_h8__seed42"
}