{
  "loss": [
    27860.466796875,
    12089.60546875,
    11004.595703125,
    10047.6533203125,
    9738.2880859375,
    9429.8623046875,
    9195.2333984375,
    9146.24609375,
    8874.5126953125,
    8824.6552734375,
    8851.5048828125,
    8636.392578125,
    8518.7685546875,
    8506.7578125,
    8393.6640625,
    8428.384765625,
    8323.9755859375,
    8279.9873046875,
    8332.5615234375,
    8165.42041015625,
    8190.80322265625,
    8200.130859375,
    8189.4736328125,
    8170.01318359375,
    8168.29150390625
  ],
  "l0": [
    500.0,
    497.591796875,
    495.615234375,
    495.0029296875,
    495.677734375,
    494.4638671875,
    493.603515625,
    495.5693359375,
    492.2177734375,
    492.017578125,
    496.5107421875,
    495.08203125,
    493.849609375,
    493.548828125,
    490.4921875,
    491.3916015625,
    492.6064453125,
    491.025390625,
    492.5302734375,
    492.373046875,
    492.1298828125,
    492.4140625,
    492.12109375,
    493.390625,
    493.1005859375
  ],
  "steps_logged": [
    0,
    200,
    400,
    600,
    800,
    1000,
    1200,
    1400,
    1600,
    1800,
    2000,
    2200,
    2400,
    2600,
    2800,
    3000,
    3200,
    3400,
    3600,
    3800,
    4000,
    4200,
    4400,
    4600,
    4800
  ],
  "final_step": 4800,
  "converged": true,
  "plateau_last": 0.014727000568990716,
  "elapsed_s": 804.9603524208069,
  "T_max": 10,
  "t_sample": 5,
  "contiguous": false,
  "arch": "subseq_track2",
  "seed": 2,
  "k_pos": 100,
  "k_win": 500,
  "layer": 13,
  "run_id": "phase5b_subseq_track2__seed2"
}