{
  "loss": [
    222515.8125,
    87971.0703125,
    80462.328125,
    78171.6328125,
    76200.671875,
    75003.0078125,
    74110.8203125,
    73633.90625,
    72775.1953125,
    72156.3046875,
    71992.171875,
    71732.0625,
    71873.6328125,
    71382.3671875,
    71528.234375,
    70192.90625,
    70756.25
  ],
  "l0": [
    500.0,
    495.203125,
    496.1904296875,
    495.97265625,
    496.4130859375,
    496.4765625,
    495.806640625,
    496.830078125,
    495.9296875,
    493.9541015625,
    496.150390625,
    494.8291015625,
    494.9375,
    495.3173828125,
    494.4892578125,
    492.8251953125,
    494.5244140625
  ],
  "steps_logged": [
    0,
    200,
    400,
    600,
    800,
    1000,
    1200,
    1400,
    1600,
    1800,
    2000,
    2200,
    2400,
    2600,
    2800,
    3000,
    3200
  ],
  "final_step": 3200,
  "converged": true,
  "plateau_last": 0.018096708447665123,
  "elapsed_s": 1430.0738801956177,
  "T_max": 10,
  "t_sample": 5,
  "contiguous": false,
  "shifts": [
    1,
    2,
    5
  ],
  "alpha": 1.0,
  "arch": "subseq_h8",
  "seed": 1,
  "k_pos": 100,
  "k_win": 500,
  "layer": 13,
  "run_id": "phase5b_subseq_h8__seed1"
}