{
  "loss": [
    78479.0625,
    8270.5849609375,
    6786.02978515625,
    6127.08447265625,
    5894.9033203125,
    5667.70166015625,
    5544.2578125,
    5480.869140625,
    5316.57177734375,
    5236.76904296875,
    5049.6962890625,
    5008.53515625,
    4903.92333984375,
    4861.794921875,
    4786.92919921875,
    4724.27685546875,
    4701.61181640625,
    4644.2578125,
    4594.50390625,
    4570.78466796875,
    4500.51171875,
    4488.4716796875,
    4435.45849609375,
    4435.6376953125,
    4418.12158203125,
    4454.49560546875,
    4439.435546875,
    4394.75732421875
  ],
  "l0": [
    439.9990234375,
    375.4853515625,
    384.255859375,
    388.5595703125,
    395.7880859375,
    397.591796875,
    400.5947265625,
    403.779296875,
    405.666015625,
    406.0068359375,
    408.2919921875,
    410.5498046875,
    409.6904296875,
    410.3076171875,
    409.7421875,
    411.740234375,
    411.19921875,
    412.0966796875,
    412.310546875,
    412.666015625,
    410.896484375,
    411.8662109375,
    413.197265625,
    412.4306640625,
    411.0126953125,
    411.279296875,
    411.9248046875,
    410.15625
  ],
  "steps_logged": [
    0,
    200,
    400,
    600,
    800,
    1000,
    1200,
    1400,
    1600,
    1800,
    2000,
    2200,
    2400,
    2600,
    2800,
    3000,
    3200,
    3400,
    3600,
    3800,
    4000,
    4200,
    4400,
    4600,
    4800,
    5000,
    5200,
    5400
  ],
  "final_step": 5400,
  "converged": true,
  "plateau_last": 0.019800267889982504,
  "elapsed_s": 331.4838879108429,
  "L_max": 128,
  "t_sample": 5,
  "pos_mode": "learned",
  "use_pos": false,
  "arch": "token_subseq",
  "seed": 42,
  "k_pos": 100,
  "layer": 13,
  "run_id": "phase5b_token_subseq_learned__seed42"
}