{
  "loss": [
    192498.390625,
    80008.109375,
    74106.9375,
    70258.8125,
    68689.046875,
    66781.3515625,
    66704.8984375,
    66571.9765625,
    64857.56640625,
    64449.7109375,
    64727.65234375,
    63733.30859375,
    63812.9296875,
    63168.8828125,
    63701.52734375,
    62761.24609375,
    62741.6171875,
    63109.8828125
  ],
  "l0": [
    1000.0,
    984.9326171875,
    992.376953125,
    987.498046875,
    989.314453125,
    986.8701171875,
    991.353515625,
    990.0224609375,
    985.14453125,
    985.796875,
    988.6494140625,
    986.6337890625,
    984.0693359375,
    988.123046875,
    991.3857421875,
    983.3310546875,
    984.4326171875,
    987.5048828125
  ],
  "steps_logged": [
    0,
    200,
    400,
    600,
    800,
    1000,
    1200,
    1400,
    1600,
    1800,
    2000,
    2200,
    2400,
    2600,
    2800,
    3000,
    3200,
    3400
  ],
  "final_step": 3400,
  "converged": true,
  "plateau_last": 0.018962589623228814,
  "elapsed_s": 1521.4384741783142,
  "T_max": 10,
  "t_sample": 5,
  "contiguous": false,
  "shifts": [
    1,
    2,
    5
  ],
  "alpha": 1.0,
  "arch": "subseq_h8",
  "seed": 42,
  "k_pos": 100,
  "k_win": 1000,
  "layer": 13,
  "run_id": "phase5b_subseq_h8_t10_s5_k1000__seed42"
}