{
  "loss": [
    35577.3046875,
    11871.9892578125,
    10909.1591796875,
    10229.126953125,
    9731.203125,
    9391.0048828125,
    9231.9765625,
    9198.64453125,
    8872.5341796875,
    8825.923828125,
    8673.0546875,
    8691.6318359375,
    8633.3623046875,
    8595.4140625,
    8574.6943359375,
    8377.6259765625,
    8267.369140625,
    8393.7724609375,
    8268.7421875,
    8258.775390625,
    8231.4736328125,
    8142.9189453125,
    8013.4921875,
    8146.65625,
    8067.41259765625,
    8130.06494140625,
    8033.87646484375,
    8057.91552734375
  ],
  "l0": [
    500.0,
    496.876953125,
    496.8515625,
    495.26953125,
    495.7861328125,
    494.6533203125,
    494.4921875,
    496.8701171875,
    494.1259765625,
    492.64453125,
    493.9931640625,
    493.0869140625,
    494.4990234375,
    494.962890625,
    494.55078125,
    491.380859375,
    490.99609375,
    494.1669921875,
    491.8466796875,
    493.8447265625,
    495.3134765625,
    491.318359375,
    488.7431640625,
    492.900390625,
    490.802734375,
    490.46875,
    488.9599609375,
    493.5068359375
  ],
  "steps_logged": [
    0,
    200,
    400,
    600,
    800,
    1000,
    1200,
    1400,
    1600,
    1800,
    2000,
    2200,
    2400,
    2600,
    2800,
    3000,
    3200,
    3400,
    3600,
    3800,
    4000,
    4200,
    4400,
    4600,
    4800,
    5000,
    5200,
    5400
  ],
  "final_step": 5400,
  "converged": true,
  "plateau_last": 0.011718730234440568,
  "elapsed_s": 922.932564496994,
  "T_max": 10,
  "t_sample": 5,
  "contiguous": false,
  "arch": "subseq_track2",
  "seed": 1,
  "k_pos": 100,
  "k_win": 500,
  "layer": 13,
  "run_id": "phase5b_subseq_track2__seed1"
}