{
  "loss": [
    1407587.375,
    20378.75,
    15926.5859375,
    14740.5,
    13889.609375,
    13065.0888671875,
    12516.857421875,
    11873.6240234375,
    11267.0888671875,
    10763.1728515625,
    10416.3095703125,
    10211.5849609375,
    10010.8798828125,
    9584.705078125,
    9547.5517578125,
    9278.19140625,
    9288.4345703125,
    9157.9599609375,
    8994.892578125,
    8773.7900390625,
    8870.060546875,
    8689.7822265625,
    8652.4091796875,
    8572.001953125,
    8616.6015625,
    8492.5185546875,
    8398.8935546875,
    8469.0302734375,
    8293.26171875,
    8277.5185546875,
    8131.7578125,
    8286.1865234375,
    8151.703125,
    8166.26806640625,
    8174.95947265625,
    8041.00390625
  ],
  "l0": [
    500.0,
    500.0,
    500.0,
    500.0,
    500.0,
    500.0,
    500.0,
    500.0,
    500.0,
    500.0,
    499.888671875,
    499.9267578125,
    500.0,
    500.0,
    500.0,
    500.0,
    500.0,
    500.0,
    500.0,
    500.0,
    500.0,
    500.0,
    500.0,
    500.0,
    500.0,
    500.0,
    500.0,
    500.0,
    500.0,
    500.0,
    500.0,
    500.0,
    500.0,
    500.0,
    499.9833984375,
    500.0
  ],
  "steps_logged": [
    0,
    200,
    400,
    600,
    800,
    1000,
    1200,
    1400,
    1600,
    1800,
    2000,
    2200,
    2400,
    2600,
    2800,
    3000,
    3200,
    3400,
    3600,
    3800,
    4000,
    4200,
    4400,
    4600,
    4800,
    5000,
    5200,
    5400,
    5600,
    5800,
    6000,
    6200,
    6400,
    6600,
    6800,
    7000
  ],
  "final_step": 7000,
  "converged": true,
  "plateau_last": 0.018049855252117684,
  "elapsed_s": 669.5216133594513,
  "T_window": 128,
  "t": 5,
  "probe_strategy": "random_K_subsets",
  "probe_K": 16,
  "arch": "subset_encoder",
  "seed": 42,
  "k_pos": 100,
  "k_win": 500,
  "layer": 13,
  "run_id": "phase5b_subset_encoder_T128_t5__seed42"
}