{
  "loss": [
    214885.84375,
    89787.578125,
    83385.71875,
    78705.3671875,
    76976.3515625,
    74810.78125,
    74743.2890625,
    74360.3984375,
    72534.5390625,
    72104.3515625,
    72486.3203125,
    71378.046875,
    71631.96875,
    70827.3828125,
    71517.734375,
    70397.1796875,
    70228.078125,
    70765.65625
  ],
  "l0": [
    500.0,
    494.2958984375,
    496.005859375,
    492.8330078125,
    494.7998046875,
    493.50390625,
    495.15625,
    494.0859375,
    491.9853515625,
    491.93359375,
    493.318359375,
    492.244140625,
    491.5947265625,
    493.6171875,
    495.0283203125,
    490.9326171875,
    490.7509765625,
    493.1572265625
  ],
  "steps_logged": [
    0,
    200,
    400,
    600,
    800,
    1000,
    1200,
    1400,
    1600,
    1800,
    2000,
    2200,
    2400,
    2600,
    2800,
    3000,
    3200,
    3400
  ],
  "final_step": 3400,
  "converged": true,
  "plateau_last": 0.017768868026547965,
  "elapsed_s": 1577.343190908432,
  "T_max": 10,
  "t_sample": 8,
  "contiguous": false,
  "shifts": [
    1,
    2,
    5
  ],
  "alpha": 1.0,
  "arch": "subseq_h8",
  "seed": 42,
  "k_pos": 100,
  "k_win": 500,
  "layer": 13,
  "run_id": "phase5b_subseq_h8_t10_s8_k500__seed42"
}