{
  "loss": [
    79204.9609375,
    8332.583984375,
    6858.85107421875,
    6185.5546875,
    5716.73583984375,
    5452.3525390625,
    5463.638671875,
    5414.89013671875,
    5274.78857421875,
    5239.08056640625,
    5072.0673828125,
    5059.236328125,
    4968.98388671875,
    4936.5,
    4864.69384765625,
    4806.59130859375,
    4783.98046875,
    4726.72998046875,
    4674.80322265625,
    4651.63037109375,
    4566.30615234375,
    4547.8798828125,
    4488.8291015625,
    4473.01513671875,
    4447.19921875,
    4475.91796875,
    4462.64013671875,
    4406.61572265625,
    4408.48779296875,
    4385.09912109375
  ],
  "l0": [
    440.1171875,
    367.673828125,
    374.4228515625,
    379.234375,
    383.8251953125,
    389.771484375,
    391.533203125,
    393.3232421875,
    394.4267578125,
    395.087890625,
    397.099609375,
    399.0283203125,
    399.1796875,
    401.4853515625,
    401.5146484375,
    403.7646484375,
    404.2978515625,
    405.529296875,
    405.796875,
    406.6162109375,
    405.443359375,
    406.5771484375,
    408.8076171875,
    407.8564453125,
    406.4111328125,
    406.90234375,
    407.5849609375,
    406.8388671875,
    407.330078125,
    408.515625
  ],
  "steps_logged": [
    0,
    200,
    400,
    600,
    800,
    1000,
    1200,
    1400,
    1600,
    1800,
    2000,
    2200,
    2400,
    2600,
    2800,
    3000,
    3200,
    3400,
    3600,
    3800,
    4000,
    4200,
    4400,
    4600,
    4800,
    5000,
    5200,
    5400,
    5600,
    5800
  ],
  "final_step": 5800,
  "converged": true,
  "plateau_last": 0.017069876685905958,
  "elapsed_s": 353.37948870658875,
  "L_max": 128,
  "t_sample": 5,
  "pos_mode": "sinusoidal",
  "use_pos": true,
  "arch": "token_subseq",
  "seed": 42,
  "k_pos": 100,
  "layer": 13,
  "run_id": "phase5b_token_subseq_sinusoidal__seed42"
}