{
  "loss": [
    218050.40625,
    89314.375,
    83238.046875,
    78626.2890625,
    76929.390625,
    74882.1484375,
    74649.296875,
    74366.40625,
    72380.6015625,
    71823.9296875,
    72146.0,
    70970.34375,
    71289.3828125,
    70290.1796875,
    70910.6484375,
    69820.59375,
    69342.4765625,
    69962.8984375,
    69221.3828125,
    68748.484375,
    68034.9765625,
    69867.3359375
  ],
  "l0": [
    500.0,
    493.4345703125,
    495.65625,
    492.6875,
    493.806640625,
    492.8046875,
    494.234375,
    493.818359375,
    491.78125,
    491.0380859375,
    492.99609375,
    491.4091796875,
    491.0341796875,
    492.6552734375,
    494.5,
    489.658203125,
    489.482421875,
    493.046875,
    492.7890625,
    489.0712890625,
    489.07421875,
    492.27734375
  ],
  "steps_logged": [
    0,
    200,
    400,
    600,
    800,
    1000,
    1200,
    1400,
    1600,
    1800,
    2000,
    2200,
    2400,
    2600,
    2800,
    3000,
    3200,
    3400,
    3600,
    3800,
    4000,
    4200
  ],
  "final_step": 4200,
  "converged": true,
  "plateau_last": 0.01654528319576145,
  "elapsed_s": 2032.4002027511597,
  "T_max": 10,
  "t_sample": 10,
  "contiguous": false,
  "shifts": [
    1,
    2,
    5
  ],
  "alpha": 1.0,
  "arch": "subseq_h8",
  "seed": 42,
  "k_pos": 100,
  "k_win": 500,
  "layer": 13,
  "run_id": "phase5b_subseq_h8_t10_s10_k500__seed42"
}