{
  "loss": [
    38409.734375,
    11223.650390625,
    10008.083984375,
    9350.619140625,
    8873.19140625,
    8482.5400390625,
    8181.00390625,
    8118.80029296875,
    7812.99365234375,
    7751.734375,
    7593.265625,
    7454.87646484375,
    7284.8369140625,
    7439.2861328125,
    7185.30224609375,
    7258.59716796875,
    7032.0556640625,
    6996.29833984375,
    6965.2392578125,
    7027.625,
    6971.859375,
    6989.484375,
    6898.53271484375,
    6872.4296875
  ],
  "l0": [
    500.0,
    498.47265625,
    496.927734375,
    497.2900390625,
    495.6318359375,
    492.9482421875,
    493.1708984375,
    496.5078125,
    492.34375,
    492.796875,
    492.822265625,
    492.2060546875,
    492.41015625,
    494.638671875,
    493.736328125,
    494.822265625,
    489.9638671875,
    492.20703125,
    490.2666015625,
    491.3935546875,
    490.9189453125,
    493.90625,
    492.3525390625,
    491.1689453125
  ],
  "steps_logged": [
    0,
    200,
    400,
    600,
    800,
    1000,
    1200,
    1400,
    1600,
    1800,
    2000,
    2200,
    2400,
    2600,
    2800,
    3000,
    3200,
    3400,
    3600,
    3800,
    4000,
    4200,
    4400,
    4600
  ],
  "final_step": 4600,
  "converged": true,
  "plateau_last": 0.01911990584764363,
  "elapsed_s": 372.4054169654846,
  "T_eff": 5,
  "stride": 2,
  "arch": "strided_track2",
  "seed": 42,
  "k_pos": 100,
  "k_win": 500,
  "layer": 13,
  "run_id": "phase5b_strided_track2__seed42"
}