{"mean_max_cos_sim":0.49125903844833374,"_wandb":{"runtime":156},"_runtime":156.762697809,"step":79999,"loss":0.007217010483145714,"auc":0.4926530612244897,"recovery_90":0,"recovery_80":0.03999999910593033,"_step":79999,"_timestamp":1.7726717467317276e+09}