{"recovery_80":0,"_wandb":{"runtime":4},"window_l0":20,"recovery_90":0,"auc":0.20976870078740156,"_step":999,"_runtime":4.522833511,"loss":8.222664833068848,"l0":20,"step":999,"mean_max_cos_sim":0.20976375043392181,"_timestamp":1.7739846674904494e+09}