{"_timestamp":1.7739893731459908e+09,"_wandb":{"runtime":906},"recovery_80":0,"loss":1.9452511072158813,"l0":5,"window_l0":25,"_runtime":906.477315444,"step":64999,"_step":64999,"auc":0.4669660433070866,"recovery_90":0,"mean_max_cos_sim":0.46751296520233154}