{
  "txc_bare_antidead_t5_kwin20": {
    "arch_id": "txc_bare_antidead_t5_kwin20",
    "src_class": "TXCBareAntidead",
    "T": 5,
    "is_mlc": false,
    "n_concepts": 30,
    "pooled": {
      "n": 1813,
      "mean": 32.43207550048828,
      "abs_mean": 32.432076264795384,
      "abs_median": 24.372716903686523,
      "abs_p90": 57.59233703613281,
      "abs_p95": 73.09760131835937,
      "abs_p99": 354.81538208007777,
      "abs_max": 763.5950927734375,
      "raw_mean": 32.43207550048828,
      "raw_max": 763.5950927734375
    },
    "per_concept": {
      "harmful_content": {
        "feature_idx": 13611,
        "best_lift_train": 24.77874526497703,
        "best_act_train": 25.63318475687279,
        "n": 53,
        "mean": 25.63318634033203,
        "abs_mean": 25.63318464890966,
        "abs_median": 25.469064712524414,
        "abs_p90": 62.24544219970706,
        "abs_p95": 67.10731506347656,
        "abs_p99": 74.99185028076171,
        "abs_max": 76.26459503173828,
        "raw_mean": 25.63318634033203,
        "raw_max": 76.26459503173828
      },
      "deception": {
        "feature_idx": 18210,
        "best_lift_train": 23.547016138300705,
        "best_act_train": 24.371455033620197,
        "n": 48,
        "mean": 24.3714542388916,
        "abs_mean": 24.37145471572876,
        "abs_median": 26.62052822113037,
        "abs_p90": 45.88830261230469,
        "abs_p95": 48.69188842773437,
        "abs_p99": 50.09205837249756,
        "abs_max": 50.55487060546875,
        "raw_mean": 24.3714542388916,
        "raw_max": 50.55487060546875
      },
      "refusal_pattern": {
        "feature_idx": 17019,
        "best_lift_train": 33.75570149377826,
        "best_act_train": 123.54987250434027,
        "n": 45,
        "mean": 123.54988098144531,
        "abs_mean": 123.54987508985731,
        "abs_median": 0.0,
        "abs_p90": 583.8000366210943,
        "abs_p95": 753.5638671875,
        "abs_p99": 762.5572094726563,
        "abs_max": 763.5950927734375,
        "raw_mean": 123.54988098144531,
        "raw_max": 763.5950927734375
      },
      "helpfulness_marker": {
        "feature_idx": 2144,
        "best_lift_train": 17.82174354647271,
        "best_act_train": 19.117624676416792,
        "n": 63,
        "mean": 19.117626190185547,
        "abs_mean": 19.117624615866042,
        "abs_median": 0.0,
        "abs_p90": 54.722416687011716,
        "abs_p95": 54.935014724731445,
        "abs_p99": 61.165338973999035,
        "abs_max": 63.79155731201172,
        "raw_mean": 19.117626190185547,
        "raw_max": 63.79155731201172
      },
      "jailbreak_pattern": {
        "feature_idx": 5827,
        "best_lift_train": 11.817962819470502,
        "best_act_train": 20.743814402613147,
        "n": 58,
        "mean": 20.74381446838379,
        "abs_mean": 20.743814731466358,
        "abs_median": 0.0,
        "abs_p90": 72.20805740356457,
        "abs_p95": 114.86713676452636,
        "abs_p99": 117.23231719970703,
        "abs_max": 118.49691772460938,
        "raw_mean": 20.74381446838379,
        "raw_max": 118.49691772460938
      },
      "medical": {
        "feature_idx": 17235,
        "best_lift_train": 24.96416322496202,
        "best_act_train": 25.824996439615884,
        "n": 45,
        "mean": 25.824996948242188,
        "abs_mean": 25.824996100531685,
        "abs_median": 29.58657455444336,
        "abs_p90": 55.38313598632814,
        "abs_p95": 68.95484161376952,
        "abs_p99": 80.05241088867189,
        "abs_max": 81.35065460205078,
        "raw_mean": 25.824996948242188,
        "raw_max": 81.35065460205078
      },
      "legal": {
        "feature_idx": 9658,
        "best_lift_train": 18.21353621982565,
        "best_act_train": 18.928541588060785,
        "n": 66,
        "mean": 18.928543090820312,
        "abs_mean": 18.928541096774016,
        "abs_median": 0.0,
        "abs_p90": 65.70781707763672,
        "abs_p95": 73.4167709350586,
        "abs_p99": 83.29832038879391,
        "abs_max": 86.59526824951172,
        "raw_mean": 18.928543090820312,
        "raw_max": 86.59526824951172
      },
      "mathematical": {
        "feature_idx": 13816,
        "best_lift_train": 45.29307375617953,
        "best_act_train": 46.98457554408482,
        "n": 63,
        "mean": 46.98457717895508,
        "abs_mean": 46.98457693675208,
        "abs_median": 41.16692352294922,
        "abs_p90": 73.54452209472656,
        "abs_p95": 77.77063903808593,
        "abs_p99": 79.7284848022461,
        "abs_max": 80.35023498535156,
        "raw_mean": 46.98457717895508,
        "raw_max": 80.35023498535156
      },
      "programming": {
        "feature_idx": 6808,
        "best_lift_train": 30.153547091037275,
        "best_act_train": 31.711105346679688,
        "n": 50,
        "mean": 31.711109161376953,
        "abs_mean": 31.711105766296388,
        "abs_median": 35.13136291503906,
        "abs_p90": 46.35974884033203,
        "abs_p95": 47.319141960144044,
        "abs_p99": 49.27069286346435,
        "abs_max": 50.759700775146484,
        "raw_mean": 31.711109161376953,
        "raw_max": 50.759700775146484
      },
      "scientific": {
        "feature_idx": 17019,
        "best_lift_train": 16.162262344029827,
        "best_act_train": 105.95643335459184,
        "n": 49,
        "mean": 105.95643615722656,
        "abs_mean": 105.95643584582271,
        "abs_median": 0.0,
        "abs_p90": 412.81071777343845,
        "abs_p95": 717.8183349609372,
        "abs_p99": 734.9976416015625,
        "abs_max": 735.5811767578125,
        "raw_mean": 105.95643615722656,
        "raw_max": 735.5811767578125
      },
      "literary": {
        "feature_idx": 589,
        "best_lift_train": 15.265373006837436,
        "best_act_train": 22.54405881647478,
        "n": 57,
        "mean": 22.54405975341797,
        "abs_mean": 22.54405861570124,
        "abs_median": 25.473724365234375,
        "abs_p90": 43.546888732910155,
        "abs_p95": 47.2277717590332,
        "abs_p99": 51.63663543701171,
        "abs_max": 53.58634948730469,
        "raw_mean": 22.54405975341797,
        "raw_max": 53.58634948730469
      },
      "religious": {
        "feature_idx": 8798,
        "best_lift_train": 20.13096417053961,
        "best_act_train": 20.87113656130704,
        "n": 55,
        "mean": 20.871135711669922,
        "abs_mean": 20.87113689075817,
        "abs_median": 21.3634090423584,
        "abs_p90": 41.84285888671875,
        "abs_p95": 44.99030990600586,
        "abs_p99": 54.062658157348636,
        "abs_max": 54.65890884399414,
        "raw_mean": 20.871135711669922,
        "raw_max": 54.65890884399414
      },
      "financial": {
        "feature_idx": 16473,
        "best_lift_train": 15.726800731320598,
        "best_act_train": 16.27572373212394,
        "n": 59,
        "mean": 16.275724411010742,
        "abs_mean": 16.27572386143571,
        "abs_median": 0.0,
        "abs_p90": 67.82580718994141,
        "abs_p95": 75.11024932861328,
        "abs_p99": 79.65936462402344,
        "abs_max": 81.09317779541016,
        "raw_mean": 16.275724411010742,
        "raw_max": 81.09317779541016
      },
      "historical": {
        "feature_idx": 8037,
        "best_lift_train": 28.589762529211853,
        "best_act_train": 29.575616409529502,
        "n": 67,
        "mean": 29.57561492919922,
        "abs_mean": 29.575616238722162,
        "abs_median": 28.31501007080078,
        "abs_p90": 58.12775802612305,
        "abs_p95": 60.85265731811523,
        "abs_p99": 62.51329635620118,
        "abs_max": 63.78922653198242,
        "raw_mean": 29.57561492919922,
        "raw_max": 63.78922653198242
      },
      "geographical": {
        "feature_idx": 12360,
        "best_lift_train": 37.77224720223997,
        "best_act_train": 39.19865015933388,
        "n": 57,
        "mean": 39.19865036010742,
        "abs_mean": 39.198649757786804,
        "abs_median": 42.54418182373047,