{"auc":0.18343996062992124,"_runtime":13.773361067,"mean_max_cos_sim":0.18329796195030212,"recovery_90":0,"recovery_80":0,"_step":999,"window_l0":25,"_timestamp":1.773984528010964e+09,"step":999,"l0":5,"_wandb":{"runtime":13},"loss":6.379615306854248}