{
  "config": {
    "num_features": 20,
    "hidden_dim": 40,
    "seq_len": 64,
    "pi": [
      0.5,
      0.5,
      0.5,
      0.5,
      0.5,
      0.5,
      0.5,
      0.5,
      0.5,
      0.5,
      0.5,
      0.5,
      0.5,
      0.5,
      0.5,
      0.5,
      0.5,
      0.5,
      0.5,
      0.5
    ],
    "rho": [
      0.0,
      0.0,
      0.0,
      0.0,
      0.3,
      0.3,
      0.3,
      0.3,
      0.5,
      0.5,
      0.5,
      0.5,
      0.7,
      0.7,
      0.7,
      0.7,
      0.9,
      0.9,
      0.9,
      0.9
    ],
    "dict_width": 40,
    "k_values": [
      3,
      5,
      8,
      10
    ],
    "bottleneck_values": [
      1,
      2,
      5,
      10
    ],
    "bottleneck_nheads": 4,
    "nheads_values": [
      1,
      2,
      4
    ],
    "nheads_bf": 1,
    "sae_total_steps": 30000,
    "tfa_total_steps": 30000,
    "seed": 42
  },
  "sae_results": {
    "3": {
      "nmse": 0.2202268136202433,
      "l0": 3.0
    },
    "5": {
      "nmse": 0.1427950983835386,
      "l0": 5.0
    },
    "8": {
      "nmse": 0.06778397766610439,
      "l0": 8.0
    },
    "10": {
      "nmse": 0.031773020224528915,
      "l0": 10.0
    }
  },
  "tfa_results": {
    "nh4_bf1": {
      "3": {
        "tfa": {
          "nmse": 0.07400453242611255,
          "novel_l0": 3.0,
          "total_l0": 22.2858046875,
          "pred_energy_frac": 0.9563634251890506
        },
        "tfa_shuf": {
          "nmse": 0.09010079499508858,
          "novel_l0": 3.0,
          "total_l0": 17.5419921875,
          "pred_energy_frac": 0.9343713806356755
        },
        "sae_nmse": 0.2202268136202433,
        "shuf_tfa_ratio": 1.2175037398560262,
        "temporal_frac": 0.11008077864416552,
        "arch_frac": 0.8899192213558345
      },
      "5": {
        "tfa": {
          "nmse": 0.04088316685734589,
          "novel_l0": 5.0,
          "total_l0": 23.2217265625,
          "pred_energy_frac": 0.9580664278223485
        },
        "tfa_shuf": {
          "nmse": 0.052666187113541464,
          "novel_l0": 5.0,
          "total_l0": 19.829515625,
          "pred_energy_frac": 0.9542284625545164
        },
        "sae_nmse": 0.1427950983835386,
        "shuf_tfa_ratio": 1.2882120237238521,
        "temporal_frac": 0.11561963432286812,
        "arch_frac": 0.8843803656771319
      },
      "8": {
        "tfa": {
          "nmse": 0.013513829809001579,
          "novel_l0": 8.0,
          "total_l0": 23.6216015625,
          "pred_energy_frac": 0.9446599709253062
        },
        "tfa_shuf": {
          "nmse": 0.017918375405503256,
          "novel_l0": 8.0,
          "total_l0": 22.5198125,
          "pred_energy_frac": 0.9333777620313651
        },
        "sae_nmse": 0.06778397766610439,
        "shuf_tfa_ratio": 1.3259287454965434,
        "temporal_frac": 0.0811596387778261,
        "arch_frac": 0.9188403612221739
      },
      "10": {
        "tfa": {
          "nmse": 0.004723750174776427,
          "novel_l0": 10.0,
          "total_l0": 24.5893125,
          "pred_energy_frac": 0.9214038486437636
        },
        "tfa_shuf": {
          "nmse": 0.0055842334923115865,
          "novel_l0": 10.0,
          "total_l0": 23.527984375,
          "pred_energy_frac": 0.925040184485088
        },
        "sae_nmse": 0.031773020224528915,
        "shuf_tfa_ratio": 1.182161055453337,
        "temporal_frac": 0.03181170197763,
        "arch_frac": 0.9681882980223699
      }
    },
    "nh4_bf2": {
      "3": {
        "tfa": {
          "nmse": 0.08700215264671007,
          "novel_l0": 3.0,
          "total_l0": 20.2200078125,
          "pred_energy_frac": 0.9364119981338391
        },
        "tfa_shuf": {
          "nmse": 0.09802171167870427,
          "novel_l0": 3.0,
          "total_l0": 16.9488984375,
          "pred_energy_frac": 0.9187133753448123
        },
        "sae_nmse": 0.2202268136202433,
        "shuf_tfa_ratio": 1.1266584641502073,
        "temporal_frac": 0.08271410826996492,
        "arch_frac": 0.917285891730035
      },
      "5": {
        "tfa": {
          "nmse": 0.05733595785485098,
          "novel_l0": 5.0,
          "total_l0": 21.05190625,
          "pred_energy_frac": 0.9588545345371953
        },
        "tfa_shuf": {
          "nmse": 0.060880586744202964,
          "novel_l0": 5.0,
          "total_l0": 19.759171875,
          "pred_energy_frac": 0.9517699553729606
        },
        "sae_nmse": 0.1427950983835386,
        "shuf_tfa_ratio": 1.0618220924873252,
        "temporal_frac": 0.04147746943654427,
        "arch_frac": 0.9585225305634557
      },
      "8": {
        "tfa": {
          "nmse": 0.01841389596399125,
          "novel_l0": 8.0,
          "total_l0": 21.51434375,
          "pred_energy_frac": 0.9469653259071159
        },
        "tfa_shuf": {
          "nmse": 0.01834441060927276,
          "novel_l0": 8.0,
          "total_l0": 22.2498984375,
          "pred_energy_frac": 0.9318654299530414
        },
        "sae_nmse": 0.06778397766610439,
        "shuf_tfa_ratio": 0.9962264718528674,
        "temporal_frac": -0.0014074385199066351,
        "arch_frac": 1.0014074385199065
      },
      "10": {
        "tfa": {
          "nmse": 0.006602605739077034,
          "novel_l0": 10.0,
          "total_l0": 24.2280234375,
          "pred_energy_frac": 0.9298390555626532
        },
        "tfa_shuf": {
          "nmse": 0.008622014876647197,
          "novel_l0": 10.0,
          "total_l0": 24.2664765625,
          "pred_energy_frac": 0.9284510075174669
        },
        "sae_nmse": 0.031773020224528915,
        "shuf_tfa_ratio": 1.3058503290024481,
        "temporal_frac": 0.08022947491537537,
        "arch_frac": 0.9197705250846246
      }
    },
    "nh4_bf5": {
      "3": {
        "tfa": {
          "nmse": 0.10570632242534014,
          "novel_l0": 3.0,
          "total_l0": 18.691390625,
          "pred_energy_frac": 0.9107525371233639
        },
        "tfa_shuf": {
          "nmse": 0.11107045253863519,
          "novel_l0": 3.0,
          "total_l0": 19.043421875,
          "pred_energy_frac": 0.9048966872211687
        },
        "sae_nmse": 0.2202268136202433,
        "shuf_tfa_ratio": 1.0507455939268318,
        "temporal_frac": 0.046839915348999,
        "arch_frac": 0.953160084651001
      },
      "5": {
        "tfa": {
          "nmse": 0.060799030925365226,
          "novel_l0": 5.0,
          "total_l0": 19.058421875,
          "pred_energy_frac": 0.9465594531684521
        },
        "tfa_shuf": {
          "nmse": 0.057222798122767385,
          "novel_l0": 5.0,
          "total_l0": 19.817609375,
          "pred_energy_frac": 0.9470238554361602
        },
        "sae_nmse": 0.1427950983835386,
        "shuf_tfa_ratio": 0.9411794440114037,
        "temporal_frac": -0.04361468681924406,
        "arch_frac": 1.043614686819244
      },
      "8": {
        "tfa": {
          "nmse": 0.029850069115982245,
          "novel_l0": 8.0,
          "total_l0": 14.901765625,
          "pred_energy_frac": 0.9349451724208412
        },
        "tfa_shuf": {
          "nmse": 0.01894644076727522,
          "novel_l0": 8.0,
          "total_l0": 21.6244921875,
          "pred_energy_frac": 0.929207081260812
        },
        "sae_nmse": 0.06778397766610439,
        "shuf_tfa_ratio": 0.6347201640860177,
        "temporal_frac": -0.28743751343998836,
        "arch_frac": 1.2874375134399885
      },
      "10": {
        "tfa": {
          "nmse": 0.007614289897611649,
          "novel_l0": 10.0,
          "total_l0": 17.2957578125,
          "pred_energy_frac": 0.9075831235522424
        },
        "tfa_shuf": {
          "nmse": 0.010039890615029875,
          "novel_l0": 10.0,
          "total_l0": 17.7701640625,
          "pred_energy_frac": 0.9022726398762628
        },
        "sae_nmse": 0.031773020224528915,
        "shuf_tfa_ratio": 1.31855901863929,
        "temporal_frac": 0.1004026571179389,
        "arch_frac": 0.8995973428820611
      }
    },