{
  "txc_bare_antidead_t2_kpos20": {
    "arch_id": "txc_bare_antidead_t2_kpos20",
    "src_class": "TXCBareAntidead",
    "T": 2,
    "is_mlc": false,
    "n_concepts": 30,
    "pooled": {
      "n": 2263,
      "mean": 11.925250053405762,
      "abs_mean": 11.92524986229162,
      "abs_median": 9.235176086425781,
      "abs_p90": 30.3337043762207,
      "abs_p95": 39.68056030273438,
      "abs_p99": 57.99731941223146,
      "abs_max": 83.55071258544922,
      "raw_mean": 11.925250053405762,
      "raw_max": 83.55071258544922
    },
    "per_concept": {
      "harmful_content": {
        "feature_idx": 8716,
        "best_lift_train": 13.51727711686901,
        "best_act_train": 13.983390120898976,
        "n": 68,
        "mean": 13.983388900756836,
        "abs_mean": 13.983389707172618,
        "abs_median": 8.34377145767212,
        "abs_p90": 46.388528442382814,
        "abs_p95": 57.46311874389647,
        "abs_p99": 67.99666870117186,
        "abs_max": 75.59260559082031,
        "raw_mean": 13.983388900756836,
        "raw_max": 75.59260559082031
      },
      "deception": {
        "feature_idx": 16966,
        "best_lift_train": 12.614543769505877,
        "best_act_train": 13.133455791170634,
        "n": 63,
        "mean": 13.133456230163574,
        "abs_mean": 13.133455730619884,
        "abs_median": 14.183491706848145,
        "abs_p90": 23.180687332153322,
        "abs_p95": 25.512705039978027,
        "abs_p99": 27.25719772338868,
        "abs_max": 28.551902770996094,
        "raw_mean": 13.133456230163574,
        "raw_max": 28.551902770996094
      },
      "refusal_pattern": {
        "feature_idx": 14707,
        "best_lift_train": 10.294586624400182,
        "best_act_train": 11.290364837646484,
        "n": 60,
        "mean": 11.290364265441895,
        "abs_mean": 11.290365036328634,
        "abs_median": 13.12644624710083,
        "abs_p90": 19.486721229553222,
        "abs_p95": 21.40869960784912,
        "abs_p99": 22.98284719467162,
        "abs_max": 24.610464096069336,
        "raw_mean": 11.290364265441895,
        "raw_max": 24.610464096069336
      },
      "helpfulness_marker": {
        "feature_idx": 17460,
        "best_lift_train": 7.0451442699096205,
        "best_act_train": 7.7710945422832785,
        "n": 78,
        "mean": 7.771093845367432,
        "abs_mean": 7.771094420017341,
        "abs_median": 6.985650539398193,
        "abs_p90": 18.38085784912109,
        "abs_p95": 23.372671031951903,
        "abs_p99": 27.78438301086427,
        "abs_max": 30.337528228759766,
        "raw_mean": 7.771093845367432,
        "raw_max": 30.337528228759766
      },
      "jailbreak_pattern": {
        "feature_idx": 6905,
        "best_lift_train": 5.431217606460388,
        "best_act_train": 12.766811083440912,
        "n": 73,
        "mean": 12.766810417175293,
        "abs_mean": 12.766810195086753,
        "abs_median": 0.0,
        "abs_p90": 44.6036064147949,
        "abs_p95": 66.3968551635742,
        "abs_p99": 72.2627734375,
        "abs_max": 72.77450561523438,
        "raw_mean": 12.766810417175293,
        "raw_max": 72.77450561523438
      },
      "medical": {
        "feature_idx": 16024,
        "best_lift_train": 10.917758593271813,
        "best_act_train": 11.86459477742513,
        "n": 60,
        "mean": 11.864594459533691,
        "abs_mean": 11.864594531059264,
        "abs_median": 14.229249954223633,
        "abs_p90": 22.752037811279298,
        "abs_p95": 28.90427846908569,
        "abs_p99": 35.28107200622557,
        "abs_max": 37.76057815551758,
        "raw_mean": 11.864594459533691,
        "raw_max": 37.76057815551758
      },
      "legal": {
        "feature_idx": 6905,
        "best_lift_train": 8.853256549091284,
        "best_act_train": 16.18885002607181,
        "n": 81,
        "mean": 16.18885040283203,
        "abs_mean": 16.188850296868218,
        "abs_median": 0.0,
        "abs_p90": 46.844566345214844,
        "abs_p95": 55.544212341308594,
        "abs_p99": 78.61303100585938,
        "abs_max": 80.06494140625,
        "raw_mean": 16.18885040283203,
        "raw_max": 80.06494140625
      },
      "mathematical": {
        "feature_idx": 4172,
        "best_lift_train": 16.694441877997818,
        "best_act_train": 17.847259521484375,
        "n": 78,
        "mean": 17.847257614135742,
        "abs_mean": 17.84726016338055,
        "abs_median": 18.43485736846924,
        "abs_p90": 28.55026817321777,
        "abs_p95": 31.61000661849975,
        "abs_p99": 34.46963256835937,
        "abs_max": 34.49674987792969,
        "raw_mean": 17.847257614135742,
        "raw_max": 34.49674987792969
      },
      "programming": {
        "feature_idx": 6134,
        "best_lift_train": 13.284641600431357,
        "best_act_train": 14.052399151141827,
        "n": 65,
        "mean": 14.052399635314941,
        "abs_mean": 14.052399077782264,
        "abs_median": 14.629582405090332,
        "abs_p90": 29.09046516418457,
        "abs_p95": 31.647761154174805,
        "abs_p99": 38.70027313232422,
        "abs_max": 40.82024383544922,
        "raw_mean": 14.052399635314941,
        "raw_max": 40.82024383544922
      },
      "scientific": {
        "feature_idx": 10899,
        "best_lift_train": 7.489673577049116,
        "best_act_train": 7.915275156497955,
        "n": 64,
        "mean": 7.9152750968933105,
        "abs_mean": 7.9152750968933105,
        "abs_median": 0.0,
        "abs_p90": 27.91509284973145,
        "abs_p95": 32.14956474304199,
        "abs_p99": 36.38639976501464,
        "abs_max": 38.329612731933594,
        "raw_mean": 7.9152750968933105,
        "raw_max": 38.329612731933594
      },
      "literary": {
        "feature_idx": 3962,
        "best_lift_train": 12.293234820689241,
        "best_act_train": 22.028397030300564,
        "n": 72,
        "mean": 22.028396606445312,
        "abs_mean": 22.028396765391033,
        "abs_median": 21.891857147216797,
        "abs_p90": 44.83641891479492,
        "abs_p95": 49.022732162475585,
        "abs_p99": 52.1326253128052,
        "abs_max": 55.364376068115234,
        "raw_mean": 22.028396606445312,
        "raw_max": 55.364376068115234
      },
      "religious": {
        "feature_idx": 18017,
        "best_lift_train": 6.965484428575445,
        "best_act_train": 7.222033854893276,
        "n": 70,
        "mean": 7.222033500671387,
        "abs_mean": 7.222033725466047,
        "abs_median": 0.0,
        "abs_p90": 20.07054023742676,
        "abs_p95": 24.981155490875242,
        "abs_p99": 28.77663543701172,
        "abs_max": 29.153484344482422,
        "raw_mean": 7.222033500671387,
        "raw_max": 29.153484344482422
      },
      "financial": {
        "feature_idx": 12259,
        "best_lift_train": 7.194662461035904,
        "best_act_train": 7.454077849516997,
        "n": 74,
        "mean": 7.45407772064209,
        "abs_mean": 7.454077752860817,
        "abs_median": 0.0,
        "abs_p90": 33.63970603942871,
        "abs_p95": 52.40471611022948,
        "abs_p99": 64.84971458435048,
        "abs_max": 83.55071258544922,
        "raw_mean": 7.45407772064209,
        "raw_max": 83.55071258544922
      },
      "historical": {
        "feature_idx": 4434,
        "best_lift_train": 10.493944274120938,
        "best_act_train": 10.861408803521133,
        "n": 82,
        "mean": 10.861408233642578,
        "abs_mean": 10.86140889656253,
        "abs_median": 10.983288764953613,
        "abs_p90": 23.632173728942888,
        "abs_p95": 28.661974906921394,
        "abs_p99": 45.31246276855468,
        "abs_max": 48.04330825805664,
        "raw_mean": 10.861408233642578,
        "raw_max": 48.04330825805664
      },
      "geographical": {
        "feature_idx": 16047,
        "best_lift_train": 16.833175995090066,
        "best_act_train": 17.436212009853786,
        "n": 72,
        "mean": 17.43621063232422,
        "abs_mean": 17.43621223502689,