{
  "txc_bare_antidead_t5_kpos20": {
    "arch_id": "txc_bare_antidead_t5_kpos20",
    "src_class": "TXCBareAntidead",
    "T": 5,
    "is_mlc": false,
    "n_concepts": 30,
    "pooled": {
      "n": 1813,
      "mean": 25.105989456176758,
      "abs_mean": 25.105990205492294,
      "abs_median": 21.19491958618164,
      "abs_p90": 51.41237258911133,
      "abs_p95": 60.17163085937498,
      "abs_p99": 187.63422363281177,
      "abs_max": 331.9928283691406,
      "raw_mean": 25.105989456176758,
      "raw_max": 331.9928283691406
    },
    "per_concept": {
      "harmful_content": {
        "feature_idx": 16117,
        "best_lift_train": 27.428700223176058,
        "best_act_train": 42.78308163049086,
        "n": 53,
        "mean": 42.783077239990234,
        "abs_mean": 42.783082170306514,
        "abs_median": 48.15306854248047,
        "abs_p90": 61.12653732299805,
        "abs_p95": 64.86395263671875,
        "abs_p99": 68.34684661865234,
        "abs_max": 70.2878646850586,
        "raw_mean": 42.783077239990234,
        "raw_max": 70.2878646850586
      },
      "deception": {
        "feature_idx": 16117,
        "best_lift_train": 29.35277064143194,
        "best_act_train": 44.70715204874674,
        "n": 48,
        "mean": 44.7071533203125,
        "abs_mean": 44.70715204874674,
        "abs_median": 47.61112022399902,
        "abs_p90": 62.295605468750004,
        "abs_p95": 64.88952369689942,
        "abs_p99": 69.34217041015626,
        "abs_max": 71.86634063720703,
        "raw_mean": 44.7071533203125,
        "raw_max": 71.86634063720703
      },
      "refusal_pattern": {
        "feature_idx": 5775,
        "best_lift_train": 14.982653084062306,
        "best_act_train": 59.2609619140625,
        "n": 45,
        "mean": 59.260963439941406,
        "abs_mean": 59.260961299472385,
        "abs_median": 0.0,
        "abs_p90": 280.2335266113283,
        "abs_p95": 326.3463134765625,
        "abs_p99": 331.1760998535156,
        "abs_max": 331.9928283691406,
        "raw_mean": 59.260963439941406,
        "raw_max": 331.9928283691406
      },
      "helpfulness_marker": {
        "feature_idx": 1652,
        "best_lift_train": 13.47723424454429,
        "best_act_train": 14.886207096160405,
        "n": 63,
        "mean": 14.886208534240723,
        "abs_mean": 14.886206906939309,
        "abs_median": 14.68186092376709,
        "abs_p90": 26.058180236816412,
        "abs_p95": 35.14814491271972,
        "abs_p99": 42.745266418457035,
        "abs_max": 44.08350372314453,
        "raw_mean": 14.886208534240723,
        "raw_max": 44.08350372314453
      },
      "jailbreak_pattern": {
        "feature_idx": 5012,
        "best_lift_train": 15.987651047957995,
        "best_act_train": 27.424161713698815,
        "n": 58,
        "mean": 27.42416000366211,
        "abs_mean": 27.424162322077258,
        "abs_median": 29.60149383544922,
        "abs_p90": 43.42185783386231,
        "abs_p95": 46.284593963623045,
        "abs_p99": 53.12744659423828,
        "abs_max": 55.560035705566406,
        "raw_mean": 27.42416000366211,
        "raw_max": 55.560035705566406
      },
      "medical": {
        "feature_idx": 16117,
        "best_lift_train": 21.615032858635715,
        "best_act_train": 36.96941426595052,
        "n": 45,
        "mean": 36.96941375732422,
        "abs_mean": 36.969414689805774,
        "abs_median": 40.827545166015625,
        "abs_p90": 53.022761535644534,
        "abs_p95": 54.00285110473633,
        "abs_p99": 62.45277954101563,
        "abs_max": 63.89311218261719,
        "raw_mean": 36.96941375732422,
        "raw_max": 63.89311218261719
      },
      "legal": {
        "feature_idx": 8586,
        "best_lift_train": 11.79018057435321,
        "best_act_train": 12.285839023012104,
        "n": 66,
        "mean": 12.285839080810547,
        "abs_mean": 12.285838972438466,
        "abs_median": 0.0,
        "abs_p90": 40.84305381774902,
        "abs_p95": 58.39180278778076,
        "abs_p99": 61.734292030334444,
        "abs_max": 64.90131378173828,
        "raw_mean": 12.285839080810547,
        "raw_max": 64.90131378173828
      },
      "mathematical": {
        "feature_idx": 17171,
        "best_lift_train": 35.15368065799442,
        "best_act_train": 37.74303521050347,
        "n": 63,
        "mean": 37.74303436279297,
        "abs_mean": 37.74303466554672,
        "abs_median": 40.82636260986328,
        "abs_p90": 50.89906616210938,
        "abs_p95": 52.77187957763672,
        "abs_p99": 56.500111236572266,
        "abs_max": 57.45746612548828,
        "raw_mean": 37.74303436279297,
        "raw_max": 57.45746612548828
      },
      "programming": {
        "feature_idx": 644,
        "best_lift_train": 21.042555896323176,
        "best_act_train": 22.23567886352539,
        "n": 50,
        "mean": 22.235675811767578,
        "abs_mean": 22.235678815841673,
        "abs_median": 21.39900302886963,
        "abs_p90": 41.973763656616214,
        "abs_p95": 47.51440315246581,
        "abs_p99": 54.66432247161865,
        "abs_max": 55.2080078125,
        "raw_mean": 22.235675811767578,
        "raw_max": 55.2080078125
      },
      "scientific": {
        "feature_idx": 13580,
        "best_lift_train": 9.355847039609902,
        "best_act_train": 10.85451279854288,
        "n": 49,
        "mean": 10.854512214660645,
        "abs_mean": 10.854512526064504,
        "abs_median": 0.0,
        "abs_p90": 30.37938461303711,
        "abs_p95": 34.62608566284178,
        "abs_p99": 36.86970062255858,
        "abs_max": 37.856666564941406,
        "raw_mean": 10.854512214660645,
        "raw_max": 37.856666564941406
      },
      "literary": {
        "feature_idx": 16117,
        "best_lift_train": 22.12224962338695,
        "best_act_train": 37.47663103070175,
        "n": 57,
        "mean": 37.47663116455078,
        "abs_mean": 37.47663026106985,
        "abs_median": 37.19316864013672,
        "abs_p90": 58.26543960571289,
        "abs_p95": 63.21336517333984,
        "abs_p99": 65.4115869140625,
        "abs_max": 65.987548828125,
        "raw_mean": 37.47663116455078,
        "raw_max": 65.987548828125
      },
      "religious": {
        "feature_idx": 2925,
        "best_lift_train": 8.847643866217016,
        "best_act_train": 9.197563552856446,
        "n": 55,
        "mean": 9.197564125061035,
        "abs_mean": 9.197563708912243,
        "abs_median": 9.225149154663086,
        "abs_p90": 22.969170379638676,
        "abs_p95": 27.58674354553221,
        "abs_p99": 33.96906181335449,
        "abs_max": 34.67246627807617,
        "raw_mean": 9.197564125061035,
        "raw_max": 34.67246627807617
      },
      "financial": {
        "feature_idx": 15199,
        "best_lift_train": 10.73110906746254,
        "best_act_train": 11.115568775241657,
        "n": 59,
        "mean": 11.115567207336426,
        "abs_mean": 11.115568177174714,
        "abs_median": 0.0,
        "abs_p90": 50.20744934082031,
        "abs_p95": 60.38778114318835,
        "abs_p99": 93.944704284668,
        "abs_max": 104.45655822753906,
        "raw_mean": 11.115567207336426,
        "raw_max": 104.45655822753906
      },
      "historical": {
        "feature_idx": 12721,
        "best_lift_train": 19.70189148173374,
        "best_act_train": 30.954480299309118,
        "n": 67,
        "mean": 30.95448112487793,
        "abs_mean": 30.954479559143977,
        "abs_median": 31.90172576904297,
        "abs_p90": 58.37145919799804,
        "abs_p95": 61.804412841796875,
        "abs_p99": 67.29436019897462,
        "abs_max": 67.77225494384766,
        "raw_mean": 30.95448112487793,
        "raw_max": 67.77225494384766
      },
      "geographical": {
        "feature_idx": 3594,
        "best_lift_train": 26.420932518395915,
        "best_act_train": 27.38623127184416,
        "n": 57,
        "mean": 27.38623046875,
        "abs_mean": 27.386231188188518,
        "abs_median": 25.447673797607422,