{"_runtime":5.166509331,"l0":2,"loss":2.6497161388397217,"recovery_80":0,"mean_max_cos_sim":0.3020020127296448,"_step":999,"window_l0":2,"recovery_90":0,"_timestamp":1.7739830538374104e+09,"_wandb":{"runtime":5},"step":999,"auc":0.30326530612244895}