{"step":64999,"loss":7.142801761627197,"_timestamp":1.7739917623537586e+09,"_runtime":345.697129157,"recovery_90":0.578125,"_step":64999,"auc":0.6216166338582677,"_wandb":{"runtime":345},"l0":10,"mean_max_cos_sim":0.6217931509017944,"recovery_80":0.6015625,"window_l0":10}