{"recovery_80":0,"_wandb":{"runtime":13},"step":999,"auc":0.2702040816326531,"_step":999,"mean_max_cos_sim":0.2693940997123718,"_timestamp":1.7739829627428916e+09,"_runtime":13.814191661,"window_l0":50,"recovery_90":0,"l0":10,"loss":3.132399320602417}