{"_timestamp":1.772666767009895e+09,"recovery_80":0,"auc":0.25282828282828285,"mean_max_cos_sim":0.25282540917396545,"_wandb":{"runtime":90},"step":39999,"_step":39999,"recovery_90":0,"_runtime":90.136673609,"loss":18.216341018676758}