{"recovery_80":0,"_wandb":{"runtime":12},"recovery_90":0,"mean_max_cos_sim":0.2723231315612793,"_step":999,"l0":4.800000190734863,"window_l0":24.000000953674316,"loss":0.5607894659042358,"auc":0.27224489795918366,"_runtime":12.428925844,"step":999,"_timestamp":1.7739828316476743e+09}