{"mean_max_cos_sim":0.18633437156677246,"_wandb":{"runtime":5},"step":999,"l0":10,"auc":0.1863927165354331,"loss":6.073691368103027,"window_l0":10,"recovery_90":0,"_step":999,"recovery_80":0,"_runtime":5.080238021,"_timestamp":1.77398455138366e+09}