{
  "sweep_parameter": "delta",
  "sweep_value": 0.2,
  "generator_params": [
    [
      "component_type",
      "process_name",
      "process_params"
    ],
    [
      "component_type",
      "process_name",
      "process_params"
    ],
    [
      "component_type",
      "process_name",
      "process_params"
    ]
  ],
  "transformer": {
    "final_loss": 1.0329082012176514,
    "was_loaded": false,
    "eval_resid_l2_mean": 9.044927597045898,
    "config": {
      "n_layers": 3,
      "d_model": 64,
      "n_heads": 2,
      "d_head": 32,
      "d_mlp": 256,
      "n_ctx": 128,
      "act_fn": "gelu",
      "normalization_type": "LN",
      "attention_dir": "causal",
      "default_prepend_bos": false,
      "init_mode": "gpt2",
      "initializer_range": 0.001,
      "probe_layer": 1,
      "probe_hook_name": "blocks.1.hook_resid_post",
      "extract_batch_size": 16,
      "load_if_exists": true,
      "training": {
        "steps": 20000,
        "batch_size": 128,
        "lr": 0.001,
        "data_chunks": 4,
        "data_chunk_size": 5000
      }
    }
  },
  "dense_linear": null,
  "dense_mlp": null,
  "architectures": {
    "TXC": {
      "best_single_r2": 0.13505255422649776,
      "per_component_best_r2": [
        0.13505255422649776,
        0.034665129595696564,
        0.03401473501555197
      ],
      "linear_mean_r2": 0.32735757909953705,
      "linear_per_component_r2": [
        0.6503699628712181,
        0.13806470045769037,
        0.19363807396970278
      ],
      "sae_final_loss": 21.521053314208984,
      "family": "txc",
      "config": {
        "dict_size": 64,
        "k": 1,
        "window_size": 30,
        "temporal_steps": 3000,
        "n_sequences": 1000,
        "seq_len": 128
      }
    },
    "T-SAE Paper": {
      "best_single_r2": 0.08274905330314908,
      "per_component_best_r2": [
        0.08274905330314908,
        0.018245501556936716,
        0.02336192365507317
      ],
      "linear_mean_r2": 0.17198664540620456,
      "linear_per_component_r2": [
        0.34348981139171453,
        0.07172573833162788,
        0.10074438649527129
      ],
      "sae_final_loss": 2.8259904384613037,
      "family": "tsae",
      "config": {
        "dict_size": 128,
        "k": 10,
        "group_fractions": [
          0.2,
          0.8
        ],
        "group_weights": [
          0.5,
          0.5
        ],
        "temporal_alpha": 0.1,
        "temporal": true,
        "temporal_steps": 25000,
        "lr": 0.0003,
        "n_sequences": 1000,
        "seq_len": 128
      }
    }
  },
  "cell_elapsed_sec": 1753.466964006424
}