{"_runtime":13.920267297,"step":999,"auc":0.2583673469387755,"window_l0":25,"mean_max_cos_sim":0.25977498292922974,"recovery_80":0,"_wandb":{"runtime":13},"loss":1.4564813375473022,"_timestamp":1.7739831446262567e+09,"_step":999,"recovery_90":0,"l0":5}