{"step":39999,"recovery_80":0.1599999964237213,"_timestamp":1.7726704594542215e+09,"_wandb":{"runtime":88},"auc":0.553469387755102,"mean_max_cos_sim":0.5531370639801025,"loss":7.152339935302734,"_step":39999,"recovery_90":0.11999999731779099,"_runtime":88.741865831}