{
  "model": "TXCDRv2-T5",
  "rho_values": [
    0.0,
    0.3,
    0.5,
    0.7,
    0.9
  ],
  "k_values": [
    3,
    10
  ],
  "results": {
    "0.0": [
      {
        "nmse": 0.33241642068717236,
        "novel_l0": 15.0,
        "pred_l0": 0.0,
        "total_l0": 15.0,
        "pred_energy_frac": 0.0,
        "auc": 0.5785714285714285,
        "r90": 0.0,
        "k": 3
      }
    ],
    "0.3": [
      {
        "nmse": 0.28339894464851295,
        "novel_l0": 15.0,
        "pred_l0": 0.0,
        "total_l0": 15.0,
        "pred_energy_frac": 0.0,
        "auc": 0.8693877551020408,
        "r90": 0.3499999940395355,
        "k": 3
      }
    ],
    "0.5": [
      {
        "nmse": 0.21904616726058154,
        "novel_l0": 15.0,
        "pred_l0": 0.0,
        "total_l0": 15.0,
        "pred_energy_frac": 0.0,
        "auc": 0.9897959183673469,
        "r90": 1.0,
        "k": 3
      }
    ],
    "0.7": [
      {
        "nmse": 0.14452560715284918,
        "novel_l0": 15.0,
        "pred_l0": 0.0,
        "total_l0": 15.0,
        "pred_energy_frac": 0.0,
        "auc": 0.9897959183673469,
        "r90": 1.0,
        "k": 3
      }
    ],
    "0.9": [
      {
        "nmse": 0.05631992328010991,
        "novel_l0": 14.99985,
        "pred_l0": 0.0,
        "total_l0": 14.99985,
        "pred_energy_frac": 0.0,
        "auc": 0.9581632653061224,
        "r90": 0.9000000357627869,
        "k": 3
      }
    ]
  }
}