{"l0":25,"auc":0.3607898622047244,"step":9000,"loss":2.0311474800109863,"recovery_80":0,"recovery_90":0,"_timestamp":1.773984233867996e+09,"_wandb":{"runtime":140},"_step":9000,"mean_max_cos_sim":0.3608783781528473,"_runtime":140.113918572,"window_l0":125}