{"step":79999,"loss":4.391129970550537,"recovery_80":0.7199999690055847,"recovery_90":0.6800000071525574,"mean_max_cos_sim":0.8732810020446777,"_step":79999,"_wandb":{"runtime":182},"_runtime":182.311955797,"_timestamp":1.7726715888434997e+09,"auc":0.8730612244897958}