{"auc":0.2796969696969698,"mean_max_cos_sim":0.2800673246383667,"_wandb":{"runtime":76},"_runtime":76.884322444,"recovery_90":0,"recovery_80":0,"_timestamp":1.7726684508128023e+09,"loss":24.27135467529297,"_step":39999,"step":39999}