{"_wandb":{"runtime":13},"loss":6.353246212005615,"recovery_90":0,"step":999,"l0":10,"_timestamp":1.7739844879397223e+09,"_step":999,"recovery_80":0,"_runtime":13.79211625,"mean_max_cos_sim":0.1843433976173401,"auc":0.1844242125984252,"window_l0":50}