{"recovery_90":0.009999999776482582,"auc":0.3257575757575758,"mean_max_cos_sim":0.3256013095378876,"loss":12.193204879760742,"_wandb":{"runtime":89},"recovery_80":0.009999999776482582,"_timestamp":1.7726676717828534e+09,"step":39999,"_runtime":89.033582094,"_step":39999}