{"_wandb":{"runtime":5},"loss":4.311706066131592,"_step":999,"_runtime":5.261851338,"l0":2,"window_l0":2,"mean_max_cos_sim":0.266210675239563,"recovery_80":0,"step":999,"recovery_90":0,"auc":0.2657142857142857,"_timestamp":1.7739830712254362e+09}