{"_step":39999,"step":39999,"auc":0.2371717171717172,"_runtime":89.246437061,"recovery_90":0,"_timestamp":1.7726682838528867e+09,"_wandb":{"runtime":89},"mean_max_cos_sim":0.23715053498744965,"recovery_80":0,"loss":23.178054809570312}