arm,seed,question_id,magnitude,metric,baseline,treated,paired_delta
txc_base,1,test/algebra/1082.json,8.0,gc,0.0,1.0,1.0
txc_base,1,test/algebra/109.json,8.0,gc,0.0,0.0,0.0
txc_base,1,test/algebra/1098.json,8.0,gc,0.0,0.0,0.0
txc_base,1,test/algebra/1214.json,8.0,gc,0.0,0.0,0.0
txc_base,1,test/algebra/1265.json,8.0,gc,0.0,0.0,0.0
txc_base,1,test/algebra/1282.json,8.0,gc,0.0,0.0,0.0
txc_base,1,test/algebra/1338.json,8.0,gc,0.0,0.0,0.0
txc_base,1,test/algebra/1349.json,8.0,gc,0.0,0.0,0.0
txc_base,1,test/algebra/1553.json,8.0,gc,0.0,0.0,0.0
txc_base,1,test/algebra/1934.json,8.0,gc,0.0,0.0,0.0
txc_base,1,test/algebra/1960.json,8.0,gc,0.0,0.0,0.0
txc_base,1,test/algebra/2043.json,8.0,gc,1.0,1.0,0.0
txc_base,1,test/algebra/2046.json,8.0,gc,0.0,0.0,0.0
txc_base,1,test/algebra/2159.json,8.0,gc,1.0,1.0,0.0
txc_base,1,test/algebra/2264.json,8.0,gc,0.0,0.0,0.0
txc_base,1,test/algebra/2427.json,8.0,gc,0.0,0.0,0.0
txc_base,1,test/algebra/2430.json,8.0,gc,1.0,0.0,-1.0
txc_base,1,test/algebra/2476.json,8.0,gc,0.0,0.0,0.0
txc_base,1,test/algebra/2486.json,8.0,gc,0.0,0.0,0.0
txc_base,1,test/algebra/2570.json,8.0,gc,1.0,0.0,-1.0
txc_base,1,test/algebra/2593.json,8.0,gc,0.0,0.0,0.0
txc_base,1,test/algebra/2735.json,8.0,gc,0.0,0.0,0.0
txc_base,1,test/algebra/2779.json,8.0,gc,0.0,0.0,0.0
txc_base,1,test/algebra/297.json,8.0,gc,0.0,0.0,0.0
txc_base,1,test/algebra/425.json,8.0,gc,0.0,0.0,0.0
txc_base,1,test/algebra/634.json,8.0,gc,0.0,0.0,0.0
txc_base,1,test/algebra/661.json,8.0,gc,0.0,0.0,0.0
txc_base,1,test/algebra/769.json,8.0,gc,0.0,0.0,0.0
txc_base,1,test/algebra/824.json,8.0,gc,0.0,0.0,0.0
txc_base,1,test/algebra/892.json,8.0,gc,1.0,0.0,-1.0
txc_base,1,test/counting_and_probability/1009.json,8.0,gc,0.0,0.0,0.0
txc_base,1,test/counting_and_probability/1014.json,8.0,gc,0.0,0.0,0.0
txc_base,1,test/counting_and_probability/1060.json,8.0,gc,0.0,0.0,0.0
txc_base,1,test/counting_and_probability/119.json,8.0,gc,0.0,0.0,0.0
txc_base,1,test/counting_and_probability/25149.json,8.0,gc,0.0,0.0,0.0
txc_base,1,test/counting_and_probability/508.json,8.0,gc,0.0,0.0,0.0
txc_base,1,test/counting_and_probability/525.json,8.0,gc,0.0,1.0,1.0
txc_base,1,test/counting_and_probability/894.json,8.0,gc,0.0,1.0,1.0
txc_base,1,test/geometry/1140.json,8.0,gc,1.0,0.0,-1.0
txc_base,1,test/geometry/254.json,8.0,gc,0.0,0.0,0.0
txc_base,1,test/geometry/456.json,8.0,gc,0.0,0.0,0.0
txc_base,1,test/geometry/465.json,8.0,gc,1.0,1.0,0.0
txc_base,1,test/geometry/538.json,8.0,gc,0.0,0.0,0.0
txc_base,1,test/geometry/561.json,8.0,gc,0.0,1.0,1.0
txc_base,1,test/geometry/615.json,8.0,gc,1.0,1.0,0.0
txc_base,1,test/geometry/711.json,8.0,gc,1.0,1.0,0.0
txc_base,1,test/geometry/795.json,8.0,gc,0.0,0.0,0.0
txc_base,1,test/geometry/843.json,8.0,gc,0.0,0.0,0.0
txc_base,1,test/geometry/846.json,8.0,gc,1.0,0.0,-1.0
txc_base,1,test/intermediate_algebra/101.json,8.0,gc,0.0,1.0,1.0
txc_base,1,test/intermediate_algebra/102.json,8.0,gc,0.0,0.0,0.0
txc_base,1,test/intermediate_algebra/1354.json,8.0,gc,0.0,0.0,0.0
txc_base,1,test/intermediate_algebra/1467.json,8.0,gc,1.0,1.0,0.0
txc_base,1,test/intermediate_algebra/1555.json,8.0,gc,0.0,0.0,0.0
txc_base,1,test/intermediate_algebra/1714.json,8.0,gc,0.0,0.0,0.0
txc_base,1,test/intermediate_algebra/1779.json,8.0,gc,0.0,0.0,0.0
txc_base,1,test/intermediate_algebra/199.json,8.0,gc,1.0,1.0,0.0
txc_base,1,test/intermediate_algebra/1994.json,8.0,gc,0.0,0.0,0.0
txc_base,1,test/intermediate_algebra/2046.json,8.0,gc,0.0,2.0,2.0
txc_base,1,test/intermediate_algebra/345.json,8.0,gc,0.0,0.0,0.0
txc_base,1,test/intermediate_algebra/446.json,8.0,gc,0.0,0.0,0.0
txc_base,1,test/intermediate_algebra/47.json,8.0,gc,0.0,0.0,0.0
txc_base,1,test/intermediate_algebra/607.json,8.0,gc,1.0,1.0,0.0
txc_base,1,test/intermediate_algebra/690.json,8.0,gc,1.0,0.0,-1.0
txc_base,1,test/intermediate_algebra/752.json,8.0,gc,0.0,0.0,0.0
txc_base,1,test/intermediate_algebra/894.json,8.0,gc,1.0,1.0,0.0
txc_base,1,test/number_theory/1002.json,8.0,gc,0.0,0.0,0.0
txc_base,1,test/number_theory/149.json,8.0,gc,0.0,0.0,0.0
txc_base,1,test/number_theory/515.json,8.0,gc,0.0,0.0,0.0
txc_base,1,test/prealgebra/1113.json,8.0,gc,0.0,0.0,0.0
txc_base,1,test/prealgebra/1128.json,8.0,gc,0.0,0.0,0.0
txc_base,1,test/prealgebra/1139.json,8.0,gc,0.0,1.0,1.0
txc_base,1,test/prealgebra/1238.json,8.0,gc,0.0,0.0,0.0
txc_base,1,test/prealgebra/1251.json,8.0,gc,0.0,0.0,0.0
txc_base,1,test/prealgebra/1252.json,8.0,gc,0.0,0.0,0.0
txc_base,1,test/prealgebra/1272.json,8.0,gc,0.0,0.0,0.0
txc_base,1,test/prealgebra/1423.json,8.0,gc,0.0,0.0,0.0
txc_base,1,test/prealgebra/1622.json,8.0,gc,0.0,0.0,0.0
txc_base,1,test/prealgebra/1646.json,8.0,gc,0.0,1.0,1.0
txc_base,1,test/prealgebra/1787.json,8.0,gc,0.0,0.0,0.0
txc_base,1,test/prealgebra/1834.json,8.0,gc,0.0,0.0,0.0
txc_base,1,test/prealgebra/1922.json,8.0,gc,0.0,0.0,0.0
txc_base,1,test/prealgebra/1961.json,8.0,gc,0.0,0.0,0.0
txc_base,1,test/prealgebra/2019.json,8.0,gc,0.0,0.0,0.0
txc_base,1,test/prealgebra/2066.json,8.0,gc,0.0,0.0,0.0
txc_base,1,test/prealgebra/505.json,8.0,gc,0.0,0.0,0.0
txc_base,1,test/prealgebra/65.json,8.0,gc,0.0,0.0,0.0
txc_base,1,test/prealgebra/996.json,8.0,gc,0.0,0.0,0.0
txc_base,1,test/precalculus/1082.json,8.0,gc,1.0,1.0,0.0
txc_base,1,test/precalculus/1105.json,8.0,gc,0.0,1.0,1.0
txc_base,1,test/precalculus/1199.json,8.0,gc,1.0,0.0,-1.0
txc_base,1,test/precalculus/1303.json,8.0,gc,0.0,0.0,0.0
txc_base,1,test/precalculus/398.json,8.0,gc,1.0,2.0,1.0
txc_base,1,test/precalculus/43.json,8.0,gc,0.0,0.0,0.0
txc_base,1,test/precalculus/541.json,8.0,gc,0.0,0.0,0.0
txc_base,1,test/precalculus/580.json,8.0,gc,0.0,0.0,0.0
txc_base,1,test/precalculus/779.json,8.0,gc,0.0,0.0,0.0
txc_base,1,test/precalculus/927.json,8.0,gc,2.0,0.0,-2.0
txc_base,1,test/precalculus/96.json,8.0,gc,1.0,1.0,0.0
txc_base,1,test/precalculus/986.json,8.0,gc,0.0,1.0,1.0
txc_base,1,test/algebra/1082.json,8.0,coherent_gc,0.0,1.0,1.0
txc_base,1,test/algebra/109.json,8.0,coherent_gc,0.0,0.0,0.0
txc_base,1,test/algebra/1098.json,8.0,coherent_gc,0.0,0.0,0.0
txc_base,1,test/algebra/1214.json,8.0,coherent_gc,0.0,0.0,0.0
txc_base,1,test/algebra/1265.json,8.0,coherent_gc,0.0,0.0,0.0
txc_base,1,test/algebra/1282.json,8.0,coherent_gc,0.0,0.0,0.0
txc_base,1,test/algebra/1338.json,8.0,coherent_gc,0.0,0.0,0.0
txc_base,1,test/algebra/1349.json,8.0,coherent_gc,0.0,0.0,0.0
txc_base,1,test/algebra/1553.json,8.0,coherent_gc,0.0,0.0,0.0
txc_base,1,test/algebra/1934.json,8.0,coherent_gc,0.0,0.0,0.0
txc_base,1,test/algebra/1960.json,8.0,coherent_gc,0.0,0.0,0.0
txc_base,1,test/algebra/2043.json,8.0,coherent_gc,1.0,1.0,0.0
txc_base,1,test/algebra/2046.json,8.0,coherent_gc,0.0,0.0,0.0
txc_base,1,test/algebra/2159.json,8.0,coherent_gc,1.0,1.0,0.0
txc_base,1,test/algebra/2264.json,8.0,coherent_gc,0.0,0.0,0.0
txc_base,1,test/algebra/2427.json,8.0,coherent_gc,0.0,0.0,0.0
txc_base,1,test/algebra/2430.json,8.0,coherent_gc,1.0,0.0,-1.0
txc_base,1,test/algebra/2476.json,8.0,coherent_gc,0.0,0.0,0.0
txc_base,1,test/algebra/2486.json,8.0,coherent_gc,0.0,0.0,0.0
txc_base,1,test/algebra/2570.json,8.0,coherent_gc,1.0,0.0,-1.0
txc_base,1,test/algebra/2593.json,8.0,coherent_gc,0.0,0.0,0.0
txc_base,1,test/algebra/2735.json,8.0,coherent_gc,0.0,0.0,0.0
txc_base,1,test/algebra/2779.json,8.0,coherent_gc,0.0,0.0,0.0
txc_base,1,test/algebra/297.json,8.0,coherent_gc,0.0,0.0,0.0
txc_base,1,test/algebra/425.json,8.0,coherent_gc,0.0,0.0,0.0
txc_base,1,test/algebra/634.json,8.0,coherent_gc,0.0,0.0,0.0
txc_base,1,test/algebra/661.json,8.0,coherent_gc,0.0,0.0,0.0
txc_base,1,test/algebra/769.json,8.0,coherent_gc,0.0,0.0,0.0
txc_base,1,test/algebra/824.json,8.0,coherent_gc,0.0,0.0,0.0
txc_base,1,test/algebra/892.json,8.0,coherent_gc,1.0,0.0,-1.0
txc_base,1,test/counting_and_probability/1009.json,8.0,coherent_gc,0.0,0.0,0.0
txc_base,1,test/counting_and_probability/1014.json,8.0,coherent_gc,0.0,0.0,0.0
txc_base,1,test/counting_and_probability/1060.json,8.0,coherent_gc,0.0,0.0,0.0
txc_base,1,test/counting_and_probability/119.json,8.0,coherent_gc,0.0,0.0,0.0
txc_base,1,test/counting_and_probability/25149.json,8.0,coherent_gc,0.0,0.0,0.0
txc_base,1,test/counting_and_probability/508.json,8.0,coherent_gc,0.0,0.0,0.0
txc_base,1,test/counting_and_probability/525.json,8.0,coherent_gc,0.0,0.0,0.0
txc_base,1,test/counting_and_probability/894.json,8.0,coherent_gc,0.0,1.0,1.0
txc_base,1,test/geometry/1140.json,8.0,coherent_gc,1.0,0.0,-1.0
txc_base,1,test/geometry/254.json,8.0,coherent_gc,0.0,0.0,0.0
txc_base,1,test/geometry/456.json,8.0,coherent_gc,0.0,0.0,0.0
txc_base,1,test/geometry/465.json,8.0,coherent_gc,1.0,1.0,0.0
txc_base,1,test/geometry/538.json,8.0,coherent_gc,0.0,0.0,0.0
txc_base,1,test/geometry/561.json,8.0,coherent_gc,0.0,1.0,1.0
txc_base,1,test/geometry/615.json,8.0,coherent_gc,1.0,1.0,0.0
txc_base,1,test/geometry/711.json,8.0,coherent_gc,1.0,1.0,0.0
txc_base,1,test/geometry/795.json,8.0,coherent_gc,0.0,0.0,0.0
txc_base,1,test/geometry/843.json,8.0,coherent_gc,0.0,0.0,0.0
txc_base,1,test/geometry/846.json,8.0,coherent_gc,1.0,0.0,-1.0
txc_base,1,test/intermediate_algebra/101.json,8.0,coherent_gc,0.0,1.0,1.0
txc_base,1,test/intermediate_algebra/102.json,8.0,coherent_gc,0.0,0.0,0.0
txc_base,1,test/intermediate_algebra/1354.json,8.0,coherent_gc,0.0,0.0,0.0
txc_base,1,test/intermediate_algebra/1467.json,8.0,coherent_gc,1.0,1.0,0.0
txc_base,1,test/intermediate_algebra/1555.json,8.0,coherent_gc,0.0,0.0,0.0
txc_base,1,test/intermediate_algebra/1714.json,8.0,coherent_gc,0.0,0.0,0.0
txc_base,1,test/intermediate_algebra/1779.json,8.0,coherent_gc,0.0,0.0,0.0
txc_base,1,test/intermediate_algebra/199.json,8.0,coherent_gc,1.0,1.0,0.0
txc_base,1,test/intermediate_algebra/1994.json,8.0,coherent_gc,0.0,0.0,0.0
txc_base,1,test/intermediate_algebra/2046.json,8.0,coherent_gc,0.0,2.0,2.0
txc_base,1,test/intermediate_algebra/345.json,8.0,coherent_gc,0.0,0.0,0.0
txc_base,1,test/intermediate_algebra/446.json,8.0,coherent_gc,0.0,0.0,0.0
txc_base,1,test/intermediate_algebra/47.json,8.0,coherent_gc,0.0,0.0,0.0
txc_base,1,test/intermediate_algebra/607.json,8.0,coherent_gc,1.0,1.0,0.0
txc_base,1,test/intermediate_algebra/690.json,8.0,coherent_gc,1.0,0.0,-1.0
txc_base,1,test/intermediate_algebra/752.json,8.0,coherent_gc,0.0,0.0,0.0
txc_base,1,test/intermediate_algebra/894.json,8.0,coherent_gc,1.0,1.0,0.0
txc_base,1,test/number_theory/1002.json,8.0,coherent_gc,0.0,0.0,0.0
txc_base,1,test/number_theory/149.json,8.0,coherent_gc,0.0,0.0,0.0
txc_base,1,test/number_theory/515.json,8.0,coherent_gc,0.0,0.0,0.0
txc_base,1,test/prealgebra/1113.json,8.0,coherent_gc,0.0,0.0,0.0
txc_base,1,test/prealgebra/1128.json,8.0,coherent_gc,0.0,0.0,0.0
txc_base,1,test/prealgebra/1139.json,8.0,coherent_gc,0.0,1.0,1.0
txc_base,1,test/prealgebra/1238.json,8.0,coherent_gc,0.0,0.0,0.0
txc_base,1,test/prealgebra/1251.json,8.0,coherent_gc,0.0,0.0,0.0
txc_base,1,test/prealgebra/1252.json,8.0,coherent_gc,0.0,0.0,0.0
txc_base,1,test/prealgebra/1272.json,8.0,coherent_gc,0.0,0.0,0.0
txc_base,1,test/prealgebra/1423.json,8.0,coherent_gc,0.0,0.0,0.0
txc_base,1,test/prealgebra/1622.json,8.0,coherent_gc,0.0,0.0,0.0
txc_base,1,test/prealgebra/1646.json,8.0,coherent_gc,0.0,1.0,1.0
txc_base,1,test/prealgebra/1787.json,8.0,coherent_gc,0.0,0.0,0.0
txc_base,1,test/prealgebra/1834.json,8.0,coherent_gc,0.0,0.0,0.0
txc_base,1,test/prealgebra/1922.json,8.0,coherent_gc,0.0,0.0,0.0
txc_base,1,test/prealgebra/1961.json,8.0,coherent_gc,0.0,0.0,0.0
txc_base,1,test/prealgebra/2019.json,8.0,coherent_gc,0.0,0.0,0.0
txc_base,1,test/prealgebra/2066.json,8.0,coherent_gc,0.0,0.0,0.0
txc_base,1,test/prealgebra/505.json,8.0,coherent_gc,0.0,0.0,0.0
txc_base,1,test/prealgebra/65.json,8.0,coherent_gc,0.0,0.0,0.0
txc_base,1,test/prealgebra/996.json,8.0,coherent_gc,0.0,0.0,0.0
txc_base,1,test/precalculus/1082.json,8.0,coherent_gc,1.0,1.0,0.0
txc_base,1,test/precalculus/1105.json,8.0,coherent_gc,0.0,1.0,1.0
txc_base,1,test/precalculus/1199.json,8.0,coherent_gc,1.0,0.0,-1.0
txc_base,1,test/precalculus/1303.json,8.0,coherent_gc,0.0,0.0,0.0
txc_base,1,test/precalculus/398.json,8.0,coherent_gc,1.0,2.0,1.0
txc_base,1,test/precalculus/43.json,8.0,coherent_gc,0.0,0.0,0.0
txc_base,1,test/precalculus/541.json,8.0,coherent_gc,0.0,0.0,0.0
txc_base,1,test/precalculus/580.json,8.0,coherent_gc,0.0,0.0,0.0
txc_base,1,test/precalculus/779.json,8.0,coherent_gc,0.0,0.0,0.0
txc_base,1,test/precalculus/927.json,8.0,coherent_gc,2.0,0.0,-2.0
txc_base,1,test/precalculus/96.json,8.0,coherent_gc,1.0,1.0,0.0
txc_base,1,test/precalculus/986.json,8.0,coherent_gc,0.0,1.0,1.0
txc_base,1,test/algebra/1082.json,8.0,coherent_bt,0.0,1.0,1.0
txc_base,1,test/algebra/109.json,8.0,coherent_bt,0.0,0.0,0.0
txc_base,1,test/algebra/1098.json,8.0,coherent_bt,0.0,0.0,0.0
txc_base,1,test/algebra/1214.json,8.0,coherent_bt,0.0,0.0,0.0
txc_base,1,test/algebra/1265.json,8.0,coherent_bt,0.0,0.0,0.0
txc_base,1,test/algebra/1282.json,8.0,coherent_bt,0.0,0.0,0.0
txc_base,1,test/algebra/1338.json,8.0,coherent_bt,0.0,0.0,0.0
txc_base,1,test/algebra/1349.json,8.0,coherent_bt,0.0,0.0,0.0
txc_base,1,test/algebra/1553.json,8.0,coherent_bt,0.0,0.0,0.0
txc_base,1,test/algebra/1934.json,8.0,coherent_bt,0.0,0.0,0.0
txc_base,1,test/algebra/1960.json,8.0,coherent_bt,0.0,0.0,0.0
txc_base,1,test/algebra/2043.json,8.0,coherent_bt,1.0,1.0,0.0
txc_base,1,test/algebra/2046.json,8.0,coherent_bt,0.0,0.0,0.0
txc_base,1,test/algebra/2159.json,8.0,coherent_bt,1.0,1.0,0.0
txc_base,1,test/algebra/2264.json,8.0,coherent_bt,0.0,0.0,0.0
txc_base,1,test/algebra/2427.json,8.0,coherent_bt,0.0,0.0,0.0
txc_base,1,test/algebra/2430.json,8.0,coherent_bt,1.0,0.0,-1.0
txc_base,1,test/algebra/2476.json,8.0,coherent_bt,0.0,0.0,0.0
txc_base,1,test/algebra/2486.json,8.0,coherent_bt,0.0,0.0,0.0
txc_base,1,test/algebra/2570.json,8.0,coherent_bt,1.0,0.0,-1.0
txc_base,1,test/algebra/2593.json,8.0,coherent_bt,0.0,0.0,0.0
txc_base,1,test/algebra/2735.json,8.0,coherent_bt,0.0,0.0,0.0
txc_base,1,test/algebra/2779.json,8.0,coherent_bt,0.0,0.0,0.0
txc_base,1,test/algebra/297.json,8.0,coherent_bt,0.0,0.0,0.0
txc_base,1,test/algebra/425.json,8.0,coherent_bt,0.0,0.0,0.0
txc_base,1,test/algebra/634.json,8.0,coherent_bt,0.0,0.0,0.0
txc_base,1,test/algebra/661.json,8.0,coherent_bt,0.0,0.0,0.0
txc_base,1,test/algebra/769.json,8.0,coherent_bt,0.0,0.0,0.0
txc_base,1,test/algebra/824.json,8.0,coherent_bt,0.0,0.0,0.0
txc_base,1,test/algebra/892.json,8.0,coherent_bt,1.0,0.0,-1.0
txc_base,1,test/counting_and_probability/1009.json,8.0,coherent_bt,0.0,0.0,0.0
txc_base,1,test/counting_and_probability/1014.json,8.0,coherent_bt,0.0,0.0,0.0
txc_base,1,test/counting_and_probability/1060.json,8.0,coherent_bt,0.0,0.0,0.0
txc_base,1,test/counting_and_probability/119.json,8.0,coherent_bt,0.0,0.0,0.0
txc_base,1,test/counting_and_probability/25149.json,8.0,coherent_bt,0.0,0.0,0.0
txc_base,1,test/counting_and_probability/508.json,8.0,coherent_bt,0.0,0.0,0.0
txc_base,1,test/counting_and_probability/525.json,8.0,coherent_bt,0.0,0.0,0.0
txc_base,1,test/counting_and_probability/894.json,8.0,coherent_bt,0.0,1.0,1.0
txc_base,1,test/geometry/1140.json,8.0,coherent_bt,1.0,0.0,-1.0
txc_base,1,test/geometry/254.json,8.0,coherent_bt,0.0,0.0,0.0
txc_base,1,test/geometry/456.json,8.0,coherent_bt,0.0,0.0,0.0
txc_base,1,test/geometry/465.json,8.0,coherent_bt,1.0,1.0,0.0
txc_base,1,test/geometry/538.json,8.0,coherent_bt,0.0,0.0,0.0
txc_base,1,test/geometry/561.json,8.0,coherent_bt,0.0,1.0,1.0
txc_base,1,test/geometry/615.json,8.0,coherent_bt,1.0,1.0,0.0
txc_base,1,test/geometry/711.json,8.0,coherent_bt,1.0,1.0,0.0
txc_base,1,test/geometry/795.json,8.0,coherent_bt,0.0,0.0,0.0
txc_base,1,test/geometry/843.json,8.0,coherent_bt,0.0,0.0,0.0
txc_base,1,test/geometry/846.json,8.0,coherent_bt,1.0,0.0,-1.0
txc_base,1,test/intermediate_algebra/101.json,8.0,coherent_bt,0.0,1.0,1.0
txc_base,1,test/intermediate_algebra/102.json,8.0,coherent_bt,0.0,0.0,0.0
txc_base,1,test/intermediate_algebra/1354.json,8.0,coherent_bt,0.0,0.0,0.0
txc_base,1,test/intermediate_algebra/1467.json,8.0,coherent_bt,1.0,1.0,0.0
txc_base,1,test/intermediate_algebra/1555.json,8.0,coherent_bt,0.0,0.0,0.0
txc_base,1,test/intermediate_algebra/1714.json,8.0,coherent_bt,0.0,0.0,0.0
txc_base,1,test/intermediate_algebra/1779.json,8.0,coherent_bt,0.0,0.0,0.0
txc_base,1,test/intermediate_algebra/199.json,8.0,coherent_bt,1.0,1.0,0.0
txc_base,1,test/intermediate_algebra/1994.json,8.0,coherent_bt,0.0,0.0,0.0
txc_base,1,test/intermediate_algebra/2046.json,8.0,coherent_bt,0.0,1.0,1.0
txc_base,1,test/intermediate_algebra/345.json,8.0,coherent_bt,0.0,0.0,0.0
txc_base,1,test/intermediate_algebra/446.json,8.0,coherent_bt,0.0,0.0,0.0
txc_base,1,test/intermediate_algebra/47.json,8.0,coherent_bt,0.0,0.0,0.0
txc_base,1,test/intermediate_algebra/607.json,8.0,coherent_bt,1.0,1.0,0.0
txc_base,1,test/intermediate_algebra/690.json,8.0,coherent_bt,1.0,0.0,-1.0
txc_base,1,test/intermediate_algebra/752.json,8.0,coherent_bt,0.0,0.0,0.0
txc_base,1,test/intermediate_algebra/894.json,8.0,coherent_bt,1.0,1.0,0.0
txc_base,1,test/number_theory/1002.json,8.0,coherent_bt,0.0,0.0,0.0
txc_base,1,test/number_theory/149.json,8.0,coherent_bt,0.0,0.0,0.0
txc_base,1,test/number_theory/515.json,8.0,coherent_bt,0.0,0.0,0.0
txc_base,1,test/prealgebra/1113.json,8.0,coherent_bt,0.0,0.0,0.0
txc_base,1,test/prealgebra/1128.json,8.0,coherent_bt,0.0,0.0,0.0
txc_base,1,test/prealgebra/1139.json,8.0,coherent_bt,0.0,1.0,1.0
txc_base,1,test/prealgebra/1238.json,8.0,coherent_bt,0.0,0.0,0.0
txc_base,1,test/prealgebra/1251.json,8.0,coherent_bt,0.0,0.0,0.0
txc_base,1,test/prealgebra/1252.json,8.0,coherent_bt,0.0,0.0,0.0
txc_base,1,test/prealgebra/1272.json,8.0,coherent_bt,0.0,0.0,0.0
txc_base,1,test/prealgebra/1423.json,8.0,coherent_bt,0.0,0.0,0.0
txc_base,1,test/prealgebra/1622.json,8.0,coherent_bt,0.0,0.0,0.0
txc_base,1,test/prealgebra/1646.json,8.0,coherent_bt,0.0,1.0,1.0
txc_base,1,test/prealgebra/1787.json,8.0,coherent_bt,0.0,0.0,0.0
txc_base,1,test/prealgebra/1834.json,8.0,coherent_bt,0.0,0.0,0.0
txc_base,1,test/prealgebra/1922.json,8.0,coherent_bt,0.0,0.0,0.0
txc_base,1,test/prealgebra/1961.json,8.0,coherent_bt,0.0,0.0,0.0
txc_base,1,test/prealgebra/2019.json,8.0,coherent_bt,0.0,0.0,0.0
txc_base,1,test/prealgebra/2066.json,8.0,coherent_bt,0.0,0.0,0.0
txc_base,1,test/prealgebra/505.json,8.0,coherent_bt,0.0,0.0,0.0
txc_base,1,test/prealgebra/65.json,8.0,coherent_bt,0.0,0.0,0.0
txc_base,1,test/prealgebra/996.json,8.0,coherent_bt,0.0,0.0,0.0
txc_base,1,test/precalculus/1082.json,8.0,coherent_bt,1.0,1.0,0.0
txc_base,1,test/precalculus/1105.json,8.0,coherent_bt,0.0,1.0,1.0
txc_base,1,test/precalculus/1199.json,8.0,coherent_bt,1.0,0.0,-1.0
txc_base,1,test/precalculus/1303.json,8.0,coherent_bt,0.0,0.0,0.0
txc_base,1,test/precalculus/398.json,8.0,coherent_bt,1.0,1.0,0.0
txc_base,1,test/precalculus/43.json,8.0,coherent_bt,0.0,0.0,0.0
txc_base,1,test/precalculus/541.json,8.0,coherent_bt,0.0,0.0,0.0
txc_base,1,test/precalculus/580.json,8.0,coherent_bt,0.0,0.0,0.0
txc_base,1,test/precalculus/779.json,8.0,coherent_bt,0.0,0.0,0.0
txc_base,1,test/precalculus/927.json,8.0,coherent_bt,1.0,0.0,-1.0
txc_base,1,test/precalculus/96.json,8.0,coherent_bt,1.0,1.0,0.0
txc_base,1,test/precalculus/986.json,8.0,coherent_bt,0.0,1.0,1.0
txc_base,1,test/algebra/1082.json,8.0,incoherent,0.0,0.0,0.0
txc_base,1,test/algebra/109.json,8.0,incoherent,0.0,0.0,0.0
txc_base,1,test/algebra/1098.json,8.0,incoherent,0.0,0.0,0.0
txc_base,1,test/algebra/1214.json,8.0,incoherent,0.0,0.0,0.0
txc_base,1,test/algebra/1265.json,8.0,incoherent,0.0,0.0,0.0
txc_base,1,test/algebra/1282.json,8.0,incoherent,0.0,0.0,0.0
txc_base,1,test/algebra/1338.json,8.0,incoherent,0.0,0.0,0.0
txc_base,1,test/algebra/1349.json,8.0,incoherent,0.0,0.0,0.0
txc_base,1,test/algebra/1553.json,8.0,incoherent,0.0,0.0,0.0
txc_base,1,test/algebra/1934.json,8.0,incoherent,0.0,0.0,0.0
txc_base,1,test/algebra/1960.json,8.0,incoherent,0.0,0.0,0.0
txc_base,1,test/algebra/2043.json,8.0,incoherent,0.0,0.0,0.0
txc_base,1,test/algebra/2046.json,8.0,incoherent,0.0,0.0,0.0
txc_base,1,test/algebra/2159.json,8.0,incoherent,0.0,0.0,0.0
txc_base,1,test/algebra/2264.json,8.0,incoherent,0.0,0.0,0.0
txc_base,1,test/algebra/2427.json,8.0,incoherent,0.0,0.0,0.0
txc_base,1,test/algebra/2430.json,8.0,incoherent,0.0,0.0,0.0
txc_base,1,test/algebra/2476.json,8.0,incoherent,0.0,0.0,0.0
txc_base,1,test/algebra/2486.json,8.0,incoherent,0.0,0.0,0.0
txc_base,1,test/algebra/2570.json,8.0,incoherent,0.0,0.0,0.0
txc_base,1,test/algebra/2593.json,8.0,incoherent,0.0,0.0,0.0
txc_base,1,test/algebra/2735.json,8.0,incoherent,0.0,0.0,0.0
txc_base,1,test/algebra/2779.json,8.0,incoherent,0.0,0.0,0.0
txc_base,1,test/algebra/297.json,8.0,incoherent,0.0,0.0,0.0
txc_base,1,test/algebra/425.json,8.0,incoherent,0.0,0.0,0.0
txc_base,1,test/algebra/634.json,8.0,incoherent,0.0,0.0,0.0
txc_base,1,test/algebra/661.json,8.0,incoherent,0.0,0.0,0.0
txc_base,1,test/algebra/769.json,8.0,incoherent,0.0,0.0,0.0
txc_base,1,test/algebra/824.json,8.0,incoherent,0.0,0.0,0.0
txc_base,1,test/algebra/892.json,8.0,incoherent,0.0,0.0,0.0
txc_base,1,test/counting_and_probability/1009.json,8.0,incoherent,0.0,0.0,0.0
txc_base,1,test/counting_and_probability/1014.json,8.0,incoherent,0.0,0.0,0.0
txc_base,1,test/counting_and_probability/1060.json,8.0,incoherent,0.0,0.0,0.0
txc_base,1,test/counting_and_probability/119.json,8.0,incoherent,0.0,0.0,0.0
txc_base,1,test/counting_and_probability/25149.json,8.0,incoherent,0.0,0.0,0.0
txc_base,1,test/counting_and_probability/508.json,8.0,incoherent,0.0,0.0,0.0
txc_base,1,test/counting_and_probability/525.json,8.0,incoherent,0.0,1.0,1.0
txc_base,1,test/counting_and_probability/894.json,8.0,incoherent,0.0,0.0,0.0
txc_base,1,test/geometry/1140.json,8.0,incoherent,0.0,0.0,0.0
txc_base,1,test/geometry/254.json,8.0,incoherent,0.0,0.0,0.0
txc_base,1,test/geometry/456.json,8.0,incoherent,0.0,0.0,0.0
txc_base,1,test/geometry/465.json,8.0,incoherent,0.0,0.0,0.0
txc_base,1,test/geometry/538.json,8.0,incoherent,0.0,0.0,0.0
txc_base,1,test/geometry/561.json,8.0,incoherent,0.0,0.0,0.0
txc_base,1,test/geometry/615.json,8.0,incoherent,0.0,0.0,0.0
txc_base,1,test/geometry/711.json,8.0,incoherent,0.0,0.0,0.0
txc_base,1,test/geometry/795.json,8.0,incoherent,0.0,0.0,0.0
txc_base,1,test/geometry/843.json,8.0,incoherent,0.0,0.0,0.0
txc_base,1,test/geometry/846.json,8.0,incoherent,0.0,1.0,1.0
txc_base,1,test/intermediate_algebra/101.json,8.0,incoherent,0.0,0.0,0.0
txc_base,1,test/intermediate_algebra/102.json,8.0,incoherent,0.0,0.0,0.0
txc_base,1,test/intermediate_algebra/1354.json,8.0,incoherent,0.0,0.0,0.0
txc_base,1,test/intermediate_algebra/1467.json,8.0,incoherent,0.0,0.0,0.0
txc_base,1,test/intermediate_algebra/1555.json,8.0,incoherent,0.0,0.0,0.0
txc_base,1,test/intermediate_algebra/1714.json,8.0,incoherent,0.0,0.0,0.0
txc_base,1,test/intermediate_algebra/1779.json,8.0,incoherent,0.0,0.0,0.0
txc_base,1,test/intermediate_algebra/199.json,8.0,incoherent,0.0,0.0,0.0
txc_base,1,test/intermediate_algebra/1994.json,8.0,incoherent,0.0,0.0,0.0
txc_base,1,test/intermediate_algebra/2046.json,8.0,incoherent,0.0,0.0,0.0
txc_base,1,test/intermediate_algebra/345.json,8.0,incoherent,0.0,0.0,0.0
txc_base,1,test/intermediate_algebra/446.json,8.0,incoherent,0.0,0.0,0.0
txc_base,1,test/intermediate_algebra/47.json,8.0,incoherent,0.0,0.0,0.0
txc_base,1,test/intermediate_algebra/607.json,8.0,incoherent,0.0,0.0,0.0
txc_base,1,test/intermediate_algebra/690.json,8.0,incoherent,0.0,1.0,1.0
txc_base,1,test/intermediate_algebra/752.json,8.0,incoherent,0.0,0.0,0.0
txc_base,1,test/intermediate_algebra/894.json,8.0,incoherent,0.0,0.0,0.0
txc_base,1,test/number_theory/1002.json,8.0,incoherent,0.0,0.0,0.0
txc_base,1,test/number_theory/149.json,8.0,incoherent,0.0,0.0,0.0
txc_base,1,test/number_theory/515.json,8.0,incoherent,0.0,0.0,0.0
txc_base,1,test/prealgebra/1113.json,8.0,incoherent,0.0,0.0,0.0
txc_base,1,test/prealgebra/1128.json,8.0,incoherent,0.0,0.0,0.0
txc_base,1,test/prealgebra/1139.json,8.0,incoherent,0.0,0.0,0.0
txc_base,1,test/prealgebra/1238.json,8.0,incoherent,0.0,0.0,0.0
txc_base,1,test/prealgebra/1251.json,8.0,incoherent,0.0,0.0,0.0
txc_base,1,test/prealgebra/1252.json,8.0,incoherent,0.0,0.0,0.0
txc_base,1,test/prealgebra/1272.json,8.0,incoherent,0.0,0.0,0.0
txc_base,1,test/prealgebra/1423.json,8.0,incoherent,0.0,0.0,0.0
txc_base,1,test/prealgebra/1622.json,8.0,incoherent,0.0,0.0,0.0
txc_base,1,test/prealgebra/1646.json,8.0,incoherent,0.0,0.0,0.0
txc_base,1,test/prealgebra/1787.json,8.0,incoherent,0.0,0.0,0.0
txc_base,1,test/prealgebra/1834.json,8.0,incoherent,0.0,0.0,0.0
txc_base,1,test/prealgebra/1922.json,8.0,incoherent,0.0,0.0,0.0
txc_base,1,test/prealgebra/1961.json,8.0,incoherent,0.0,0.0,0.0
txc_base,1,test/prealgebra/2019.json,8.0,incoherent,0.0,0.0,0.0
txc_base,1,test/prealgebra/2066.json,8.0,incoherent,0.0,0.0,0.0
txc_base,1,test/prealgebra/505.json,8.0,incoherent,0.0,0.0,0.0
txc_base,1,test/prealgebra/65.json,8.0,incoherent,0.0,0.0,0.0
txc_base,1,test/prealgebra/996.json,8.0,incoherent,0.0,0.0,0.0
txc_base,1,test/precalculus/1082.json,8.0,incoherent,0.0,0.0,0.0
txc_base,1,test/precalculus/1105.json,8.0,incoherent,0.0,0.0,0.0
txc_base,1,test/precalculus/1199.json,8.0,incoherent,0.0,1.0,1.0
txc_base,1,test/precalculus/1303.json,8.0,incoherent,0.0,0.0,0.0
txc_base,1,test/precalculus/398.json,8.0,incoherent,0.0,0.0,0.0
txc_base,1,test/precalculus/43.json,8.0,incoherent,0.0,0.0,0.0
txc_base,1,test/precalculus/541.json,8.0,incoherent,0.0,0.0,0.0
txc_base,1,test/precalculus/580.json,8.0,incoherent,0.0,0.0,0.0
txc_base,1,test/precalculus/779.json,8.0,incoherent,0.0,0.0,0.0
txc_base,1,test/precalculus/927.json,8.0,incoherent,0.0,0.0,0.0
txc_base,1,test/precalculus/96.json,8.0,incoherent,0.0,0.0,0.0
txc_base,1,test/precalculus/986.json,8.0,incoherent,0.0,0.0,0.0
txc_base,1,test/algebra/1082.json,8.0,correct,0.0,0.0,0.0
txc_base,1,test/algebra/109.json,8.0,correct,1.0,1.0,0.0
txc_base,1,test/algebra/1098.json,8.0,correct,1.0,0.0,-1.0
txc_base,1,test/algebra/1214.json,8.0,correct,1.0,1.0,0.0
txc_base,1,test/algebra/1265.json,8.0,correct,1.0,1.0,0.0
txc_base,1,test/algebra/1282.json,8.0,correct,0.0,0.0,0.0
txc_base,1,test/algebra/1338.json,8.0,correct,1.0,1.0,0.0
txc_base,1,test/algebra/1349.json,8.0,correct,0.0,0.0,0.0
txc_base,1,test/algebra/1553.json,8.0,correct,0.0,1.0,1.0
txc_base,1,test/algebra/1934.json,8.0,correct,1.0,0.0,-1.0
txc_base,1,test/algebra/1960.json,8.0,correct,1.0,1.0,0.0
txc_base,1,test/algebra/2043.json,8.0,correct,1.0,0.0,-1.0
txc_base,1,test/algebra/2046.json,8.0,correct,1.0,0.0,-1.0
txc_base,1,test/algebra/2159.json,8.0,correct,0.0,0.0,0.0
txc_base,1,test/algebra/2264.json,8.0,correct,1.0,1.0,0.0
txc_base,1,test/algebra/2427.json,8.0,correct,0.0,0.0,0.0
txc_base,1,test/algebra/2430.json,8.0,correct,0.0,0.0,0.0
txc_base,1,test/algebra/2476.json,8.0,correct,0.0,1.0,1.0
txc_base,1,test/algebra/2486.json,8.0,correct,1.0,0.0,-1.0
txc_base,1,test/algebra/2570.json,8.0,correct,1.0,1.0,0.0
txc_base,1,test/algebra/2593.json,8.0,correct,1.0,0.0,-1.0
txc_base,1,test/algebra/2735.json,8.0,correct,0.0,1.0,1.0
txc_base,1,test/algebra/2779.json,8.0,correct,1.0,1.0,0.0
txc_base,1,test/algebra/297.json,8.0,correct,0.0,0.0,0.0
txc_base,1,test/algebra/425.json,8.0,correct,1.0,1.0,0.0
txc_base,1,test/algebra/634.json,8.0,correct,0.0,0.0,0.0
txc_base,1,test/algebra/661.json,8.0,correct,1.0,1.0,0.0
txc_base,1,test/algebra/769.json,8.0,correct,1.0,1.0,0.0
txc_base,1,test/algebra/824.json,8.0,correct,1.0,1.0,0.0
txc_base,1,test/algebra/892.json,8.0,correct,0.0,0.0,0.0
txc_base,1,test/counting_and_probability/1009.json,8.0,correct,1.0,1.0,0.0
txc_base,1,test/counting_and_probability/1014.json,8.0,correct,1.0,1.0,0.0
txc_base,1,test/counting_and_probability/1060.json,8.0,correct,0.0,0.0,0.0
txc_base,1,test/counting_and_probability/119.json,8.0,correct,0.0,0.0,0.0
txc_base,1,test/counting_and_probability/25149.json,8.0,correct,1.0,0.0,-1.0
txc_base,1,test/counting_and_probability/508.json,8.0,correct,0.0,0.0,0.0
txc_base,1,test/counting_and_probability/525.json,8.0,correct,0.0,0.0,0.0
txc_base,1,test/counting_and_probability/894.json,8.0,correct,1.0,0.0,-1.0
txc_base,1,test/geometry/1140.json,8.0,correct,0.0,0.0,0.0
txc_base,1,test/geometry/254.json,8.0,correct,0.0,1.0,1.0
txc_base,1,test/geometry/456.json,8.0,correct,1.0,0.0,-1.0
txc_base,1,test/geometry/465.json,8.0,correct,0.0,0.0,0.0
txc_base,1,test/geometry/538.json,8.0,correct,0.0,0.0,0.0
txc_base,1,test/geometry/561.json,8.0,correct,0.0,0.0,0.0
txc_base,1,test/geometry/615.json,8.0,correct,0.0,0.0,0.0
txc_base,1,test/geometry/711.json,8.0,correct,0.0,0.0,0.0
txc_base,1,test/geometry/795.json,8.0,correct,0.0,0.0,0.0
txc_base,1,test/geometry/843.json,8.0,correct,1.0,0.0,-1.0
txc_base,1,test/geometry/846.json,8.0,correct,0.0,0.0,0.0
txc_base,1,test/intermediate_algebra/101.json,8.0,correct,0.0,0.0,0.0
txc_base,1,test/intermediate_algebra/102.json,8.0,correct,0.0,0.0,0.0
txc_base,1,test/intermediate_algebra/1354.json,8.0,correct,0.0,0.0,0.0
txc_base,1,test/intermediate_algebra/1467.json,8.0,correct,0.0,0.0,0.0
txc_base,1,test/intermediate_algebra/1555.json,8.0,correct,0.0,0.0,0.0
txc_base,1,test/intermediate_algebra/1714.json,8.0,correct,1.0,1.0,0.0
txc_base,1,test/intermediate_algebra/1779.json,8.0,correct,0.0,0.0,0.0
txc_base,1,test/intermediate_algebra/199.json,8.0,correct,0.0,1.0,1.0
txc_base,1,test/intermediate_algebra/1994.json,8.0,correct,0.0,0.0,0.0
txc_base,1,test/intermediate_algebra/2046.json,8.0,correct,0.0,0.0,0.0
txc_base,1,test/intermediate_algebra/345.json,8.0,correct,0.0,0.0,0.0
txc_base,1,test/intermediate_algebra/446.json,8.0,correct,0.0,0.0,0.0
txc_base,1,test/intermediate_algebra/47.json,8.0,correct,0.0,0.0,0.0
txc_base,1,test/intermediate_algebra/607.json,8.0,correct,0.0,0.0,0.0
txc_base,1,test/intermediate_algebra/690.json,8.0,correct,0.0,0.0,0.0
txc_base,1,test/intermediate_algebra/752.json,8.0,correct,0.0,1.0,1.0
txc_base,1,test/intermediate_algebra/894.json,8.0,correct,0.0,0.0,0.0
txc_base,1,test/number_theory/1002.json,8.0,correct,0.0,0.0,0.0
txc_base,1,test/number_theory/149.json,8.0,correct,0.0,0.0,0.0
txc_base,1,test/number_theory/515.json,8.0,correct,1.0,0.0,-1.0
txc_base,1,test/prealgebra/1113.json,8.0,correct,1.0,1.0,0.0
txc_base,1,test/prealgebra/1128.json,8.0,correct,0.0,0.0,0.0
txc_base,1,test/prealgebra/1139.json,8.0,correct,0.0,0.0,0.0
txc_base,1,test/prealgebra/1238.json,8.0,correct,1.0,1.0,0.0
txc_base,1,test/prealgebra/1251.json,8.0,correct,0.0,0.0,0.0
txc_base,1,test/prealgebra/1252.json,8.0,correct,1.0,0.0,-1.0
txc_base,1,test/prealgebra/1272.json,8.0,correct,1.0,1.0,0.0
txc_base,1,test/prealgebra/1423.json,8.0,correct,0.0,0.0,0.0
txc_base,1,test/prealgebra/1622.json,8.0,correct,0.0,0.0,0.0
txc_base,1,test/prealgebra/1646.json,8.0,correct,0.0,0.0,0.0
txc_base,1,test/prealgebra/1787.json,8.0,correct,1.0,1.0,0.0
txc_base,1,test/prealgebra/1834.json,8.0,correct,0.0,1.0,1.0
txc_base,1,test/prealgebra/1922.json,8.0,correct,0.0,0.0,0.0
txc_base,1,test/prealgebra/1961.json,8.0,correct,0.0,1.0,1.0
txc_base,1,test/prealgebra/2019.json,8.0,correct,1.0,1.0,0.0
txc_base,1,test/prealgebra/2066.json,8.0,correct,0.0,1.0,1.0
txc_base,1,test/prealgebra/505.json,8.0,correct,1.0,0.0,-1.0
txc_base,1,test/prealgebra/65.json,8.0,correct,0.0,0.0,0.0
txc_base,1,test/prealgebra/996.json,8.0,correct,0.0,0.0,0.0
txc_base,1,test/precalculus/1082.json,8.0,correct,0.0,0.0,0.0
txc_base,1,test/precalculus/1105.json,8.0,correct,0.0,1.0,1.0
txc_base,1,test/precalculus/1199.json,8.0,correct,0.0,0.0,0.0
txc_base,1,test/precalculus/1303.json,8.0,correct,0.0,0.0,0.0
txc_base,1,test/precalculus/398.json,8.0,correct,0.0,0.0,0.0
txc_base,1,test/precalculus/43.json,8.0,correct,0.0,1.0,1.0
txc_base,1,test/precalculus/541.json,8.0,correct,0.0,0.0,0.0
txc_base,1,test/precalculus/580.json,8.0,correct,0.0,0.0,0.0
txc_base,1,test/precalculus/779.json,8.0,correct,1.0,1.0,0.0
txc_base,1,test/precalculus/927.json,8.0,correct,0.0,0.0,0.0
txc_base,1,test/precalculus/96.json,8.0,correct,0.0,0.0,0.0
txc_base,1,test/precalculus/986.json,8.0,correct,0.0,0.0,0.0
txc_base,2,test/algebra/1082.json,4.0,gc,0.0,0.0,0.0
txc_base,2,test/algebra/109.json,4.0,gc,0.0,0.0,0.0
txc_base,2,test/algebra/1098.json,4.0,gc,0.0,0.0,0.0
txc_base,2,test/algebra/1214.json,4.0,gc,0.0,0.0,0.0
txc_base,2,test/algebra/1265.json,4.0,gc,0.0,0.0,0.0
txc_base,2,test/algebra/1282.json,4.0,gc,0.0,1.0,1.0
txc_base,2,test/algebra/1338.json,4.0,gc,0.0,0.0,0.0
txc_base,2,test/algebra/1349.json,4.0,gc,0.0,0.0,0.0
txc_base,2,test/algebra/1553.json,4.0,gc,0.0,0.0,0.0
txc_base,2,test/algebra/1934.json,4.0,gc,0.0,0.0,0.0
txc_base,2,test/algebra/1960.json,4.0,gc,0.0,0.0,0.0
txc_base,2,test/algebra/2043.json,4.0,gc,1.0,1.0,0.0
txc_base,2,test/algebra/2046.json,4.0,gc,0.0,0.0,0.0
txc_base,2,test/algebra/2159.json,4.0,gc,1.0,0.0,-1.0
txc_base,2,test/algebra/2264.json,4.0,gc,0.0,0.0,0.0
txc_base,2,test/algebra/2427.json,4.0,gc,0.0,0.0,0.0
txc_base,2,test/algebra/2430.json,4.0,gc,1.0,0.0,-1.0
txc_base,2,test/algebra/2476.json,4.0,gc,0.0,0.0,0.0
txc_base,2,test/algebra/2486.json,4.0,gc,0.0,0.0,0.0
txc_base,2,test/algebra/2570.json,4.0,gc,1.0,0.0,-1.0
txc_base,2,test/algebra/2593.json,4.0,gc,0.0,0.0,0.0
txc_base,2,test/algebra/2735.json,4.0,gc,0.0,0.0,0.0
txc_base,2,test/algebra/2779.json,4.0,gc,0.0,0.0,0.0
txc_base,2,test/algebra/297.json,4.0,gc,0.0,0.0,0.0
txc_base,2,test/algebra/425.json,4.0,gc,0.0,0.0,0.0
txc_base,2,test/algebra/634.json,4.0,gc,0.0,0.0,0.0
txc_base,2,test/algebra/661.json,4.0,gc,0.0,0.0,0.0
txc_base,2,test/algebra/769.json,4.0,gc,0.0,0.0,0.0
txc_base,2,test/algebra/824.json,4.0,gc,0.0,0.0,0.0
txc_base,2,test/algebra/892.json,4.0,gc,1.0,1.0,0.0
txc_base,2,test/counting_and_probability/1009.json,4.0,gc,0.0,0.0,0.0
txc_base,2,test/counting_and_probability/1014.json,4.0,gc,0.0,0.0,0.0
txc_base,2,test/counting_and_probability/1060.json,4.0,gc,0.0,0.0,0.0
txc_base,2,test/counting_and_probability/119.json,4.0,gc,0.0,0.0,0.0
txc_base,2,test/counting_and_probability/25149.json,4.0,gc,0.0,0.0,0.0
txc_base,2,test/counting_and_probability/508.json,4.0,gc,0.0,0.0,0.0
txc_base,2,test/counting_and_probability/525.json,4.0,gc,0.0,2.0,2.0
txc_base,2,test/counting_and_probability/894.json,4.0,gc,0.0,1.0,1.0
txc_base,2,test/geometry/1140.json,4.0,gc,1.0,1.0,0.0
txc_base,2,test/geometry/254.json,4.0,gc,0.0,0.0,0.0
txc_base,2,test/geometry/456.json,4.0,gc,0.0,0.0,0.0
txc_base,2,test/geometry/465.json,4.0,gc,1.0,1.0,0.0
txc_base,2,test/geometry/538.json,4.0,gc,0.0,0.0,0.0
txc_base,2,test/geometry/561.json,4.0,gc,0.0,2.0,2.0
txc_base,2,test/geometry/615.json,4.0,gc,1.0,0.0,-1.0
txc_base,2,test/geometry/711.json,4.0,gc,1.0,2.0,1.0
txc_base,2,test/geometry/795.json,4.0,gc,0.0,1.0,1.0
txc_base,2,test/geometry/843.json,4.0,gc,0.0,0.0,0.0
txc_base,2,test/geometry/846.json,4.0,gc,1.0,0.0,-1.0
txc_base,2,test/intermediate_algebra/101.json,4.0,gc,0.0,0.0,0.0
txc_base,2,test/intermediate_algebra/102.json,4.0,gc,0.0,0.0,0.0
txc_base,2,test/intermediate_algebra/1354.json,4.0,gc,0.0,1.0,1.0
txc_base,2,test/intermediate_algebra/1467.json,4.0,gc,1.0,1.0,0.0
txc_base,2,test/intermediate_algebra/1555.json,4.0,gc,0.0,0.0,0.0
txc_base,2,test/intermediate_algebra/1714.json,4.0,gc,0.0,0.0,0.0
txc_base,2,test/intermediate_algebra/1779.json,4.0,gc,0.0,0.0,0.0
txc_base,2,test/intermediate_algebra/199.json,4.0,gc,1.0,1.0,0.0
txc_base,2,test/intermediate_algebra/1994.json,4.0,gc,0.0,0.0,0.0
txc_base,2,test/intermediate_algebra/2046.json,4.0,gc,0.0,3.0,3.0
txc_base,2,test/intermediate_algebra/345.json,4.0,gc,0.0,2.0,2.0
txc_base,2,test/intermediate_algebra/446.json,4.0,gc,0.0,0.0,0.0
txc_base,2,test/intermediate_algebra/47.json,4.0,gc,0.0,0.0,0.0
txc_base,2,test/intermediate_algebra/607.json,4.0,gc,1.0,0.0,-1.0
txc_base,2,test/intermediate_algebra/690.json,4.0,gc,1.0,1.0,0.0
txc_base,2,test/intermediate_algebra/752.json,4.0,gc,0.0,0.0,0.0
txc_base,2,test/intermediate_algebra/894.json,4.0,gc,1.0,1.0,0.0
txc_base,2,test/number_theory/1002.json,4.0,gc,0.0,0.0,0.0
txc_base,2,test/number_theory/149.json,4.0,gc,0.0,0.0,0.0
txc_base,2,test/number_theory/515.json,4.0,gc,0.0,0.0,0.0
txc_base,2,test/prealgebra/1113.json,4.0,gc,0.0,0.0,0.0
txc_base,2,test/prealgebra/1128.json,4.0,gc,0.0,0.0,0.0
txc_base,2,test/prealgebra/1139.json,4.0,gc,0.0,1.0,1.0
txc_base,2,test/prealgebra/1238.json,4.0,gc,0.0,0.0,0.0
txc_base,2,test/prealgebra/1251.json,4.0,gc,0.0,0.0,0.0
txc_base,2,test/prealgebra/1252.json,4.0,gc,0.0,0.0,0.0
txc_base,2,test/prealgebra/1272.json,4.0,gc,0.0,0.0,0.0
txc_base,2,test/prealgebra/1423.json,4.0,gc,0.0,0.0,0.0
txc_base,2,test/prealgebra/1622.json,4.0,gc,0.0,0.0,0.0
txc_base,2,test/prealgebra/1646.json,4.0,gc,0.0,1.0,1.0
txc_base,2,test/prealgebra/1787.json,4.0,gc,0.0,0.0,0.0
txc_base,2,test/prealgebra/1834.json,4.0,gc,0.0,0.0,0.0
txc_base,2,test/prealgebra/1922.json,4.0,gc,0.0,0.0,0.0
txc_base,2,test/prealgebra/1961.json,4.0,gc,0.0,0.0,0.0
txc_base,2,test/prealgebra/2019.json,4.0,gc,0.0,0.0,0.0
txc_base,2,test/prealgebra/2066.json,4.0,gc,0.0,0.0,0.0
txc_base,2,test/prealgebra/505.json,4.0,gc,0.0,0.0,0.0
txc_base,2,test/prealgebra/65.json,4.0,gc,0.0,0.0,0.0
txc_base,2,test/prealgebra/996.json,4.0,gc,0.0,0.0,0.0
txc_base,2,test/precalculus/1082.json,4.0,gc,1.0,0.0,-1.0
txc_base,2,test/precalculus/1105.json,4.0,gc,0.0,1.0,1.0
txc_base,2,test/precalculus/1199.json,4.0,gc,1.0,0.0,-1.0
txc_base,2,test/precalculus/1303.json,4.0,gc,0.0,0.0,0.0
txc_base,2,test/precalculus/398.json,4.0,gc,1.0,0.0,-1.0
txc_base,2,test/precalculus/43.json,4.0,gc,0.0,0.0,0.0
txc_base,2,test/precalculus/541.json,4.0,gc,0.0,0.0,0.0
txc_base,2,test/precalculus/580.json,4.0,gc,0.0,0.0,0.0
txc_base,2,test/precalculus/779.json,4.0,gc,0.0,0.0,0.0
txc_base,2,test/precalculus/927.json,4.0,gc,2.0,1.0,-1.0
txc_base,2,test/precalculus/96.json,4.0,gc,1.0,0.0,-1.0
txc_base,2,test/precalculus/986.json,4.0,gc,0.0,1.0,1.0
txc_base,2,test/algebra/1082.json,4.0,coherent_gc,0.0,0.0,0.0
txc_base,2,test/algebra/109.json,4.0,coherent_gc,0.0,0.0,0.0
txc_base,2,test/algebra/1098.json,4.0,coherent_gc,0.0,0.0,0.0
txc_base,2,test/algebra/1214.json,4.0,coherent_gc,0.0,0.0,0.0
txc_base,2,test/algebra/1265.json,4.0,coherent_gc,0.0,0.0,0.0
txc_base,2,test/algebra/1282.json,4.0,coherent_gc,0.0,1.0,1.0
txc_base,2,test/algebra/1338.json,4.0,coherent_gc,0.0,0.0,0.0
txc_base,2,test/algebra/1349.json,4.0,coherent_gc,0.0,0.0,0.0
txc_base,2,test/algebra/1553.json,4.0,coherent_gc,0.0,0.0,0.0
txc_base,2,test/algebra/1934.json,4.0,coherent_gc,0.0,0.0,0.0
txc_base,2,test/algebra/1960.json,4.0,coherent_gc,0.0,0.0,0.0
txc_base,2,test/algebra/2043.json,4.0,coherent_gc,1.0,1.0,0.0
txc_base,2,test/algebra/2046.json,4.0,coherent_gc,0.0,0.0,0.0
txc_base,2,test/algebra/2159.json,4.0,coherent_gc,1.0,0.0,-1.0
txc_base,2,test/algebra/2264.json,4.0,coherent_gc,0.0,0.0,0.0
txc_base,2,test/algebra/2427.json,4.0,coherent_gc,0.0,0.0,0.0
txc_base,2,test/algebra/2430.json,4.0,coherent_gc,1.0,0.0,-1.0
txc_base,2,test/algebra/2476.json,4.0,coherent_gc,0.0,0.0,0.0
txc_base,2,test/algebra/2486.json,4.0,coherent_gc,0.0,0.0,0.0
txc_base,2,test/algebra/2570.json,4.0,coherent_gc,1.0,0.0,-1.0
txc_base,2,test/algebra/2593.json,4.0,coherent_gc,0.0,0.0,0.0
txc_base,2,test/algebra/2735.json,4.0,coherent_gc,0.0,0.0,0.0
txc_base,2,test/algebra/2779.json,4.0,coherent_gc,0.0,0.0,0.0
txc_base,2,test/algebra/297.json,4.0,coherent_gc,0.0,0.0,0.0
txc_base,2,test/algebra/425.json,4.0,coherent_gc,0.0,0.0,0.0
txc_base,2,test/algebra/634.json,4.0,coherent_gc,0.0,0.0,0.0
txc_base,2,test/algebra/661.json,4.0,coherent_gc,0.0,0.0,0.0
txc_base,2,test/algebra/769.json,4.0,coherent_gc,0.0,0.0,0.0
txc_base,2,test/algebra/824.json,4.0,coherent_gc,0.0,0.0,0.0
txc_base,2,test/algebra/892.json,4.0,coherent_gc,1.0,1.0,0.0
txc_base,2,test/counting_and_probability/1009.json,4.0,coherent_gc,0.0,0.0,0.0
txc_base,2,test/counting_and_probability/1014.json,4.0,coherent_gc,0.0,0.0,0.0
txc_base,2,test/counting_and_probability/1060.json,4.0,coherent_gc,0.0,0.0,0.0
txc_base,2,test/counting_and_probability/119.json,4.0,coherent_gc,0.0,0.0,0.0
txc_base,2,test/counting_and_probability/25149.json,4.0,coherent_gc,0.0,0.0,0.0
txc_base,2,test/counting_and_probability/508.json,4.0,coherent_gc,0.0,0.0,0.0
txc_base,2,test/counting_and_probability/525.json,4.0,coherent_gc,0.0,2.0,2.0
txc_base,2,test/counting_and_probability/894.json,4.0,coherent_gc,0.0,1.0,1.0
txc_base,2,test/geometry/1140.json,4.0,coherent_gc,1.0,1.0,0.0
txc_base,2,test/geometry/254.json,4.0,coherent_gc,0.0,0.0,0.0
txc_base,2,test/geometry/456.json,4.0,coherent_gc,0.0,0.0,0.0
txc_base,2,test/geometry/465.json,4.0,coherent_gc,1.0,1.0,0.0
txc_base,2,test/geometry/538.json,4.0,coherent_gc,0.0,0.0,0.0
txc_base,2,test/geometry/561.json,4.0,coherent_gc,0.0,2.0,2.0
txc_base,2,test/geometry/615.json,4.0,coherent_gc,1.0,0.0,-1.0
txc_base,2,test/geometry/711.json,4.0,coherent_gc,1.0,0.0,-1.0
txc_base,2,test/geometry/795.json,4.0,coherent_gc,0.0,1.0,1.0
txc_base,2,test/geometry/843.json,4.0,coherent_gc,0.0,0.0,0.0
txc_base,2,test/geometry/846.json,4.0,coherent_gc,1.0,0.0,-1.0
txc_base,2,test/intermediate_algebra/101.json,4.0,coherent_gc,0.0,0.0,0.0
txc_base,2,test/intermediate_algebra/102.json,4.0,coherent_gc,0.0,0.0,0.0
txc_base,2,test/intermediate_algebra/1354.json,4.0,coherent_gc,0.0,1.0,1.0
txc_base,2,test/intermediate_algebra/1467.json,4.0,coherent_gc,1.0,1.0,0.0
txc_base,2,test/intermediate_algebra/1555.json,4.0,coherent_gc,0.0,0.0,0.0
txc_base,2,test/intermediate_algebra/1714.json,4.0,coherent_gc,0.0,0.0,0.0
txc_base,2,test/intermediate_algebra/1779.json,4.0,coherent_gc,0.0,0.0,0.0
txc_base,2,test/intermediate_algebra/199.json,4.0,coherent_gc,1.0,1.0,0.0
txc_base,2,test/intermediate_algebra/1994.json,4.0,coherent_gc,0.0,0.0,0.0
txc_base,2,test/intermediate_algebra/2046.json,4.0,coherent_gc,0.0,3.0,3.0
txc_base,2,test/intermediate_algebra/345.json,4.0,coherent_gc,0.0,2.0,2.0
txc_base,2,test/intermediate_algebra/446.json,4.0,coherent_gc,0.0,0.0,0.0
txc_base,2,test/intermediate_algebra/47.json,4.0,coherent_gc,0.0,0.0,0.0
txc_base,2,test/intermediate_algebra/607.json,4.0,coherent_gc,1.0,0.0,-1.0
txc_base,2,test/intermediate_algebra/690.json,4.0,coherent_gc,1.0,1.0,0.0
txc_base,2,test/intermediate_algebra/752.json,4.0,coherent_gc,0.0,0.0,0.0
txc_base,2,test/intermediate_algebra/894.json,4.0,coherent_gc,1.0,1.0,0.0
txc_base,2,test/number_theory/1002.json,4.0,coherent_gc,0.0,0.0,0.0
txc_base,2,test/number_theory/149.json,4.0,coherent_gc,0.0,0.0,0.0
txc_base,2,test/number_theory/515.json,4.0,coherent_gc,0.0,0.0,0.0
txc_base,2,test/prealgebra/1113.json,4.0,coherent_gc,0.0,0.0,0.0
txc_base,2,test/prealgebra/1128.json,4.0,coherent_gc,0.0,0.0,0.0
txc_base,2,test/prealgebra/1139.json,4.0,coherent_gc,0.0,1.0,1.0
txc_base,2,test/prealgebra/1238.json,4.0,coherent_gc,0.0,0.0,0.0
txc_base,2,test/prealgebra/1251.json,4.0,coherent_gc,0.0,0.0,0.0
txc_base,2,test/prealgebra/1252.json,4.0,coherent_gc,0.0,0.0,0.0
txc_base,2,test/prealgebra/1272.json,4.0,coherent_gc,0.0,0.0,0.0
txc_base,2,test/prealgebra/1423.json,4.0,coherent_gc,0.0,0.0,0.0
txc_base,2,test/prealgebra/1622.json,4.0,coherent_gc,0.0,0.0,0.0
txc_base,2,test/prealgebra/1646.json,4.0,coherent_gc,0.0,1.0,1.0
txc_base,2,test/prealgebra/1787.json,4.0,coherent_gc,0.0,0.0,0.0
txc_base,2,test/prealgebra/1834.json,4.0,coherent_gc,0.0,0.0,0.0
txc_base,2,test/prealgebra/1922.json,4.0,coherent_gc,0.0,0.0,0.0
txc_base,2,test/prealgebra/1961.json,4.0,coherent_gc,0.0,0.0,0.0
txc_base,2,test/prealgebra/2019.json,4.0,coherent_gc,0.0,0.0,0.0
txc_base,2,test/prealgebra/2066.json,4.0,coherent_gc,0.0,0.0,0.0
txc_base,2,test/prealgebra/505.json,4.0,coherent_gc,0.0,0.0,0.0
txc_base,2,test/prealgebra/65.json,4.0,coherent_gc,0.0,0.0,0.0
txc_base,2,test/prealgebra/996.json,4.0,coherent_gc,0.0,0.0,0.0
txc_base,2,test/precalculus/1082.json,4.0,coherent_gc,1.0,0.0,-1.0
txc_base,2,test/precalculus/1105.json,4.0,coherent_gc,0.0,1.0,1.0
txc_base,2,test/precalculus/1199.json,4.0,coherent_gc,1.0,0.0,-1.0
txc_base,2,test/precalculus/1303.json,4.0,coherent_gc,0.0,0.0,0.0
txc_base,2,test/precalculus/398.json,4.0,coherent_gc,1.0,0.0,-1.0
txc_base,2,test/precalculus/43.json,4.0,coherent_gc,0.0,0.0,0.0
txc_base,2,test/precalculus/541.json,4.0,coherent_gc,0.0,0.0,0.0
txc_base,2,test/precalculus/580.json,4.0,coherent_gc,0.0,0.0,0.0
txc_base,2,test/precalculus/779.json,4.0,coherent_gc,0.0,0.0,0.0
txc_base,2,test/precalculus/927.json,4.0,coherent_gc,2.0,1.0,-1.0
txc_base,2,test/precalculus/96.json,4.0,coherent_gc,1.0,0.0,-1.0
txc_base,2,test/precalculus/986.json,4.0,coherent_gc,0.0,1.0,1.0
txc_base,2,test/algebra/1082.json,4.0,coherent_bt,0.0,0.0,0.0
txc_base,2,test/algebra/109.json,4.0,coherent_bt,0.0,0.0,0.0
txc_base,2,test/algebra/1098.json,4.0,coherent_bt,0.0,0.0,0.0
txc_base,2,test/algebra/1214.json,4.0,coherent_bt,0.0,0.0,0.0
txc_base,2,test/algebra/1265.json,4.0,coherent_bt,0.0,0.0,0.0
txc_base,2,test/algebra/1282.json,4.0,coherent_bt,0.0,1.0,1.0
txc_base,2,test/algebra/1338.json,4.0,coherent_bt,0.0,0.0,0.0
txc_base,2,test/algebra/1349.json,4.0,coherent_bt,0.0,0.0,0.0
txc_base,2,test/algebra/1553.json,4.0,coherent_bt,0.0,0.0,0.0
txc_base,2,test/algebra/1934.json,4.0,coherent_bt,0.0,0.0,0.0
txc_base,2,test/algebra/1960.json,4.0,coherent_bt,0.0,0.0,0.0
txc_base,2,test/algebra/2043.json,4.0,coherent_bt,1.0,1.0,0.0
txc_base,2,test/algebra/2046.json,4.0,coherent_bt,0.0,0.0,0.0
txc_base,2,test/algebra/2159.json,4.0,coherent_bt,1.0,0.0,-1.0
txc_base,2,test/algebra/2264.json,4.0,coherent_bt,0.0,0.0,0.0
txc_base,2,test/algebra/2427.json,4.0,coherent_bt,0.0,0.0,0.0
txc_base,2,test/algebra/2430.json,4.0,coherent_bt,1.0,0.0,-1.0
txc_base,2,test/algebra/2476.json,4.0,coherent_bt,0.0,0.0,0.0
txc_base,2,test/algebra/2486.json,4.0,coherent_bt,0.0,0.0,0.0
txc_base,2,test/algebra/2570.json,4.0,coherent_bt,1.0,0.0,-1.0
txc_base,2,test/algebra/2593.json,4.0,coherent_bt,0.0,0.0,0.0
txc_base,2,test/algebra/2735.json,4.0,coherent_bt,0.0,0.0,0.0
txc_base,2,test/algebra/2779.json,4.0,coherent_bt,0.0,0.0,0.0
txc_base,2,test/algebra/297.json,4.0,coherent_bt,0.0,0.0,0.0
txc_base,2,test/algebra/425.json,4.0,coherent_bt,0.0,0.0,0.0
txc_base,2,test/algebra/634.json,4.0,coherent_bt,0.0,0.0,0.0
txc_base,2,test/algebra/661.json,4.0,coherent_bt,0.0,0.0,0.0
txc_base,2,test/algebra/769.json,4.0,coherent_bt,0.0,0.0,0.0
txc_base,2,test/algebra/824.json,4.0,coherent_bt,0.0,0.0,0.0
txc_base,2,test/algebra/892.json,4.0,coherent_bt,1.0,1.0,0.0
txc_base,2,test/counting_and_probability/1009.json,4.0,coherent_bt,0.0,0.0,0.0
txc_base,2,test/counting_and_probability/1014.json,4.0,coherent_bt,0.0,0.0,0.0
txc_base,2,test/counting_and_probability/1060.json,4.0,coherent_bt,0.0,0.0,0.0
txc_base,2,test/counting_and_probability/119.json,4.0,coherent_bt,0.0,0.0,0.0
txc_base,2,test/counting_and_probability/25149.json,4.0,coherent_bt,0.0,0.0,0.0
txc_base,2,test/counting_and_probability/508.json,4.0,coherent_bt,0.0,0.0,0.0
txc_base,2,test/counting_and_probability/525.json,4.0,coherent_bt,0.0,1.0,1.0
txc_base,2,test/counting_and_probability/894.json,4.0,coherent_bt,0.0,1.0,1.0
txc_base,2,test/geometry/1140.json,4.0,coherent_bt,1.0,1.0,0.0
txc_base,2,test/geometry/254.json,4.0,coherent_bt,0.0,0.0,0.0
txc_base,2,test/geometry/456.json,4.0,coherent_bt,0.0,0.0,0.0
txc_base,2,test/geometry/465.json,4.0,coherent_bt,1.0,1.0,0.0
txc_base,2,test/geometry/538.json,4.0,coherent_bt,0.0,0.0,0.0
txc_base,2,test/geometry/561.json,4.0,coherent_bt,0.0,1.0,1.0
txc_base,2,test/geometry/615.json,4.0,coherent_bt,1.0,0.0,-1.0
txc_base,2,test/geometry/711.json,4.0,coherent_bt,1.0,0.0,-1.0
txc_base,2,test/geometry/795.json,4.0,coherent_bt,0.0,1.0,1.0
txc_base,2,test/geometry/843.json,4.0,coherent_bt,0.0,0.0,0.0
txc_base,2,test/geometry/846.json,4.0,coherent_bt,1.0,0.0,-1.0
txc_base,2,test/intermediate_algebra/101.json,4.0,coherent_bt,0.0,0.0,0.0
txc_base,2,test/intermediate_algebra/102.json,4.0,coherent_bt,0.0,0.0,0.0
txc_base,2,test/intermediate_algebra/1354.json,4.0,coherent_bt,0.0,1.0,1.0
txc_base,2,test/intermediate_algebra/1467.json,4.0,coherent_bt,1.0,1.0,0.0
txc_base,2,test/intermediate_algebra/1555.json,4.0,coherent_bt,0.0,0.0,0.0
txc_base,2,test/intermediate_algebra/1714.json,4.0,coherent_bt,0.0,0.0,0.0
txc_base,2,test/intermediate_algebra/1779.json,4.0,coherent_bt,0.0,0.0,0.0
txc_base,2,test/intermediate_algebra/199.json,4.0,coherent_bt,1.0,1.0,0.0
txc_base,2,test/intermediate_algebra/1994.json,4.0,coherent_bt,0.0,0.0,0.0
txc_base,2,test/intermediate_algebra/2046.json,4.0,coherent_bt,0.0,1.0,1.0
txc_base,2,test/intermediate_algebra/345.json,4.0,coherent_bt,0.0,1.0,1.0
txc_base,2,test/intermediate_algebra/446.json,4.0,coherent_bt,0.0,0.0,0.0
txc_base,2,test/intermediate_algebra/47.json,4.0,coherent_bt,0.0,0.0,0.0
txc_base,2,test/intermediate_algebra/607.json,4.0,coherent_bt,1.0,0.0,-1.0
txc_base,2,test/intermediate_algebra/690.json,4.0,coherent_bt,1.0,1.0,0.0
txc_base,2,test/intermediate_algebra/752.json,4.0,coherent_bt,0.0,0.0,0.0
txc_base,2,test/intermediate_algebra/894.json,4.0,coherent_bt,1.0,1.0,0.0
txc_base,2,test/number_theory/1002.json,4.0,coherent_bt,0.0,0.0,0.0
txc_base,2,test/number_theory/149.json,4.0,coherent_bt,0.0,0.0,0.0
txc_base,2,test/number_theory/515.json,4.0,coherent_bt,0.0,0.0,0.0
txc_base,2,test/prealgebra/1113.json,4.0,coherent_bt,0.0,0.0,0.0
txc_base,2,test/prealgebra/1128.json,4.0,coherent_bt,0.0,0.0,0.0
txc_base,2,test/prealgebra/1139.json,4.0,coherent_bt,0.0,1.0,1.0
txc_base,2,test/prealgebra/1238.json,4.0,coherent_bt,0.0,0.0,0.0
txc_base,2,test/prealgebra/1251.json,4.0,coherent_bt,0.0,0.0,0.0
txc_base,2,test/prealgebra/1252.json,4.0,coherent_bt,0.0,0.0,0.0
txc_base,2,test/prealgebra/1272.json,4.0,coherent_bt,0.0,0.0,0.0
txc_base,2,test/prealgebra/1423.json,4.0,coherent_bt,0.0,0.0,0.0
txc_base,2,test/prealgebra/1622.json,4.0,coherent_bt,0.0,0.0,0.0
txc_base,2,test/prealgebra/1646.json,4.0,coherent_bt,0.0,1.0,1.0
txc_base,2,test/prealgebra/1787.json,4.0,coherent_bt,0.0,0.0,0.0
txc_base,2,test/prealgebra/1834.json,4.0,coherent_bt,0.0,0.0,0.0
txc_base,2,test/prealgebra/1922.json,4.0,coherent_bt,0.0,0.0,0.0
txc_base,2,test/prealgebra/1961.json,4.0,coherent_bt,0.0,0.0,0.0
txc_base,2,test/prealgebra/2019.json,4.0,coherent_bt,0.0,0.0,0.0
txc_base,2,test/prealgebra/2066.json,4.0,coherent_bt,0.0,0.0,0.0
txc_base,2,test/prealgebra/505.json,4.0,coherent_bt,0.0,0.0,0.0
txc_base,2,test/prealgebra/65.json,4.0,coherent_bt,0.0,0.0,0.0
txc_base,2,test/prealgebra/996.json,4.0,coherent_bt,0.0,0.0,0.0
txc_base,2,test/precalculus/1082.json,4.0,coherent_bt,1.0,0.0,-1.0
txc_base,2,test/precalculus/1105.json,4.0,coherent_bt,0.0,1.0,1.0
txc_base,2,test/precalculus/1199.json,4.0,coherent_bt,1.0,0.0,-1.0
txc_base,2,test/precalculus/1303.json,4.0,coherent_bt,0.0,0.0,0.0
txc_base,2,test/precalculus/398.json,4.0,coherent_bt,1.0,0.0,-1.0
txc_base,2,test/precalculus/43.json,4.0,coherent_bt,0.0,0.0,0.0
txc_base,2,test/precalculus/541.json,4.0,coherent_bt,0.0,0.0,0.0
txc_base,2,test/precalculus/580.json,4.0,coherent_bt,0.0,0.0,0.0
txc_base,2,test/precalculus/779.json,4.0,coherent_bt,0.0,0.0,0.0
txc_base,2,test/precalculus/927.json,4.0,coherent_bt,1.0,1.0,0.0
txc_base,2,test/precalculus/96.json,4.0,coherent_bt,1.0,0.0,-1.0
txc_base,2,test/precalculus/986.json,4.0,coherent_bt,0.0,1.0,1.0
txc_base,2,test/algebra/1082.json,4.0,incoherent,0.0,0.0,0.0
txc_base,2,test/algebra/109.json,4.0,incoherent,0.0,0.0,0.0
txc_base,2,test/algebra/1098.json,4.0,incoherent,0.0,0.0,0.0
txc_base,2,test/algebra/1214.json,4.0,incoherent,0.0,0.0,0.0
txc_base,2,test/algebra/1265.json,4.0,incoherent,0.0,0.0,0.0
txc_base,2,test/algebra/1282.json,4.0,incoherent,0.0,0.0,0.0
txc_base,2,test/algebra/1338.json,4.0,incoherent,0.0,0.0,0.0
txc_base,2,test/algebra/1349.json,4.0,incoherent,0.0,0.0,0.0
txc_base,2,test/algebra/1553.json,4.0,incoherent,0.0,0.0,0.0
txc_base,2,test/algebra/1934.json,4.0,incoherent,0.0,0.0,0.0
txc_base,2,test/algebra/1960.json,4.0,incoherent,0.0,0.0,0.0
txc_base,2,test/algebra/2043.json,4.0,incoherent,0.0,0.0,0.0
txc_base,2,test/algebra/2046.json,4.0,incoherent,0.0,0.0,0.0
txc_base,2,test/algebra/2159.json,4.0,incoherent,0.0,0.0,0.0
txc_base,2,test/algebra/2264.json,4.0,incoherent,0.0,0.0,0.0
txc_base,2,test/algebra/2427.json,4.0,incoherent,0.0,0.0,0.0
txc_base,2,test/algebra/2430.json,4.0,incoherent,0.0,0.0,0.0
txc_base,2,test/algebra/2476.json,4.0,incoherent,0.0,0.0,0.0
txc_base,2,test/algebra/2486.json,4.0,incoherent,0.0,0.0,0.0
txc_base,2,test/algebra/2570.json,4.0,incoherent,0.0,0.0,0.0
txc_base,2,test/algebra/2593.json,4.0,incoherent,0.0,0.0,0.0
txc_base,2,test/algebra/2735.json,4.0,incoherent,0.0,0.0,0.0
txc_base,2,test/algebra/2779.json,4.0,incoherent,0.0,0.0,0.0
txc_base,2,test/algebra/297.json,4.0,incoherent,0.0,0.0,0.0
txc_base,2,test/algebra/425.json,4.0,incoherent,0.0,0.0,0.0
txc_base,2,test/algebra/634.json,4.0,incoherent,0.0,0.0,0.0
txc_base,2,test/algebra/661.json,4.0,incoherent,0.0,0.0,0.0
txc_base,2,test/algebra/769.json,4.0,incoherent,0.0,0.0,0.0
txc_base,2,test/algebra/824.json,4.0,incoherent,0.0,0.0,0.0
txc_base,2,test/algebra/892.json,4.0,incoherent,0.0,0.0,0.0
txc_base,2,test/counting_and_probability/1009.json,4.0,incoherent,0.0,0.0,0.0
txc_base,2,test/counting_and_probability/1014.json,4.0,incoherent,0.0,0.0,0.0
txc_base,2,test/counting_and_probability/1060.json,4.0,incoherent,0.0,0.0,0.0
txc_base,2,test/counting_and_probability/119.json,4.0,incoherent,0.0,0.0,0.0
txc_base,2,test/counting_and_probability/25149.json,4.0,incoherent,0.0,0.0,0.0
txc_base,2,test/counting_and_probability/508.json,4.0,incoherent,0.0,0.0,0.0
txc_base,2,test/counting_and_probability/525.json,4.0,incoherent,0.0,0.0,0.0
txc_base,2,test/counting_and_probability/894.json,4.0,incoherent,0.0,0.0,0.0
txc_base,2,test/geometry/1140.json,4.0,incoherent,0.0,0.0,0.0
txc_base,2,test/geometry/254.json,4.0,incoherent,0.0,0.0,0.0
txc_base,2,test/geometry/456.json,4.0,incoherent,0.0,0.0,0.0
txc_base,2,test/geometry/465.json,4.0,incoherent,0.0,0.0,0.0
txc_base,2,test/geometry/538.json,4.0,incoherent,0.0,0.0,0.0
txc_base,2,test/geometry/561.json,4.0,incoherent,0.0,0.0,0.0
txc_base,2,test/geometry/615.json,4.0,incoherent,0.0,0.0,0.0
txc_base,2,test/geometry/711.json,4.0,incoherent,0.0,1.0,1.0
txc_base,2,test/geometry/795.json,4.0,incoherent,0.0,0.0,0.0
txc_base,2,test/geometry/843.json,4.0,incoherent,0.0,0.0,0.0
txc_base,2,test/geometry/846.json,4.0,incoherent,0.0,0.0,0.0
txc_base,2,test/intermediate_algebra/101.json,4.0,incoherent,0.0,0.0,0.0
txc_base,2,test/intermediate_algebra/102.json,4.0,incoherent,0.0,0.0,0.0
txc_base,2,test/intermediate_algebra/1354.json,4.0,incoherent,0.0,0.0,0.0
txc_base,2,test/intermediate_algebra/1467.json,4.0,incoherent,0.0,0.0,0.0
txc_base,2,test/intermediate_algebra/1555.json,4.0,incoherent,0.0,0.0,0.0
txc_base,2,test/intermediate_algebra/1714.json,4.0,incoherent,0.0,0.0,0.0
txc_base,2,test/intermediate_algebra/1779.json,4.0,incoherent,0.0,0.0,0.0
txc_base,2,test/intermediate_algebra/199.json,4.0,incoherent,0.0,0.0,0.0
txc_base,2,test/intermediate_algebra/1994.json,4.0,incoherent,0.0,0.0,0.0
txc_base,2,test/intermediate_algebra/2046.json,4.0,incoherent,0.0,0.0,0.0
txc_base,2,test/intermediate_algebra/345.json,4.0,incoherent,0.0,0.0,0.0
txc_base,2,test/intermediate_algebra/446.json,4.0,incoherent,0.0,0.0,0.0
txc_base,2,test/intermediate_algebra/47.json,4.0,incoherent,0.0,0.0,0.0
txc_base,2,test/intermediate_algebra/607.json,4.0,incoherent,0.0,0.0,0.0
txc_base,2,test/intermediate_algebra/690.json,4.0,incoherent,0.0,0.0,0.0
txc_base,2,test/intermediate_algebra/752.json,4.0,incoherent,0.0,0.0,0.0
txc_base,2,test/intermediate_algebra/894.json,4.0,incoherent,0.0,0.0,0.0
txc_base,2,test/number_theory/1002.json,4.0,incoherent,0.0,0.0,0.0
txc_base,2,test/number_theory/149.json,4.0,incoherent,0.0,0.0,0.0
txc_base,2,test/number_theory/515.json,4.0,incoherent,0.0,0.0,0.0
txc_base,2,test/prealgebra/1113.json,4.0,incoherent,0.0,0.0,0.0
txc_base,2,test/prealgebra/1128.json,4.0,incoherent,0.0,0.0,0.0
txc_base,2,test/prealgebra/1139.json,4.0,incoherent,0.0,0.0,0.0
txc_base,2,test/prealgebra/1238.json,4.0,incoherent,0.0,0.0,0.0
txc_base,2,test/prealgebra/1251.json,4.0,incoherent,0.0,0.0,0.0
txc_base,2,test/prealgebra/1252.json,4.0,incoherent,0.0,0.0,0.0
txc_base,2,test/prealgebra/1272.json,4.0,incoherent,0.0,0.0,0.0
txc_base,2,test/prealgebra/1423.json,4.0,incoherent,0.0,0.0,0.0
txc_base,2,test/prealgebra/1622.json,4.0,incoherent,0.0,0.0,0.0
txc_base,2,test/prealgebra/1646.json,4.0,incoherent,0.0,0.0,0.0
txc_base,2,test/prealgebra/1787.json,4.0,incoherent,0.0,0.0,0.0
txc_base,2,test/prealgebra/1834.json,4.0,incoherent,0.0,0.0,0.0
txc_base,2,test/prealgebra/1922.json,4.0,incoherent,0.0,0.0,0.0
txc_base,2,test/prealgebra/1961.json,4.0,incoherent,0.0,0.0,0.0
txc_base,2,test/prealgebra/2019.json,4.0,incoherent,0.0,0.0,0.0
txc_base,2,test/prealgebra/2066.json,4.0,incoherent,0.0,0.0,0.0
txc_base,2,test/prealgebra/505.json,4.0,incoherent,0.0,0.0,0.0
txc_base,2,test/prealgebra/65.json,4.0,incoherent,0.0,0.0,0.0
txc_base,2,test/prealgebra/996.json,4.0,incoherent,0.0,0.0,0.0
txc_base,2,test/precalculus/1082.json,4.0,incoherent,0.0,0.0,0.0
txc_base,2,test/precalculus/1105.json,4.0,incoherent,0.0,0.0,0.0
txc_base,2,test/precalculus/1199.json,4.0,incoherent,0.0,0.0,0.0
txc_base,2,test/precalculus/1303.json,4.0,incoherent,0.0,0.0,0.0
txc_base,2,test/precalculus/398.json,4.0,incoherent,0.0,0.0,0.0
txc_base,2,test/precalculus/43.json,4.0,incoherent,0.0,0.0,0.0
txc_base,2,test/precalculus/541.json,4.0,incoherent,0.0,0.0,0.0
txc_base,2,test/precalculus/580.json,4.0,incoherent,0.0,0.0,0.0
txc_base,2,test/precalculus/779.json,4.0,incoherent,0.0,0.0,0.0
txc_base,2,test/precalculus/927.json,4.0,incoherent,0.0,0.0,0.0
txc_base,2,test/precalculus/96.json,4.0,incoherent,0.0,0.0,0.0
txc_base,2,test/precalculus/986.json,4.0,incoherent,0.0,0.0,0.0
txc_base,2,test/algebra/1082.json,4.0,correct,0.0,0.0,0.0
txc_base,2,test/algebra/109.json,4.0,correct,1.0,1.0,0.0
txc_base,2,test/algebra/1098.json,4.0,correct,1.0,0.0,-1.0
txc_base,2,test/algebra/1214.json,4.0,correct,1.0,1.0,0.0
txc_base,2,test/algebra/1265.json,4.0,correct,1.0,1.0,0.0
txc_base,2,test/algebra/1282.json,4.0,correct,0.0,0.0,0.0
txc_base,2,test/algebra/1338.json,4.0,correct,1.0,1.0,0.0
txc_base,2,test/algebra/1349.json,4.0,correct,0.0,0.0,0.0
txc_base,2,test/algebra/1553.json,4.0,correct,0.0,0.0,0.0
txc_base,2,test/algebra/1934.json,4.0,correct,1.0,0.0,-1.0
txc_base,2,test/algebra/1960.json,4.0,correct,1.0,1.0,0.0
txc_base,2,test/algebra/2043.json,4.0,correct,1.0,0.0,-1.0
txc_base,2,test/algebra/2046.json,4.0,correct,1.0,1.0,0.0
txc_base,2,test/algebra/2159.json,4.0,correct,0.0,0.0,0.0
txc_base,2,test/algebra/2264.json,4.0,correct,1.0,0.0,-1.0
txc_base,2,test/algebra/2427.json,4.0,correct,0.0,0.0,0.0
txc_base,2,test/algebra/2430.json,4.0,correct,0.0,0.0,0.0
txc_base,2,test/algebra/2476.json,4.0,correct,0.0,1.0,1.0
txc_base,2,test/algebra/2486.json,4.0,correct,1.0,0.0,-1.0
txc_base,2,test/algebra/2570.json,4.0,correct,1.0,1.0,0.0
txc_base,2,test/algebra/2593.json,4.0,correct,1.0,0.0,-1.0
txc_base,2,test/algebra/2735.json,4.0,correct,0.0,0.0,0.0
txc_base,2,test/algebra/2779.json,4.0,correct,1.0,1.0,0.0
txc_base,2,test/algebra/297.json,4.0,correct,0.0,0.0,0.0
txc_base,2,test/algebra/425.json,4.0,correct,1.0,1.0,0.0
txc_base,2,test/algebra/634.json,4.0,correct,0.0,0.0,0.0
txc_base,2,test/algebra/661.json,4.0,correct,1.0,0.0,-1.0
txc_base,2,test/algebra/769.json,4.0,correct,1.0,1.0,0.0
txc_base,2,test/algebra/824.json,4.0,correct,1.0,0.0,-1.0
txc_base,2,test/algebra/892.json,4.0,correct,0.0,0.0,0.0
txc_base,2,test/counting_and_probability/1009.json,4.0,correct,1.0,1.0,0.0
txc_base,2,test/counting_and_probability/1014.json,4.0,correct,1.0,1.0,0.0
txc_base,2,test/counting_and_probability/1060.json,4.0,correct,0.0,0.0,0.0
txc_base,2,test/counting_and_probability/119.json,4.0,correct,0.0,0.0,0.0
txc_base,2,test/counting_and_probability/25149.json,4.0,correct,1.0,0.0,-1.0
txc_base,2,test/counting_and_probability/508.json,4.0,correct,0.0,0.0,0.0
txc_base,2,test/counting_and_probability/525.json,4.0,correct,0.0,0.0,0.0
txc_base,2,test/counting_and_probability/894.json,4.0,correct,1.0,0.0,-1.0
txc_base,2,test/geometry/1140.json,4.0,correct,0.0,0.0,0.0
txc_base,2,test/geometry/254.json,4.0,correct,0.0,0.0,0.0
txc_base,2,test/geometry/456.json,4.0,correct,1.0,1.0,0.0
txc_base,2,test/geometry/465.json,4.0,correct,0.0,0.0,0.0
txc_base,2,test/geometry/538.json,4.0,correct,0.0,0.0,0.0
txc_base,2,test/geometry/561.json,4.0,correct,0.0,0.0,0.0
txc_base,2,test/geometry/615.json,4.0,correct,0.0,0.0,0.0
txc_base,2,test/geometry/711.json,4.0,correct,0.0,0.0,0.0
txc_base,2,test/geometry/795.json,4.0,correct,0.0,0.0,0.0
txc_base,2,test/geometry/843.json,4.0,correct,1.0,1.0,0.0
txc_base,2,test/geometry/846.json,4.0,correct,0.0,0.0,0.0
txc_base,2,test/intermediate_algebra/101.json,4.0,correct,0.0,0.0,0.0
txc_base,2,test/intermediate_algebra/102.json,4.0,correct,0.0,0.0,0.0
txc_base,2,test/intermediate_algebra/1354.json,4.0,correct,0.0,0.0,0.0
txc_base,2,test/intermediate_algebra/1467.json,4.0,correct,0.0,0.0,0.0
txc_base,2,test/intermediate_algebra/1555.json,4.0,correct,0.0,0.0,0.0
txc_base,2,test/intermediate_algebra/1714.json,4.0,correct,1.0,1.0,0.0
txc_base,2,test/intermediate_algebra/1779.json,4.0,correct,0.0,0.0,0.0
txc_base,2,test/intermediate_algebra/199.json,4.0,correct,0.0,0.0,0.0
txc_base,2,test/intermediate_algebra/1994.json,4.0,correct,0.0,0.0,0.0
txc_base,2,test/intermediate_algebra/2046.json,4.0,correct,0.0,0.0,0.0
txc_base,2,test/intermediate_algebra/345.json,4.0,correct,0.0,0.0,0.0
txc_base,2,test/intermediate_algebra/446.json,4.0,correct,0.0,0.0,0.0
txc_base,2,test/intermediate_algebra/47.json,4.0,correct,0.0,0.0,0.0
txc_base,2,test/intermediate_algebra/607.json,4.0,correct,0.0,0.0,0.0
txc_base,2,test/intermediate_algebra/690.json,4.0,correct,0.0,0.0,0.0
txc_base,2,test/intermediate_algebra/752.json,4.0,correct,0.0,1.0,1.0
txc_base,2,test/intermediate_algebra/894.json,4.0,correct,0.0,0.0,0.0
txc_base,2,test/number_theory/1002.json,4.0,correct,0.0,0.0,0.0
txc_base,2,test/number_theory/149.json,4.0,correct,0.0,0.0,0.0
txc_base,2,test/number_theory/515.json,4.0,correct,1.0,0.0,-1.0
txc_base,2,test/prealgebra/1113.json,4.0,correct,1.0,0.0,-1.0
txc_base,2,test/prealgebra/1128.json,4.0,correct,0.0,1.0,1.0
txc_base,2,test/prealgebra/1139.json,4.0,correct,0.0,0.0,0.0
txc_base,2,test/prealgebra/1238.json,4.0,correct,1.0,1.0,0.0
txc_base,2,test/prealgebra/1251.json,4.0,correct,0.0,0.0,0.0
txc_base,2,test/prealgebra/1252.json,4.0,correct,1.0,0.0,-1.0
txc_base,2,test/prealgebra/1272.json,4.0,correct,1.0,1.0,0.0
txc_base,2,test/prealgebra/1423.json,4.0,correct,0.0,0.0,0.0
txc_base,2,test/prealgebra/1622.json,4.0,correct,0.0,0.0,0.0
txc_base,2,test/prealgebra/1646.json,4.0,correct,0.0,0.0,0.0
txc_base,2,test/prealgebra/1787.json,4.0,correct,1.0,0.0,-1.0
txc_base,2,test/prealgebra/1834.json,4.0,correct,0.0,0.0,0.0
txc_base,2,test/prealgebra/1922.json,4.0,correct,0.0,0.0,0.0
txc_base,2,test/prealgebra/1961.json,4.0,correct,0.0,0.0,0.0
txc_base,2,test/prealgebra/2019.json,4.0,correct,1.0,0.0,-1.0
txc_base,2,test/prealgebra/2066.json,4.0,correct,0.0,1.0,1.0
txc_base,2,test/prealgebra/505.json,4.0,correct,1.0,0.0,-1.0
txc_base,2,test/prealgebra/65.json,4.0,correct,0.0,0.0,0.0
txc_base,2,test/prealgebra/996.json,4.0,correct,0.0,0.0,0.0
txc_base,2,test/precalculus/1082.json,4.0,correct,0.0,0.0,0.0
txc_base,2,test/precalculus/1105.json,4.0,correct,0.0,1.0,1.0
txc_base,2,test/precalculus/1199.json,4.0,correct,0.0,0.0,0.0
txc_base,2,test/precalculus/1303.json,4.0,correct,0.0,0.0,0.0
txc_base,2,test/precalculus/398.json,4.0,correct,0.0,0.0,0.0
txc_base,2,test/precalculus/43.json,4.0,correct,0.0,1.0,1.0
txc_base,2,test/precalculus/541.json,4.0,correct,0.0,0.0,0.0
txc_base,2,test/precalculus/580.json,4.0,correct,0.0,0.0,0.0
txc_base,2,test/precalculus/779.json,4.0,correct,1.0,1.0,0.0
txc_base,2,test/precalculus/927.json,4.0,correct,0.0,0.0,0.0
txc_base,2,test/precalculus/96.json,4.0,correct,0.0,0.0,0.0
txc_base,2,test/precalculus/986.json,4.0,correct,0.0,0.0,0.0
txc_base,42,test/algebra/1082.json,-8.0,gc,0.0,0.0,0.0
txc_base,42,test/algebra/109.json,-8.0,gc,0.0,0.0,0.0
txc_base,42,test/algebra/1098.json,-8.0,gc,0.0,0.0,0.0
txc_base,42,test/algebra/1214.json,-8.0,gc,0.0,0.0,0.0
txc_base,42,test/algebra/1265.json,-8.0,gc,0.0,0.0,0.0
txc_base,42,test/algebra/1282.json,-8.0,gc,0.0,0.0,0.0
txc_base,42,test/algebra/1338.json,-8.0,gc,0.0,0.0,0.0
txc_base,42,test/algebra/1349.json,-8.0,gc,0.0,0.0,0.0
txc_base,42,test/algebra/1553.json,-8.0,gc,0.0,0.0,0.0
txc_base,42,test/algebra/1934.json,-8.0,gc,0.0,0.0,0.0
txc_base,42,test/algebra/1960.json,-8.0,gc,0.0,0.0,0.0
txc_base,42,test/algebra/2043.json,-8.0,gc,1.0,0.0,-1.0
txc_base,42,test/algebra/2046.json,-8.0,gc,0.0,0.0,0.0
txc_base,42,test/algebra/2159.json,-8.0,gc,1.0,0.0,-1.0
txc_base,42,test/algebra/2264.json,-8.0,gc,0.0,0.0,0.0
txc_base,42,test/algebra/2427.json,-8.0,gc,0.0,0.0,0.0
txc_base,42,test/algebra/2430.json,-8.0,gc,1.0,1.0,0.0
txc_base,42,test/algebra/2476.json,-8.0,gc,0.0,0.0,0.0
txc_base,42,test/algebra/2486.json,-8.0,gc,0.0,0.0,0.0
txc_base,42,test/algebra/2570.json,-8.0,gc,1.0,0.0,-1.0
txc_base,42,test/algebra/2593.json,-8.0,gc,0.0,0.0,0.0
txc_base,42,test/algebra/2735.json,-8.0,gc,0.0,0.0,0.0
txc_base,42,test/algebra/2779.json,-8.0,gc,0.0,0.0,0.0
txc_base,42,test/algebra/297.json,-8.0,gc,0.0,0.0,0.0
txc_base,42,test/algebra/425.json,-8.0,gc,0.0,0.0,0.0
txc_base,42,test/algebra/634.json,-8.0,gc,0.0,0.0,0.0
txc_base,42,test/algebra/661.json,-8.0,gc,0.0,0.0,0.0
txc_base,42,test/algebra/769.json,-8.0,gc,0.0,0.0,0.0
txc_base,42,test/algebra/824.json,-8.0,gc,0.0,0.0,0.0
txc_base,42,test/algebra/892.json,-8.0,gc,1.0,1.0,0.0
txc_base,42,test/counting_and_probability/1009.json,-8.0,gc,0.0,0.0,0.0
txc_base,42,test/counting_and_probability/1014.json,-8.0,gc,0.0,0.0,0.0
txc_base,42,test/counting_and_probability/1060.json,-8.0,gc,0.0,0.0,0.0
txc_base,42,test/counting_and_probability/119.json,-8.0,gc,0.0,1.0,1.0
txc_base,42,test/counting_and_probability/25149.json,-8.0,gc,0.0,0.0,0.0
txc_base,42,test/counting_and_probability/508.json,-8.0,gc,0.0,0.0,0.0
txc_base,42,test/counting_and_probability/525.json,-8.0,gc,0.0,2.0,2.0
txc_base,42,test/counting_and_probability/894.json,-8.0,gc,0.0,0.0,0.0
txc_base,42,test/geometry/1140.json,-8.0,gc,1.0,1.0,0.0
txc_base,42,test/geometry/254.json,-8.0,gc,0.0,0.0,0.0
txc_base,42,test/geometry/456.json,-8.0,gc,0.0,0.0,0.0
txc_base,42,test/geometry/465.json,-8.0,gc,1.0,1.0,0.0
txc_base,42,test/geometry/538.json,-8.0,gc,0.0,0.0,0.0
txc_base,42,test/geometry/561.json,-8.0,gc,0.0,0.0,0.0
txc_base,42,test/geometry/615.json,-8.0,gc,1.0,1.0,0.0
txc_base,42,test/geometry/711.json,-8.0,gc,1.0,0.0,-1.0
txc_base,42,test/geometry/795.json,-8.0,gc,0.0,1.0,1.0
txc_base,42,test/geometry/843.json,-8.0,gc,0.0,0.0,0.0
txc_base,42,test/geometry/846.json,-8.0,gc,1.0,2.0,1.0
txc_base,42,test/intermediate_algebra/101.json,-8.0,gc,0.0,0.0,0.0
txc_base,42,test/intermediate_algebra/102.json,-8.0,gc,0.0,0.0,0.0
txc_base,42,test/intermediate_algebra/1354.json,-8.0,gc,0.0,1.0,1.0
txc_base,42,test/intermediate_algebra/1467.json,-8.0,gc,1.0,1.0,0.0
txc_base,42,test/intermediate_algebra/1555.json,-8.0,gc,0.0,0.0,0.0
txc_base,42,test/intermediate_algebra/1714.json,-8.0,gc,0.0,0.0,0.0
txc_base,42,test/intermediate_algebra/1779.json,-8.0,gc,0.0,1.0,1.0
txc_base,42,test/intermediate_algebra/199.json,-8.0,gc,1.0,0.0,-1.0
txc_base,42,test/intermediate_algebra/1994.json,-8.0,gc,0.0,0.0,0.0
txc_base,42,test/intermediate_algebra/2046.json,-8.0,gc,0.0,3.0,3.0
txc_base,42,test/intermediate_algebra/345.json,-8.0,gc,0.0,0.0,0.0
txc_base,42,test/intermediate_algebra/446.json,-8.0,gc,0.0,0.0,0.0
txc_base,42,test/intermediate_algebra/47.json,-8.0,gc,0.0,0.0,0.0
txc_base,42,test/intermediate_algebra/607.json,-8.0,gc,1.0,1.0,0.0
txc_base,42,test/intermediate_algebra/690.json,-8.0,gc,1.0,0.0,-1.0
txc_base,42,test/intermediate_algebra/752.json,-8.0,gc,0.0,0.0,0.0
txc_base,42,test/intermediate_algebra/894.json,-8.0,gc,1.0,1.0,0.0
txc_base,42,test/number_theory/1002.json,-8.0,gc,0.0,0.0,0.0
txc_base,42,test/number_theory/149.json,-8.0,gc,0.0,0.0,0.0
txc_base,42,test/number_theory/515.json,-8.0,gc,0.0,0.0,0.0
txc_base,42,test/prealgebra/1113.json,-8.0,gc,0.0,0.0,0.0
txc_base,42,test/prealgebra/1128.json,-8.0,gc,0.0,0.0,0.0
txc_base,42,test/prealgebra/1139.json,-8.0,gc,0.0,1.0,1.0
txc_base,42,test/prealgebra/1238.json,-8.0,gc,0.0,0.0,0.0
txc_base,42,test/prealgebra/1251.json,-8.0,gc,0.0,1.0,1.0
txc_base,42,test/prealgebra/1252.json,-8.0,gc,0.0,0.0,0.0
txc_base,42,test/prealgebra/1272.json,-8.0,gc,0.0,0.0,0.0
txc_base,42,test/prealgebra/1423.json,-8.0,gc,0.0,0.0,0.0
txc_base,42,test/prealgebra/1622.json,-8.0,gc,0.0,0.0,0.0
txc_base,42,test/prealgebra/1646.json,-8.0,gc,0.0,0.0,0.0
txc_base,42,test/prealgebra/1787.json,-8.0,gc,0.0,0.0,0.0
txc_base,42,test/prealgebra/1834.json,-8.0,gc,0.0,0.0,0.0
txc_base,42,test/prealgebra/1922.json,-8.0,gc,0.0,0.0,0.0
txc_base,42,test/prealgebra/1961.json,-8.0,gc,0.0,1.0,1.0
txc_base,42,test/prealgebra/2019.json,-8.0,gc,0.0,0.0,0.0
txc_base,42,test/prealgebra/2066.json,-8.0,gc,0.0,0.0,0.0
txc_base,42,test/prealgebra/505.json,-8.0,gc,0.0,0.0,0.0
txc_base,42,test/prealgebra/65.json,-8.0,gc,0.0,0.0,0.0
txc_base,42,test/prealgebra/996.json,-8.0,gc,0.0,0.0,0.0
txc_base,42,test/precalculus/1082.json,-8.0,gc,1.0,0.0,-1.0
txc_base,42,test/precalculus/1105.json,-8.0,gc,0.0,0.0,0.0
txc_base,42,test/precalculus/1199.json,-8.0,gc,1.0,1.0,0.0
txc_base,42,test/precalculus/1303.json,-8.0,gc,0.0,1.0,1.0
txc_base,42,test/precalculus/398.json,-8.0,gc,1.0,0.0,-1.0
txc_base,42,test/precalculus/43.json,-8.0,gc,0.0,0.0,0.0
txc_base,42,test/precalculus/541.json,-8.0,gc,0.0,0.0,0.0
txc_base,42,test/precalculus/580.json,-8.0,gc,0.0,0.0,0.0
txc_base,42,test/precalculus/779.json,-8.0,gc,0.0,0.0,0.0
txc_base,42,test/precalculus/927.json,-8.0,gc,2.0,0.0,-2.0
txc_base,42,test/precalculus/96.json,-8.0,gc,1.0,0.0,-1.0
txc_base,42,test/precalculus/986.json,-8.0,gc,0.0,1.0,1.0
txc_base,42,test/algebra/1082.json,-8.0,coherent_gc,0.0,0.0,0.0
txc_base,42,test/algebra/109.json,-8.0,coherent_gc,0.0,0.0,0.0
txc_base,42,test/algebra/1098.json,-8.0,coherent_gc,0.0,0.0,0.0
txc_base,42,test/algebra/1214.json,-8.0,coherent_gc,0.0,0.0,0.0
txc_base,42,test/algebra/1265.json,-8.0,coherent_gc,0.0,0.0,0.0
txc_base,42,test/algebra/1282.json,-8.0,coherent_gc,0.0,0.0,0.0
txc_base,42,test/algebra/1338.json,-8.0,coherent_gc,0.0,0.0,0.0
txc_base,42,test/algebra/1349.json,-8.0,coherent_gc,0.0,0.0,0.0
txc_base,42,test/algebra/1553.json,-8.0,coherent_gc,0.0,0.0,0.0
txc_base,42,test/algebra/1934.json,-8.0,coherent_gc,0.0,0.0,0.0
txc_base,42,test/algebra/1960.json,-8.0,coherent_gc,0.0,0.0,0.0
txc_base,42,test/algebra/2043.json,-8.0,coherent_gc,1.0,0.0,-1.0
txc_base,42,test/algebra/2046.json,-8.0,coherent_gc,0.0,0.0,0.0
txc_base,42,test/algebra/2159.json,-8.0,coherent_gc,1.0,0.0,-1.0
txc_base,42,test/algebra/2264.json,-8.0,coherent_gc,0.0,0.0,0.0
txc_base,42,test/algebra/2427.json,-8.0,coherent_gc,0.0,0.0,0.0
txc_base,42,test/algebra/2430.json,-8.0,coherent_gc,1.0,1.0,0.0
txc_base,42,test/algebra/2476.json,-8.0,coherent_gc,0.0,0.0,0.0
txc_base,42,test/algebra/2486.json,-8.0,coherent_gc,0.0,0.0,0.0
txc_base,42,test/algebra/2570.json,-8.0,coherent_gc,1.0,0.0,-1.0
txc_base,42,test/algebra/2593.json,-8.0,coherent_gc,0.0,0.0,0.0
txc_base,42,test/algebra/2735.json,-8.0,coherent_gc,0.0,0.0,0.0
txc_base,42,test/algebra/2779.json,-8.0,coherent_gc,0.0,0.0,0.0
txc_base,42,test/algebra/297.json,-8.0,coherent_gc,0.0,0.0,0.0
txc_base,42,test/algebra/425.json,-8.0,coherent_gc,0.0,0.0,0.0
txc_base,42,test/algebra/634.json,-8.0,coherent_gc,0.0,0.0,0.0
txc_base,42,test/algebra/661.json,-8.0,coherent_gc,0.0,0.0,0.0
txc_base,42,test/algebra/769.json,-8.0,coherent_gc,0.0,0.0,0.0
txc_base,42,test/algebra/824.json,-8.0,coherent_gc,0.0,0.0,0.0
txc_base,42,test/algebra/892.json,-8.0,coherent_gc,1.0,1.0,0.0
txc_base,42,test/counting_and_probability/1009.json,-8.0,coherent_gc,0.0,0.0,0.0
txc_base,42,test/counting_and_probability/1014.json,-8.0,coherent_gc,0.0,0.0,0.0
txc_base,42,test/counting_and_probability/1060.json,-8.0,coherent_gc,0.0,0.0,0.0
txc_base,42,test/counting_and_probability/119.json,-8.0,coherent_gc,0.0,1.0,1.0
txc_base,42,test/counting_and_probability/25149.json,-8.0,coherent_gc,0.0,0.0,0.0
txc_base,42,test/counting_and_probability/508.json,-8.0,coherent_gc,0.0,0.0,0.0
txc_base,42,test/counting_and_probability/525.json,-8.0,coherent_gc,0.0,2.0,2.0
txc_base,42,test/counting_and_probability/894.json,-8.0,coherent_gc,0.0,0.0,0.0
txc_base,42,test/geometry/1140.json,-8.0,coherent_gc,1.0,1.0,0.0
txc_base,42,test/geometry/254.json,-8.0,coherent_gc,0.0,0.0,0.0
txc_base,42,test/geometry/456.json,-8.0,coherent_gc,0.0,0.0,0.0
txc_base,42,test/geometry/465.json,-8.0,coherent_gc,1.0,1.0,0.0
txc_base,42,test/geometry/538.json,-8.0,coherent_gc,0.0,0.0,0.0
txc_base,42,test/geometry/561.json,-8.0,coherent_gc,0.0,0.0,0.0
txc_base,42,test/geometry/615.json,-8.0,coherent_gc,1.0,1.0,0.0
txc_base,42,test/geometry/711.json,-8.0,coherent_gc,1.0,0.0,-1.0
txc_base,42,test/geometry/795.json,-8.0,coherent_gc,0.0,1.0,1.0
txc_base,42,test/geometry/843.json,-8.0,coherent_gc,0.0,0.0,0.0
txc_base,42,test/geometry/846.json,-8.0,coherent_gc,1.0,2.0,1.0
txc_base,42,test/intermediate_algebra/101.json,-8.0,coherent_gc,0.0,0.0,0.0
txc_base,42,test/intermediate_algebra/102.json,-8.0,coherent_gc,0.0,0.0,0.0
txc_base,42,test/intermediate_algebra/1354.json,-8.0,coherent_gc,0.0,1.0,1.0
txc_base,42,test/intermediate_algebra/1467.json,-8.0,coherent_gc,1.0,1.0,0.0
txc_base,42,test/intermediate_algebra/1555.json,-8.0,coherent_gc,0.0,0.0,0.0
txc_base,42,test/intermediate_algebra/1714.json,-8.0,coherent_gc,0.0,0.0,0.0
txc_base,42,test/intermediate_algebra/1779.json,-8.0,coherent_gc,0.0,1.0,1.0
txc_base,42,test/intermediate_algebra/199.json,-8.0,coherent_gc,1.0,0.0,-1.0
txc_base,42,test/intermediate_algebra/1994.json,-8.0,coherent_gc,0.0,0.0,0.0
txc_base,42,test/intermediate_algebra/2046.json,-8.0,coherent_gc,0.0,3.0,3.0
txc_base,42,test/intermediate_algebra/345.json,-8.0,coherent_gc,0.0,0.0,0.0
txc_base,42,test/intermediate_algebra/446.json,-8.0,coherent_gc,0.0,0.0,0.0
txc_base,42,test/intermediate_algebra/47.json,-8.0,coherent_gc,0.0,0.0,0.0
txc_base,42,test/intermediate_algebra/607.json,-8.0,coherent_gc,1.0,1.0,0.0
txc_base,42,test/intermediate_algebra/690.json,-8.0,coherent_gc,1.0,0.0,-1.0
txc_base,42,test/intermediate_algebra/752.json,-8.0,coherent_gc,0.0,0.0,0.0
txc_base,42,test/intermediate_algebra/894.json,-8.0,coherent_gc,1.0,1.0,0.0
txc_base,42,test/number_theory/1002.json,-8.0,coherent_gc,0.0,0.0,0.0
txc_base,42,test/number_theory/149.json,-8.0,coherent_gc,0.0,0.0,0.0
txc_base,42,test/number_theory/515.json,-8.0,coherent_gc,0.0,0.0,0.0
txc_base,42,test/prealgebra/1113.json,-8.0,coherent_gc,0.0,0.0,0.0
txc_base,42,test/prealgebra/1128.json,-8.0,coherent_gc,0.0,0.0,0.0
txc_base,42,test/prealgebra/1139.json,-8.0,coherent_gc,0.0,1.0,1.0
txc_base,42,test/prealgebra/1238.json,-8.0,coherent_gc,0.0,0.0,0.0
txc_base,42,test/prealgebra/1251.json,-8.0,coherent_gc,0.0,1.0,1.0
txc_base,42,test/prealgebra/1252.json,-8.0,coherent_gc,0.0,0.0,0.0
txc_base,42,test/prealgebra/1272.json,-8.0,coherent_gc,0.0,0.0,0.0
txc_base,42,test/prealgebra/1423.json,-8.0,coherent_gc,0.0,0.0,0.0
txc_base,42,test/prealgebra/1622.json,-8.0,coherent_gc,0.0,0.0,0.0
txc_base,42,test/prealgebra/1646.json,-8.0,coherent_gc,0.0,0.0,0.0
txc_base,42,test/prealgebra/1787.json,-8.0,coherent_gc,0.0,0.0,0.0
txc_base,42,test/prealgebra/1834.json,-8.0,coherent_gc,0.0,0.0,0.0
txc_base,42,test/prealgebra/1922.json,-8.0,coherent_gc,0.0,0.0,0.0
txc_base,42,test/prealgebra/1961.json,-8.0,coherent_gc,0.0,1.0,1.0
txc_base,42,test/prealgebra/2019.json,-8.0,coherent_gc,0.0,0.0,0.0
txc_base,42,test/prealgebra/2066.json,-8.0,coherent_gc,0.0,0.0,0.0
txc_base,42,test/prealgebra/505.json,-8.0,coherent_gc,0.0,0.0,0.0
txc_base,42,test/prealgebra/65.json,-8.0,coherent_gc,0.0,0.0,0.0
txc_base,42,test/prealgebra/996.json,-8.0,coherent_gc,0.0,0.0,0.0
txc_base,42,test/precalculus/1082.json,-8.0,coherent_gc,1.0,0.0,-1.0
txc_base,42,test/precalculus/1105.json,-8.0,coherent_gc,0.0,0.0,0.0
txc_base,42,test/precalculus/1199.json,-8.0,coherent_gc,1.0,1.0,0.0
txc_base,42,test/precalculus/1303.json,-8.0,coherent_gc,0.0,1.0,1.0
txc_base,42,test/precalculus/398.json,-8.0,coherent_gc,1.0,0.0,-1.0
txc_base,42,test/precalculus/43.json,-8.0,coherent_gc,0.0,0.0,0.0
txc_base,42,test/precalculus/541.json,-8.0,coherent_gc,0.0,0.0,0.0
txc_base,42,test/precalculus/580.json,-8.0,coherent_gc,0.0,0.0,0.0
txc_base,42,test/precalculus/779.json,-8.0,coherent_gc,0.0,0.0,0.0
txc_base,42,test/precalculus/927.json,-8.0,coherent_gc,2.0,0.0,-2.0
txc_base,42,test/precalculus/96.json,-8.0,coherent_gc,1.0,0.0,-1.0
txc_base,42,test/precalculus/986.json,-8.0,coherent_gc,0.0,1.0,1.0
txc_base,42,test/algebra/1082.json,-8.0,coherent_bt,0.0,0.0,0.0
txc_base,42,test/algebra/109.json,-8.0,coherent_bt,0.0,0.0,0.0
txc_base,42,test/algebra/1098.json,-8.0,coherent_bt,0.0,0.0,0.0
txc_base,42,test/algebra/1214.json,-8.0,coherent_bt,0.0,0.0,0.0
txc_base,42,test/algebra/1265.json,-8.0,coherent_bt,0.0,0.0,0.0
txc_base,42,test/algebra/1282.json,-8.0,coherent_bt,0.0,0.0,0.0
txc_base,42,test/algebra/1338.json,-8.0,coherent_bt,0.0,0.0,0.0
txc_base,42,test/algebra/1349.json,-8.0,coherent_bt,0.0,0.0,0.0
txc_base,42,test/algebra/1553.json,-8.0,coherent_bt,0.0,0.0,0.0
txc_base,42,test/algebra/1934.json,-8.0,coherent_bt,0.0,0.0,0.0
txc_base,42,test/algebra/1960.json,-8.0,coherent_bt,0.0,0.0,0.0
txc_base,42,test/algebra/2043.json,-8.0,coherent_bt,1.0,0.0,-1.0
txc_base,42,test/algebra/2046.json,-8.0,coherent_bt,0.0,0.0,0.0
txc_base,42,test/algebra/2159.json,-8.0,coherent_bt,1.0,0.0,-1.0
txc_base,42,test/algebra/2264.json,-8.0,coherent_bt,0.0,0.0,0.0
txc_base,42,test/algebra/2427.json,-8.0,coherent_bt,0.0,0.0,0.0
txc_base,42,test/algebra/2430.json,-8.0,coherent_bt,1.0,1.0,0.0
txc_base,42,test/algebra/2476.json,-8.0,coherent_bt,0.0,0.0,0.0
txc_base,42,test/algebra/2486.json,-8.0,coherent_bt,0.0,0.0,0.0
txc_base,42,test/algebra/2570.json,-8.0,coherent_bt,1.0,0.0,-1.0
txc_base,42,test/algebra/2593.json,-8.0,coherent_bt,0.0,0.0,0.0
txc_base,42,test/algebra/2735.json,-8.0,coherent_bt,0.0,0.0,0.0
txc_base,42,test/algebra/2779.json,-8.0,coherent_bt,0.0,0.0,0.0
txc_base,42,test/algebra/297.json,-8.0,coherent_bt,0.0,0.0,0.0
txc_base,42,test/algebra/425.json,-8.0,coherent_bt,0.0,0.0,0.0
txc_base,42,test/algebra/634.json,-8.0,coherent_bt,0.0,0.0,0.0
txc_base,42,test/algebra/661.json,-8.0,coherent_bt,0.0,0.0,0.0
txc_base,42,test/algebra/769.json,-8.0,coherent_bt,0.0,0.0,0.0
txc_base,42,test/algebra/824.json,-8.0,coherent_bt,0.0,0.0,0.0
txc_base,42,test/algebra/892.json,-8.0,coherent_bt,1.0,1.0,0.0
txc_base,42,test/counting_and_probability/1009.json,-8.0,coherent_bt,0.0,0.0,0.0
txc_base,42,test/counting_and_probability/1014.json,-8.0,coherent_bt,0.0,0.0,0.0
txc_base,42,test/counting_and_probability/1060.json,-8.0,coherent_bt,0.0,0.0,0.0
txc_base,42,test/counting_and_probability/119.json,-8.0,coherent_bt,0.0,1.0,1.0
txc_base,42,test/counting_and_probability/25149.json,-8.0,coherent_bt,0.0,0.0,0.0
txc_base,42,test/counting_and_probability/508.json,-8.0,coherent_bt,0.0,0.0,0.0
txc_base,42,test/counting_and_probability/525.json,-8.0,coherent_bt,0.0,1.0,1.0
txc_base,42,test/counting_and_probability/894.json,-8.0,coherent_bt,0.0,0.0,0.0
txc_base,42,test/geometry/1140.json,-8.0,coherent_bt,1.0,1.0,0.0
txc_base,42,test/geometry/254.json,-8.0,coherent_bt,0.0,0.0,0.0
txc_base,42,test/geometry/456.json,-8.0,coherent_bt,0.0,0.0,0.0
txc_base,42,test/geometry/465.json,-8.0,coherent_bt,1.0,1.0,0.0
txc_base,42,test/geometry/538.json,-8.0,coherent_bt,0.0,0.0,0.0
txc_base,42,test/geometry/561.json,-8.0,coherent_bt,0.0,0.0,0.0
txc_base,42,test/geometry/615.json,-8.0,coherent_bt,1.0,1.0,0.0
txc_base,42,test/geometry/711.json,-8.0,coherent_bt,1.0,0.0,-1.0
txc_base,42,test/geometry/795.json,-8.0,coherent_bt,0.0,1.0,1.0
txc_base,42,test/geometry/843.json,-8.0,coherent_bt,0.0,0.0,0.0
txc_base,42,test/geometry/846.json,-8.0,coherent_bt,1.0,1.0,0.0
txc_base,42,test/intermediate_algebra/101.json,-8.0,coherent_bt,0.0,0.0,0.0
txc_base,42,test/intermediate_algebra/102.json,-8.0,coherent_bt,0.0,0.0,0.0
txc_base,42,test/intermediate_algebra/1354.json,-8.0,coherent_bt,0.0,1.0,1.0
txc_base,42,test/intermediate_algebra/1467.json,-8.0,coherent_bt,1.0,1.0,0.0
txc_base,42,test/intermediate_algebra/1555.json,-8.0,coherent_bt,0.0,0.0,0.0
txc_base,42,test/intermediate_algebra/1714.json,-8.0,coherent_bt,0.0,0.0,0.0
txc_base,42,test/intermediate_algebra/1779.json,-8.0,coherent_bt,0.0,1.0,1.0
txc_base,42,test/intermediate_algebra/199.json,-8.0,coherent_bt,1.0,0.0,-1.0
txc_base,42,test/intermediate_algebra/1994.json,-8.0,coherent_bt,0.0,0.0,0.0
txc_base,42,test/intermediate_algebra/2046.json,-8.0,coherent_bt,0.0,1.0,1.0
txc_base,42,test/intermediate_algebra/345.json,-8.0,coherent_bt,0.0,0.0,0.0
txc_base,42,test/intermediate_algebra/446.json,-8.0,coherent_bt,0.0,0.0,0.0
txc_base,42,test/intermediate_algebra/47.json,-8.0,coherent_bt,0.0,0.0,0.0
txc_base,42,test/intermediate_algebra/607.json,-8.0,coherent_bt,1.0,1.0,0.0
txc_base,42,test/intermediate_algebra/690.json,-8.0,coherent_bt,1.0,0.0,-1.0
txc_base,42,test/intermediate_algebra/752.json,-8.0,coherent_bt,0.0,0.0,0.0
txc_base,42,test/intermediate_algebra/894.json,-8.0,coherent_bt,1.0,1.0,0.0
txc_base,42,test/number_theory/1002.json,-8.0,coherent_bt,0.0,0.0,0.0
txc_base,42,test/number_theory/149.json,-8.0,coherent_bt,0.0,0.0,0.0
txc_base,42,test/number_theory/515.json,-8.0,coherent_bt,0.0,0.0,0.0
txc_base,42,test/prealgebra/1113.json,-8.0,coherent_bt,0.0,0.0,0.0
txc_base,42,test/prealgebra/1128.json,-8.0,coherent_bt,0.0,0.0,0.0
txc_base,42,test/prealgebra/1139.json,-8.0,coherent_bt,0.0,1.0,1.0
txc_base,42,test/prealgebra/1238.json,-8.0,coherent_bt,0.0,0.0,0.0
txc_base,42,test/prealgebra/1251.json,-8.0,coherent_bt,0.0,1.0,1.0
txc_base,42,test/prealgebra/1252.json,-8.0,coherent_bt,0.0,0.0,0.0
txc_base,42,test/prealgebra/1272.json,-8.0,coherent_bt,0.0,0.0,0.0
txc_base,42,test/prealgebra/1423.json,-8.0,coherent_bt,0.0,0.0,0.0
txc_base,42,test/prealgebra/1622.json,-8.0,coherent_bt,0.0,0.0,0.0
txc_base,42,test/prealgebra/1646.json,-8.0,coherent_bt,0.0,0.0,0.0
txc_base,42,test/prealgebra/1787.json,-8.0,coherent_bt,0.0,0.0,0.0
txc_base,42,test/prealgebra/1834.json,-8.0,coherent_bt,0.0,0.0,0.0
txc_base,42,test/prealgebra/1922.json,-8.0,coherent_bt,0.0,0.0,0.0
txc_base,42,test/prealgebra/1961.json,-8.0,coherent_bt,0.0,1.0,1.0
txc_base,42,test/prealgebra/2019.json,-8.0,coherent_bt,0.0,0.0,0.0
txc_base,42,test/prealgebra/2066.json,-8.0,coherent_bt,0.0,0.0,0.0
txc_base,42,test/prealgebra/505.json,-8.0,coherent_bt,0.0,0.0,0.0
txc_base,42,test/prealgebra/65.json,-8.0,coherent_bt,0.0,0.0,0.0
txc_base,42,test/prealgebra/996.json,-8.0,coherent_bt,0.0,0.0,0.0
txc_base,42,test/precalculus/1082.json,-8.0,coherent_bt,1.0,0.0,-1.0
txc_base,42,test/precalculus/1105.json,-8.0,coherent_bt,0.0,0.0,0.0
txc_base,42,test/precalculus/1199.json,-8.0,coherent_bt,1.0,1.0,0.0
txc_base,42,test/precalculus/1303.json,-8.0,coherent_bt,0.0,1.0,1.0
txc_base,42,test/precalculus/398.json,-8.0,coherent_bt,1.0,0.0,-1.0
txc_base,42,test/precalculus/43.json,-8.0,coherent_bt,0.0,0.0,0.0
txc_base,42,test/precalculus/541.json,-8.0,coherent_bt,0.0,0.0,0.0
txc_base,42,test/precalculus/580.json,-8.0,coherent_bt,0.0,0.0,0.0
txc_base,42,test/precalculus/779.json,-8.0,coherent_bt,0.0,0.0,0.0
txc_base,42,test/precalculus/927.json,-8.0,coherent_bt,1.0,0.0,-1.0
txc_base,42,test/precalculus/96.json,-8.0,coherent_bt,1.0,0.0,-1.0
txc_base,42,test/precalculus/986.json,-8.0,coherent_bt,0.0,1.0,1.0
txc_base,42,test/algebra/1082.json,-8.0,incoherent,0.0,0.0,0.0
txc_base,42,test/algebra/109.json,-8.0,incoherent,0.0,0.0,0.0
txc_base,42,test/algebra/1098.json,-8.0,incoherent,0.0,0.0,0.0
txc_base,42,test/algebra/1214.json,-8.0,incoherent,0.0,0.0,0.0
txc_base,42,test/algebra/1265.json,-8.0,incoherent,0.0,0.0,0.0
txc_base,42,test/algebra/1282.json,-8.0,incoherent,0.0,0.0,0.0
txc_base,42,test/algebra/1338.json,-8.0,incoherent,0.0,0.0,0.0
txc_base,42,test/algebra/1349.json,-8.0,incoherent,0.0,0.0,0.0
txc_base,42,test/algebra/1553.json,-8.0,incoherent,0.0,0.0,0.0
txc_base,42,test/algebra/1934.json,-8.0,incoherent,0.0,0.0,0.0
txc_base,42,test/algebra/1960.json,-8.0,incoherent,0.0,0.0,0.0
txc_base,42,test/algebra/2043.json,-8.0,incoherent,0.0,0.0,0.0
txc_base,42,test/algebra/2046.json,-8.0,incoherent,0.0,0.0,0.0
txc_base,42,test/algebra/2159.json,-8.0,incoherent,0.0,0.0,0.0
txc_base,42,test/algebra/2264.json,-8.0,incoherent,0.0,0.0,0.0
txc_base,42,test/algebra/2427.json,-8.0,incoherent,0.0,0.0,0.0
txc_base,42,test/algebra/2430.json,-8.0,incoherent,0.0,0.0,0.0
txc_base,42,test/algebra/2476.json,-8.0,incoherent,0.0,0.0,0.0
txc_base,42,test/algebra/2486.json,-8.0,incoherent,0.0,0.0,0.0
txc_base,42,test/algebra/2570.json,-8.0,incoherent,0.0,0.0,0.0
txc_base,42,test/algebra/2593.json,-8.0,incoherent,0.0,0.0,0.0
txc_base,42,test/algebra/2735.json,-8.0,incoherent,0.0,0.0,0.0
txc_base,42,test/algebra/2779.json,-8.0,incoherent,0.0,0.0,0.0
txc_base,42,test/algebra/297.json,-8.0,incoherent,0.0,0.0,0.0
txc_base,42,test/algebra/425.json,-8.0,incoherent,0.0,0.0,0.0
txc_base,42,test/algebra/634.json,-8.0,incoherent,0.0,0.0,0.0
txc_base,42,test/algebra/661.json,-8.0,incoherent,0.0,0.0,0.0
txc_base,42,test/algebra/769.json,-8.0,incoherent,0.0,0.0,0.0
txc_base,42,test/algebra/824.json,-8.0,incoherent,0.0,0.0,0.0
txc_base,42,test/algebra/892.json,-8.0,incoherent,0.0,0.0,0.0
txc_base,42,test/counting_and_probability/1009.json,-8.0,incoherent,0.0,0.0,0.0
txc_base,42,test/counting_and_probability/1014.json,-8.0,incoherent,0.0,0.0,0.0
txc_base,42,test/counting_and_probability/1060.json,-8.0,incoherent,0.0,0.0,0.0
txc_base,42,test/counting_and_probability/119.json,-8.0,incoherent,0.0,0.0,0.0
txc_base,42,test/counting_and_probability/25149.json,-8.0,incoherent,0.0,0.0,0.0
txc_base,42,test/counting_and_probability/508.json,-8.0,incoherent,0.0,0.0,0.0
txc_base,42,test/counting_and_probability/525.json,-8.0,incoherent,0.0,0.0,0.0
txc_base,42,test/counting_and_probability/894.json,-8.0,incoherent,0.0,0.0,0.0
txc_base,42,test/geometry/1140.json,-8.0,incoherent,0.0,0.0,0.0
txc_base,42,test/geometry/254.json,-8.0,incoherent,0.0,0.0,0.0
txc_base,42,test/geometry/456.json,-8.0,incoherent,0.0,0.0,0.0
txc_base,42,test/geometry/465.json,-8.0,incoherent,0.0,0.0,0.0
txc_base,42,test/geometry/538.json,-8.0,incoherent,0.0,0.0,0.0
txc_base,42,test/geometry/561.json,-8.0,incoherent,0.0,0.0,0.0
txc_base,42,test/geometry/615.json,-8.0,incoherent,0.0,0.0,0.0
txc_base,42,test/geometry/711.json,-8.0,incoherent,0.0,0.0,0.0
txc_base,42,test/geometry/795.json,-8.0,incoherent,0.0,0.0,0.0
txc_base,42,test/geometry/843.json,-8.0,incoherent,0.0,0.0,0.0
txc_base,42,test/geometry/846.json,-8.0,incoherent,0.0,0.0,0.0
txc_base,42,test/intermediate_algebra/101.json,-8.0,incoherent,0.0,0.0,0.0
txc_base,42,test/intermediate_algebra/102.json,-8.0,incoherent,0.0,0.0,0.0
txc_base,42,test/intermediate_algebra/1354.json,-8.0,incoherent,0.0,0.0,0.0
txc_base,42,test/intermediate_algebra/1467.json,-8.0,incoherent,0.0,0.0,0.0
txc_base,42,test/intermediate_algebra/1555.json,-8.0,incoherent,0.0,0.0,0.0
txc_base,42,test/intermediate_algebra/1714.json,-8.0,incoherent,0.0,0.0,0.0
txc_base,42,test/intermediate_algebra/1779.json,-8.0,incoherent,0.0,0.0,0.0
txc_base,42,test/intermediate_algebra/199.json,-8.0,incoherent,0.0,0.0,0.0
txc_base,42,test/intermediate_algebra/1994.json,-8.0,incoherent,0.0,0.0,0.0
txc_base,42,test/intermediate_algebra/2046.json,-8.0,incoherent,0.0,0.0,0.0
txc_base,42,test/intermediate_algebra/345.json,-8.0,incoherent,0.0,0.0,0.0
txc_base,42,test/intermediate_algebra/446.json,-8.0,incoherent,0.0,0.0,0.0
txc_base,42,test/intermediate_algebra/47.json,-8.0,incoherent,0.0,0.0,0.0
txc_base,42,test/intermediate_algebra/607.json,-8.0,incoherent,0.0,0.0,0.0
txc_base,42,test/intermediate_algebra/690.json,-8.0,incoherent,0.0,0.0,0.0
txc_base,42,test/intermediate_algebra/752.json,-8.0,incoherent,0.0,0.0,0.0
txc_base,42,test/intermediate_algebra/894.json,-8.0,incoherent,0.0,0.0,0.0
txc_base,42,test/number_theory/1002.json,-8.0,incoherent,0.0,0.0,0.0
txc_base,42,test/number_theory/149.json,-8.0,incoherent,0.0,0.0,0.0
txc_base,42,test/number_theory/515.json,-8.0,incoherent,0.0,0.0,0.0
txc_base,42,test/prealgebra/1113.json,-8.0,incoherent,0.0,0.0,0.0
txc_base,42,test/prealgebra/1128.json,-8.0,incoherent,0.0,0.0,0.0
txc_base,42,test/prealgebra/1139.json,-8.0,incoherent,0.0,0.0,0.0
txc_base,42,test/prealgebra/1238.json,-8.0,incoherent,0.0,0.0,0.0
txc_base,42,test/prealgebra/1251.json,-8.0,incoherent,0.0,0.0,0.0
txc_base,42,test/prealgebra/1252.json,-8.0,incoherent,0.0,0.0,0.0
txc_base,42,test/prealgebra/1272.json,-8.0,incoherent,0.0,0.0,0.0
txc_base,42,test/prealgebra/1423.json,-8.0,incoherent,0.0,0.0,0.0
txc_base,42,test/prealgebra/1622.json,-8.0,incoherent,0.0,0.0,0.0
txc_base,42,test/prealgebra/1646.json,-8.0,incoherent,0.0,0.0,0.0
txc_base,42,test/prealgebra/1787.json,-8.0,incoherent,0.0,0.0,0.0
txc_base,42,test/prealgebra/1834.json,-8.0,incoherent,0.0,0.0,0.0
txc_base,42,test/prealgebra/1922.json,-8.0,incoherent,0.0,0.0,0.0
txc_base,42,test/prealgebra/1961.json,-8.0,incoherent,0.0,0.0,0.0
txc_base,42,test/prealgebra/2019.json,-8.0,incoherent,0.0,0.0,0.0
txc_base,42,test/prealgebra/2066.json,-8.0,incoherent,0.0,0.0,0.0
txc_base,42,test/prealgebra/505.json,-8.0,incoherent,0.0,0.0,0.0
txc_base,42,test/prealgebra/65.json,-8.0,incoherent,0.0,0.0,0.0
txc_base,42,test/prealgebra/996.json,-8.0,incoherent,0.0,0.0,0.0
txc_base,42,test/precalculus/1082.json,-8.0,incoherent,0.0,0.0,0.0
txc_base,42,test/precalculus/1105.json,-8.0,incoherent,0.0,0.0,0.0
txc_base,42,test/precalculus/1199.json,-8.0,incoherent,0.0,0.0,0.0
txc_base,42,test/precalculus/1303.json,-8.0,incoherent,0.0,0.0,0.0
txc_base,42,test/precalculus/398.json,-8.0,incoherent,0.0,0.0,0.0
txc_base,42,test/precalculus/43.json,-8.0,incoherent,0.0,0.0,0.0
txc_base,42,test/precalculus/541.json,-8.0,incoherent,0.0,0.0,0.0
txc_base,42,test/precalculus/580.json,-8.0,incoherent,0.0,0.0,0.0
txc_base,42,test/precalculus/779.json,-8.0,incoherent,0.0,0.0,0.0
txc_base,42,test/precalculus/927.json,-8.0,incoherent,0.0,0.0,0.0
txc_base,42,test/precalculus/96.json,-8.0,incoherent,0.0,0.0,0.0
txc_base,42,test/precalculus/986.json,-8.0,incoherent,0.0,0.0,0.0
txc_base,42,test/algebra/1082.json,-8.0,correct,0.0,0.0,0.0
txc_base,42,test/algebra/109.json,-8.0,correct,1.0,1.0,0.0
txc_base,42,test/algebra/1098.json,-8.0,correct,1.0,1.0,0.0
txc_base,42,test/algebra/1214.json,-8.0,correct,1.0,1.0,0.0
txc_base,42,test/algebra/1265.json,-8.0,correct,1.0,1.0,0.0
txc_base,42,test/algebra/1282.json,-8.0,correct,0.0,0.0,0.0
txc_base,42,test/algebra/1338.json,-8.0,correct,1.0,1.0,0.0
txc_base,42,test/algebra/1349.json,-8.0,correct,0.0,0.0,0.0
txc_base,42,test/algebra/1553.json,-8.0,correct,0.0,1.0,1.0
txc_base,42,test/algebra/1934.json,-8.0,correct,1.0,0.0,-1.0
txc_base,42,test/algebra/1960.json,-8.0,correct,1.0,1.0,0.0
txc_base,42,test/algebra/2043.json,-8.0,correct,1.0,0.0,-1.0
txc_base,42,test/algebra/2046.json,-8.0,correct,1.0,1.0,0.0
txc_base,42,test/algebra/2159.json,-8.0,correct,0.0,0.0,0.0
txc_base,42,test/algebra/2264.json,-8.0,correct,1.0,0.0,-1.0
txc_base,42,test/algebra/2427.json,-8.0,correct,0.0,0.0,0.0
txc_base,42,test/algebra/2430.json,-8.0,correct,0.0,0.0,0.0
txc_base,42,test/algebra/2476.json,-8.0,correct,0.0,0.0,0.0
txc_base,42,test/algebra/2486.json,-8.0,correct,1.0,1.0,0.0
txc_base,42,test/algebra/2570.json,-8.0,correct,1.0,1.0,0.0
txc_base,42,test/algebra/2593.json,-8.0,correct,1.0,1.0,0.0
txc_base,42,test/algebra/2735.json,-8.0,correct,0.0,1.0,1.0
txc_base,42,test/algebra/2779.json,-8.0,correct,1.0,0.0,-1.0
txc_base,42,test/algebra/297.json,-8.0,correct,0.0,0.0,0.0
txc_base,42,test/algebra/425.json,-8.0,correct,1.0,1.0,0.0
txc_base,42,test/algebra/634.json,-8.0,correct,0.0,0.0,0.0
txc_base,42,test/algebra/661.json,-8.0,correct,1.0,0.0,-1.0
txc_base,42,test/algebra/769.json,-8.0,correct,1.0,0.0,-1.0
txc_base,42,test/algebra/824.json,-8.0,correct,1.0,0.0,-1.0
txc_base,42,test/algebra/892.json,-8.0,correct,0.0,0.0,0.0
txc_base,42,test/counting_and_probability/1009.json,-8.0,correct,1.0,0.0,-1.0
txc_base,42,test/counting_and_probability/1014.json,-8.0,correct,1.0,1.0,0.0
txc_base,42,test/counting_and_probability/1060.json,-8.0,correct,0.0,0.0,0.0
txc_base,42,test/counting_and_probability/119.json,-8.0,correct,0.0,0.0,0.0
txc_base,42,test/counting_and_probability/25149.json,-8.0,correct,1.0,0.0,-1.0
txc_base,42,test/counting_and_probability/508.json,-8.0,correct,0.0,0.0,0.0
txc_base,42,test/counting_and_probability/525.json,-8.0,correct,0.0,0.0,0.0
txc_base,42,test/counting_and_probability/894.json,-8.0,correct,1.0,0.0,-1.0
txc_base,42,test/geometry/1140.json,-8.0,correct,0.0,0.0,0.0
txc_base,42,test/geometry/254.json,-8.0,correct,0.0,1.0,1.0
txc_base,42,test/geometry/456.json,-8.0,correct,1.0,0.0,-1.0
txc_base,42,test/geometry/465.json,-8.0,correct,0.0,0.0,0.0
txc_base,42,test/geometry/538.json,-8.0,correct,0.0,0.0,0.0
txc_base,42,test/geometry/561.json,-8.0,correct,0.0,0.0,0.0
txc_base,42,test/geometry/615.json,-8.0,correct,0.0,0.0,0.0
txc_base,42,test/geometry/711.json,-8.0,correct,0.0,0.0,0.0
txc_base,42,test/geometry/795.json,-8.0,correct,0.0,0.0,0.0
txc_base,42,test/geometry/843.json,-8.0,correct,1.0,1.0,0.0
txc_base,42,test/geometry/846.json,-8.0,correct,0.0,0.0,0.0
txc_base,42,test/intermediate_algebra/101.json,-8.0,correct,0.0,0.0,0.0
txc_base,42,test/intermediate_algebra/102.json,-8.0,correct,0.0,0.0,0.0
txc_base,42,test/intermediate_algebra/1354.json,-8.0,correct,0.0,0.0,0.0
txc_base,42,test/intermediate_algebra/1467.json,-8.0,correct,0.0,0.0,0.0
txc_base,42,test/intermediate_algebra/1555.json,-8.0,correct,0.0,0.0,0.0
txc_base,42,test/intermediate_algebra/1714.json,-8.0,correct,1.0,1.0,0.0
txc_base,42,test/intermediate_algebra/1779.json,-8.0,correct,0.0,0.0,0.0
txc_base,42,test/intermediate_algebra/199.json,-8.0,correct,0.0,1.0,1.0
txc_base,42,test/intermediate_algebra/1994.json,-8.0,correct,0.0,0.0,0.0
txc_base,42,test/intermediate_algebra/2046.json,-8.0,correct,0.0,0.0,0.0
txc_base,42,test/intermediate_algebra/345.json,-8.0,correct,0.0,0.0,0.0
txc_base,42,test/intermediate_algebra/446.json,-8.0,correct,0.0,0.0,0.0
txc_base,42,test/intermediate_algebra/47.json,-8.0,correct,0.0,0.0,0.0
txc_base,42,test/intermediate_algebra/607.json,-8.0,correct,0.0,0.0,0.0
txc_base,42,test/intermediate_algebra/690.json,-8.0,correct,0.0,0.0,0.0
txc_base,42,test/intermediate_algebra/752.json,-8.0,correct,0.0,1.0,1.0
txc_base,42,test/intermediate_algebra/894.json,-8.0,correct,0.0,0.0,0.0
txc_base,42,test/number_theory/1002.json,-8.0,correct,0.0,0.0,0.0
txc_base,42,test/number_theory/149.json,-8.0,correct,0.0,0.0,0.0
txc_base,42,test/number_theory/515.json,-8.0,correct,1.0,0.0,-1.0
txc_base,42,test/prealgebra/1113.json,-8.0,correct,1.0,1.0,0.0
txc_base,42,test/prealgebra/1128.json,-8.0,correct,0.0,0.0,0.0
txc_base,42,test/prealgebra/1139.json,-8.0,correct,0.0,0.0,0.0
txc_base,42,test/prealgebra/1238.json,-8.0,correct,1.0,0.0,-1.0
txc_base,42,test/prealgebra/1251.json,-8.0,correct,0.0,0.0,0.0
txc_base,42,test/prealgebra/1252.json,-8.0,correct,1.0,0.0,-1.0
txc_base,42,test/prealgebra/1272.json,-8.0,correct,1.0,0.0,-1.0
txc_base,42,test/prealgebra/1423.json,-8.0,correct,0.0,0.0,0.0
txc_base,42,test/prealgebra/1622.json,-8.0,correct,0.0,0.0,0.0
txc_base,42,test/prealgebra/1646.json,-8.0,correct,0.0,0.0,0.0
txc_base,42,test/prealgebra/1787.json,-8.0,correct,1.0,0.0,-1.0
txc_base,42,test/prealgebra/1834.json,-8.0,correct,0.0,0.0,0.0
txc_base,42,test/prealgebra/1922.json,-8.0,correct,0.0,0.0,0.0
txc_base,42,test/prealgebra/1961.json,-8.0,correct,0.0,0.0,0.0
txc_base,42,test/prealgebra/2019.json,-8.0,correct,1.0,0.0,-1.0
txc_base,42,test/prealgebra/2066.json,-8.0,correct,0.0,0.0,0.0
txc_base,42,test/prealgebra/505.json,-8.0,correct,1.0,1.0,0.0
txc_base,42,test/prealgebra/65.json,-8.0,correct,0.0,0.0,0.0
txc_base,42,test/prealgebra/996.json,-8.0,correct,0.0,1.0,1.0
txc_base,42,test/precalculus/1082.json,-8.0,correct,0.0,0.0,0.0
txc_base,42,test/precalculus/1105.json,-8.0,correct,0.0,0.0,0.0
txc_base,42,test/precalculus/1199.json,-8.0,correct,0.0,0.0,0.0
txc_base,42,test/precalculus/1303.json,-8.0,correct,0.0,0.0,0.0
txc_base,42,test/precalculus/398.json,-8.0,correct,0.0,0.0,0.0
txc_base,42,test/precalculus/43.json,-8.0,correct,0.0,0.0,0.0
txc_base,42,test/precalculus/541.json,-8.0,correct,0.0,0.0,0.0
txc_base,42,test/precalculus/580.json,-8.0,correct,0.0,0.0,0.0
txc_base,42,test/precalculus/779.json,-8.0,correct,1.0,1.0,0.0
txc_base,42,test/precalculus/927.json,-8.0,correct,0.0,0.0,0.0
txc_base,42,test/precalculus/96.json,-8.0,correct,0.0,0.0,0.0
txc_base,42,test/precalculus/986.json,-8.0,correct,0.0,0.0,0.0
topk_last,1,test/algebra/1082.json,8.0,gc,0.0,0.0,0.0
topk_last,1,test/algebra/109.json,8.0,gc,0.0,0.0,0.0
topk_last,1,test/algebra/1098.json,8.0,gc,0.0,0.0,0.0
topk_last,1,test/algebra/1214.json,8.0,gc,0.0,0.0,0.0
topk_last,1,test/algebra/1265.json,8.0,gc,0.0,0.0,0.0
topk_last,1,test/algebra/1282.json,8.0,gc,0.0,0.0,0.0
topk_last,1,test/algebra/1338.json,8.0,gc,0.0,0.0,0.0
topk_last,1,test/algebra/1349.json,8.0,gc,0.0,0.0,0.0
topk_last,1,test/algebra/1553.json,8.0,gc,0.0,0.0,0.0
topk_last,1,test/algebra/1934.json,8.0,gc,0.0,0.0,0.0
topk_last,1,test/algebra/1960.json,8.0,gc,0.0,0.0,0.0
topk_last,1,test/algebra/2043.json,8.0,gc,1.0,1.0,0.0
topk_last,1,test/algebra/2046.json,8.0,gc,0.0,0.0,0.0
topk_last,1,test/algebra/2159.json,8.0,gc,1.0,0.0,-1.0
topk_last,1,test/algebra/2264.json,8.0,gc,0.0,0.0,0.0
topk_last,1,test/algebra/2427.json,8.0,gc,0.0,0.0,0.0
topk_last,1,test/algebra/2430.json,8.0,gc,1.0,0.0,-1.0
topk_last,1,test/algebra/2476.json,8.0,gc,0.0,0.0,0.0
topk_last,1,test/algebra/2486.json,8.0,gc,0.0,0.0,0.0
topk_last,1,test/algebra/2570.json,8.0,gc,1.0,1.0,0.0
topk_last,1,test/algebra/2593.json,8.0,gc,0.0,0.0,0.0
topk_last,1,test/algebra/2735.json,8.0,gc,0.0,0.0,0.0
topk_last,1,test/algebra/2779.json,8.0,gc,0.0,0.0,0.0
topk_last,1,test/algebra/297.json,8.0,gc,0.0,0.0,0.0
topk_last,1,test/algebra/425.json,8.0,gc,0.0,0.0,0.0
topk_last,1,test/algebra/634.json,8.0,gc,0.0,1.0,1.0
topk_last,1,test/algebra/661.json,8.0,gc,0.0,0.0,0.0
topk_last,1,test/algebra/769.json,8.0,gc,0.0,0.0,0.0
topk_last,1,test/algebra/824.json,8.0,gc,0.0,0.0,0.0
topk_last,1,test/algebra/892.json,8.0,gc,1.0,1.0,0.0
topk_last,1,test/counting_and_probability/1009.json,8.0,gc,0.0,0.0,0.0
topk_last,1,test/counting_and_probability/1014.json,8.0,gc,0.0,0.0,0.0
topk_last,1,test/counting_and_probability/1060.json,8.0,gc,0.0,0.0,0.0
topk_last,1,test/counting_and_probability/119.json,8.0,gc,0.0,0.0,0.0
topk_last,1,test/counting_and_probability/25149.json,8.0,gc,0.0,0.0,0.0
topk_last,1,test/counting_and_probability/508.json,8.0,gc,0.0,0.0,0.0
topk_last,1,test/counting_and_probability/525.json,8.0,gc,0.0,1.0,1.0
topk_last,1,test/counting_and_probability/894.json,8.0,gc,0.0,0.0,0.0
topk_last,1,test/geometry/1140.json,8.0,gc,1.0,1.0,0.0
topk_last,1,test/geometry/254.json,8.0,gc,0.0,0.0,0.0
topk_last,1,test/geometry/456.json,8.0,gc,0.0,0.0,0.0
topk_last,1,test/geometry/465.json,8.0,gc,1.0,1.0,0.0
topk_last,1,test/geometry/538.json,8.0,gc,0.0,0.0,0.0
topk_last,1,test/geometry/561.json,8.0,gc,0.0,1.0,1.0
topk_last,1,test/geometry/615.json,8.0,gc,1.0,2.0,1.0
topk_last,1,test/geometry/711.json,8.0,gc,1.0,2.0,1.0
topk_last,1,test/geometry/795.json,8.0,gc,0.0,1.0,1.0
topk_last,1,test/geometry/843.json,8.0,gc,0.0,0.0,0.0
topk_last,1,test/geometry/846.json,8.0,gc,1.0,1.0,0.0
topk_last,1,test/intermediate_algebra/101.json,8.0,gc,0.0,0.0,0.0
topk_last,1,test/intermediate_algebra/102.json,8.0,gc,0.0,0.0,0.0
topk_last,1,test/intermediate_algebra/1354.json,8.0,gc,0.0,0.0,0.0
topk_last,1,test/intermediate_algebra/1467.json,8.0,gc,1.0,0.0,-1.0
topk_last,1,test/intermediate_algebra/1555.json,8.0,gc,0.0,0.0,0.0
topk_last,1,test/intermediate_algebra/1714.json,8.0,gc,0.0,0.0,0.0
topk_last,1,test/intermediate_algebra/1779.json,8.0,gc,0.0,0.0,0.0
topk_last,1,test/intermediate_algebra/199.json,8.0,gc,1.0,1.0,0.0
topk_last,1,test/intermediate_algebra/1994.json,8.0,gc,0.0,1.0,1.0
topk_last,1,test/intermediate_algebra/2046.json,8.0,gc,0.0,1.0,1.0
topk_last,1,test/intermediate_algebra/345.json,8.0,gc,0.0,0.0,0.0
topk_last,1,test/intermediate_algebra/446.json,8.0,gc,0.0,0.0,0.0
topk_last,1,test/intermediate_algebra/47.json,8.0,gc,0.0,0.0,0.0
topk_last,1,test/intermediate_algebra/607.json,8.0,gc,1.0,0.0,-1.0
topk_last,1,test/intermediate_algebra/690.json,8.0,gc,1.0,1.0,0.0
topk_last,1,test/intermediate_algebra/752.json,8.0,gc,0.0,0.0,0.0
topk_last,1,test/intermediate_algebra/894.json,8.0,gc,1.0,1.0,0.0
topk_last,1,test/number_theory/1002.json,8.0,gc,0.0,0.0,0.0
topk_last,1,test/number_theory/149.json,8.0,gc,0.0,0.0,0.0
topk_last,1,test/number_theory/515.json,8.0,gc,0.0,0.0,0.0
topk_last,1,test/prealgebra/1113.json,8.0,gc,0.0,0.0,0.0
topk_last,1,test/prealgebra/1128.json,8.0,gc,0.0,0.0,0.0
topk_last,1,test/prealgebra/1139.json,8.0,gc,0.0,2.0,2.0
topk_last,1,test/prealgebra/1238.json,8.0,gc,0.0,0.0,0.0
topk_last,1,test/prealgebra/1251.json,8.0,gc,0.0,0.0,0.0
topk_last,1,test/prealgebra/1252.json,8.0,gc,0.0,0.0,0.0
topk_last,1,test/prealgebra/1272.json,8.0,gc,0.0,0.0,0.0
topk_last,1,test/prealgebra/1423.json,8.0,gc,0.0,0.0,0.0
topk_last,1,test/prealgebra/1622.json,8.0,gc,0.0,0.0,0.0
topk_last,1,test/prealgebra/1646.json,8.0,gc,0.0,0.0,0.0
topk_last,1,test/prealgebra/1787.json,8.0,gc,0.0,0.0,0.0
topk_last,1,test/prealgebra/1834.json,8.0,gc,0.0,0.0,0.0
topk_last,1,test/prealgebra/1922.json,8.0,gc,0.0,0.0,0.0
topk_last,1,test/prealgebra/1961.json,8.0,gc,0.0,1.0,1.0
topk_last,1,test/prealgebra/2019.json,8.0,gc,0.0,0.0,0.0
topk_last,1,test/prealgebra/2066.json,8.0,gc,0.0,0.0,0.0
topk_last,1,test/prealgebra/505.json,8.0,gc,0.0,0.0,0.0
topk_last,1,test/prealgebra/65.json,8.0,gc,0.0,0.0,0.0
topk_last,1,test/prealgebra/996.json,8.0,gc,0.0,0.0,0.0
topk_last,1,test/precalculus/1082.json,8.0,gc,1.0,1.0,0.0
topk_last,1,test/precalculus/1105.json,8.0,gc,0.0,0.0,0.0
topk_last,1,test/precalculus/1199.json,8.0,gc,1.0,0.0,-1.0
topk_last,1,test/precalculus/1303.json,8.0,gc,0.0,2.0,2.0
topk_last,1,test/precalculus/398.json,8.0,gc,1.0,0.0,-1.0
topk_last,1,test/precalculus/43.json,8.0,gc,0.0,0.0,0.0
topk_last,1,test/precalculus/541.json,8.0,gc,0.0,0.0,0.0
topk_last,1,test/precalculus/580.json,8.0,gc,0.0,0.0,0.0
topk_last,1,test/precalculus/779.json,8.0,gc,0.0,0.0,0.0
topk_last,1,test/precalculus/927.json,8.0,gc,2.0,0.0,-2.0
topk_last,1,test/precalculus/96.json,8.0,gc,1.0,0.0,-1.0
topk_last,1,test/precalculus/986.json,8.0,gc,0.0,1.0,1.0
topk_last,1,test/algebra/1082.json,8.0,coherent_gc,0.0,0.0,0.0
topk_last,1,test/algebra/109.json,8.0,coherent_gc,0.0,0.0,0.0
topk_last,1,test/algebra/1098.json,8.0,coherent_gc,0.0,0.0,0.0
topk_last,1,test/algebra/1214.json,8.0,coherent_gc,0.0,0.0,0.0
topk_last,1,test/algebra/1265.json,8.0,coherent_gc,0.0,0.0,0.0
topk_last,1,test/algebra/1282.json,8.0,coherent_gc,0.0,0.0,0.0
topk_last,1,test/algebra/1338.json,8.0,coherent_gc,0.0,0.0,0.0
topk_last,1,test/algebra/1349.json,8.0,coherent_gc,0.0,0.0,0.0
topk_last,1,test/algebra/1553.json,8.0,coherent_gc,0.0,0.0,0.0
topk_last,1,test/algebra/1934.json,8.0,coherent_gc,0.0,0.0,0.0
topk_last,1,test/algebra/1960.json,8.0,coherent_gc,0.0,0.0,0.0
topk_last,1,test/algebra/2043.json,8.0,coherent_gc,1.0,1.0,0.0
topk_last,1,test/algebra/2046.json,8.0,coherent_gc,0.0,0.0,0.0
topk_last,1,test/algebra/2159.json,8.0,coherent_gc,1.0,0.0,-1.0
topk_last,1,test/algebra/2264.json,8.0,coherent_gc,0.0,0.0,0.0
topk_last,1,test/algebra/2427.json,8.0,coherent_gc,0.0,0.0,0.0
topk_last,1,test/algebra/2430.json,8.0,coherent_gc,1.0,0.0,-1.0
topk_last,1,test/algebra/2476.json,8.0,coherent_gc,0.0,0.0,0.0
topk_last,1,test/algebra/2486.json,8.0,coherent_gc,0.0,0.0,0.0
topk_last,1,test/algebra/2570.json,8.0,coherent_gc,1.0,1.0,0.0
topk_last,1,test/algebra/2593.json,8.0,coherent_gc,0.0,0.0,0.0
topk_last,1,test/algebra/2735.json,8.0,coherent_gc,0.0,0.0,0.0
topk_last,1,test/algebra/2779.json,8.0,coherent_gc,0.0,0.0,0.0
topk_last,1,test/algebra/297.json,8.0,coherent_gc,0.0,0.0,0.0
topk_last,1,test/algebra/425.json,8.0,coherent_gc,0.0,0.0,0.0
topk_last,1,test/algebra/634.json,8.0,coherent_gc,0.0,1.0,1.0
topk_last,1,test/algebra/661.json,8.0,coherent_gc,0.0,0.0,0.0
topk_last,1,test/algebra/769.json,8.0,coherent_gc,0.0,0.0,0.0
topk_last,1,test/algebra/824.json,8.0,coherent_gc,0.0,0.0,0.0
topk_last,1,test/algebra/892.json,8.0,coherent_gc,1.0,1.0,0.0
topk_last,1,test/counting_and_probability/1009.json,8.0,coherent_gc,0.0,0.0,0.0
topk_last,1,test/counting_and_probability/1014.json,8.0,coherent_gc,0.0,0.0,0.0
topk_last,1,test/counting_and_probability/1060.json,8.0,coherent_gc,0.0,0.0,0.0
topk_last,1,test/counting_and_probability/119.json,8.0,coherent_gc,0.0,0.0,0.0
topk_last,1,test/counting_and_probability/25149.json,8.0,coherent_gc,0.0,0.0,0.0
topk_last,1,test/counting_and_probability/508.json,8.0,coherent_gc,0.0,0.0,0.0
topk_last,1,test/counting_and_probability/525.json,8.0,coherent_gc,0.0,1.0,1.0
topk_last,1,test/counting_and_probability/894.json,8.0,coherent_gc,0.0,0.0,0.0
topk_last,1,test/geometry/1140.json,8.0,coherent_gc,1.0,1.0,0.0
topk_last,1,test/geometry/254.json,8.0,coherent_gc,0.0,0.0,0.0
topk_last,1,test/geometry/456.json,8.0,coherent_gc,0.0,0.0,0.0
topk_last,1,test/geometry/465.json,8.0,coherent_gc,1.0,1.0,0.0
topk_last,1,test/geometry/538.json,8.0,coherent_gc,0.0,0.0,0.0
topk_last,1,test/geometry/561.json,8.0,coherent_gc,0.0,1.0,1.0
topk_last,1,test/geometry/615.json,8.0,coherent_gc,1.0,2.0,1.0
topk_last,1,test/geometry/711.json,8.0,coherent_gc,1.0,2.0,1.0
topk_last,1,test/geometry/795.json,8.0,coherent_gc,0.0,1.0,1.0
topk_last,1,test/geometry/843.json,8.0,coherent_gc,0.0,0.0,0.0
topk_last,1,test/geometry/846.json,8.0,coherent_gc,1.0,1.0,0.0
topk_last,1,test/intermediate_algebra/101.json,8.0,coherent_gc,0.0,0.0,0.0
topk_last,1,test/intermediate_algebra/102.json,8.0,coherent_gc,0.0,0.0,0.0
topk_last,1,test/intermediate_algebra/1354.json,8.0,coherent_gc,0.0,0.0,0.0
topk_last,1,test/intermediate_algebra/1467.json,8.0,coherent_gc,1.0,0.0,-1.0
topk_last,1,test/intermediate_algebra/1555.json,8.0,coherent_gc,0.0,0.0,0.0
topk_last,1,test/intermediate_algebra/1714.json,8.0,coherent_gc,0.0,0.0,0.0
topk_last,1,test/intermediate_algebra/1779.json,8.0,coherent_gc,0.0,0.0,0.0
topk_last,1,test/intermediate_algebra/199.json,8.0,coherent_gc,1.0,1.0,0.0
topk_last,1,test/intermediate_algebra/1994.json,8.0,coherent_gc,0.0,1.0,1.0
topk_last,1,test/intermediate_algebra/2046.json,8.0,coherent_gc,0.0,1.0,1.0
topk_last,1,test/intermediate_algebra/345.json,8.0,coherent_gc,0.0,0.0,0.0
topk_last,1,test/intermediate_algebra/446.json,8.0,coherent_gc,0.0,0.0,0.0
topk_last,1,test/intermediate_algebra/47.json,8.0,coherent_gc,0.0,0.0,0.0
topk_last,1,test/intermediate_algebra/607.json,8.0,coherent_gc,1.0,0.0,-1.0
topk_last,1,test/intermediate_algebra/690.json,8.0,coherent_gc,1.0,1.0,0.0
topk_last,1,test/intermediate_algebra/752.json,8.0,coherent_gc,0.0,0.0,0.0
topk_last,1,test/intermediate_algebra/894.json,8.0,coherent_gc,1.0,1.0,0.0
topk_last,1,test/number_theory/1002.json,8.0,coherent_gc,0.0,0.0,0.0
topk_last,1,test/number_theory/149.json,8.0,coherent_gc,0.0,0.0,0.0
topk_last,1,test/number_theory/515.json,8.0,coherent_gc,0.0,0.0,0.0
topk_last,1,test/prealgebra/1113.json,8.0,coherent_gc,0.0,0.0,0.0
topk_last,1,test/prealgebra/1128.json,8.0,coherent_gc,0.0,0.0,0.0
topk_last,1,test/prealgebra/1139.json,8.0,coherent_gc,0.0,2.0,2.0
topk_last,1,test/prealgebra/1238.json,8.0,coherent_gc,0.0,0.0,0.0
topk_last,1,test/prealgebra/1251.json,8.0,coherent_gc,0.0,0.0,0.0
topk_last,1,test/prealgebra/1252.json,8.0,coherent_gc,0.0,0.0,0.0
topk_last,1,test/prealgebra/1272.json,8.0,coherent_gc,0.0,0.0,0.0
topk_last,1,test/prealgebra/1423.json,8.0,coherent_gc,0.0,0.0,0.0
topk_last,1,test/prealgebra/1622.json,8.0,coherent_gc,0.0,0.0,0.0
topk_last,1,test/prealgebra/1646.json,8.0,coherent_gc,0.0,0.0,0.0
topk_last,1,test/prealgebra/1787.json,8.0,coherent_gc,0.0,0.0,0.0
topk_last,1,test/prealgebra/1834.json,8.0,coherent_gc,0.0,0.0,0.0
topk_last,1,test/prealgebra/1922.json,8.0,coherent_gc,0.0,0.0,0.0
topk_last,1,test/prealgebra/1961.json,8.0,coherent_gc,0.0,1.0,1.0
topk_last,1,test/prealgebra/2019.json,8.0,coherent_gc,0.0,0.0,0.0
topk_last,1,test/prealgebra/2066.json,8.0,coherent_gc,0.0,0.0,0.0
topk_last,1,test/prealgebra/505.json,8.0,coherent_gc,0.0,0.0,0.0
topk_last,1,test/prealgebra/65.json,8.0,coherent_gc,0.0,0.0,0.0
topk_last,1,test/prealgebra/996.json,8.0,coherent_gc,0.0,0.0,0.0
topk_last,1,test/precalculus/1082.json,8.0,coherent_gc,1.0,1.0,0.0
topk_last,1,test/precalculus/1105.json,8.0,coherent_gc,0.0,0.0,0.0
topk_last,1,test/precalculus/1199.json,8.0,coherent_gc,1.0,0.0,-1.0
topk_last,1,test/precalculus/1303.json,8.0,coherent_gc,0.0,2.0,2.0
topk_last,1,test/precalculus/398.json,8.0,coherent_gc,1.0,0.0,-1.0
topk_last,1,test/precalculus/43.json,8.0,coherent_gc,0.0,0.0,0.0
topk_last,1,test/precalculus/541.json,8.0,coherent_gc,0.0,0.0,0.0
topk_last,1,test/precalculus/580.json,8.0,coherent_gc,0.0,0.0,0.0
topk_last,1,test/precalculus/779.json,8.0,coherent_gc,0.0,0.0,0.0
topk_last,1,test/precalculus/927.json,8.0,coherent_gc,2.0,0.0,-2.0
topk_last,1,test/precalculus/96.json,8.0,coherent_gc,1.0,0.0,-1.0
topk_last,1,test/precalculus/986.json,8.0,coherent_gc,0.0,1.0,1.0
topk_last,1,test/algebra/1082.json,8.0,coherent_bt,0.0,0.0,0.0
topk_last,1,test/algebra/109.json,8.0,coherent_bt,0.0,0.0,0.0
topk_last,1,test/algebra/1098.json,8.0,coherent_bt,0.0,0.0,0.0
topk_last,1,test/algebra/1214.json,8.0,coherent_bt,0.0,0.0,0.0
topk_last,1,test/algebra/1265.json,8.0,coherent_bt,0.0,0.0,0.0
topk_last,1,test/algebra/1282.json,8.0,coherent_bt,0.0,0.0,0.0
topk_last,1,test/algebra/1338.json,8.0,coherent_bt,0.0,0.0,0.0
topk_last,1,test/algebra/1349.json,8.0,coherent_bt,0.0,0.0,0.0
topk_last,1,test/algebra/1553.json,8.0,coherent_bt,0.0,0.0,0.0
topk_last,1,test/algebra/1934.json,8.0,coherent_bt,0.0,0.0,0.0
topk_last,1,test/algebra/1960.json,8.0,coherent_bt,0.0,0.0,0.0
topk_last,1,test/algebra/2043.json,8.0,coherent_bt,1.0,1.0,0.0
topk_last,1,test/algebra/2046.json,8.0,coherent_bt,0.0,0.0,0.0
topk_last,1,test/algebra/2159.json,8.0,coherent_bt,1.0,0.0,-1.0
topk_last,1,test/algebra/2264.json,8.0,coherent_bt,0.0,0.0,0.0
topk_last,1,test/algebra/2427.json,8.0,coherent_bt,0.0,0.0,0.0
topk_last,1,test/algebra/2430.json,8.0,coherent_bt,1.0,0.0,-1.0
topk_last,1,test/algebra/2476.json,8.0,coherent_bt,0.0,0.0,0.0
topk_last,1,test/algebra/2486.json,8.0,coherent_bt,0.0,0.0,0.0
topk_last,1,test/algebra/2570.json,8.0,coherent_bt,1.0,1.0,0.0
topk_last,1,test/algebra/2593.json,8.0,coherent_bt,0.0,0.0,0.0
topk_last,1,test/algebra/2735.json,8.0,coherent_bt,0.0,0.0,0.0
topk_last,1,test/algebra/2779.json,8.0,coherent_bt,0.0,0.0,0.0
topk_last,1,test/algebra/297.json,8.0,coherent_bt,0.0,0.0,0.0
topk_last,1,test/algebra/425.json,8.0,coherent_bt,0.0,0.0,0.0
topk_last,1,test/algebra/634.json,8.0,coherent_bt,0.0,1.0,1.0
topk_last,1,test/algebra/661.json,8.0,coherent_bt,0.0,0.0,0.0
topk_last,1,test/algebra/769.json,8.0,coherent_bt,0.0,0.0,0.0
topk_last,1,test/algebra/824.json,8.0,coherent_bt,0.0,0.0,0.0
topk_last,1,test/algebra/892.json,8.0,coherent_bt,1.0,1.0,0.0
topk_last,1,test/counting_and_probability/1009.json,8.0,coherent_bt,0.0,0.0,0.0
topk_last,1,test/counting_and_probability/1014.json,8.0,coherent_bt,0.0,0.0,0.0
topk_last,1,test/counting_and_probability/1060.json,8.0,coherent_bt,0.0,0.0,0.0
topk_last,1,test/counting_and_probability/119.json,8.0,coherent_bt,0.0,0.0,0.0
topk_last,1,test/counting_and_probability/25149.json,8.0,coherent_bt,0.0,0.0,0.0
topk_last,1,test/counting_and_probability/508.json,8.0,coherent_bt,0.0,0.0,0.0
topk_last,1,test/counting_and_probability/525.json,8.0,coherent_bt,0.0,1.0,1.0
topk_last,1,test/counting_and_probability/894.json,8.0,coherent_bt,0.0,0.0,0.0
topk_last,1,test/geometry/1140.json,8.0,coherent_bt,1.0,1.0,0.0
topk_last,1,test/geometry/254.json,8.0,coherent_bt,0.0,0.0,0.0
topk_last,1,test/geometry/456.json,8.0,coherent_bt,0.0,0.0,0.0
topk_last,1,test/geometry/465.json,8.0,coherent_bt,1.0,1.0,0.0
topk_last,1,test/geometry/538.json,8.0,coherent_bt,0.0,0.0,0.0
topk_last,1,test/geometry/561.json,8.0,coherent_bt,0.0,1.0,1.0
topk_last,1,test/geometry/615.json,8.0,coherent_bt,1.0,1.0,0.0
topk_last,1,test/geometry/711.json,8.0,coherent_bt,1.0,1.0,0.0
topk_last,1,test/geometry/795.json,8.0,coherent_bt,0.0,1.0,1.0
topk_last,1,test/geometry/843.json,8.0,coherent_bt,0.0,0.0,0.0
topk_last,1,test/geometry/846.json,8.0,coherent_bt,1.0,1.0,0.0
topk_last,1,test/intermediate_algebra/101.json,8.0,coherent_bt,0.0,0.0,0.0
topk_last,1,test/intermediate_algebra/102.json,8.0,coherent_bt,0.0,0.0,0.0
topk_last,1,test/intermediate_algebra/1354.json,8.0,coherent_bt,0.0,0.0,0.0
topk_last,1,test/intermediate_algebra/1467.json,8.0,coherent_bt,1.0,0.0,-1.0
topk_last,1,test/intermediate_algebra/1555.json,8.0,coherent_bt,0.0,0.0,0.0
topk_last,1,test/intermediate_algebra/1714.json,8.0,coherent_bt,0.0,0.0,0.0
topk_last,1,test/intermediate_algebra/1779.json,8.0,coherent_bt,0.0,0.0,0.0
topk_last,1,test/intermediate_algebra/199.json,8.0,coherent_bt,1.0,1.0,0.0
topk_last,1,test/intermediate_algebra/1994.json,8.0,coherent_bt,0.0,1.0,1.0
topk_last,1,test/intermediate_algebra/2046.json,8.0,coherent_bt,0.0,1.0,1.0
topk_last,1,test/intermediate_algebra/345.json,8.0,coherent_bt,0.0,0.0,0.0
topk_last,1,test/intermediate_algebra/446.json,8.0,coherent_bt,0.0,0.0,0.0
topk_last,1,test/intermediate_algebra/47.json,8.0,coherent_bt,0.0,0.0,0.0
topk_last,1,test/intermediate_algebra/607.json,8.0,coherent_bt,1.0,0.0,-1.0
topk_last,1,test/intermediate_algebra/690.json,8.0,coherent_bt,1.0,1.0,0.0
topk_last,1,test/intermediate_algebra/752.json,8.0,coherent_bt,0.0,0.0,0.0
topk_last,1,test/intermediate_algebra/894.json,8.0,coherent_bt,1.0,1.0,0.0
topk_last,1,test/number_theory/1002.json,8.0,coherent_bt,0.0,0.0,0.0
topk_last,1,test/number_theory/149.json,8.0,coherent_bt,0.0,0.0,0.0
topk_last,1,test/number_theory/515.json,8.0,coherent_bt,0.0,0.0,0.0
topk_last,1,test/prealgebra/1113.json,8.0,coherent_bt,0.0,0.0,0.0
topk_last,1,test/prealgebra/1128.json,8.0,coherent_bt,0.0,0.0,0.0
topk_last,1,test/prealgebra/1139.json,8.0,coherent_bt,0.0,1.0,1.0
topk_last,1,test/prealgebra/1238.json,8.0,coherent_bt,0.0,0.0,0.0
topk_last,1,test/prealgebra/1251.json,8.0,coherent_bt,0.0,0.0,0.0
topk_last,1,test/prealgebra/1252.json,8.0,coherent_bt,0.0,0.0,0.0
topk_last,1,test/prealgebra/1272.json,8.0,coherent_bt,0.0,0.0,0.0
topk_last,1,test/prealgebra/1423.json,8.0,coherent_bt,0.0,0.0,0.0
topk_last,1,test/prealgebra/1622.json,8.0,coherent_bt,0.0,0.0,0.0
topk_last,1,test/prealgebra/1646.json,8.0,coherent_bt,0.0,0.0,0.0
topk_last,1,test/prealgebra/1787.json,8.0,coherent_bt,0.0,0.0,0.0
topk_last,1,test/prealgebra/1834.json,8.0,coherent_bt,0.0,0.0,0.0
topk_last,1,test/prealgebra/1922.json,8.0,coherent_bt,0.0,0.0,0.0
topk_last,1,test/prealgebra/1961.json,8.0,coherent_bt,0.0,1.0,1.0
topk_last,1,test/prealgebra/2019.json,8.0,coherent_bt,0.0,0.0,0.0
topk_last,1,test/prealgebra/2066.json,8.0,coherent_bt,0.0,0.0,0.0
topk_last,1,test/prealgebra/505.json,8.0,coherent_bt,0.0,0.0,0.0
topk_last,1,test/prealgebra/65.json,8.0,coherent_bt,0.0,0.0,0.0
topk_last,1,test/prealgebra/996.json,8.0,coherent_bt,0.0,0.0,0.0
topk_last,1,test/precalculus/1082.json,8.0,coherent_bt,1.0,1.0,0.0
topk_last,1,test/precalculus/1105.json,8.0,coherent_bt,0.0,0.0,0.0
topk_last,1,test/precalculus/1199.json,8.0,coherent_bt,1.0,0.0,-1.0
topk_last,1,test/precalculus/1303.json,8.0,coherent_bt,0.0,1.0,1.0
topk_last,1,test/precalculus/398.json,8.0,coherent_bt,1.0,0.0,-1.0
topk_last,1,test/precalculus/43.json,8.0,coherent_bt,0.0,0.0,0.0
topk_last,1,test/precalculus/541.json,8.0,coherent_bt,0.0,0.0,0.0
topk_last,1,test/precalculus/580.json,8.0,coherent_bt,0.0,0.0,0.0
topk_last,1,test/precalculus/779.json,8.0,coherent_bt,0.0,0.0,0.0
topk_last,1,test/precalculus/927.json,8.0,coherent_bt,1.0,0.0,-1.0
topk_last,1,test/precalculus/96.json,8.0,coherent_bt,1.0,0.0,-1.0
topk_last,1,test/precalculus/986.json,8.0,coherent_bt,0.0,1.0,1.0
topk_last,1,test/algebra/1082.json,8.0,incoherent,0.0,0.0,0.0
topk_last,1,test/algebra/109.json,8.0,incoherent,0.0,0.0,0.0
topk_last,1,test/algebra/1098.json,8.0,incoherent,0.0,0.0,0.0
topk_last,1,test/algebra/1214.json,8.0,incoherent,0.0,0.0,0.0
topk_last,1,test/algebra/1265.json,8.0,incoherent,0.0,0.0,0.0
topk_last,1,test/algebra/1282.json,8.0,incoherent,0.0,0.0,0.0
topk_last,1,test/algebra/1338.json,8.0,incoherent,0.0,0.0,0.0
topk_last,1,test/algebra/1349.json,8.0,incoherent,0.0,0.0,0.0
topk_last,1,test/algebra/1553.json,8.0,incoherent,0.0,0.0,0.0
topk_last,1,test/algebra/1934.json,8.0,incoherent,0.0,0.0,0.0
topk_last,1,test/algebra/1960.json,8.0,incoherent,0.0,0.0,0.0
topk_last,1,test/algebra/2043.json,8.0,incoherent,0.0,0.0,0.0
topk_last,1,test/algebra/2046.json,8.0,incoherent,0.0,0.0,0.0
topk_last,1,test/algebra/2159.json,8.0,incoherent,0.0,0.0,0.0
topk_last,1,test/algebra/2264.json,8.0,incoherent,0.0,0.0,0.0
topk_last,1,test/algebra/2427.json,8.0,incoherent,0.0,0.0,0.0
topk_last,1,test/algebra/2430.json,8.0,incoherent,0.0,0.0,0.0
topk_last,1,test/algebra/2476.json,8.0,incoherent,0.0,0.0,0.0
topk_last,1,test/algebra/2486.json,8.0,incoherent,0.0,0.0,0.0
topk_last,1,test/algebra/2570.json,8.0,incoherent,0.0,0.0,0.0
topk_last,1,test/algebra/2593.json,8.0,incoherent,0.0,0.0,0.0
topk_last,1,test/algebra/2735.json,8.0,incoherent,0.0,0.0,0.0
topk_last,1,test/algebra/2779.json,8.0,incoherent,0.0,0.0,0.0
topk_last,1,test/algebra/297.json,8.0,incoherent,0.0,0.0,0.0
topk_last,1,test/algebra/425.json,8.0,incoherent,0.0,0.0,0.0
topk_last,1,test/algebra/634.json,8.0,incoherent,0.0,0.0,0.0
topk_last,1,test/algebra/661.json,8.0,incoherent,0.0,0.0,0.0
topk_last,1,test/algebra/769.json,8.0,incoherent,0.0,0.0,0.0
topk_last,1,test/algebra/824.json,8.0,incoherent,0.0,0.0,0.0
topk_last,1,test/algebra/892.json,8.0,incoherent,0.0,0.0,0.0
topk_last,1,test/counting_and_probability/1009.json,8.0,incoherent,0.0,0.0,0.0
topk_last,1,test/counting_and_probability/1014.json,8.0,incoherent,0.0,0.0,0.0
topk_last,1,test/counting_and_probability/1060.json,8.0,incoherent,0.0,0.0,0.0
topk_last,1,test/counting_and_probability/119.json,8.0,incoherent,0.0,0.0,0.0
topk_last,1,test/counting_and_probability/25149.json,8.0,incoherent,0.0,0.0,0.0
topk_last,1,test/counting_and_probability/508.json,8.0,incoherent,0.0,0.0,0.0
topk_last,1,test/counting_and_probability/525.json,8.0,incoherent,0.0,0.0,0.0
topk_last,1,test/counting_and_probability/894.json,8.0,incoherent,0.0,0.0,0.0
topk_last,1,test/geometry/1140.json,8.0,incoherent,0.0,0.0,0.0
topk_last,1,test/geometry/254.json,8.0,incoherent,0.0,0.0,0.0
topk_last,1,test/geometry/456.json,8.0,incoherent,0.0,0.0,0.0
topk_last,1,test/geometry/465.json,8.0,incoherent,0.0,0.0,0.0
topk_last,1,test/geometry/538.json,8.0,incoherent,0.0,0.0,0.0
topk_last,1,test/geometry/561.json,8.0,incoherent,0.0,0.0,0.0
topk_last,1,test/geometry/615.json,8.0,incoherent,0.0,0.0,0.0
topk_last,1,test/geometry/711.json,8.0,incoherent,0.0,0.0,0.0
topk_last,1,test/geometry/795.json,8.0,incoherent,0.0,0.0,0.0
topk_last,1,test/geometry/843.json,8.0,incoherent,0.0,0.0,0.0
topk_last,1,test/geometry/846.json,8.0,incoherent,0.0,0.0,0.0
topk_last,1,test/intermediate_algebra/101.json,8.0,incoherent,0.0,0.0,0.0
topk_last,1,test/intermediate_algebra/102.json,8.0,incoherent,0.0,0.0,0.0
topk_last,1,test/intermediate_algebra/1354.json,8.0,incoherent,0.0,0.0,0.0
topk_last,1,test/intermediate_algebra/1467.json,8.0,incoherent,0.0,0.0,0.0
topk_last,1,test/intermediate_algebra/1555.json,8.0,incoherent,0.0,0.0,0.0
topk_last,1,test/intermediate_algebra/1714.json,8.0,incoherent,0.0,0.0,0.0
topk_last,1,test/intermediate_algebra/1779.json,8.0,incoherent,0.0,0.0,0.0
topk_last,1,test/intermediate_algebra/199.json,8.0,incoherent,0.0,0.0,0.0
topk_last,1,test/intermediate_algebra/1994.json,8.0,incoherent,0.0,0.0,0.0
topk_last,1,test/intermediate_algebra/2046.json,8.0,incoherent,0.0,0.0,0.0
topk_last,1,test/intermediate_algebra/345.json,8.0,incoherent,0.0,0.0,0.0
topk_last,1,test/intermediate_algebra/446.json,8.0,incoherent,0.0,0.0,0.0
topk_last,1,test/intermediate_algebra/47.json,8.0,incoherent,0.0,0.0,0.0
topk_last,1,test/intermediate_algebra/607.json,8.0,incoherent,0.0,0.0,0.0
topk_last,1,test/intermediate_algebra/690.json,8.0,incoherent,0.0,0.0,0.0
topk_last,1,test/intermediate_algebra/752.json,8.0,incoherent,0.0,0.0,0.0
topk_last,1,test/intermediate_algebra/894.json,8.0,incoherent,0.0,0.0,0.0
topk_last,1,test/number_theory/1002.json,8.0,incoherent,0.0,0.0,0.0
topk_last,1,test/number_theory/149.json,8.0,incoherent,0.0,0.0,0.0
topk_last,1,test/number_theory/515.json,8.0,incoherent,0.0,0.0,0.0
topk_last,1,test/prealgebra/1113.json,8.0,incoherent,0.0,0.0,0.0
topk_last,1,test/prealgebra/1128.json,8.0,incoherent,0.0,0.0,0.0
topk_last,1,test/prealgebra/1139.json,8.0,incoherent,0.0,0.0,0.0
topk_last,1,test/prealgebra/1238.json,8.0,incoherent,0.0,0.0,0.0
topk_last,1,test/prealgebra/1251.json,8.0,incoherent,0.0,0.0,0.0
topk_last,1,test/prealgebra/1252.json,8.0,incoherent,0.0,0.0,0.0
topk_last,1,test/prealgebra/1272.json,8.0,incoherent,0.0,0.0,0.0
topk_last,1,test/prealgebra/1423.json,8.0,incoherent,0.0,0.0,0.0
topk_last,1,test/prealgebra/1622.json,8.0,incoherent,0.0,0.0,0.0
topk_last,1,test/prealgebra/1646.json,8.0,incoherent,0.0,0.0,0.0
topk_last,1,test/prealgebra/1787.json,8.0,incoherent,0.0,0.0,0.0
topk_last,1,test/prealgebra/1834.json,8.0,incoherent,0.0,0.0,0.0
topk_last,1,test/prealgebra/1922.json,8.0,incoherent,0.0,0.0,0.0
topk_last,1,test/prealgebra/1961.json,8.0,incoherent,0.0,0.0,0.0
topk_last,1,test/prealgebra/2019.json,8.0,incoherent,0.0,0.0,0.0
topk_last,1,test/prealgebra/2066.json,8.0,incoherent,0.0,0.0,0.0
topk_last,1,test/prealgebra/505.json,8.0,incoherent,0.0,0.0,0.0
topk_last,1,test/prealgebra/65.json,8.0,incoherent,0.0,0.0,0.0
topk_last,1,test/prealgebra/996.json,8.0,incoherent,0.0,0.0,0.0
topk_last,1,test/precalculus/1082.json,8.0,incoherent,0.0,0.0,0.0
topk_last,1,test/precalculus/1105.json,8.0,incoherent,0.0,0.0,0.0
topk_last,1,test/precalculus/1199.json,8.0,incoherent,0.0,0.0,0.0
topk_last,1,test/precalculus/1303.json,8.0,incoherent,0.0,0.0,0.0
topk_last,1,test/precalculus/398.json,8.0,incoherent,0.0,0.0,0.0
topk_last,1,test/precalculus/43.json,8.0,incoherent,0.0,0.0,0.0
topk_last,1,test/precalculus/541.json,8.0,incoherent,0.0,0.0,0.0
topk_last,1,test/precalculus/580.json,8.0,incoherent,0.0,0.0,0.0
topk_last,1,test/precalculus/779.json,8.0,incoherent,0.0,0.0,0.0
topk_last,1,test/precalculus/927.json,8.0,incoherent,0.0,0.0,0.0
topk_last,1,test/precalculus/96.json,8.0,incoherent,0.0,0.0,0.0
topk_last,1,test/precalculus/986.json,8.0,incoherent,0.0,0.0,0.0
topk_last,1,test/algebra/1082.json,8.0,correct,0.0,0.0,0.0
topk_last,1,test/algebra/109.json,8.0,correct,1.0,1.0,0.0
topk_last,1,test/algebra/1098.json,8.0,correct,1.0,1.0,0.0
topk_last,1,test/algebra/1214.json,8.0,correct,1.0,1.0,0.0
topk_last,1,test/algebra/1265.json,8.0,correct,1.0,1.0,0.0
topk_last,1,test/algebra/1282.json,8.0,correct,0.0,0.0,0.0
topk_last,1,test/algebra/1338.json,8.0,correct,1.0,1.0,0.0
topk_last,1,test/algebra/1349.json,8.0,correct,0.0,0.0,0.0
topk_last,1,test/algebra/1553.json,8.0,correct,0.0,1.0,1.0
topk_last,1,test/algebra/1934.json,8.0,correct,1.0,1.0,0.0
topk_last,1,test/algebra/1960.json,8.0,correct,1.0,1.0,0.0
topk_last,1,test/algebra/2043.json,8.0,correct,1.0,1.0,0.0
topk_last,1,test/algebra/2046.json,8.0,correct,1.0,1.0,0.0
topk_last,1,test/algebra/2159.json,8.0,correct,0.0,1.0,1.0
topk_last,1,test/algebra/2264.json,8.0,correct,1.0,0.0,-1.0
topk_last,1,test/algebra/2427.json,8.0,correct,0.0,0.0,0.0
topk_last,1,test/algebra/2430.json,8.0,correct,0.0,0.0,0.0
topk_last,1,test/algebra/2476.json,8.0,correct,0.0,1.0,1.0
topk_last,1,test/algebra/2486.json,8.0,correct,1.0,0.0,-1.0
topk_last,1,test/algebra/2570.json,8.0,correct,1.0,1.0,0.0
topk_last,1,test/algebra/2593.json,8.0,correct,1.0,0.0,-1.0
topk_last,1,test/algebra/2735.json,8.0,correct,0.0,0.0,0.0
topk_last,1,test/algebra/2779.json,8.0,correct,1.0,1.0,0.0
topk_last,1,test/algebra/297.json,8.0,correct,0.0,0.0,0.0
topk_last,1,test/algebra/425.json,8.0,correct,1.0,1.0,0.0
topk_last,1,test/algebra/634.json,8.0,correct,0.0,0.0,0.0
topk_last,1,test/algebra/661.json,8.0,correct,1.0,0.0,-1.0
topk_last,1,test/algebra/769.json,8.0,correct,1.0,1.0,0.0
topk_last,1,test/algebra/824.json,8.0,correct,1.0,0.0,-1.0
topk_last,1,test/algebra/892.json,8.0,correct,0.0,0.0,0.0
topk_last,1,test/counting_and_probability/1009.json,8.0,correct,1.0,0.0,-1.0
topk_last,1,test/counting_and_probability/1014.json,8.0,correct,1.0,1.0,0.0
topk_last,1,test/counting_and_probability/1060.json,8.0,correct,0.0,0.0,0.0
topk_last,1,test/counting_and_probability/119.json,8.0,correct,0.0,0.0,0.0
topk_last,1,test/counting_and_probability/25149.json,8.0,correct,1.0,0.0,-1.0
topk_last,1,test/counting_and_probability/508.json,8.0,correct,0.0,0.0,0.0
topk_last,1,test/counting_and_probability/525.json,8.0,correct,0.0,0.0,0.0
topk_last,1,test/counting_and_probability/894.json,8.0,correct,1.0,1.0,0.0
topk_last,1,test/geometry/1140.json,8.0,correct,0.0,0.0,0.0
topk_last,1,test/geometry/254.json,8.0,correct,0.0,1.0,1.0
topk_last,1,test/geometry/456.json,8.0,correct,1.0,1.0,0.0
topk_last,1,test/geometry/465.json,8.0,correct,0.0,0.0,0.0
topk_last,1,test/geometry/538.json,8.0,correct,0.0,0.0,0.0
topk_last,1,test/geometry/561.json,8.0,correct,0.0,0.0,0.0
topk_last,1,test/geometry/615.json,8.0,correct,0.0,0.0,0.0
topk_last,1,test/geometry/711.json,8.0,correct,0.0,0.0,0.0
topk_last,1,test/geometry/795.json,8.0,correct,0.0,0.0,0.0
topk_last,1,test/geometry/843.json,8.0,correct,1.0,0.0,-1.0
topk_last,1,test/geometry/846.json,8.0,correct,0.0,0.0,0.0
topk_last,1,test/intermediate_algebra/101.json,8.0,correct,0.0,0.0,0.0
topk_last,1,test/intermediate_algebra/102.json,8.0,correct,0.0,0.0,0.0
topk_last,1,test/intermediate_algebra/1354.json,8.0,correct,0.0,0.0,0.0
topk_last,1,test/intermediate_algebra/1467.json,8.0,correct,0.0,0.0,0.0
topk_last,1,test/intermediate_algebra/1555.json,8.0,correct,0.0,0.0,0.0
topk_last,1,test/intermediate_algebra/1714.json,8.0,correct,1.0,1.0,0.0
topk_last,1,test/intermediate_algebra/1779.json,8.0,correct,0.0,0.0,0.0
topk_last,1,test/intermediate_algebra/199.json,8.0,correct,0.0,0.0,0.0
topk_last,1,test/intermediate_algebra/1994.json,8.0,correct,0.0,0.0,0.0
topk_last,1,test/intermediate_algebra/2046.json,8.0,correct,0.0,0.0,0.0
topk_last,1,test/intermediate_algebra/345.json,8.0,correct,0.0,0.0,0.0
topk_last,1,test/intermediate_algebra/446.json,8.0,correct,0.0,0.0,0.0
topk_last,1,test/intermediate_algebra/47.json,8.0,correct,0.0,0.0,0.0
topk_last,1,test/intermediate_algebra/607.json,8.0,correct,0.0,0.0,0.0
topk_last,1,test/intermediate_algebra/690.json,8.0,correct,0.0,0.0,0.0
topk_last,1,test/intermediate_algebra/752.json,8.0,correct,0.0,1.0,1.0
topk_last,1,test/intermediate_algebra/894.json,8.0,correct,0.0,0.0,0.0
topk_last,1,test/number_theory/1002.json,8.0,correct,0.0,0.0,0.0
topk_last,1,test/number_theory/149.json,8.0,correct,0.0,0.0,0.0
topk_last,1,test/number_theory/515.json,8.0,correct,1.0,0.0,-1.0
topk_last,1,test/prealgebra/1113.json,8.0,correct,1.0,0.0,-1.0
topk_last,1,test/prealgebra/1128.json,8.0,correct,0.0,1.0,1.0
topk_last,1,test/prealgebra/1139.json,8.0,correct,0.0,0.0,0.0
topk_last,1,test/prealgebra/1238.json,8.0,correct,1.0,1.0,0.0
topk_last,1,test/prealgebra/1251.json,8.0,correct,0.0,0.0,0.0
topk_last,1,test/prealgebra/1252.json,8.0,correct,1.0,0.0,-1.0
topk_last,1,test/prealgebra/1272.json,8.0,correct,1.0,1.0,0.0
topk_last,1,test/prealgebra/1423.json,8.0,correct,0.0,0.0,0.0
topk_last,1,test/prealgebra/1622.json,8.0,correct,0.0,1.0,1.0
topk_last,1,test/prealgebra/1646.json,8.0,correct,0.0,0.0,0.0
topk_last,1,test/prealgebra/1787.json,8.0,correct,1.0,1.0,0.0
topk_last,1,test/prealgebra/1834.json,8.0,correct,0.0,1.0,1.0
topk_last,1,test/prealgebra/1922.json,8.0,correct,0.0,0.0,0.0
topk_last,1,test/prealgebra/1961.json,8.0,correct,0.0,0.0,0.0
topk_last,1,test/prealgebra/2019.json,8.0,correct,1.0,1.0,0.0
topk_last,1,test/prealgebra/2066.json,8.0,correct,0.0,1.0,1.0
topk_last,1,test/prealgebra/505.json,8.0,correct,1.0,0.0,-1.0
topk_last,1,test/prealgebra/65.json,8.0,correct,0.0,0.0,0.0
topk_last,1,test/prealgebra/996.json,8.0,correct,0.0,0.0,0.0
topk_last,1,test/precalculus/1082.json,8.0,correct,0.0,0.0,0.0
topk_last,1,test/precalculus/1105.json,8.0,correct,0.0,1.0,1.0
topk_last,1,test/precalculus/1199.json,8.0,correct,0.0,0.0,0.0
topk_last,1,test/precalculus/1303.json,8.0,correct,0.0,0.0,0.0
topk_last,1,test/precalculus/398.json,8.0,correct,0.0,0.0,0.0
topk_last,1,test/precalculus/43.json,8.0,correct,0.0,1.0,1.0
topk_last,1,test/precalculus/541.json,8.0,correct,0.0,0.0,0.0
topk_last,1,test/precalculus/580.json,8.0,correct,0.0,0.0,0.0
topk_last,1,test/precalculus/779.json,8.0,correct,1.0,1.0,0.0
topk_last,1,test/precalculus/927.json,8.0,correct,0.0,0.0,0.0
topk_last,1,test/precalculus/96.json,8.0,correct,0.0,0.0,0.0
topk_last,1,test/precalculus/986.json,8.0,correct,0.0,0.0,0.0
topk_last,2,test/algebra/1082.json,-12.0,gc,0.0,1.0,1.0
topk_last,2,test/algebra/109.json,-12.0,gc,0.0,0.0,0.0
topk_last,2,test/algebra/1098.json,-12.0,gc,0.0,0.0,0.0
topk_last,2,test/algebra/1214.json,-12.0,gc,0.0,0.0,0.0
topk_last,2,test/algebra/1265.json,-12.0,gc,0.0,0.0,0.0
topk_last,2,test/algebra/1282.json,-12.0,gc,0.0,0.0,0.0
topk_last,2,test/algebra/1338.json,-12.0,gc,0.0,1.0,1.0
topk_last,2,test/algebra/1349.json,-12.0,gc,0.0,0.0,0.0
topk_last,2,test/algebra/1553.json,-12.0,gc,0.0,0.0,0.0
topk_last,2,test/algebra/1934.json,-12.0,gc,0.0,0.0,0.0
topk_last,2,test/algebra/1960.json,-12.0,gc,0.0,0.0,0.0
topk_last,2,test/algebra/2043.json,-12.0,gc,1.0,1.0,0.0
topk_last,2,test/algebra/2046.json,-12.0,gc,0.0,0.0,0.0
topk_last,2,test/algebra/2159.json,-12.0,gc,1.0,0.0,-1.0
topk_last,2,test/algebra/2264.json,-12.0,gc,0.0,1.0,1.0
topk_last,2,test/algebra/2427.json,-12.0,gc,0.0,0.0,0.0
topk_last,2,test/algebra/2430.json,-12.0,gc,1.0,0.0,-1.0
topk_last,2,test/algebra/2476.json,-12.0,gc,0.0,0.0,0.0
topk_last,2,test/algebra/2486.json,-12.0,gc,0.0,0.0,0.0
topk_last,2,test/algebra/2570.json,-12.0,gc,1.0,0.0,-1.0
topk_last,2,test/algebra/2593.json,-12.0,gc,0.0,0.0,0.0
topk_last,2,test/algebra/2735.json,-12.0,gc,0.0,0.0,0.0
topk_last,2,test/algebra/2779.json,-12.0,gc,0.0,0.0,0.0
topk_last,2,test/algebra/297.json,-12.0,gc,0.0,2.0,2.0
topk_last,2,test/algebra/425.json,-12.0,gc,0.0,0.0,0.0
topk_last,2,test/algebra/634.json,-12.0,gc,0.0,0.0,0.0
topk_last,2,test/algebra/661.json,-12.0,gc,0.0,0.0,0.0
topk_last,2,test/algebra/769.json,-12.0,gc,0.0,0.0,0.0
topk_last,2,test/algebra/824.json,-12.0,gc,0.0,0.0,0.0
topk_last,2,test/algebra/892.json,-12.0,gc,1.0,2.0,1.0
topk_last,2,test/counting_and_probability/1009.json,-12.0,gc,0.0,0.0,0.0
topk_last,2,test/counting_and_probability/1014.json,-12.0,gc,0.0,0.0,0.0
topk_last,2,test/counting_and_probability/1060.json,-12.0,gc,0.0,0.0,0.0
topk_last,2,test/counting_and_probability/119.json,-12.0,gc,0.0,0.0,0.0
topk_last,2,test/counting_and_probability/25149.json,-12.0,gc,0.0,0.0,0.0
topk_last,2,test/counting_and_probability/508.json,-12.0,gc,0.0,0.0,0.0
topk_last,2,test/counting_and_probability/525.json,-12.0,gc,0.0,1.0,1.0
topk_last,2,test/counting_and_probability/894.json,-12.0,gc,0.0,1.0,1.0
topk_last,2,test/geometry/1140.json,-12.0,gc,1.0,0.0,-1.0
topk_last,2,test/geometry/254.json,-12.0,gc,0.0,0.0,0.0
topk_last,2,test/geometry/456.json,-12.0,gc,0.0,0.0,0.0
topk_last,2,test/geometry/465.json,-12.0,gc,1.0,2.0,1.0
topk_last,2,test/geometry/538.json,-12.0,gc,0.0,0.0,0.0
topk_last,2,test/geometry/561.json,-12.0,gc,0.0,0.0,0.0
topk_last,2,test/geometry/615.json,-12.0,gc,1.0,0.0,-1.0
topk_last,2,test/geometry/711.json,-12.0,gc,1.0,1.0,0.0
topk_last,2,test/geometry/795.json,-12.0,gc,0.0,1.0,1.0
topk_last,2,test/geometry/843.json,-12.0,gc,0.0,0.0,0.0
topk_last,2,test/geometry/846.json,-12.0,gc,1.0,1.0,0.0
topk_last,2,test/intermediate_algebra/101.json,-12.0,gc,0.0,0.0,0.0
topk_last,2,test/intermediate_algebra/102.json,-12.0,gc,0.0,0.0,0.0
topk_last,2,test/intermediate_algebra/1354.json,-12.0,gc,0.0,3.0,3.0
topk_last,2,test/intermediate_algebra/1467.json,-12.0,gc,1.0,1.0,0.0
topk_last,2,test/intermediate_algebra/1555.json,-12.0,gc,0.0,0.0,0.0
topk_last,2,test/intermediate_algebra/1714.json,-12.0,gc,0.0,0.0,0.0
topk_last,2,test/intermediate_algebra/1779.json,-12.0,gc,0.0,0.0,0.0
topk_last,2,test/intermediate_algebra/199.json,-12.0,gc,1.0,1.0,0.0
topk_last,2,test/intermediate_algebra/1994.json,-12.0,gc,0.0,0.0,0.0
topk_last,2,test/intermediate_algebra/2046.json,-12.0,gc,0.0,1.0,1.0
topk_last,2,test/intermediate_algebra/345.json,-12.0,gc,0.0,0.0,0.0
topk_last,2,test/intermediate_algebra/446.json,-12.0,gc,0.0,1.0,1.0
topk_last,2,test/intermediate_algebra/47.json,-12.0,gc,0.0,1.0,1.0
topk_last,2,test/intermediate_algebra/607.json,-12.0,gc,1.0,1.0,0.0
topk_last,2,test/intermediate_algebra/690.json,-12.0,gc,1.0,0.0,-1.0
topk_last,2,test/intermediate_algebra/752.json,-12.0,gc,0.0,0.0,0.0
topk_last,2,test/intermediate_algebra/894.json,-12.0,gc,1.0,1.0,0.0
topk_last,2,test/number_theory/1002.json,-12.0,gc,0.0,0.0,0.0
topk_last,2,test/number_theory/149.json,-12.0,gc,0.0,0.0,0.0
topk_last,2,test/number_theory/515.json,-12.0,gc,0.0,0.0,0.0
topk_last,2,test/prealgebra/1113.json,-12.0,gc,0.0,0.0,0.0
topk_last,2,test/prealgebra/1128.json,-12.0,gc,0.0,0.0,0.0
topk_last,2,test/prealgebra/1139.json,-12.0,gc,0.0,1.0,1.0
topk_last,2,test/prealgebra/1238.json,-12.0,gc,0.0,0.0,0.0
topk_last,2,test/prealgebra/1251.json,-12.0,gc,0.0,0.0,0.0
topk_last,2,test/prealgebra/1252.json,-12.0,gc,0.0,0.0,0.0
topk_last,2,test/prealgebra/1272.json,-12.0,gc,0.0,0.0,0.0
topk_last,2,test/prealgebra/1423.json,-12.0,gc,0.0,0.0,0.0
topk_last,2,test/prealgebra/1622.json,-12.0,gc,0.0,0.0,0.0
topk_last,2,test/prealgebra/1646.json,-12.0,gc,0.0,0.0,0.0
topk_last,2,test/prealgebra/1787.json,-12.0,gc,0.0,0.0,0.0
topk_last,2,test/prealgebra/1834.json,-12.0,gc,0.0,0.0,0.0
topk_last,2,test/prealgebra/1922.json,-12.0,gc,0.0,0.0,0.0
topk_last,2,test/prealgebra/1961.json,-12.0,gc,0.0,0.0,0.0
topk_last,2,test/prealgebra/2019.json,-12.0,gc,0.0,0.0,0.0
topk_last,2,test/prealgebra/2066.json,-12.0,gc,0.0,0.0,0.0
topk_last,2,test/prealgebra/505.json,-12.0,gc,0.0,0.0,0.0
topk_last,2,test/prealgebra/65.json,-12.0,gc,0.0,0.0,0.0
topk_last,2,test/prealgebra/996.json,-12.0,gc,0.0,0.0,0.0
topk_last,2,test/precalculus/1082.json,-12.0,gc,1.0,0.0,-1.0
topk_last,2,test/precalculus/1105.json,-12.0,gc,0.0,0.0,0.0
topk_last,2,test/precalculus/1199.json,-12.0,gc,1.0,1.0,0.0
topk_last,2,test/precalculus/1303.json,-12.0,gc,0.0,0.0,0.0
topk_last,2,test/precalculus/398.json,-12.0,gc,1.0,2.0,1.0
topk_last,2,test/precalculus/43.json,-12.0,gc,0.0,0.0,0.0
topk_last,2,test/precalculus/541.json,-12.0,gc,0.0,0.0,0.0
topk_last,2,test/precalculus/580.json,-12.0,gc,0.0,0.0,0.0
topk_last,2,test/precalculus/779.json,-12.0,gc,0.0,0.0,0.0
topk_last,2,test/precalculus/927.json,-12.0,gc,2.0,1.0,-1.0
topk_last,2,test/precalculus/96.json,-12.0,gc,1.0,0.0,-1.0
topk_last,2,test/precalculus/986.json,-12.0,gc,0.0,1.0,1.0
topk_last,2,test/algebra/1082.json,-12.0,coherent_gc,0.0,1.0,1.0
topk_last,2,test/algebra/109.json,-12.0,coherent_gc,0.0,0.0,0.0
topk_last,2,test/algebra/1098.json,-12.0,coherent_gc,0.0,0.0,0.0
topk_last,2,test/algebra/1214.json,-12.0,coherent_gc,0.0,0.0,0.0
topk_last,2,test/algebra/1265.json,-12.0,coherent_gc,0.0,0.0,0.0
topk_last,2,test/algebra/1282.json,-12.0,coherent_gc,0.0,0.0,0.0
topk_last,2,test/algebra/1338.json,-12.0,coherent_gc,0.0,1.0,1.0
topk_last,2,test/algebra/1349.json,-12.0,coherent_gc,0.0,0.0,0.0
topk_last,2,test/algebra/1553.json,-12.0,coherent_gc,0.0,0.0,0.0
topk_last,2,test/algebra/1934.json,-12.0,coherent_gc,0.0,0.0,0.0
topk_last,2,test/algebra/1960.json,-12.0,coherent_gc,0.0,0.0,0.0
topk_last,2,test/algebra/2043.json,-12.0,coherent_gc,1.0,1.0,0.0
topk_last,2,test/algebra/2046.json,-12.0,coherent_gc,0.0,0.0,0.0
topk_last,2,test/algebra/2159.json,-12.0,coherent_gc,1.0,0.0,-1.0
topk_last,2,test/algebra/2264.json,-12.0,coherent_gc,0.0,1.0,1.0
topk_last,2,test/algebra/2427.json,-12.0,coherent_gc,0.0,0.0,0.0
topk_last,2,test/algebra/2430.json,-12.0,coherent_gc,1.0,0.0,-1.0
topk_last,2,test/algebra/2476.json,-12.0,coherent_gc,0.0,0.0,0.0
topk_last,2,test/algebra/2486.json,-12.0,coherent_gc,0.0,0.0,0.0
topk_last,2,test/algebra/2570.json,-12.0,coherent_gc,1.0,0.0,-1.0
topk_last,2,test/algebra/2593.json,-12.0,coherent_gc,0.0,0.0,0.0
topk_last,2,test/algebra/2735.json,-12.0,coherent_gc,0.0,0.0,0.0
topk_last,2,test/algebra/2779.json,-12.0,coherent_gc,0.0,0.0,0.0
topk_last,2,test/algebra/297.json,-12.0,coherent_gc,0.0,2.0,2.0
topk_last,2,test/algebra/425.json,-12.0,coherent_gc,0.0,0.0,0.0
topk_last,2,test/algebra/634.json,-12.0,coherent_gc,0.0,0.0,0.0
topk_last,2,test/algebra/661.json,-12.0,coherent_gc,0.0,0.0,0.0
topk_last,2,test/algebra/769.json,-12.0,coherent_gc,0.0,0.0,0.0
topk_last,2,test/algebra/824.json,-12.0,coherent_gc,0.0,0.0,0.0
topk_last,2,test/algebra/892.json,-12.0,coherent_gc,1.0,2.0,1.0
topk_last,2,test/counting_and_probability/1009.json,-12.0,coherent_gc,0.0,0.0,0.0
topk_last,2,test/counting_and_probability/1014.json,-12.0,coherent_gc,0.0,0.0,0.0
topk_last,2,test/counting_and_probability/1060.json,-12.0,coherent_gc,0.0,0.0,0.0
topk_last,2,test/counting_and_probability/119.json,-12.0,coherent_gc,0.0,0.0,0.0
topk_last,2,test/counting_and_probability/25149.json,-12.0,coherent_gc,0.0,0.0,0.0
topk_last,2,test/counting_and_probability/508.json,-12.0,coherent_gc,0.0,0.0,0.0
topk_last,2,test/counting_and_probability/525.json,-12.0,coherent_gc,0.0,1.0,1.0
topk_last,2,test/counting_and_probability/894.json,-12.0,coherent_gc,0.0,1.0,1.0
topk_last,2,test/geometry/1140.json,-12.0,coherent_gc,1.0,0.0,-1.0
topk_last,2,test/geometry/254.json,-12.0,coherent_gc,0.0,0.0,0.0
topk_last,2,test/geometry/456.json,-12.0,coherent_gc,0.0,0.0,0.0
topk_last,2,test/geometry/465.json,-12.0,coherent_gc,1.0,2.0,1.0
topk_last,2,test/geometry/538.json,-12.0,coherent_gc,0.0,0.0,0.0
topk_last,2,test/geometry/561.json,-12.0,coherent_gc,0.0,0.0,0.0
topk_last,2,test/geometry/615.json,-12.0,coherent_gc,1.0,0.0,-1.0
topk_last,2,test/geometry/711.json,-12.0,coherent_gc,1.0,1.0,0.0
topk_last,2,test/geometry/795.json,-12.0,coherent_gc,0.0,1.0,1.0
topk_last,2,test/geometry/843.json,-12.0,coherent_gc,0.0,0.0,0.0
topk_last,2,test/geometry/846.json,-12.0,coherent_gc,1.0,1.0,0.0
topk_last,2,test/intermediate_algebra/101.json,-12.0,coherent_gc,0.0,0.0,0.0
topk_last,2,test/intermediate_algebra/102.json,-12.0,coherent_gc,0.0,0.0,0.0
topk_last,2,test/intermediate_algebra/1354.json,-12.0,coherent_gc,0.0,3.0,3.0
topk_last,2,test/intermediate_algebra/1467.json,-12.0,coherent_gc,1.0,1.0,0.0
topk_last,2,test/intermediate_algebra/1555.json,-12.0,coherent_gc,0.0,0.0,0.0
topk_last,2,test/intermediate_algebra/1714.json,-12.0,coherent_gc,0.0,0.0,0.0
topk_last,2,test/intermediate_algebra/1779.json,-12.0,coherent_gc,0.0,0.0,0.0
topk_last,2,test/intermediate_algebra/199.json,-12.0,coherent_gc,1.0,1.0,0.0
topk_last,2,test/intermediate_algebra/1994.json,-12.0,coherent_gc,0.0,0.0,0.0
topk_last,2,test/intermediate_algebra/2046.json,-12.0,coherent_gc,0.0,1.0,1.0
topk_last,2,test/intermediate_algebra/345.json,-12.0,coherent_gc,0.0,0.0,0.0
topk_last,2,test/intermediate_algebra/446.json,-12.0,coherent_gc,0.0,1.0,1.0
topk_last,2,test/intermediate_algebra/47.json,-12.0,coherent_gc,0.0,0.0,0.0
topk_last,2,test/intermediate_algebra/607.json,-12.0,coherent_gc,1.0,1.0,0.0
topk_last,2,test/intermediate_algebra/690.json,-12.0,coherent_gc,1.0,0.0,-1.0
topk_last,2,test/intermediate_algebra/752.json,-12.0,coherent_gc,0.0,0.0,0.0
topk_last,2,test/intermediate_algebra/894.json,-12.0,coherent_gc,1.0,1.0,0.0
topk_last,2,test/number_theory/1002.json,-12.0,coherent_gc,0.0,0.0,0.0
topk_last,2,test/number_theory/149.json,-12.0,coherent_gc,0.0,0.0,0.0
topk_last,2,test/number_theory/515.json,-12.0,coherent_gc,0.0,0.0,0.0
topk_last,2,test/prealgebra/1113.json,-12.0,coherent_gc,0.0,0.0,0.0
topk_last,2,test/prealgebra/1128.json,-12.0,coherent_gc,0.0,0.0,0.0
topk_last,2,test/prealgebra/1139.json,-12.0,coherent_gc,0.0,1.0,1.0
topk_last,2,test/prealgebra/1238.json,-12.0,coherent_gc,0.0,0.0,0.0
topk_last,2,test/prealgebra/1251.json,-12.0,coherent_gc,0.0,0.0,0.0
topk_last,2,test/prealgebra/1252.json,-12.0,coherent_gc,0.0,0.0,0.0
topk_last,2,test/prealgebra/1272.json,-12.0,coherent_gc,0.0,0.0,0.0
topk_last,2,test/prealgebra/1423.json,-12.0,coherent_gc,0.0,0.0,0.0
topk_last,2,test/prealgebra/1622.json,-12.0,coherent_gc,0.0,0.0,0.0
topk_last,2,test/prealgebra/1646.json,-12.0,coherent_gc,0.0,0.0,0.0
topk_last,2,test/prealgebra/1787.json,-12.0,coherent_gc,0.0,0.0,0.0
topk_last,2,test/prealgebra/1834.json,-12.0,coherent_gc,0.0,0.0,0.0
topk_last,2,test/prealgebra/1922.json,-12.0,coherent_gc,0.0,0.0,0.0
topk_last,2,test/prealgebra/1961.json,-12.0,coherent_gc,0.0,0.0,0.0
topk_last,2,test/prealgebra/2019.json,-12.0,coherent_gc,0.0,0.0,0.0
topk_last,2,test/prealgebra/2066.json,-12.0,coherent_gc,0.0,0.0,0.0
topk_last,2,test/prealgebra/505.json,-12.0,coherent_gc,0.0,0.0,0.0
topk_last,2,test/prealgebra/65.json,-12.0,coherent_gc,0.0,0.0,0.0
topk_last,2,test/prealgebra/996.json,-12.0,coherent_gc,0.0,0.0,0.0
topk_last,2,test/precalculus/1082.json,-12.0,coherent_gc,1.0,0.0,-1.0
topk_last,2,test/precalculus/1105.json,-12.0,coherent_gc,0.0,0.0,0.0
topk_last,2,test/precalculus/1199.json,-12.0,coherent_gc,1.0,1.0,0.0
topk_last,2,test/precalculus/1303.json,-12.0,coherent_gc,0.0,0.0,0.0
topk_last,2,test/precalculus/398.json,-12.0,coherent_gc,1.0,2.0,1.0
topk_last,2,test/precalculus/43.json,-12.0,coherent_gc,0.0,0.0,0.0
topk_last,2,test/precalculus/541.json,-12.0,coherent_gc,0.0,0.0,0.0
topk_last,2,test/precalculus/580.json,-12.0,coherent_gc,0.0,0.0,0.0
topk_last,2,test/precalculus/779.json,-12.0,coherent_gc,0.0,0.0,0.0
topk_last,2,test/precalculus/927.json,-12.0,coherent_gc,2.0,1.0,-1.0
topk_last,2,test/precalculus/96.json,-12.0,coherent_gc,1.0,0.0,-1.0
topk_last,2,test/precalculus/986.json,-12.0,coherent_gc,0.0,1.0,1.0
topk_last,2,test/algebra/1082.json,-12.0,coherent_bt,0.0,1.0,1.0
topk_last,2,test/algebra/109.json,-12.0,coherent_bt,0.0,0.0,0.0
topk_last,2,test/algebra/1098.json,-12.0,coherent_bt,0.0,0.0,0.0
topk_last,2,test/algebra/1214.json,-12.0,coherent_bt,0.0,0.0,0.0
topk_last,2,test/algebra/1265.json,-12.0,coherent_bt,0.0,0.0,0.0
topk_last,2,test/algebra/1282.json,-12.0,coherent_bt,0.0,0.0,0.0
topk_last,2,test/algebra/1338.json,-12.0,coherent_bt,0.0,1.0,1.0
topk_last,2,test/algebra/1349.json,-12.0,coherent_bt,0.0,0.0,0.0
topk_last,2,test/algebra/1553.json,-12.0,coherent_bt,0.0,0.0,0.0
topk_last,2,test/algebra/1934.json,-12.0,coherent_bt,0.0,0.0,0.0
topk_last,2,test/algebra/1960.json,-12.0,coherent_bt,0.0,0.0,0.0
topk_last,2,test/algebra/2043.json,-12.0,coherent_bt,1.0,1.0,0.0
topk_last,2,test/algebra/2046.json,-12.0,coherent_bt,0.0,0.0,0.0
topk_last,2,test/algebra/2159.json,-12.0,coherent_bt,1.0,0.0,-1.0
topk_last,2,test/algebra/2264.json,-12.0,coherent_bt,0.0,1.0,1.0
topk_last,2,test/algebra/2427.json,-12.0,coherent_bt,0.0,0.0,0.0
topk_last,2,test/algebra/2430.json,-12.0,coherent_bt,1.0,0.0,-1.0
topk_last,2,test/algebra/2476.json,-12.0,coherent_bt,0.0,0.0,0.0
topk_last,2,test/algebra/2486.json,-12.0,coherent_bt,0.0,0.0,0.0
topk_last,2,test/algebra/2570.json,-12.0,coherent_bt,1.0,0.0,-1.0
topk_last,2,test/algebra/2593.json,-12.0,coherent_bt,0.0,0.0,0.0
topk_last,2,test/algebra/2735.json,-12.0,coherent_bt,0.0,0.0,0.0
topk_last,2,test/algebra/2779.json,-12.0,coherent_bt,0.0,0.0,0.0
topk_last,2,test/algebra/297.json,-12.0,coherent_bt,0.0,1.0,1.0
topk_last,2,test/algebra/425.json,-12.0,coherent_bt,0.0,0.0,0.0
topk_last,2,test/algebra/634.json,-12.0,coherent_bt,0.0,0.0,0.0
topk_last,2,test/algebra/661.json,-12.0,coherent_bt,0.0,0.0,0.0
topk_last,2,test/algebra/769.json,-12.0,coherent_bt,0.0,0.0,0.0
topk_last,2,test/algebra/824.json,-12.0,coherent_bt,0.0,0.0,0.0
topk_last,2,test/algebra/892.json,-12.0,coherent_bt,1.0,1.0,0.0
topk_last,2,test/counting_and_probability/1009.json,-12.0,coherent_bt,0.0,0.0,0.0
topk_last,2,test/counting_and_probability/1014.json,-12.0,coherent_bt,0.0,0.0,0.0
topk_last,2,test/counting_and_probability/1060.json,-12.0,coherent_bt,0.0,0.0,0.0
topk_last,2,test/counting_and_probability/119.json,-12.0,coherent_bt,0.0,0.0,0.0
topk_last,2,test/counting_and_probability/25149.json,-12.0,coherent_bt,0.0,0.0,0.0
topk_last,2,test/counting_and_probability/508.json,-12.0,coherent_bt,0.0,0.0,0.0
topk_last,2,test/counting_and_probability/525.json,-12.0,coherent_bt,0.0,1.0,1.0
topk_last,2,test/counting_and_probability/894.json,-12.0,coherent_bt,0.0,1.0,1.0
topk_last,2,test/geometry/1140.json,-12.0,coherent_bt,1.0,0.0,-1.0
topk_last,2,test/geometry/254.json,-12.0,coherent_bt,0.0,0.0,0.0
topk_last,2,test/geometry/456.json,-12.0,coherent_bt,0.0,0.0,0.0
topk_last,2,test/geometry/465.json,-12.0,coherent_bt,1.0,1.0,0.0
topk_last,2,test/geometry/538.json,-12.0,coherent_bt,0.0,0.0,0.0
topk_last,2,test/geometry/561.json,-12.0,coherent_bt,0.0,0.0,0.0
topk_last,2,test/geometry/615.json,-12.0,coherent_bt,1.0,0.0,-1.0
topk_last,2,test/geometry/711.json,-12.0,coherent_bt,1.0,1.0,0.0
topk_last,2,test/geometry/795.json,-12.0,coherent_bt,0.0,1.0,1.0
topk_last,2,test/geometry/843.json,-12.0,coherent_bt,0.0,0.0,0.0
topk_last,2,test/geometry/846.json,-12.0,coherent_bt,1.0,1.0,0.0
topk_last,2,test/intermediate_algebra/101.json,-12.0,coherent_bt,0.0,0.0,0.0
topk_last,2,test/intermediate_algebra/102.json,-12.0,coherent_bt,0.0,0.0,0.0
topk_last,2,test/intermediate_algebra/1354.json,-12.0,coherent_bt,0.0,1.0,1.0
topk_last,2,test/intermediate_algebra/1467.json,-12.0,coherent_bt,1.0,1.0,0.0
topk_last,2,test/intermediate_algebra/1555.json,-12.0,coherent_bt,0.0,0.0,0.0
topk_last,2,test/intermediate_algebra/1714.json,-12.0,coherent_bt,0.0,0.0,0.0
topk_last,2,test/intermediate_algebra/1779.json,-12.0,coherent_bt,0.0,0.0,0.0
topk_last,2,test/intermediate_algebra/199.json,-12.0,coherent_bt,1.0,1.0,0.0
topk_last,2,test/intermediate_algebra/1994.json,-12.0,coherent_bt,0.0,0.0,0.0
topk_last,2,test/intermediate_algebra/2046.json,-12.0,coherent_bt,0.0,1.0,1.0
topk_last,2,test/intermediate_algebra/345.json,-12.0,coherent_bt,0.0,0.0,0.0
topk_last,2,test/intermediate_algebra/446.json,-12.0,coherent_bt,0.0,1.0,1.0
topk_last,2,test/intermediate_algebra/47.json,-12.0,coherent_bt,0.0,0.0,0.0
topk_last,2,test/intermediate_algebra/607.json,-12.0,coherent_bt,1.0,1.0,0.0
topk_last,2,test/intermediate_algebra/690.json,-12.0,coherent_bt,1.0,0.0,-1.0
topk_last,2,test/intermediate_algebra/752.json,-12.0,coherent_bt,0.0,0.0,0.0
topk_last,2,test/intermediate_algebra/894.json,-12.0,coherent_bt,1.0,1.0,0.0
topk_last,2,test/number_theory/1002.json,-12.0,coherent_bt,0.0,0.0,0.0
topk_last,2,test/number_theory/149.json,-12.0,coherent_bt,0.0,0.0,0.0
topk_last,2,test/number_theory/515.json,-12.0,coherent_bt,0.0,0.0,0.0
topk_last,2,test/prealgebra/1113.json,-12.0,coherent_bt,0.0,0.0,0.0
topk_last,2,test/prealgebra/1128.json,-12.0,coherent_bt,0.0,0.0,0.0
topk_last,2,test/prealgebra/1139.json,-12.0,coherent_bt,0.0,1.0,1.0
topk_last,2,test/prealgebra/1238.json,-12.0,coherent_bt,0.0,0.0,0.0
topk_last,2,test/prealgebra/1251.json,-12.0,coherent_bt,0.0,0.0,0.0
topk_last,2,test/prealgebra/1252.json,-12.0,coherent_bt,0.0,0.0,0.0
topk_last,2,test/prealgebra/1272.json,-12.0,coherent_bt,0.0,0.0,0.0
topk_last,2,test/prealgebra/1423.json,-12.0,coherent_bt,0.0,0.0,0.0
topk_last,2,test/prealgebra/1622.json,-12.0,coherent_bt,0.0,0.0,0.0
topk_last,2,test/prealgebra/1646.json,-12.0,coherent_bt,0.0,0.0,0.0
topk_last,2,test/prealgebra/1787.json,-12.0,coherent_bt,0.0,0.0,0.0
topk_last,2,test/prealgebra/1834.json,-12.0,coherent_bt,0.0,0.0,0.0
topk_last,2,test/prealgebra/1922.json,-12.0,coherent_bt,0.0,0.0,0.0
topk_last,2,test/prealgebra/1961.json,-12.0,coherent_bt,0.0,0.0,0.0
topk_last,2,test/prealgebra/2019.json,-12.0,coherent_bt,0.0,0.0,0.0
topk_last,2,test/prealgebra/2066.json,-12.0,coherent_bt,0.0,0.0,0.0
topk_last,2,test/prealgebra/505.json,-12.0,coherent_bt,0.0,0.0,0.0
topk_last,2,test/prealgebra/65.json,-12.0,coherent_bt,0.0,0.0,0.0
topk_last,2,test/prealgebra/996.json,-12.0,coherent_bt,0.0,0.0,0.0
topk_last,2,test/precalculus/1082.json,-12.0,coherent_bt,1.0,0.0,-1.0
topk_last,2,test/precalculus/1105.json,-12.0,coherent_bt,0.0,0.0,0.0
topk_last,2,test/precalculus/1199.json,-12.0,coherent_bt,1.0,1.0,0.0
topk_last,2,test/precalculus/1303.json,-12.0,coherent_bt,0.0,0.0,0.0
topk_last,2,test/precalculus/398.json,-12.0,coherent_bt,1.0,1.0,0.0
topk_last,2,test/precalculus/43.json,-12.0,coherent_bt,0.0,0.0,0.0
topk_last,2,test/precalculus/541.json,-12.0,coherent_bt,0.0,0.0,0.0
topk_last,2,test/precalculus/580.json,-12.0,coherent_bt,0.0,0.0,0.0
topk_last,2,test/precalculus/779.json,-12.0,coherent_bt,0.0,0.0,0.0
topk_last,2,test/precalculus/927.json,-12.0,coherent_bt,1.0,1.0,0.0
topk_last,2,test/precalculus/96.json,-12.0,coherent_bt,1.0,0.0,-1.0
topk_last,2,test/precalculus/986.json,-12.0,coherent_bt,0.0,1.0,1.0
topk_last,2,test/algebra/1082.json,-12.0,incoherent,0.0,0.0,0.0
topk_last,2,test/algebra/109.json,-12.0,incoherent,0.0,0.0,0.0
topk_last,2,test/algebra/1098.json,-12.0,incoherent,0.0,0.0,0.0
topk_last,2,test/algebra/1214.json,-12.0,incoherent,0.0,0.0,0.0
topk_last,2,test/algebra/1265.json,-12.0,incoherent,0.0,0.0,0.0
topk_last,2,test/algebra/1282.json,-12.0,incoherent,0.0,0.0,0.0
topk_last,2,test/algebra/1338.json,-12.0,incoherent,0.0,0.0,0.0
topk_last,2,test/algebra/1349.json,-12.0,incoherent,0.0,0.0,0.0
topk_last,2,test/algebra/1553.json,-12.0,incoherent,0.0,0.0,0.0
topk_last,2,test/algebra/1934.json,-12.0,incoherent,0.0,0.0,0.0
topk_last,2,test/algebra/1960.json,-12.0,incoherent,0.0,0.0,0.0
topk_last,2,test/algebra/2043.json,-12.0,incoherent,0.0,0.0,0.0
topk_last,2,test/algebra/2046.json,-12.0,incoherent,0.0,0.0,0.0
topk_last,2,test/algebra/2159.json,-12.0,incoherent,0.0,0.0,0.0
topk_last,2,test/algebra/2264.json,-12.0,incoherent,0.0,0.0,0.0
topk_last,2,test/algebra/2427.json,-12.0,incoherent,0.0,0.0,0.0
topk_last,2,test/algebra/2430.json,-12.0,incoherent,0.0,0.0,0.0
topk_last,2,test/algebra/2476.json,-12.0,incoherent,0.0,0.0,0.0
topk_last,2,test/algebra/2486.json,-12.0,incoherent,0.0,0.0,0.0
topk_last,2,test/algebra/2570.json,-12.0,incoherent,0.0,0.0,0.0
topk_last,2,test/algebra/2593.json,-12.0,incoherent,0.0,0.0,0.0
topk_last,2,test/algebra/2735.json,-12.0,incoherent,0.0,0.0,0.0
topk_last,2,test/algebra/2779.json,-12.0,incoherent,0.0,0.0,0.0
topk_last,2,test/algebra/297.json,-12.0,incoherent,0.0,0.0,0.0
topk_last,2,test/algebra/425.json,-12.0,incoherent,0.0,0.0,0.0
topk_last,2,test/algebra/634.json,-12.0,incoherent,0.0,0.0,0.0
topk_last,2,test/algebra/661.json,-12.0,incoherent,0.0,0.0,0.0
topk_last,2,test/algebra/769.json,-12.0,incoherent,0.0,0.0,0.0
topk_last,2,test/algebra/824.json,-12.0,incoherent,0.0,0.0,0.0
topk_last,2,test/algebra/892.json,-12.0,incoherent,0.0,0.0,0.0
topk_last,2,test/counting_and_probability/1009.json,-12.0,incoherent,0.0,0.0,0.0
topk_last,2,test/counting_and_probability/1014.json,-12.0,incoherent,0.0,0.0,0.0
topk_last,2,test/counting_and_probability/1060.json,-12.0,incoherent,0.0,0.0,0.0
topk_last,2,test/counting_and_probability/119.json,-12.0,incoherent,0.0,0.0,0.0
topk_last,2,test/counting_and_probability/25149.json,-12.0,incoherent,0.0,0.0,0.0
topk_last,2,test/counting_and_probability/508.json,-12.0,incoherent,0.0,0.0,0.0
topk_last,2,test/counting_and_probability/525.json,-12.0,incoherent,0.0,0.0,0.0
topk_last,2,test/counting_and_probability/894.json,-12.0,incoherent,0.0,0.0,0.0
topk_last,2,test/geometry/1140.json,-12.0,incoherent,0.0,0.0,0.0
topk_last,2,test/geometry/254.json,-12.0,incoherent,0.0,0.0,0.0
topk_last,2,test/geometry/456.json,-12.0,incoherent,0.0,0.0,0.0
topk_last,2,test/geometry/465.json,-12.0,incoherent,0.0,0.0,0.0
topk_last,2,test/geometry/538.json,-12.0,incoherent,0.0,0.0,0.0
topk_last,2,test/geometry/561.json,-12.0,incoherent,0.0,0.0,0.0
topk_last,2,test/geometry/615.json,-12.0,incoherent,0.0,0.0,0.0
topk_last,2,test/geometry/711.json,-12.0,incoherent,0.0,0.0,0.0
topk_last,2,test/geometry/795.json,-12.0,incoherent,0.0,0.0,0.0
topk_last,2,test/geometry/843.json,-12.0,incoherent,0.0,0.0,0.0
topk_last,2,test/geometry/846.json,-12.0,incoherent,0.0,0.0,0.0
topk_last,2,test/intermediate_algebra/101.json,-12.0,incoherent,0.0,0.0,0.0
topk_last,2,test/intermediate_algebra/102.json,-12.0,incoherent,0.0,0.0,0.0
topk_last,2,test/intermediate_algebra/1354.json,-12.0,incoherent,0.0,0.0,0.0
topk_last,2,test/intermediate_algebra/1467.json,-12.0,incoherent,0.0,0.0,0.0
topk_last,2,test/intermediate_algebra/1555.json,-12.0,incoherent,0.0,0.0,0.0
topk_last,2,test/intermediate_algebra/1714.json,-12.0,incoherent,0.0,0.0,0.0
topk_last,2,test/intermediate_algebra/1779.json,-12.0,incoherent,0.0,0.0,0.0
topk_last,2,test/intermediate_algebra/199.json,-12.0,incoherent,0.0,0.0,0.0
topk_last,2,test/intermediate_algebra/1994.json,-12.0,incoherent,0.0,0.0,0.0
topk_last,2,test/intermediate_algebra/2046.json,-12.0,incoherent,0.0,0.0,0.0
topk_last,2,test/intermediate_algebra/345.json,-12.0,incoherent,0.0,0.0,0.0
topk_last,2,test/intermediate_algebra/446.json,-12.0,incoherent,0.0,0.0,0.0
topk_last,2,test/intermediate_algebra/47.json,-12.0,incoherent,0.0,1.0,1.0
topk_last,2,test/intermediate_algebra/607.json,-12.0,incoherent,0.0,0.0,0.0
topk_last,2,test/intermediate_algebra/690.json,-12.0,incoherent,0.0,0.0,0.0
topk_last,2,test/intermediate_algebra/752.json,-12.0,incoherent,0.0,0.0,0.0
topk_last,2,test/intermediate_algebra/894.json,-12.0,incoherent,0.0,0.0,0.0
topk_last,2,test/number_theory/1002.json,-12.0,incoherent,0.0,0.0,0.0
topk_last,2,test/number_theory/149.json,-12.0,incoherent,0.0,0.0,0.0
topk_last,2,test/number_theory/515.json,-12.0,incoherent,0.0,0.0,0.0
topk_last,2,test/prealgebra/1113.json,-12.0,incoherent,0.0,0.0,0.0
topk_last,2,test/prealgebra/1128.json,-12.0,incoherent,0.0,0.0,0.0
topk_last,2,test/prealgebra/1139.json,-12.0,incoherent,0.0,0.0,0.0
topk_last,2,test/prealgebra/1238.json,-12.0,incoherent,0.0,0.0,0.0
topk_last,2,test/prealgebra/1251.json,-12.0,incoherent,0.0,0.0,0.0
topk_last,2,test/prealgebra/1252.json,-12.0,incoherent,0.0,0.0,0.0
topk_last,2,test/prealgebra/1272.json,-12.0,incoherent,0.0,0.0,0.0
topk_last,2,test/prealgebra/1423.json,-12.0,incoherent,0.0,0.0,0.0
topk_last,2,test/prealgebra/1622.json,-12.0,incoherent,0.0,0.0,0.0
topk_last,2,test/prealgebra/1646.json,-12.0,incoherent,0.0,0.0,0.0
topk_last,2,test/prealgebra/1787.json,-12.0,incoherent,0.0,0.0,0.0
topk_last,2,test/prealgebra/1834.json,-12.0,incoherent,0.0,0.0,0.0
topk_last,2,test/prealgebra/1922.json,-12.0,incoherent,0.0,0.0,0.0
topk_last,2,test/prealgebra/1961.json,-12.0,incoherent,0.0,0.0,0.0
topk_last,2,test/prealgebra/2019.json,-12.0,incoherent,0.0,0.0,0.0
topk_last,2,test/prealgebra/2066.json,-12.0,incoherent,0.0,0.0,0.0
topk_last,2,test/prealgebra/505.json,-12.0,incoherent,0.0,0.0,0.0
topk_last,2,test/prealgebra/65.json,-12.0,incoherent,0.0,0.0,0.0
topk_last,2,test/prealgebra/996.json,-12.0,incoherent,0.0,0.0,0.0
topk_last,2,test/precalculus/1082.json,-12.0,incoherent,0.0,0.0,0.0
topk_last,2,test/precalculus/1105.json,-12.0,incoherent,0.0,0.0,0.0
topk_last,2,test/precalculus/1199.json,-12.0,incoherent,0.0,0.0,0.0
topk_last,2,test/precalculus/1303.json,-12.0,incoherent,0.0,0.0,0.0
topk_last,2,test/precalculus/398.json,-12.0,incoherent,0.0,0.0,0.0
topk_last,2,test/precalculus/43.json,-12.0,incoherent,0.0,0.0,0.0
topk_last,2,test/precalculus/541.json,-12.0,incoherent,0.0,0.0,0.0
topk_last,2,test/precalculus/580.json,-12.0,incoherent,0.0,0.0,0.0
topk_last,2,test/precalculus/779.json,-12.0,incoherent,0.0,0.0,0.0
topk_last,2,test/precalculus/927.json,-12.0,incoherent,0.0,0.0,0.0
topk_last,2,test/precalculus/96.json,-12.0,incoherent,0.0,0.0,0.0
topk_last,2,test/precalculus/986.json,-12.0,incoherent,0.0,0.0,0.0
topk_last,2,test/algebra/1082.json,-12.0,correct,0.0,0.0,0.0
topk_last,2,test/algebra/109.json,-12.0,correct,1.0,0.0,-1.0
topk_last,2,test/algebra/1098.json,-12.0,correct,1.0,1.0,0.0
topk_last,2,test/algebra/1214.json,-12.0,correct,1.0,1.0,0.0
topk_last,2,test/algebra/1265.json,-12.0,correct,1.0,1.0,0.0
topk_last,2,test/algebra/1282.json,-12.0,correct,0.0,0.0,0.0
topk_last,2,test/algebra/1338.json,-12.0,correct,1.0,1.0,0.0
topk_last,2,test/algebra/1349.json,-12.0,correct,0.0,0.0,0.0
topk_last,2,test/algebra/1553.json,-12.0,correct,0.0,1.0,1.0
topk_last,2,test/algebra/1934.json,-12.0,correct,1.0,0.0,-1.0
topk_last,2,test/algebra/1960.json,-12.0,correct,1.0,0.0,-1.0
topk_last,2,test/algebra/2043.json,-12.0,correct,1.0,0.0,-1.0
topk_last,2,test/algebra/2046.json,-12.0,correct,1.0,0.0,-1.0
topk_last,2,test/algebra/2159.json,-12.0,correct,0.0,0.0,0.0
topk_last,2,test/algebra/2264.json,-12.0,correct,1.0,0.0,-1.0
topk_last,2,test/algebra/2427.json,-12.0,correct,0.0,0.0,0.0
topk_last,2,test/algebra/2430.json,-12.0,correct,0.0,0.0,0.0
topk_last,2,test/algebra/2476.json,-12.0,correct,0.0,0.0,0.0
topk_last,2,test/algebra/2486.json,-12.0,correct,1.0,0.0,-1.0
topk_last,2,test/algebra/2570.json,-12.0,correct,1.0,0.0,-1.0
topk_last,2,test/algebra/2593.json,-12.0,correct,1.0,0.0,-1.0
topk_last,2,test/algebra/2735.json,-12.0,correct,0.0,1.0,1.0
topk_last,2,test/algebra/2779.json,-12.0,correct,1.0,0.0,-1.0
topk_last,2,test/algebra/297.json,-12.0,correct,0.0,0.0,0.0
topk_last,2,test/algebra/425.json,-12.0,correct,1.0,1.0,0.0
topk_last,2,test/algebra/634.json,-12.0,correct,0.0,0.0,0.0
topk_last,2,test/algebra/661.json,-12.0,correct,1.0,0.0,-1.0
topk_last,2,test/algebra/769.json,-12.0,correct,1.0,0.0,-1.0
topk_last,2,test/algebra/824.json,-12.0,correct,1.0,0.0,-1.0
topk_last,2,test/algebra/892.json,-12.0,correct,0.0,0.0,0.0
topk_last,2,test/counting_and_probability/1009.json,-12.0,correct,1.0,1.0,0.0
topk_last,2,test/counting_and_probability/1014.json,-12.0,correct,1.0,1.0,0.0
topk_last,2,test/counting_and_probability/1060.json,-12.0,correct,0.0,0.0,0.0
topk_last,2,test/counting_and_probability/119.json,-12.0,correct,0.0,0.0,0.0
topk_last,2,test/counting_and_probability/25149.json,-12.0,correct,1.0,0.0,-1.0
topk_last,2,test/counting_and_probability/508.json,-12.0,correct,0.0,0.0,0.0
topk_last,2,test/counting_and_probability/525.json,-12.0,correct,0.0,0.0,0.0
topk_last,2,test/counting_and_probability/894.json,-12.0,correct,1.0,1.0,0.0
topk_last,2,test/geometry/1140.json,-12.0,correct,0.0,0.0,0.0
topk_last,2,test/geometry/254.json,-12.0,correct,0.0,1.0,1.0
topk_last,2,test/geometry/456.json,-12.0,correct,1.0,1.0,0.0
topk_last,2,test/geometry/465.json,-12.0,correct,0.0,0.0,0.0
topk_last,2,test/geometry/538.json,-12.0,correct,0.0,0.0,0.0
topk_last,2,test/geometry/561.json,-12.0,correct,0.0,0.0,0.0
topk_last,2,test/geometry/615.json,-12.0,correct,0.0,0.0,0.0
topk_last,2,test/geometry/711.json,-12.0,correct,0.0,0.0,0.0
topk_last,2,test/geometry/795.json,-12.0,correct,0.0,0.0,0.0
topk_last,2,test/geometry/843.json,-12.0,correct,1.0,1.0,0.0
topk_last,2,test/geometry/846.json,-12.0,correct,0.0,0.0,0.0
topk_last,2,test/intermediate_algebra/101.json,-12.0,correct,0.0,0.0,0.0
topk_last,2,test/intermediate_algebra/102.json,-12.0,correct,0.0,0.0,0.0
topk_last,2,test/intermediate_algebra/1354.json,-12.0,correct,0.0,0.0,0.0
topk_last,2,test/intermediate_algebra/1467.json,-12.0,correct,0.0,0.0,0.0
topk_last,2,test/intermediate_algebra/1555.json,-12.0,correct,0.0,0.0,0.0
topk_last,2,test/intermediate_algebra/1714.json,-12.0,correct,1.0,0.0,-1.0
topk_last,2,test/intermediate_algebra/1779.json,-12.0,correct,0.0,0.0,0.0
topk_last,2,test/intermediate_algebra/199.json,-12.0,correct,0.0,0.0,0.0
topk_last,2,test/intermediate_algebra/1994.json,-12.0,correct,0.0,0.0,0.0
topk_last,2,test/intermediate_algebra/2046.json,-12.0,correct,0.0,0.0,0.0
topk_last,2,test/intermediate_algebra/345.json,-12.0,correct,0.0,0.0,0.0
topk_last,2,test/intermediate_algebra/446.json,-12.0,correct,0.0,0.0,0.0
topk_last,2,test/intermediate_algebra/47.json,-12.0,correct,0.0,0.0,0.0
topk_last,2,test/intermediate_algebra/607.json,-12.0,correct,0.0,0.0,0.0
topk_last,2,test/intermediate_algebra/690.json,-12.0,correct,0.0,0.0,0.0
topk_last,2,test/intermediate_algebra/752.json,-12.0,correct,0.0,0.0,0.0
topk_last,2,test/intermediate_algebra/894.json,-12.0,correct,0.0,0.0,0.0
topk_last,2,test/number_theory/1002.json,-12.0,correct,0.0,0.0,0.0
topk_last,2,test/number_theory/149.json,-12.0,correct,0.0,0.0,0.0
topk_last,2,test/number_theory/515.json,-12.0,correct,1.0,1.0,0.0
topk_last,2,test/prealgebra/1113.json,-12.0,correct,1.0,0.0,-1.0
topk_last,2,test/prealgebra/1128.json,-12.0,correct,0.0,0.0,0.0
topk_last,2,test/prealgebra/1139.json,-12.0,correct,0.0,0.0,0.0
topk_last,2,test/prealgebra/1238.json,-12.0,correct,1.0,0.0,-1.0
topk_last,2,test/prealgebra/1251.json,-12.0,correct,0.0,0.0,0.0
topk_last,2,test/prealgebra/1252.json,-12.0,correct,1.0,0.0,-1.0
topk_last,2,test/prealgebra/1272.json,-12.0,correct,1.0,1.0,0.0
topk_last,2,test/prealgebra/1423.json,-12.0,correct,0.0,0.0,0.0
topk_last,2,test/prealgebra/1622.json,-12.0,correct,0.0,1.0,1.0
topk_last,2,test/prealgebra/1646.json,-12.0,correct,0.0,0.0,0.0
topk_last,2,test/prealgebra/1787.json,-12.0,correct,1.0,0.0,-1.0
topk_last,2,test/prealgebra/1834.json,-12.0,correct,0.0,1.0,1.0
topk_last,2,test/prealgebra/1922.json,-12.0,correct,0.0,0.0,0.0
topk_last,2,test/prealgebra/1961.json,-12.0,correct,0.0,0.0,0.0
topk_last,2,test/prealgebra/2019.json,-12.0,correct,1.0,0.0,-1.0
topk_last,2,test/prealgebra/2066.json,-12.0,correct,0.0,0.0,0.0
topk_last,2,test/prealgebra/505.json,-12.0,correct,1.0,0.0,-1.0
topk_last,2,test/prealgebra/65.json,-12.0,correct,0.0,0.0,0.0
topk_last,2,test/prealgebra/996.json,-12.0,correct,0.0,1.0,1.0
topk_last,2,test/precalculus/1082.json,-12.0,correct,0.0,0.0,0.0
topk_last,2,test/precalculus/1105.json,-12.0,correct,0.0,0.0,0.0
topk_last,2,test/precalculus/1199.json,-12.0,correct,0.0,0.0,0.0
topk_last,2,test/precalculus/1303.json,-12.0,correct,0.0,0.0,0.0
topk_last,2,test/precalculus/398.json,-12.0,correct,0.0,0.0,0.0
topk_last,2,test/precalculus/43.json,-12.0,correct,0.0,1.0,1.0
topk_last,2,test/precalculus/541.json,-12.0,correct,0.0,0.0,0.0
topk_last,2,test/precalculus/580.json,-12.0,correct,0.0,0.0,0.0
topk_last,2,test/precalculus/779.json,-12.0,correct,1.0,1.0,0.0
topk_last,2,test/precalculus/927.json,-12.0,correct,0.0,0.0,0.0
topk_last,2,test/precalculus/96.json,-12.0,correct,0.0,0.0,0.0
topk_last,2,test/precalculus/986.json,-12.0,correct,0.0,0.0,0.0
topk_last,42,test/algebra/1082.json,-12.0,gc,0.0,0.0,0.0
topk_last,42,test/algebra/109.json,-12.0,gc,0.0,0.0,0.0
topk_last,42,test/algebra/1098.json,-12.0,gc,0.0,0.0,0.0
topk_last,42,test/algebra/1214.json,-12.0,gc,0.0,0.0,0.0
topk_last,42,test/algebra/1265.json,-12.0,gc,0.0,0.0,0.0
topk_last,42,test/algebra/1282.json,-12.0,gc,0.0,1.0,1.0
topk_last,42,test/algebra/1338.json,-12.0,gc,0.0,0.0,0.0
topk_last,42,test/algebra/1349.json,-12.0,gc,0.0,0.0,0.0
topk_last,42,test/algebra/1553.json,-12.0,gc,0.0,0.0,0.0
topk_last,42,test/algebra/1934.json,-12.0,gc,0.0,0.0,0.0
topk_last,42,test/algebra/1960.json,-12.0,gc,0.0,0.0,0.0
topk_last,42,test/algebra/2043.json,-12.0,gc,1.0,1.0,0.0
topk_last,42,test/algebra/2046.json,-12.0,gc,0.0,0.0,0.0
topk_last,42,test/algebra/2159.json,-12.0,gc,1.0,0.0,-1.0
topk_last,42,test/algebra/2264.json,-12.0,gc,0.0,0.0,0.0
topk_last,42,test/algebra/2427.json,-12.0,gc,0.0,2.0,2.0
topk_last,42,test/algebra/2430.json,-12.0,gc,1.0,0.0,-1.0
topk_last,42,test/algebra/2476.json,-12.0,gc,0.0,0.0,0.0
topk_last,42,test/algebra/2486.json,-12.0,gc,0.0,0.0,0.0
topk_last,42,test/algebra/2570.json,-12.0,gc,1.0,0.0,-1.0
topk_last,42,test/algebra/2593.json,-12.0,gc,0.0,0.0,0.0
topk_last,42,test/algebra/2735.json,-12.0,gc,0.0,0.0,0.0
topk_last,42,test/algebra/2779.json,-12.0,gc,0.0,0.0,0.0
topk_last,42,test/algebra/297.json,-12.0,gc,0.0,1.0,1.0
topk_last,42,test/algebra/425.json,-12.0,gc,0.0,0.0,0.0
topk_last,42,test/algebra/634.json,-12.0,gc,0.0,1.0,1.0
topk_last,42,test/algebra/661.json,-12.0,gc,0.0,1.0,1.0
topk_last,42,test/algebra/769.json,-12.0,gc,0.0,0.0,0.0
topk_last,42,test/algebra/824.json,-12.0,gc,0.0,0.0,0.0
topk_last,42,test/algebra/892.json,-12.0,gc,1.0,1.0,0.0
topk_last,42,test/counting_and_probability/1009.json,-12.0,gc,0.0,1.0,1.0
topk_last,42,test/counting_and_probability/1014.json,-12.0,gc,0.0,0.0,0.0
topk_last,42,test/counting_and_probability/1060.json,-12.0,gc,0.0,0.0,0.0
topk_last,42,test/counting_and_probability/119.json,-12.0,gc,0.0,0.0,0.0
topk_last,42,test/counting_and_probability/25149.json,-12.0,gc,0.0,1.0,1.0
topk_last,42,test/counting_and_probability/508.json,-12.0,gc,0.0,0.0,0.0
topk_last,42,test/counting_and_probability/525.json,-12.0,gc,0.0,1.0,1.0
topk_last,42,test/counting_and_probability/894.json,-12.0,gc,0.0,1.0,1.0
topk_last,42,test/geometry/1140.json,-12.0,gc,1.0,2.0,1.0
topk_last,42,test/geometry/254.json,-12.0,gc,0.0,0.0,0.0
topk_last,42,test/geometry/456.json,-12.0,gc,0.0,0.0,0.0
topk_last,42,test/geometry/465.json,-12.0,gc,1.0,2.0,1.0
topk_last,42,test/geometry/538.json,-12.0,gc,0.0,0.0,0.0
topk_last,42,test/geometry/561.json,-12.0,gc,0.0,1.0,1.0
topk_last,42,test/geometry/615.json,-12.0,gc,1.0,1.0,0.0
topk_last,42,test/geometry/711.json,-12.0,gc,1.0,1.0,0.0
topk_last,42,test/geometry/795.json,-12.0,gc,0.0,2.0,2.0
topk_last,42,test/geometry/843.json,-12.0,gc,0.0,0.0,0.0
topk_last,42,test/geometry/846.json,-12.0,gc,1.0,0.0,-1.0
topk_last,42,test/intermediate_algebra/101.json,-12.0,gc,0.0,1.0,1.0
topk_last,42,test/intermediate_algebra/102.json,-12.0,gc,0.0,1.0,1.0
topk_last,42,test/intermediate_algebra/1354.json,-12.0,gc,0.0,0.0,0.0
topk_last,42,test/intermediate_algebra/1467.json,-12.0,gc,1.0,0.0,-1.0
topk_last,42,test/intermediate_algebra/1555.json,-12.0,gc,0.0,0.0,0.0
topk_last,42,test/intermediate_algebra/1714.json,-12.0,gc,0.0,1.0,1.0
topk_last,42,test/intermediate_algebra/1779.json,-12.0,gc,0.0,0.0,0.0
topk_last,42,test/intermediate_algebra/199.json,-12.0,gc,1.0,1.0,0.0
topk_last,42,test/intermediate_algebra/1994.json,-12.0,gc,0.0,0.0,0.0
topk_last,42,test/intermediate_algebra/2046.json,-12.0,gc,0.0,0.0,0.0
topk_last,42,test/intermediate_algebra/345.json,-12.0,gc,0.0,2.0,2.0
topk_last,42,test/intermediate_algebra/446.json,-12.0,gc,0.0,1.0,1.0
topk_last,42,test/intermediate_algebra/47.json,-12.0,gc,0.0,0.0,0.0
topk_last,42,test/intermediate_algebra/607.json,-12.0,gc,1.0,1.0,0.0
topk_last,42,test/intermediate_algebra/690.json,-12.0,gc,1.0,1.0,0.0
topk_last,42,test/intermediate_algebra/752.json,-12.0,gc,0.0,0.0,0.0
topk_last,42,test/intermediate_algebra/894.json,-12.0,gc,1.0,2.0,1.0
topk_last,42,test/number_theory/1002.json,-12.0,gc,0.0,1.0,1.0
topk_last,42,test/number_theory/149.json,-12.0,gc,0.0,0.0,0.0
topk_last,42,test/number_theory/515.json,-12.0,gc,0.0,2.0,2.0
topk_last,42,test/prealgebra/1113.json,-12.0,gc,0.0,0.0,0.0
topk_last,42,test/prealgebra/1128.json,-12.0,gc,0.0,3.0,3.0
topk_last,42,test/prealgebra/1139.json,-12.0,gc,0.0,0.0,0.0
topk_last,42,test/prealgebra/1238.json,-12.0,gc,0.0,0.0,0.0
topk_last,42,test/prealgebra/1251.json,-12.0,gc,0.0,1.0,1.0
topk_last,42,test/prealgebra/1252.json,-12.0,gc,0.0,0.0,0.0
topk_last,42,test/prealgebra/1272.json,-12.0,gc,0.0,0.0,0.0
topk_last,42,test/prealgebra/1423.json,-12.0,gc,0.0,0.0,0.0
topk_last,42,test/prealgebra/1622.json,-12.0,gc,0.0,0.0,0.0
topk_last,42,test/prealgebra/1646.json,-12.0,gc,0.0,1.0,1.0
topk_last,42,test/prealgebra/1787.json,-12.0,gc,0.0,0.0,0.0
topk_last,42,test/prealgebra/1834.json,-12.0,gc,0.0,0.0,0.0
topk_last,42,test/prealgebra/1922.json,-12.0,gc,0.0,0.0,0.0
topk_last,42,test/prealgebra/1961.json,-12.0,gc,0.0,0.0,0.0
topk_last,42,test/prealgebra/2019.json,-12.0,gc,0.0,0.0,0.0
topk_last,42,test/prealgebra/2066.json,-12.0,gc,0.0,0.0,0.0
topk_last,42,test/prealgebra/505.json,-12.0,gc,0.0,0.0,0.0
topk_last,42,test/prealgebra/65.json,-12.0,gc,0.0,0.0,0.0
topk_last,42,test/prealgebra/996.json,-12.0,gc,0.0,0.0,0.0
topk_last,42,test/precalculus/1082.json,-12.0,gc,1.0,1.0,0.0
topk_last,42,test/precalculus/1105.json,-12.0,gc,0.0,0.0,0.0
topk_last,42,test/precalculus/1199.json,-12.0,gc,1.0,1.0,0.0
topk_last,42,test/precalculus/1303.json,-12.0,gc,0.0,0.0,0.0
topk_last,42,test/precalculus/398.json,-12.0,gc,1.0,1.0,0.0
topk_last,42,test/precalculus/43.json,-12.0,gc,0.0,0.0,0.0
topk_last,42,test/precalculus/541.json,-12.0,gc,0.0,0.0,0.0
topk_last,42,test/precalculus/580.json,-12.0,gc,0.0,0.0,0.0
topk_last,42,test/precalculus/779.json,-12.0,gc,0.0,0.0,0.0
topk_last,42,test/precalculus/927.json,-12.0,gc,2.0,0.0,-2.0
topk_last,42,test/precalculus/96.json,-12.0,gc,1.0,1.0,0.0
topk_last,42,test/precalculus/986.json,-12.0,gc,0.0,1.0,1.0
topk_last,42,test/algebra/1082.json,-12.0,coherent_gc,0.0,0.0,0.0
topk_last,42,test/algebra/109.json,-12.0,coherent_gc,0.0,0.0,0.0
topk_last,42,test/algebra/1098.json,-12.0,coherent_gc,0.0,0.0,0.0
topk_last,42,test/algebra/1214.json,-12.0,coherent_gc,0.0,0.0,0.0
topk_last,42,test/algebra/1265.json,-12.0,coherent_gc,0.0,0.0,0.0
topk_last,42,test/algebra/1282.json,-12.0,coherent_gc,0.0,1.0,1.0
topk_last,42,test/algebra/1338.json,-12.0,coherent_gc,0.0,0.0,0.0
topk_last,42,test/algebra/1349.json,-12.0,coherent_gc,0.0,0.0,0.0
topk_last,42,test/algebra/1553.json,-12.0,coherent_gc,0.0,0.0,0.0
topk_last,42,test/algebra/1934.json,-12.0,coherent_gc,0.0,0.0,0.0
topk_last,42,test/algebra/1960.json,-12.0,coherent_gc,0.0,0.0,0.0
topk_last,42,test/algebra/2043.json,-12.0,coherent_gc,1.0,1.0,0.0
topk_last,42,test/algebra/2046.json,-12.0,coherent_gc,0.0,0.0,0.0
topk_last,42,test/algebra/2159.json,-12.0,coherent_gc,1.0,0.0,-1.0
topk_last,42,test/algebra/2264.json,-12.0,coherent_gc,0.0,0.0,0.0
topk_last,42,test/algebra/2427.json,-12.0,coherent_gc,0.0,2.0,2.0
topk_last,42,test/algebra/2430.json,-12.0,coherent_gc,1.0,0.0,-1.0
topk_last,42,test/algebra/2476.json,-12.0,coherent_gc,0.0,0.0,0.0
topk_last,42,test/algebra/2486.json,-12.0,coherent_gc,0.0,0.0,0.0
topk_last,42,test/algebra/2570.json,-12.0,coherent_gc,1.0,0.0,-1.0
topk_last,42,test/algebra/2593.json,-12.0,coherent_gc,0.0,0.0,0.0
topk_last,42,test/algebra/2735.json,-12.0,coherent_gc,0.0,0.0,0.0
topk_last,42,test/algebra/2779.json,-12.0,coherent_gc,0.0,0.0,0.0
topk_last,42,test/algebra/297.json,-12.0,coherent_gc,0.0,1.0,1.0
topk_last,42,test/algebra/425.json,-12.0,coherent_gc,0.0,0.0,0.0
topk_last,42,test/algebra/634.json,-12.0,coherent_gc,0.0,1.0,1.0
topk_last,42,test/algebra/661.json,-12.0,coherent_gc,0.0,1.0,1.0
topk_last,42,test/algebra/769.json,-12.0,coherent_gc,0.0,0.0,0.0
topk_last,42,test/algebra/824.json,-12.0,coherent_gc,0.0,0.0,0.0
topk_last,42,test/algebra/892.json,-12.0,coherent_gc,1.0,1.0,0.0
topk_last,42,test/counting_and_probability/1009.json,-12.0,coherent_gc,0.0,1.0,1.0
topk_last,42,test/counting_and_probability/1014.json,-12.0,coherent_gc,0.0,0.0,0.0
topk_last,42,test/counting_and_probability/1060.json,-12.0,coherent_gc,0.0,0.0,0.0
topk_last,42,test/counting_and_probability/119.json,-12.0,coherent_gc,0.0,0.0,0.0
topk_last,42,test/counting_and_probability/25149.json,-12.0,coherent_gc,0.0,1.0,1.0
topk_last,42,test/counting_and_probability/508.json,-12.0,coherent_gc,0.0,0.0,0.0
topk_last,42,test/counting_and_probability/525.json,-12.0,coherent_gc,0.0,1.0,1.0
topk_last,42,test/counting_and_probability/894.json,-12.0,coherent_gc,0.0,0.0,0.0
topk_last,42,test/geometry/1140.json,-12.0,coherent_gc,1.0,2.0,1.0
topk_last,42,test/geometry/254.json,-12.0,coherent_gc,0.0,0.0,0.0
topk_last,42,test/geometry/456.json,-12.0,coherent_gc,0.0,0.0,0.0
topk_last,42,test/geometry/465.json,-12.0,coherent_gc,1.0,2.0,1.0
topk_last,42,test/geometry/538.json,-12.0,coherent_gc,0.0,0.0,0.0
topk_last,42,test/geometry/561.json,-12.0,coherent_gc,0.0,1.0,1.0
topk_last,42,test/geometry/615.json,-12.0,coherent_gc,1.0,1.0,0.0
topk_last,42,test/geometry/711.json,-12.0,coherent_gc,1.0,1.0,0.0
topk_last,42,test/geometry/795.json,-12.0,coherent_gc,0.0,2.0,2.0
topk_last,42,test/geometry/843.json,-12.0,coherent_gc,0.0,0.0,0.0
topk_last,42,test/geometry/846.json,-12.0,coherent_gc,1.0,0.0,-1.0
topk_last,42,test/intermediate_algebra/101.json,-12.0,coherent_gc,0.0,1.0,1.0
topk_last,42,test/intermediate_algebra/102.json,-12.0,coherent_gc,0.0,1.0,1.0
topk_last,42,test/intermediate_algebra/1354.json,-12.0,coherent_gc,0.0,0.0,0.0
topk_last,42,test/intermediate_algebra/1467.json,-12.0,coherent_gc,1.0,0.0,-1.0
topk_last,42,test/intermediate_algebra/1555.json,-12.0,coherent_gc,0.0,0.0,0.0
topk_last,42,test/intermediate_algebra/1714.json,-12.0,coherent_gc,0.0,0.0,0.0
topk_last,42,test/intermediate_algebra/1779.json,-12.0,coherent_gc,0.0,0.0,0.0
topk_last,42,test/intermediate_algebra/199.json,-12.0,coherent_gc,1.0,1.0,0.0
topk_last,42,test/intermediate_algebra/1994.json,-12.0,coherent_gc,0.0,0.0,0.0
topk_last,42,test/intermediate_algebra/2046.json,-12.0,coherent_gc,0.0,0.0,0.0
topk_last,42,test/intermediate_algebra/345.json,-12.0,coherent_gc,0.0,0.0,0.0
topk_last,42,test/intermediate_algebra/446.json,-12.0,coherent_gc,0.0,1.0,1.0
topk_last,42,test/intermediate_algebra/47.json,-12.0,coherent_gc,0.0,0.0,0.0
topk_last,42,test/intermediate_algebra/607.json,-12.0,coherent_gc,1.0,1.0,0.0
topk_last,42,test/intermediate_algebra/690.json,-12.0,coherent_gc,1.0,0.0,-1.0
topk_last,42,test/intermediate_algebra/752.json,-12.0,coherent_gc,0.0,0.0,0.0
topk_last,42,test/intermediate_algebra/894.json,-12.0,coherent_gc,1.0,2.0,1.0
topk_last,42,test/number_theory/1002.json,-12.0,coherent_gc,0.0,1.0,1.0
topk_last,42,test/number_theory/149.json,-12.0,coherent_gc,0.0,0.0,0.0
topk_last,42,test/number_theory/515.json,-12.0,coherent_gc,0.0,2.0,2.0
topk_last,42,test/prealgebra/1113.json,-12.0,coherent_gc,0.0,0.0,0.0
topk_last,42,test/prealgebra/1128.json,-12.0,coherent_gc,0.0,3.0,3.0
topk_last,42,test/prealgebra/1139.json,-12.0,coherent_gc,0.0,0.0,0.0
topk_last,42,test/prealgebra/1238.json,-12.0,coherent_gc,0.0,0.0,0.0
topk_last,42,test/prealgebra/1251.json,-12.0,coherent_gc,0.0,1.0,1.0
topk_last,42,test/prealgebra/1252.json,-12.0,coherent_gc,0.0,0.0,0.0
topk_last,42,test/prealgebra/1272.json,-12.0,coherent_gc,0.0,0.0,0.0
topk_last,42,test/prealgebra/1423.json,-12.0,coherent_gc,0.0,0.0,0.0
topk_last,42,test/prealgebra/1622.json,-12.0,coherent_gc,0.0,0.0,0.0
topk_last,42,test/prealgebra/1646.json,-12.0,coherent_gc,0.0,0.0,0.0
topk_last,42,test/prealgebra/1787.json,-12.0,coherent_gc,0.0,0.0,0.0
topk_last,42,test/prealgebra/1834.json,-12.0,coherent_gc,0.0,0.0,0.0
topk_last,42,test/prealgebra/1922.json,-12.0,coherent_gc,0.0,0.0,0.0
topk_last,42,test/prealgebra/1961.json,-12.0,coherent_gc,0.0,0.0,0.0
topk_last,42,test/prealgebra/2019.json,-12.0,coherent_gc,0.0,0.0,0.0
topk_last,42,test/prealgebra/2066.json,-12.0,coherent_gc,0.0,0.0,0.0
topk_last,42,test/prealgebra/505.json,-12.0,coherent_gc,0.0,0.0,0.0
topk_last,42,test/prealgebra/65.json,-12.0,coherent_gc,0.0,0.0,0.0
topk_last,42,test/prealgebra/996.json,-12.0,coherent_gc,0.0,0.0,0.0
topk_last,42,test/precalculus/1082.json,-12.0,coherent_gc,1.0,1.0,0.0
topk_last,42,test/precalculus/1105.json,-12.0,coherent_gc,0.0,0.0,0.0
topk_last,42,test/precalculus/1199.json,-12.0,coherent_gc,1.0,1.0,0.0
topk_last,42,test/precalculus/1303.json,-12.0,coherent_gc,0.0,0.0,0.0
topk_last,42,test/precalculus/398.json,-12.0,coherent_gc,1.0,1.0,0.0
topk_last,42,test/precalculus/43.json,-12.0,coherent_gc,0.0,0.0,0.0
topk_last,42,test/precalculus/541.json,-12.0,coherent_gc,0.0,0.0,0.0
topk_last,42,test/precalculus/580.json,-12.0,coherent_gc,0.0,0.0,0.0
topk_last,42,test/precalculus/779.json,-12.0,coherent_gc,0.0,0.0,0.0
topk_last,42,test/precalculus/927.json,-12.0,coherent_gc,2.0,0.0,-2.0
topk_last,42,test/precalculus/96.json,-12.0,coherent_gc,1.0,1.0,0.0
topk_last,42,test/precalculus/986.json,-12.0,coherent_gc,0.0,1.0,1.0
topk_last,42,test/algebra/1082.json,-12.0,coherent_bt,0.0,0.0,0.0
topk_last,42,test/algebra/109.json,-12.0,coherent_bt,0.0,0.0,0.0
topk_last,42,test/algebra/1098.json,-12.0,coherent_bt,0.0,0.0,0.0
topk_last,42,test/algebra/1214.json,-12.0,coherent_bt,0.0,0.0,0.0
topk_last,42,test/algebra/1265.json,-12.0,coherent_bt,0.0,0.0,0.0
topk_last,42,test/algebra/1282.json,-12.0,coherent_bt,0.0,1.0,1.0
topk_last,42,test/algebra/1338.json,-12.0,coherent_bt,0.0,0.0,0.0
topk_last,42,test/algebra/1349.json,-12.0,coherent_bt,0.0,0.0,0.0
topk_last,42,test/algebra/1553.json,-12.0,coherent_bt,0.0,0.0,0.0
topk_last,42,test/algebra/1934.json,-12.0,coherent_bt,0.0,0.0,0.0
topk_last,42,test/algebra/1960.json,-12.0,coherent_bt,0.0,0.0,0.0
topk_last,42,test/algebra/2043.json,-12.0,coherent_bt,1.0,1.0,0.0
topk_last,42,test/algebra/2046.json,-12.0,coherent_bt,0.0,0.0,0.0
topk_last,42,test/algebra/2159.json,-12.0,coherent_bt,1.0,0.0,-1.0
topk_last,42,test/algebra/2264.json,-12.0,coherent_bt,0.0,0.0,0.0
topk_last,42,test/algebra/2427.json,-12.0,coherent_bt,0.0,1.0,1.0
topk_last,42,test/algebra/2430.json,-12.0,coherent_bt,1.0,0.0,-1.0
topk_last,42,test/algebra/2476.json,-12.0,coherent_bt,0.0,0.0,0.0
topk_last,42,test/algebra/2486.json,-12.0,coherent_bt,0.0,0.0,0.0
topk_last,42,test/algebra/2570.json,-12.0,coherent_bt,1.0,0.0,-1.0
topk_last,42,test/algebra/2593.json,-12.0,coherent_bt,0.0,0.0,0.0
topk_last,42,test/algebra/2735.json,-12.0,coherent_bt,0.0,0.0,0.0
topk_last,42,test/algebra/2779.json,-12.0,coherent_bt,0.0,0.0,0.0
topk_last,42,test/algebra/297.json,-12.0,coherent_bt,0.0,1.0,1.0
topk_last,42,test/algebra/425.json,-12.0,coherent_bt,0.0,0.0,0.0
topk_last,42,test/algebra/634.json,-12.0,coherent_bt,0.0,1.0,1.0
topk_last,42,test/algebra/661.json,-12.0,coherent_bt,0.0,1.0,1.0
topk_last,42,test/algebra/769.json,-12.0,coherent_bt,0.0,0.0,0.0
topk_last,42,test/algebra/824.json,-12.0,coherent_bt,0.0,0.0,0.0
topk_last,42,test/algebra/892.json,-12.0,coherent_bt,1.0,1.0,0.0
topk_last,42,test/counting_and_probability/1009.json,-12.0,coherent_bt,0.0,1.0,1.0
topk_last,42,test/counting_and_probability/1014.json,-12.0,coherent_bt,0.0,0.0,0.0
topk_last,42,test/counting_and_probability/1060.json,-12.0,coherent_bt,0.0,0.0,0.0
topk_last,42,test/counting_and_probability/119.json,-12.0,coherent_bt,0.0,0.0,0.0
topk_last,42,test/counting_and_probability/25149.json,-12.0,coherent_bt,0.0,1.0,1.0
topk_last,42,test/counting_and_probability/508.json,-12.0,coherent_bt,0.0,0.0,0.0
topk_last,42,test/counting_and_probability/525.json,-12.0,coherent_bt,0.0,1.0,1.0
topk_last,42,test/counting_and_probability/894.json,-12.0,coherent_bt,0.0,0.0,0.0
topk_last,42,test/geometry/1140.json,-12.0,coherent_bt,1.0,1.0,0.0
topk_last,42,test/geometry/254.json,-12.0,coherent_bt,0.0,0.0,0.0
topk_last,42,test/geometry/456.json,-12.0,coherent_bt,0.0,0.0,0.0
topk_last,42,test/geometry/465.json,-12.0,coherent_bt,1.0,1.0,0.0
topk_last,42,test/geometry/538.json,-12.0,coherent_bt,0.0,0.0,0.0
topk_last,42,test/geometry/561.json,-12.0,coherent_bt,0.0,1.0,1.0
topk_last,42,test/geometry/615.json,-12.0,coherent_bt,1.0,1.0,0.0
topk_last,42,test/geometry/711.json,-12.0,coherent_bt,1.0,1.0,0.0
topk_last,42,test/geometry/795.json,-12.0,coherent_bt,0.0,1.0,1.0
topk_last,42,test/geometry/843.json,-12.0,coherent_bt,0.0,0.0,0.0
topk_last,42,test/geometry/846.json,-12.0,coherent_bt,1.0,0.0,-1.0
topk_last,42,test/intermediate_algebra/101.json,-12.0,coherent_bt,0.0,1.0,1.0
topk_last,42,test/intermediate_algebra/102.json,-12.0,coherent_bt,0.0,1.0,1.0
topk_last,42,test/intermediate_algebra/1354.json,-12.0,coherent_bt,0.0,0.0,0.0
topk_last,42,test/intermediate_algebra/1467.json,-12.0,coherent_bt,1.0,0.0,-1.0
topk_last,42,test/intermediate_algebra/1555.json,-12.0,coherent_bt,0.0,0.0,0.0
topk_last,42,test/intermediate_algebra/1714.json,-12.0,coherent_bt,0.0,0.0,0.0
topk_last,42,test/intermediate_algebra/1779.json,-12.0,coherent_bt,0.0,0.0,0.0
topk_last,42,test/intermediate_algebra/199.json,-12.0,coherent_bt,1.0,1.0,0.0
topk_last,42,test/intermediate_algebra/1994.json,-12.0,coherent_bt,0.0,0.0,0.0
topk_last,42,test/intermediate_algebra/2046.json,-12.0,coherent_bt,0.0,0.0,0.0
topk_last,42,test/intermediate_algebra/345.json,-12.0,coherent_bt,0.0,0.0,0.0
topk_last,42,test/intermediate_algebra/446.json,-12.0,coherent_bt,0.0,1.0,1.0
topk_last,42,test/intermediate_algebra/47.json,-12.0,coherent_bt,0.0,0.0,0.0
topk_last,42,test/intermediate_algebra/607.json,-12.0,coherent_bt,1.0,1.0,0.0
topk_last,42,test/intermediate_algebra/690.json,-12.0,coherent_bt,1.0,0.0,-1.0
topk_last,42,test/intermediate_algebra/752.json,-12.0,coherent_bt,0.0,0.0,0.0
topk_last,42,test/intermediate_algebra/894.json,-12.0,coherent_bt,1.0,1.0,0.0
topk_last,42,test/number_theory/1002.json,-12.0,coherent_bt,0.0,1.0,1.0
topk_last,42,test/number_theory/149.json,-12.0,coherent_bt,0.0,0.0,0.0
topk_last,42,test/number_theory/515.json,-12.0,coherent_bt,0.0,1.0,1.0
topk_last,42,test/prealgebra/1113.json,-12.0,coherent_bt,0.0,0.0,0.0
topk_last,42,test/prealgebra/1128.json,-12.0,coherent_bt,0.0,1.0,1.0
topk_last,42,test/prealgebra/1139.json,-12.0,coherent_bt,0.0,0.0,0.0
topk_last,42,test/prealgebra/1238.json,-12.0,coherent_bt,0.0,0.0,0.0
topk_last,42,test/prealgebra/1251.json,-12.0,coherent_bt,0.0,1.0,1.0
topk_last,42,test/prealgebra/1252.json,-12.0,coherent_bt,0.0,0.0,0.0
topk_last,42,test/prealgebra/1272.json,-12.0,coherent_bt,0.0,0.0,0.0
topk_last,42,test/prealgebra/1423.json,-12.0,coherent_bt,0.0,0.0,0.0
topk_last,42,test/prealgebra/1622.json,-12.0,coherent_bt,0.0,0.0,0.0
topk_last,42,test/prealgebra/1646.json,-12.0,coherent_bt,0.0,0.0,0.0
topk_last,42,test/prealgebra/1787.json,-12.0,coherent_bt,0.0,0.0,0.0
topk_last,42,test/prealgebra/1834.json,-12.0,coherent_bt,0.0,0.0,0.0
topk_last,42,test/prealgebra/1922.json,-12.0,coherent_bt,0.0,0.0,0.0
topk_last,42,test/prealgebra/1961.json,-12.0,coherent_bt,0.0,0.0,0.0
topk_last,42,test/prealgebra/2019.json,-12.0,coherent_bt,0.0,0.0,0.0
topk_last,42,test/prealgebra/2066.json,-12.0,coherent_bt,0.0,0.0,0.0
topk_last,42,test/prealgebra/505.json,-12.0,coherent_bt,0.0,0.0,0.0
topk_last,42,test/prealgebra/65.json,-12.0,coherent_bt,0.0,0.0,0.0
topk_last,42,test/prealgebra/996.json,-12.0,coherent_bt,0.0,0.0,0.0
topk_last,42,test/precalculus/1082.json,-12.0,coherent_bt,1.0,1.0,0.0
topk_last,42,test/precalculus/1105.json,-12.0,coherent_bt,0.0,0.0,0.0
topk_last,42,test/precalculus/1199.json,-12.0,coherent_bt,1.0,1.0,0.0
topk_last,42,test/precalculus/1303.json,-12.0,coherent_bt,0.0,0.0,0.0
topk_last,42,test/precalculus/398.json,-12.0,coherent_bt,1.0,1.0,0.0
topk_last,42,test/precalculus/43.json,-12.0,coherent_bt,0.0,0.0,0.0
topk_last,42,test/precalculus/541.json,-12.0,coherent_bt,0.0,0.0,0.0
topk_last,42,test/precalculus/580.json,-12.0,coherent_bt,0.0,0.0,0.0
topk_last,42,test/precalculus/779.json,-12.0,coherent_bt,0.0,0.0,0.0
topk_last,42,test/precalculus/927.json,-12.0,coherent_bt,1.0,0.0,-1.0
topk_last,42,test/precalculus/96.json,-12.0,coherent_bt,1.0,1.0,0.0
topk_last,42,test/precalculus/986.json,-12.0,coherent_bt,0.0,1.0,1.0
topk_last,42,test/algebra/1082.json,-12.0,incoherent,0.0,0.0,0.0
topk_last,42,test/algebra/109.json,-12.0,incoherent,0.0,0.0,0.0
topk_last,42,test/algebra/1098.json,-12.0,incoherent,0.0,0.0,0.0
topk_last,42,test/algebra/1214.json,-12.0,incoherent,0.0,0.0,0.0
topk_last,42,test/algebra/1265.json,-12.0,incoherent,0.0,0.0,0.0
topk_last,42,test/algebra/1282.json,-12.0,incoherent,0.0,0.0,0.0
topk_last,42,test/algebra/1338.json,-12.0,incoherent,0.0,0.0,0.0
topk_last,42,test/algebra/1349.json,-12.0,incoherent,0.0,0.0,0.0
topk_last,42,test/algebra/1553.json,-12.0,incoherent,0.0,0.0,0.0
topk_last,42,test/algebra/1934.json,-12.0,incoherent,0.0,0.0,0.0
topk_last,42,test/algebra/1960.json,-12.0,incoherent,0.0,0.0,0.0
topk_last,42,test/algebra/2043.json,-12.0,incoherent,0.0,0.0,0.0
topk_last,42,test/algebra/2046.json,-12.0,incoherent,0.0,0.0,0.0
topk_last,42,test/algebra/2159.json,-12.0,incoherent,0.0,0.0,0.0
topk_last,42,test/algebra/2264.json,-12.0,incoherent,0.0,0.0,0.0
topk_last,42,test/algebra/2427.json,-12.0,incoherent,0.0,0.0,0.0
topk_last,42,test/algebra/2430.json,-12.0,incoherent,0.0,0.0,0.0
topk_last,42,test/algebra/2476.json,-12.0,incoherent,0.0,0.0,0.0
topk_last,42,test/algebra/2486.json,-12.0,incoherent,0.0,0.0,0.0
topk_last,42,test/algebra/2570.json,-12.0,incoherent,0.0,0.0,0.0
topk_last,42,test/algebra/2593.json,-12.0,incoherent,0.0,0.0,0.0
topk_last,42,test/algebra/2735.json,-12.0,incoherent,0.0,0.0,0.0
topk_last,42,test/algebra/2779.json,-12.0,incoherent,0.0,0.0,0.0
topk_last,42,test/algebra/297.json,-12.0,incoherent,0.0,0.0,0.0
topk_last,42,test/algebra/425.json,-12.0,incoherent,0.0,0.0,0.0
topk_last,42,test/algebra/634.json,-12.0,incoherent,0.0,0.0,0.0
topk_last,42,test/algebra/661.json,-12.0,incoherent,0.0,0.0,0.0
topk_last,42,test/algebra/769.json,-12.0,incoherent,0.0,0.0,0.0
topk_last,42,test/algebra/824.json,-12.0,incoherent,0.0,0.0,0.0
topk_last,42,test/algebra/892.json,-12.0,incoherent,0.0,0.0,0.0
topk_last,42,test/counting_and_probability/1009.json,-12.0,incoherent,0.0,0.0,0.0
topk_last,42,test/counting_and_probability/1014.json,-12.0,incoherent,0.0,0.0,0.0
topk_last,42,test/counting_and_probability/1060.json,-12.0,incoherent,0.0,0.0,0.0
topk_last,42,test/counting_and_probability/119.json,-12.0,incoherent,0.0,0.0,0.0
topk_last,42,test/counting_and_probability/25149.json,-12.0,incoherent,0.0,0.0,0.0
topk_last,42,test/counting_and_probability/508.json,-12.0,incoherent,0.0,0.0,0.0
topk_last,42,test/counting_and_probability/525.json,-12.0,incoherent,0.0,0.0,0.0
topk_last,42,test/counting_and_probability/894.json,-12.0,incoherent,0.0,1.0,1.0
topk_last,42,test/geometry/1140.json,-12.0,incoherent,0.0,0.0,0.0
topk_last,42,test/geometry/254.json,-12.0,incoherent,0.0,0.0,0.0
topk_last,42,test/geometry/456.json,-12.0,incoherent,0.0,0.0,0.0
topk_last,42,test/geometry/465.json,-12.0,incoherent,0.0,0.0,0.0
topk_last,42,test/geometry/538.json,-12.0,incoherent,0.0,0.0,0.0
topk_last,42,test/geometry/561.json,-12.0,incoherent,0.0,0.0,0.0
topk_last,42,test/geometry/615.json,-12.0,incoherent,0.0,0.0,0.0
topk_last,42,test/geometry/711.json,-12.0,incoherent,0.0,0.0,0.0
topk_last,42,test/geometry/795.json,-12.0,incoherent,0.0,0.0,0.0
topk_last,42,test/geometry/843.json,-12.0,incoherent,0.0,0.0,0.0
topk_last,42,test/geometry/846.json,-12.0,incoherent,0.0,0.0,0.0
topk_last,42,test/intermediate_algebra/101.json,-12.0,incoherent,0.0,0.0,0.0
topk_last,42,test/intermediate_algebra/102.json,-12.0,incoherent,0.0,0.0,0.0
topk_last,42,test/intermediate_algebra/1354.json,-12.0,incoherent,0.0,1.0,1.0
topk_last,42,test/intermediate_algebra/1467.json,-12.0,incoherent,0.0,1.0,1.0
topk_last,42,test/intermediate_algebra/1555.json,-12.0,incoherent,0.0,0.0,0.0
topk_last,42,test/intermediate_algebra/1714.json,-12.0,incoherent,0.0,1.0,1.0
topk_last,42,test/intermediate_algebra/1779.json,-12.0,incoherent,0.0,0.0,0.0
topk_last,42,test/intermediate_algebra/199.json,-12.0,incoherent,0.0,0.0,0.0
topk_last,42,test/intermediate_algebra/1994.json,-12.0,incoherent,0.0,1.0,1.0
topk_last,42,test/intermediate_algebra/2046.json,-12.0,incoherent,0.0,0.0,0.0
topk_last,42,test/intermediate_algebra/345.json,-12.0,incoherent,0.0,1.0,1.0
topk_last,42,test/intermediate_algebra/446.json,-12.0,incoherent,0.0,0.0,0.0
topk_last,42,test/intermediate_algebra/47.json,-12.0,incoherent,0.0,1.0,1.0
topk_last,42,test/intermediate_algebra/607.json,-12.0,incoherent,0.0,0.0,0.0
topk_last,42,test/intermediate_algebra/690.json,-12.0,incoherent,0.0,1.0,1.0
topk_last,42,test/intermediate_algebra/752.json,-12.0,incoherent,0.0,0.0,0.0
topk_last,42,test/intermediate_algebra/894.json,-12.0,incoherent,0.0,0.0,0.0
topk_last,42,test/number_theory/1002.json,-12.0,incoherent,0.0,0.0,0.0
topk_last,42,test/number_theory/149.json,-12.0,incoherent,0.0,0.0,0.0
topk_last,42,test/number_theory/515.json,-12.0,incoherent,0.0,0.0,0.0
topk_last,42,test/prealgebra/1113.json,-12.0,incoherent,0.0,0.0,0.0
topk_last,42,test/prealgebra/1128.json,-12.0,incoherent,0.0,0.0,0.0
topk_last,42,test/prealgebra/1139.json,-12.0,incoherent,0.0,1.0,1.0
topk_last,42,test/prealgebra/1238.json,-12.0,incoherent,0.0,0.0,0.0
topk_last,42,test/prealgebra/1251.json,-12.0,incoherent,0.0,0.0,0.0
topk_last,42,test/prealgebra/1252.json,-12.0,incoherent,0.0,0.0,0.0
topk_last,42,test/prealgebra/1272.json,-12.0,incoherent,0.0,0.0,0.0
topk_last,42,test/prealgebra/1423.json,-12.0,incoherent,0.0,0.0,0.0
topk_last,42,test/prealgebra/1622.json,-12.0,incoherent,0.0,0.0,0.0
topk_last,42,test/prealgebra/1646.json,-12.0,incoherent,0.0,1.0,1.0
topk_last,42,test/prealgebra/1787.json,-12.0,incoherent,0.0,0.0,0.0
topk_last,42,test/prealgebra/1834.json,-12.0,incoherent,0.0,0.0,0.0
topk_last,42,test/prealgebra/1922.json,-12.0,incoherent,0.0,0.0,0.0
topk_last,42,test/prealgebra/1961.json,-12.0,incoherent,0.0,0.0,0.0
topk_last,42,test/prealgebra/2019.json,-12.0,incoherent,0.0,0.0,0.0
topk_last,42,test/prealgebra/2066.json,-12.0,incoherent,0.0,0.0,0.0
topk_last,42,test/prealgebra/505.json,-12.0,incoherent,0.0,0.0,0.0
topk_last,42,test/prealgebra/65.json,-12.0,incoherent,0.0,0.0,0.0
topk_last,42,test/prealgebra/996.json,-12.0,incoherent,0.0,0.0,0.0
topk_last,42,test/precalculus/1082.json,-12.0,incoherent,0.0,0.0,0.0
topk_last,42,test/precalculus/1105.json,-12.0,incoherent,0.0,0.0,0.0
topk_last,42,test/precalculus/1199.json,-12.0,incoherent,0.0,0.0,0.0
topk_last,42,test/precalculus/1303.json,-12.0,incoherent,0.0,0.0,0.0
topk_last,42,test/precalculus/398.json,-12.0,incoherent,0.0,0.0,0.0
topk_last,42,test/precalculus/43.json,-12.0,incoherent,0.0,0.0,0.0
topk_last,42,test/precalculus/541.json,-12.0,incoherent,0.0,0.0,0.0
topk_last,42,test/precalculus/580.json,-12.0,incoherent,0.0,0.0,0.0
topk_last,42,test/precalculus/779.json,-12.0,incoherent,0.0,0.0,0.0
topk_last,42,test/precalculus/927.json,-12.0,incoherent,0.0,0.0,0.0
topk_last,42,test/precalculus/96.json,-12.0,incoherent,0.0,0.0,0.0
topk_last,42,test/precalculus/986.json,-12.0,incoherent,0.0,0.0,0.0
topk_last,42,test/algebra/1082.json,-12.0,correct,0.0,0.0,0.0
topk_last,42,test/algebra/109.json,-12.0,correct,1.0,1.0,0.0
topk_last,42,test/algebra/1098.json,-12.0,correct,1.0,0.0,-1.0
topk_last,42,test/algebra/1214.json,-12.0,correct,1.0,1.0,0.0
topk_last,42,test/algebra/1265.json,-12.0,correct,1.0,1.0,0.0
topk_last,42,test/algebra/1282.json,-12.0,correct,0.0,0.0,0.0
topk_last,42,test/algebra/1338.json,-12.0,correct,1.0,1.0,0.0
topk_last,42,test/algebra/1349.json,-12.0,correct,0.0,0.0,0.0
topk_last,42,test/algebra/1553.json,-12.0,correct,0.0,1.0,1.0
topk_last,42,test/algebra/1934.json,-12.0,correct,1.0,0.0,-1.0
topk_last,42,test/algebra/1960.json,-12.0,correct,1.0,0.0,-1.0
topk_last,42,test/algebra/2043.json,-12.0,correct,1.0,0.0,-1.0
topk_last,42,test/algebra/2046.json,-12.0,correct,1.0,0.0,-1.0
topk_last,42,test/algebra/2159.json,-12.0,correct,0.0,0.0,0.0
topk_last,42,test/algebra/2264.json,-12.0,correct,1.0,0.0,-1.0
topk_last,42,test/algebra/2427.json,-12.0,correct,0.0,0.0,0.0
topk_last,42,test/algebra/2430.json,-12.0,correct,0.0,1.0,1.0
topk_last,42,test/algebra/2476.json,-12.0,correct,0.0,0.0,0.0
topk_last,42,test/algebra/2486.json,-12.0,correct,1.0,0.0,-1.0
topk_last,42,test/algebra/2570.json,-12.0,correct,1.0,1.0,0.0
topk_last,42,test/algebra/2593.json,-12.0,correct,1.0,1.0,0.0
topk_last,42,test/algebra/2735.json,-12.0,correct,0.0,1.0,1.0
topk_last,42,test/algebra/2779.json,-12.0,correct,1.0,0.0,-1.0
topk_last,42,test/algebra/297.json,-12.0,correct,0.0,0.0,0.0
topk_last,42,test/algebra/425.json,-12.0,correct,1.0,1.0,0.0
topk_last,42,test/algebra/634.json,-12.0,correct,0.0,0.0,0.0
topk_last,42,test/algebra/661.json,-12.0,correct,1.0,0.0,-1.0
topk_last,42,test/algebra/769.json,-12.0,correct,1.0,1.0,0.0
topk_last,42,test/algebra/824.json,-12.0,correct,1.0,0.0,-1.0
topk_last,42,test/algebra/892.json,-12.0,correct,0.0,0.0,0.0
topk_last,42,test/counting_and_probability/1009.json,-12.0,correct,1.0,0.0,-1.0
topk_last,42,test/counting_and_probability/1014.json,-12.0,correct,1.0,0.0,-1.0
topk_last,42,test/counting_and_probability/1060.json,-12.0,correct,0.0,0.0,0.0
topk_last,42,test/counting_and_probability/119.json,-12.0,correct,0.0,0.0,0.0
topk_last,42,test/counting_and_probability/25149.json,-12.0,correct,1.0,0.0,-1.0
topk_last,42,test/counting_and_probability/508.json,-12.0,correct,0.0,0.0,0.0
topk_last,42,test/counting_and_probability/525.json,-12.0,correct,0.0,0.0,0.0
topk_last,42,test/counting_and_probability/894.json,-12.0,correct,1.0,0.0,-1.0
topk_last,42,test/geometry/1140.json,-12.0,correct,0.0,0.0,0.0
topk_last,42,test/geometry/254.json,-12.0,correct,0.0,0.0,0.0
topk_last,42,test/geometry/456.json,-12.0,correct,1.0,1.0,0.0
topk_last,42,test/geometry/465.json,-12.0,correct,0.0,0.0,0.0
topk_last,42,test/geometry/538.json,-12.0,correct,0.0,0.0,0.0
topk_last,42,test/geometry/561.json,-12.0,correct,0.0,0.0,0.0
topk_last,42,test/geometry/615.json,-12.0,correct,0.0,0.0,0.0
topk_last,42,test/geometry/711.json,-12.0,correct,0.0,0.0,0.0
topk_last,42,test/geometry/795.json,-12.0,correct,0.0,0.0,0.0
topk_last,42,test/geometry/843.json,-12.0,correct,1.0,1.0,0.0
topk_last,42,test/geometry/846.json,-12.0,correct,0.0,0.0,0.0
topk_last,42,test/intermediate_algebra/101.json,-12.0,correct,0.0,0.0,0.0
topk_last,42,test/intermediate_algebra/102.json,-12.0,correct,0.0,0.0,0.0
topk_last,42,test/intermediate_algebra/1354.json,-12.0,correct,0.0,0.0,0.0
topk_last,42,test/intermediate_algebra/1467.json,-12.0,correct,0.0,0.0,0.0
topk_last,42,test/intermediate_algebra/1555.json,-12.0,correct,0.0,0.0,0.0
topk_last,42,test/intermediate_algebra/1714.json,-12.0,correct,1.0,0.0,-1.0
topk_last,42,test/intermediate_algebra/1779.json,-12.0,correct,0.0,0.0,0.0
topk_last,42,test/intermediate_algebra/199.json,-12.0,correct,0.0,1.0,1.0
topk_last,42,test/intermediate_algebra/1994.json,-12.0,correct,0.0,0.0,0.0
topk_last,42,test/intermediate_algebra/2046.json,-12.0,correct,0.0,0.0,0.0
topk_last,42,test/intermediate_algebra/345.json,-12.0,correct,0.0,0.0,0.0
topk_last,42,test/intermediate_algebra/446.json,-12.0,correct,0.0,0.0,0.0
topk_last,42,test/intermediate_algebra/47.json,-12.0,correct,0.0,0.0,0.0
topk_last,42,test/intermediate_algebra/607.json,-12.0,correct,0.0,0.0,0.0
topk_last,42,test/intermediate_algebra/690.json,-12.0,correct,0.0,0.0,0.0
topk_last,42,test/intermediate_algebra/752.json,-12.0,correct,0.0,0.0,0.0
topk_last,42,test/intermediate_algebra/894.json,-12.0,correct,0.0,0.0,0.0
topk_last,42,test/number_theory/1002.json,-12.0,correct,0.0,0.0,0.0
topk_last,42,test/number_theory/149.json,-12.0,correct,0.0,0.0,0.0
topk_last,42,test/number_theory/515.json,-12.0,correct,1.0,0.0,-1.0
topk_last,42,test/prealgebra/1113.json,-12.0,correct,1.0,1.0,0.0
topk_last,42,test/prealgebra/1128.json,-12.0,correct,0.0,0.0,0.0
topk_last,42,test/prealgebra/1139.json,-12.0,correct,0.0,0.0,0.0
topk_last,42,test/prealgebra/1238.json,-12.0,correct,1.0,0.0,-1.0
topk_last,42,test/prealgebra/1251.json,-12.0,correct,0.0,0.0,0.0
topk_last,42,test/prealgebra/1252.json,-12.0,correct,1.0,1.0,0.0
topk_last,42,test/prealgebra/1272.json,-12.0,correct,1.0,1.0,0.0
topk_last,42,test/prealgebra/1423.json,-12.0,correct,0.0,0.0,0.0
topk_last,42,test/prealgebra/1622.json,-12.0,correct,0.0,1.0,1.0
topk_last,42,test/prealgebra/1646.json,-12.0,correct,0.0,0.0,0.0
topk_last,42,test/prealgebra/1787.json,-12.0,correct,1.0,0.0,-1.0
topk_last,42,test/prealgebra/1834.json,-12.0,correct,0.0,0.0,0.0
topk_last,42,test/prealgebra/1922.json,-12.0,correct,0.0,0.0,0.0
topk_last,42,test/prealgebra/1961.json,-12.0,correct,0.0,0.0,0.0
topk_last,42,test/prealgebra/2019.json,-12.0,correct,1.0,1.0,0.0
topk_last,42,test/prealgebra/2066.json,-12.0,correct,0.0,0.0,0.0
topk_last,42,test/prealgebra/505.json,-12.0,correct,1.0,1.0,0.0
topk_last,42,test/prealgebra/65.json,-12.0,correct,0.0,0.0,0.0
topk_last,42,test/prealgebra/996.json,-12.0,correct,0.0,1.0,1.0
topk_last,42,test/precalculus/1082.json,-12.0,correct,0.0,0.0,0.0
topk_last,42,test/precalculus/1105.json,-12.0,correct,0.0,0.0,0.0
topk_last,42,test/precalculus/1199.json,-12.0,correct,0.0,0.0,0.0
topk_last,42,test/precalculus/1303.json,-12.0,correct,0.0,0.0,0.0
topk_last,42,test/precalculus/398.json,-12.0,correct,0.0,0.0,0.0
topk_last,42,test/precalculus/43.json,-12.0,correct,0.0,1.0,1.0
topk_last,42,test/precalculus/541.json,-12.0,correct,0.0,0.0,0.0
topk_last,42,test/precalculus/580.json,-12.0,correct,0.0,0.0,0.0
topk_last,42,test/precalculus/779.json,-12.0,correct,1.0,1.0,0.0
topk_last,42,test/precalculus/927.json,-12.0,correct,0.0,0.0,0.0
topk_last,42,test/precalculus/96.json,-12.0,correct,0.0,0.0,0.0
topk_last,42,test/precalculus/986.json,-12.0,correct,0.0,0.0,0.0
topk_mean,1,test/algebra/1082.json,8.0,gc,0.0,0.0,0.0
topk_mean,1,test/algebra/109.json,8.0,gc,0.0,0.0,0.0
topk_mean,1,test/algebra/1098.json,8.0,gc,0.0,0.0,0.0
topk_mean,1,test/algebra/1214.json,8.0,gc,0.0,0.0,0.0
topk_mean,1,test/algebra/1265.json,8.0,gc,0.0,0.0,0.0
topk_mean,1,test/algebra/1282.json,8.0,gc,0.0,0.0,0.0
topk_mean,1,test/algebra/1338.json,8.0,gc,0.0,0.0,0.0
topk_mean,1,test/algebra/1349.json,8.0,gc,0.0,0.0,0.0
topk_mean,1,test/algebra/1553.json,8.0,gc,0.0,0.0,0.0
topk_mean,1,test/algebra/1934.json,8.0,gc,0.0,0.0,0.0
topk_mean,1,test/algebra/1960.json,8.0,gc,0.0,0.0,0.0
topk_mean,1,test/algebra/2043.json,8.0,gc,1.0,1.0,0.0
topk_mean,1,test/algebra/2046.json,8.0,gc,0.0,0.0,0.0
topk_mean,1,test/algebra/2159.json,8.0,gc,1.0,0.0,-1.0
topk_mean,1,test/algebra/2264.json,8.0,gc,0.0,0.0,0.0
topk_mean,1,test/algebra/2427.json,8.0,gc,0.0,0.0,0.0
topk_mean,1,test/algebra/2430.json,8.0,gc,1.0,0.0,-1.0
topk_mean,1,test/algebra/2476.json,8.0,gc,0.0,0.0,0.0
topk_mean,1,test/algebra/2486.json,8.0,gc,0.0,0.0,0.0
topk_mean,1,test/algebra/2570.json,8.0,gc,1.0,1.0,0.0
topk_mean,1,test/algebra/2593.json,8.0,gc,0.0,0.0,0.0
topk_mean,1,test/algebra/2735.json,8.0,gc,0.0,0.0,0.0
topk_mean,1,test/algebra/2779.json,8.0,gc,0.0,0.0,0.0
topk_mean,1,test/algebra/297.json,8.0,gc,0.0,0.0,0.0
topk_mean,1,test/algebra/425.json,8.0,gc,0.0,0.0,0.0
topk_mean,1,test/algebra/634.json,8.0,gc,0.0,1.0,1.0
topk_mean,1,test/algebra/661.json,8.0,gc,0.0,0.0,0.0
topk_mean,1,test/algebra/769.json,8.0,gc,0.0,0.0,0.0
topk_mean,1,test/algebra/824.json,8.0,gc,0.0,0.0,0.0
topk_mean,1,test/algebra/892.json,8.0,gc,1.0,1.0,0.0
topk_mean,1,test/counting_and_probability/1009.json,8.0,gc,0.0,0.0,0.0
topk_mean,1,test/counting_and_probability/1014.json,8.0,gc,0.0,0.0,0.0
topk_mean,1,test/counting_and_probability/1060.json,8.0,gc,0.0,0.0,0.0
topk_mean,1,test/counting_and_probability/119.json,8.0,gc,0.0,0.0,0.0
topk_mean,1,test/counting_and_probability/25149.json,8.0,gc,0.0,0.0,0.0
topk_mean,1,test/counting_and_probability/508.json,8.0,gc,0.0,0.0,0.0
topk_mean,1,test/counting_and_probability/525.json,8.0,gc,0.0,1.0,1.0
topk_mean,1,test/counting_and_probability/894.json,8.0,gc,0.0,0.0,0.0
topk_mean,1,test/geometry/1140.json,8.0,gc,1.0,1.0,0.0
topk_mean,1,test/geometry/254.json,8.0,gc,0.0,0.0,0.0
topk_mean,1,test/geometry/456.json,8.0,gc,0.0,0.0,0.0
topk_mean,1,test/geometry/465.json,8.0,gc,1.0,1.0,0.0
topk_mean,1,test/geometry/538.json,8.0,gc,0.0,0.0,0.0
topk_mean,1,test/geometry/561.json,8.0,gc,0.0,1.0,1.0
topk_mean,1,test/geometry/615.json,8.0,gc,1.0,2.0,1.0
topk_mean,1,test/geometry/711.json,8.0,gc,1.0,2.0,1.0
topk_mean,1,test/geometry/795.json,8.0,gc,0.0,1.0,1.0
topk_mean,1,test/geometry/843.json,8.0,gc,0.0,0.0,0.0
topk_mean,1,test/geometry/846.json,8.0,gc,1.0,1.0,0.0
topk_mean,1,test/intermediate_algebra/101.json,8.0,gc,0.0,0.0,0.0
topk_mean,1,test/intermediate_algebra/102.json,8.0,gc,0.0,0.0,0.0
topk_mean,1,test/intermediate_algebra/1354.json,8.0,gc,0.0,0.0,0.0
topk_mean,1,test/intermediate_algebra/1467.json,8.0,gc,1.0,0.0,-1.0
topk_mean,1,test/intermediate_algebra/1555.json,8.0,gc,0.0,0.0,0.0
topk_mean,1,test/intermediate_algebra/1714.json,8.0,gc,0.0,0.0,0.0
topk_mean,1,test/intermediate_algebra/1779.json,8.0,gc,0.0,0.0,0.0
topk_mean,1,test/intermediate_algebra/199.json,8.0,gc,1.0,1.0,0.0
topk_mean,1,test/intermediate_algebra/1994.json,8.0,gc,0.0,1.0,1.0
topk_mean,1,test/intermediate_algebra/2046.json,8.0,gc,0.0,1.0,1.0
topk_mean,1,test/intermediate_algebra/345.json,8.0,gc,0.0,0.0,0.0
topk_mean,1,test/intermediate_algebra/446.json,8.0,gc,0.0,0.0,0.0
topk_mean,1,test/intermediate_algebra/47.json,8.0,gc,0.0,0.0,0.0
topk_mean,1,test/intermediate_algebra/607.json,8.0,gc,1.0,0.0,-1.0
topk_mean,1,test/intermediate_algebra/690.json,8.0,gc,1.0,1.0,0.0
topk_mean,1,test/intermediate_algebra/752.json,8.0,gc,0.0,0.0,0.0
topk_mean,1,test/intermediate_algebra/894.json,8.0,gc,1.0,1.0,0.0
topk_mean,1,test/number_theory/1002.json,8.0,gc,0.0,0.0,0.0
topk_mean,1,test/number_theory/149.json,8.0,gc,0.0,0.0,0.0
topk_mean,1,test/number_theory/515.json,8.0,gc,0.0,0.0,0.0
topk_mean,1,test/prealgebra/1113.json,8.0,gc,0.0,0.0,0.0
topk_mean,1,test/prealgebra/1128.json,8.0,gc,0.0,0.0,0.0
topk_mean,1,test/prealgebra/1139.json,8.0,gc,0.0,2.0,2.0
topk_mean,1,test/prealgebra/1238.json,8.0,gc,0.0,0.0,0.0
topk_mean,1,test/prealgebra/1251.json,8.0,gc,0.0,0.0,0.0
topk_mean,1,test/prealgebra/1252.json,8.0,gc,0.0,0.0,0.0
topk_mean,1,test/prealgebra/1272.json,8.0,gc,0.0,0.0,0.0
topk_mean,1,test/prealgebra/1423.json,8.0,gc,0.0,0.0,0.0
topk_mean,1,test/prealgebra/1622.json,8.0,gc,0.0,0.0,0.0
topk_mean,1,test/prealgebra/1646.json,8.0,gc,0.0,0.0,0.0
topk_mean,1,test/prealgebra/1787.json,8.0,gc,0.0,0.0,0.0
topk_mean,1,test/prealgebra/1834.json,8.0,gc,0.0,0.0,0.0
topk_mean,1,test/prealgebra/1922.json,8.0,gc,0.0,0.0,0.0
topk_mean,1,test/prealgebra/1961.json,8.0,gc,0.0,1.0,1.0
topk_mean,1,test/prealgebra/2019.json,8.0,gc,0.0,0.0,0.0
topk_mean,1,test/prealgebra/2066.json,8.0,gc,0.0,0.0,0.0
topk_mean,1,test/prealgebra/505.json,8.0,gc,0.0,0.0,0.0
topk_mean,1,test/prealgebra/65.json,8.0,gc,0.0,0.0,0.0
topk_mean,1,test/prealgebra/996.json,8.0,gc,0.0,0.0,0.0
topk_mean,1,test/precalculus/1082.json,8.0,gc,1.0,1.0,0.0
topk_mean,1,test/precalculus/1105.json,8.0,gc,0.0,0.0,0.0
topk_mean,1,test/precalculus/1199.json,8.0,gc,1.0,0.0,-1.0
topk_mean,1,test/precalculus/1303.json,8.0,gc,0.0,2.0,2.0
topk_mean,1,test/precalculus/398.json,8.0,gc,1.0,0.0,-1.0
topk_mean,1,test/precalculus/43.json,8.0,gc,0.0,0.0,0.0
topk_mean,1,test/precalculus/541.json,8.0,gc,0.0,0.0,0.0
topk_mean,1,test/precalculus/580.json,8.0,gc,0.0,0.0,0.0
topk_mean,1,test/precalculus/779.json,8.0,gc,0.0,0.0,0.0
topk_mean,1,test/precalculus/927.json,8.0,gc,2.0,0.0,-2.0
topk_mean,1,test/precalculus/96.json,8.0,gc,1.0,0.0,-1.0
topk_mean,1,test/precalculus/986.json,8.0,gc,0.0,1.0,1.0
topk_mean,1,test/algebra/1082.json,8.0,coherent_gc,0.0,0.0,0.0
topk_mean,1,test/algebra/109.json,8.0,coherent_gc,0.0,0.0,0.0
topk_mean,1,test/algebra/1098.json,8.0,coherent_gc,0.0,0.0,0.0
topk_mean,1,test/algebra/1214.json,8.0,coherent_gc,0.0,0.0,0.0
topk_mean,1,test/algebra/1265.json,8.0,coherent_gc,0.0,0.0,0.0
topk_mean,1,test/algebra/1282.json,8.0,coherent_gc,0.0,0.0,0.0
topk_mean,1,test/algebra/1338.json,8.0,coherent_gc,0.0,0.0,0.0
topk_mean,1,test/algebra/1349.json,8.0,coherent_gc,0.0,0.0,0.0
topk_mean,1,test/algebra/1553.json,8.0,coherent_gc,0.0,0.0,0.0
topk_mean,1,test/algebra/1934.json,8.0,coherent_gc,0.0,0.0,0.0
topk_mean,1,test/algebra/1960.json,8.0,coherent_gc,0.0,0.0,0.0
topk_mean,1,test/algebra/2043.json,8.0,coherent_gc,1.0,1.0,0.0
topk_mean,1,test/algebra/2046.json,8.0,coherent_gc,0.0,0.0,0.0
topk_mean,1,test/algebra/2159.json,8.0,coherent_gc,1.0,0.0,-1.0
topk_mean,1,test/algebra/2264.json,8.0,coherent_gc,0.0,0.0,0.0
topk_mean,1,test/algebra/2427.json,8.0,coherent_gc,0.0,0.0,0.0
topk_mean,1,test/algebra/2430.json,8.0,coherent_gc,1.0,0.0,-1.0
topk_mean,1,test/algebra/2476.json,8.0,coherent_gc,0.0,0.0,0.0
topk_mean,1,test/algebra/2486.json,8.0,coherent_gc,0.0,0.0,0.0
topk_mean,1,test/algebra/2570.json,8.0,coherent_gc,1.0,1.0,0.0
topk_mean,1,test/algebra/2593.json,8.0,coherent_gc,0.0,0.0,0.0
topk_mean,1,test/algebra/2735.json,8.0,coherent_gc,0.0,0.0,0.0
topk_mean,1,test/algebra/2779.json,8.0,coherent_gc,0.0,0.0,0.0
topk_mean,1,test/algebra/297.json,8.0,coherent_gc,0.0,0.0,0.0
topk_mean,1,test/algebra/425.json,8.0,coherent_gc,0.0,0.0,0.0
topk_mean,1,test/algebra/634.json,8.0,coherent_gc,0.0,1.0,1.0
topk_mean,1,test/algebra/661.json,8.0,coherent_gc,0.0,0.0,0.0
topk_mean,1,test/algebra/769.json,8.0,coherent_gc,0.0,0.0,0.0
topk_mean,1,test/algebra/824.json,8.0,coherent_gc,0.0,0.0,0.0
topk_mean,1,test/algebra/892.json,8.0,coherent_gc,1.0,1.0,0.0
topk_mean,1,test/counting_and_probability/1009.json,8.0,coherent_gc,0.0,0.0,0.0
topk_mean,1,test/counting_and_probability/1014.json,8.0,coherent_gc,0.0,0.0,0.0
topk_mean,1,test/counting_and_probability/1060.json,8.0,coherent_gc,0.0,0.0,0.0
topk_mean,1,test/counting_and_probability/119.json,8.0,coherent_gc,0.0,0.0,0.0
topk_mean,1,test/counting_and_probability/25149.json,8.0,coherent_gc,0.0,0.0,0.0
topk_mean,1,test/counting_and_probability/508.json,8.0,coherent_gc,0.0,0.0,0.0
topk_mean,1,test/counting_and_probability/525.json,8.0,coherent_gc,0.0,1.0,1.0
topk_mean,1,test/counting_and_probability/894.json,8.0,coherent_gc,0.0,0.0,0.0
topk_mean,1,test/geometry/1140.json,8.0,coherent_gc,1.0,1.0,0.0
topk_mean,1,test/geometry/254.json,8.0,coherent_gc,0.0,0.0,0.0
topk_mean,1,test/geometry/456.json,8.0,coherent_gc,0.0,0.0,0.0
topk_mean,1,test/geometry/465.json,8.0,coherent_gc,1.0,1.0,0.0
topk_mean,1,test/geometry/538.json,8.0,coherent_gc,0.0,0.0,0.0
topk_mean,1,test/geometry/561.json,8.0,coherent_gc,0.0,1.0,1.0
topk_mean,1,test/geometry/615.json,8.0,coherent_gc,1.0,2.0,1.0
topk_mean,1,test/geometry/711.json,8.0,coherent_gc,1.0,2.0,1.0
topk_mean,1,test/geometry/795.json,8.0,coherent_gc,0.0,1.0,1.0
topk_mean,1,test/geometry/843.json,8.0,coherent_gc,0.0,0.0,0.0
topk_mean,1,test/geometry/846.json,8.0,coherent_gc,1.0,1.0,0.0
topk_mean,1,test/intermediate_algebra/101.json,8.0,coherent_gc,0.0,0.0,0.0
topk_mean,1,test/intermediate_algebra/102.json,8.0,coherent_gc,0.0,0.0,0.0
topk_mean,1,test/intermediate_algebra/1354.json,8.0,coherent_gc,0.0,0.0,0.0
topk_mean,1,test/intermediate_algebra/1467.json,8.0,coherent_gc,1.0,0.0,-1.0
topk_mean,1,test/intermediate_algebra/1555.json,8.0,coherent_gc,0.0,0.0,0.0
topk_mean,1,test/intermediate_algebra/1714.json,8.0,coherent_gc,0.0,0.0,0.0
topk_mean,1,test/intermediate_algebra/1779.json,8.0,coherent_gc,0.0,0.0,0.0
topk_mean,1,test/intermediate_algebra/199.json,8.0,coherent_gc,1.0,1.0,0.0
topk_mean,1,test/intermediate_algebra/1994.json,8.0,coherent_gc,0.0,1.0,1.0
topk_mean,1,test/intermediate_algebra/2046.json,8.0,coherent_gc,0.0,1.0,1.0
topk_mean,1,test/intermediate_algebra/345.json,8.0,coherent_gc,0.0,0.0,0.0
topk_mean,1,test/intermediate_algebra/446.json,8.0,coherent_gc,0.0,0.0,0.0
topk_mean,1,test/intermediate_algebra/47.json,8.0,coherent_gc,0.0,0.0,0.0
topk_mean,1,test/intermediate_algebra/607.json,8.0,coherent_gc,1.0,0.0,-1.0
topk_mean,1,test/intermediate_algebra/690.json,8.0,coherent_gc,1.0,1.0,0.0
topk_mean,1,test/intermediate_algebra/752.json,8.0,coherent_gc,0.0,0.0,0.0
topk_mean,1,test/intermediate_algebra/894.json,8.0,coherent_gc,1.0,1.0,0.0
topk_mean,1,test/number_theory/1002.json,8.0,coherent_gc,0.0,0.0,0.0
topk_mean,1,test/number_theory/149.json,8.0,coherent_gc,0.0,0.0,0.0
topk_mean,1,test/number_theory/515.json,8.0,coherent_gc,0.0,0.0,0.0
topk_mean,1,test/prealgebra/1113.json,8.0,coherent_gc,0.0,0.0,0.0
topk_mean,1,test/prealgebra/1128.json,8.0,coherent_gc,0.0,0.0,0.0
topk_mean,1,test/prealgebra/1139.json,8.0,coherent_gc,0.0,2.0,2.0
topk_mean,1,test/prealgebra/1238.json,8.0,coherent_gc,0.0,0.0,0.0
topk_mean,1,test/prealgebra/1251.json,8.0,coherent_gc,0.0,0.0,0.0
topk_mean,1,test/prealgebra/1252.json,8.0,coherent_gc,0.0,0.0,0.0
topk_mean,1,test/prealgebra/1272.json,8.0,coherent_gc,0.0,0.0,0.0
topk_mean,1,test/prealgebra/1423.json,8.0,coherent_gc,0.0,0.0,0.0
topk_mean,1,test/prealgebra/1622.json,8.0,coherent_gc,0.0,0.0,0.0
topk_mean,1,test/prealgebra/1646.json,8.0,coherent_gc,0.0,0.0,0.0
topk_mean,1,test/prealgebra/1787.json,8.0,coherent_gc,0.0,0.0,0.0
topk_mean,1,test/prealgebra/1834.json,8.0,coherent_gc,0.0,0.0,0.0
topk_mean,1,test/prealgebra/1922.json,8.0,coherent_gc,0.0,0.0,0.0
topk_mean,1,test/prealgebra/1961.json,8.0,coherent_gc,0.0,1.0,1.0
topk_mean,1,test/prealgebra/2019.json,8.0,coherent_gc,0.0,0.0,0.0
topk_mean,1,test/prealgebra/2066.json,8.0,coherent_gc,0.0,0.0,0.0
topk_mean,1,test/prealgebra/505.json,8.0,coherent_gc,0.0,0.0,0.0
topk_mean,1,test/prealgebra/65.json,8.0,coherent_gc,0.0,0.0,0.0
topk_mean,1,test/prealgebra/996.json,8.0,coherent_gc,0.0,0.0,0.0
topk_mean,1,test/precalculus/1082.json,8.0,coherent_gc,1.0,1.0,0.0
topk_mean,1,test/precalculus/1105.json,8.0,coherent_gc,0.0,0.0,0.0
topk_mean,1,test/precalculus/1199.json,8.0,coherent_gc,1.0,0.0,-1.0
topk_mean,1,test/precalculus/1303.json,8.0,coherent_gc,0.0,2.0,2.0
topk_mean,1,test/precalculus/398.json,8.0,coherent_gc,1.0,0.0,-1.0
topk_mean,1,test/precalculus/43.json,8.0,coherent_gc,0.0,0.0,0.0
topk_mean,1,test/precalculus/541.json,8.0,coherent_gc,0.0,0.0,0.0
topk_mean,1,test/precalculus/580.json,8.0,coherent_gc,0.0,0.0,0.0
topk_mean,1,test/precalculus/779.json,8.0,coherent_gc,0.0,0.0,0.0
topk_mean,1,test/precalculus/927.json,8.0,coherent_gc,2.0,0.0,-2.0
topk_mean,1,test/precalculus/96.json,8.0,coherent_gc,1.0,0.0,-1.0
topk_mean,1,test/precalculus/986.json,8.0,coherent_gc,0.0,1.0,1.0
topk_mean,1,test/algebra/1082.json,8.0,coherent_bt,0.0,0.0,0.0
topk_mean,1,test/algebra/109.json,8.0,coherent_bt,0.0,0.0,0.0
topk_mean,1,test/algebra/1098.json,8.0,coherent_bt,0.0,0.0,0.0
topk_mean,1,test/algebra/1214.json,8.0,coherent_bt,0.0,0.0,0.0
topk_mean,1,test/algebra/1265.json,8.0,coherent_bt,0.0,0.0,0.0
topk_mean,1,test/algebra/1282.json,8.0,coherent_bt,0.0,0.0,0.0
topk_mean,1,test/algebra/1338.json,8.0,coherent_bt,0.0,0.0,0.0
topk_mean,1,test/algebra/1349.json,8.0,coherent_bt,0.0,0.0,0.0
topk_mean,1,test/algebra/1553.json,8.0,coherent_bt,0.0,0.0,0.0
topk_mean,1,test/algebra/1934.json,8.0,coherent_bt,0.0,0.0,0.0
topk_mean,1,test/algebra/1960.json,8.0,coherent_bt,0.0,0.0,0.0
topk_mean,1,test/algebra/2043.json,8.0,coherent_bt,1.0,1.0,0.0
topk_mean,1,test/algebra/2046.json,8.0,coherent_bt,0.0,0.0,0.0
topk_mean,1,test/algebra/2159.json,8.0,coherent_bt,1.0,0.0,-1.0
topk_mean,1,test/algebra/2264.json,8.0,coherent_bt,0.0,0.0,0.0
topk_mean,1,test/algebra/2427.json,8.0,coherent_bt,0.0,0.0,0.0
topk_mean,1,test/algebra/2430.json,8.0,coherent_bt,1.0,0.0,-1.0
topk_mean,1,test/algebra/2476.json,8.0,coherent_bt,0.0,0.0,0.0
topk_mean,1,test/algebra/2486.json,8.0,coherent_bt,0.0,0.0,0.0
topk_mean,1,test/algebra/2570.json,8.0,coherent_bt,1.0,1.0,0.0
topk_mean,1,test/algebra/2593.json,8.0,coherent_bt,0.0,0.0,0.0
topk_mean,1,test/algebra/2735.json,8.0,coherent_bt,0.0,0.0,0.0
topk_mean,1,test/algebra/2779.json,8.0,coherent_bt,0.0,0.0,0.0
topk_mean,1,test/algebra/297.json,8.0,coherent_bt,0.0,0.0,0.0
topk_mean,1,test/algebra/425.json,8.0,coherent_bt,0.0,0.0,0.0
topk_mean,1,test/algebra/634.json,8.0,coherent_bt,0.0,1.0,1.0
topk_mean,1,test/algebra/661.json,8.0,coherent_bt,0.0,0.0,0.0
topk_mean,1,test/algebra/769.json,8.0,coherent_bt,0.0,0.0,0.0
topk_mean,1,test/algebra/824.json,8.0,coherent_bt,0.0,0.0,0.0
topk_mean,1,test/algebra/892.json,8.0,coherent_bt,1.0,1.0,0.0
topk_mean,1,test/counting_and_probability/1009.json,8.0,coherent_bt,0.0,0.0,0.0
topk_mean,1,test/counting_and_probability/1014.json,8.0,coherent_bt,0.0,0.0,0.0
topk_mean,1,test/counting_and_probability/1060.json,8.0,coherent_bt,0.0,0.0,0.0
topk_mean,1,test/counting_and_probability/119.json,8.0,coherent_bt,0.0,0.0,0.0
topk_mean,1,test/counting_and_probability/25149.json,8.0,coherent_bt,0.0,0.0,0.0
topk_mean,1,test/counting_and_probability/508.json,8.0,coherent_bt,0.0,0.0,0.0
topk_mean,1,test/counting_and_probability/525.json,8.0,coherent_bt,0.0,1.0,1.0
topk_mean,1,test/counting_and_probability/894.json,8.0,coherent_bt,0.0,0.0,0.0
topk_mean,1,test/geometry/1140.json,8.0,coherent_bt,1.0,1.0,0.0
topk_mean,1,test/geometry/254.json,8.0,coherent_bt,0.0,0.0,0.0
topk_mean,1,test/geometry/456.json,8.0,coherent_bt,0.0,0.0,0.0
topk_mean,1,test/geometry/465.json,8.0,coherent_bt,1.0,1.0,0.0
topk_mean,1,test/geometry/538.json,8.0,coherent_bt,0.0,0.0,0.0
topk_mean,1,test/geometry/561.json,8.0,coherent_bt,0.0,1.0,1.0
topk_mean,1,test/geometry/615.json,8.0,coherent_bt,1.0,1.0,0.0
topk_mean,1,test/geometry/711.json,8.0,coherent_bt,1.0,1.0,0.0
topk_mean,1,test/geometry/795.json,8.0,coherent_bt,0.0,1.0,1.0
topk_mean,1,test/geometry/843.json,8.0,coherent_bt,0.0,0.0,0.0
topk_mean,1,test/geometry/846.json,8.0,coherent_bt,1.0,1.0,0.0
topk_mean,1,test/intermediate_algebra/101.json,8.0,coherent_bt,0.0,0.0,0.0
topk_mean,1,test/intermediate_algebra/102.json,8.0,coherent_bt,0.0,0.0,0.0
topk_mean,1,test/intermediate_algebra/1354.json,8.0,coherent_bt,0.0,0.0,0.0
topk_mean,1,test/intermediate_algebra/1467.json,8.0,coherent_bt,1.0,0.0,-1.0
topk_mean,1,test/intermediate_algebra/1555.json,8.0,coherent_bt,0.0,0.0,0.0
topk_mean,1,test/intermediate_algebra/1714.json,8.0,coherent_bt,0.0,0.0,0.0
topk_mean,1,test/intermediate_algebra/1779.json,8.0,coherent_bt,0.0,0.0,0.0
topk_mean,1,test/intermediate_algebra/199.json,8.0,coherent_bt,1.0,1.0,0.0
topk_mean,1,test/intermediate_algebra/1994.json,8.0,coherent_bt,0.0,1.0,1.0
topk_mean,1,test/intermediate_algebra/2046.json,8.0,coherent_bt,0.0,1.0,1.0
topk_mean,1,test/intermediate_algebra/345.json,8.0,coherent_bt,0.0,0.0,0.0
topk_mean,1,test/intermediate_algebra/446.json,8.0,coherent_bt,0.0,0.0,0.0
topk_mean,1,test/intermediate_algebra/47.json,8.0,coherent_bt,0.0,0.0,0.0
topk_mean,1,test/intermediate_algebra/607.json,8.0,coherent_bt,1.0,0.0,-1.0
topk_mean,1,test/intermediate_algebra/690.json,8.0,coherent_bt,1.0,1.0,0.0
topk_mean,1,test/intermediate_algebra/752.json,8.0,coherent_bt,0.0,0.0,0.0
topk_mean,1,test/intermediate_algebra/894.json,8.0,coherent_bt,1.0,1.0,0.0
topk_mean,1,test/number_theory/1002.json,8.0,coherent_bt,0.0,0.0,0.0
topk_mean,1,test/number_theory/149.json,8.0,coherent_bt,0.0,0.0,0.0
topk_mean,1,test/number_theory/515.json,8.0,coherent_bt,0.0,0.0,0.0
topk_mean,1,test/prealgebra/1113.json,8.0,coherent_bt,0.0,0.0,0.0
topk_mean,1,test/prealgebra/1128.json,8.0,coherent_bt,0.0,0.0,0.0
topk_mean,1,test/prealgebra/1139.json,8.0,coherent_bt,0.0,1.0,1.0
topk_mean,1,test/prealgebra/1238.json,8.0,coherent_bt,0.0,0.0,0.0
topk_mean,1,test/prealgebra/1251.json,8.0,coherent_bt,0.0,0.0,0.0
topk_mean,1,test/prealgebra/1252.json,8.0,coherent_bt,0.0,0.0,0.0
topk_mean,1,test/prealgebra/1272.json,8.0,coherent_bt,0.0,0.0,0.0
topk_mean,1,test/prealgebra/1423.json,8.0,coherent_bt,0.0,0.0,0.0
topk_mean,1,test/prealgebra/1622.json,8.0,coherent_bt,0.0,0.0,0.0
topk_mean,1,test/prealgebra/1646.json,8.0,coherent_bt,0.0,0.0,0.0
topk_mean,1,test/prealgebra/1787.json,8.0,coherent_bt,0.0,0.0,0.0
topk_mean,1,test/prealgebra/1834.json,8.0,coherent_bt,0.0,0.0,0.0
topk_mean,1,test/prealgebra/1922.json,8.0,coherent_bt,0.0,0.0,0.0
topk_mean,1,test/prealgebra/1961.json,8.0,coherent_bt,0.0,1.0,1.0
topk_mean,1,test/prealgebra/2019.json,8.0,coherent_bt,0.0,0.0,0.0
topk_mean,1,test/prealgebra/2066.json,8.0,coherent_bt,0.0,0.0,0.0
topk_mean,1,test/prealgebra/505.json,8.0,coherent_bt,0.0,0.0,0.0
topk_mean,1,test/prealgebra/65.json,8.0,coherent_bt,0.0,0.0,0.0
topk_mean,1,test/prealgebra/996.json,8.0,coherent_bt,0.0,0.0,0.0
topk_mean,1,test/precalculus/1082.json,8.0,coherent_bt,1.0,1.0,0.0
topk_mean,1,test/precalculus/1105.json,8.0,coherent_bt,0.0,0.0,0.0
topk_mean,1,test/precalculus/1199.json,8.0,coherent_bt,1.0,0.0,-1.0
topk_mean,1,test/precalculus/1303.json,8.0,coherent_bt,0.0,1.0,1.0
topk_mean,1,test/precalculus/398.json,8.0,coherent_bt,1.0,0.0,-1.0
topk_mean,1,test/precalculus/43.json,8.0,coherent_bt,0.0,0.0,0.0
topk_mean,1,test/precalculus/541.json,8.0,coherent_bt,0.0,0.0,0.0
topk_mean,1,test/precalculus/580.json,8.0,coherent_bt,0.0,0.0,0.0
topk_mean,1,test/precalculus/779.json,8.0,coherent_bt,0.0,0.0,0.0
topk_mean,1,test/precalculus/927.json,8.0,coherent_bt,1.0,0.0,-1.0
topk_mean,1,test/precalculus/96.json,8.0,coherent_bt,1.0,0.0,-1.0
topk_mean,1,test/precalculus/986.json,8.0,coherent_bt,0.0,1.0,1.0
topk_mean,1,test/algebra/1082.json,8.0,incoherent,0.0,0.0,0.0
topk_mean,1,test/algebra/109.json,8.0,incoherent,0.0,0.0,0.0
topk_mean,1,test/algebra/1098.json,8.0,incoherent,0.0,0.0,0.0
topk_mean,1,test/algebra/1214.json,8.0,incoherent,0.0,0.0,0.0
topk_mean,1,test/algebra/1265.json,8.0,incoherent,0.0,0.0,0.0
topk_mean,1,test/algebra/1282.json,8.0,incoherent,0.0,0.0,0.0
topk_mean,1,test/algebra/1338.json,8.0,incoherent,0.0,0.0,0.0
topk_mean,1,test/algebra/1349.json,8.0,incoherent,0.0,0.0,0.0
topk_mean,1,test/algebra/1553.json,8.0,incoherent,0.0,0.0,0.0
topk_mean,1,test/algebra/1934.json,8.0,incoherent,0.0,0.0,0.0
topk_mean,1,test/algebra/1960.json,8.0,incoherent,0.0,0.0,0.0
topk_mean,1,test/algebra/2043.json,8.0,incoherent,0.0,0.0,0.0
topk_mean,1,test/algebra/2046.json,8.0,incoherent,0.0,0.0,0.0
topk_mean,1,test/algebra/2159.json,8.0,incoherent,0.0,0.0,0.0
topk_mean,1,test/algebra/2264.json,8.0,incoherent,0.0,0.0,0.0
topk_mean,1,test/algebra/2427.json,8.0,incoherent,0.0,0.0,0.0
topk_mean,1,test/algebra/2430.json,8.0,incoherent,0.0,0.0,0.0
topk_mean,1,test/algebra/2476.json,8.0,incoherent,0.0,0.0,0.0
topk_mean,1,test/algebra/2486.json,8.0,incoherent,0.0,0.0,0.0
topk_mean,1,test/algebra/2570.json,8.0,incoherent,0.0,0.0,0.0
topk_mean,1,test/algebra/2593.json,8.0,incoherent,0.0,0.0,0.0
topk_mean,1,test/algebra/2735.json,8.0,incoherent,0.0,0.0,0.0
topk_mean,1,test/algebra/2779.json,8.0,incoherent,0.0,0.0,0.0
topk_mean,1,test/algebra/297.json,8.0,incoherent,0.0,0.0,0.0
topk_mean,1,test/algebra/425.json,8.0,incoherent,0.0,0.0,0.0
topk_mean,1,test/algebra/634.json,8.0,incoherent,0.0,0.0,0.0
topk_mean,1,test/algebra/661.json,8.0,incoherent,0.0,0.0,0.0
topk_mean,1,test/algebra/769.json,8.0,incoherent,0.0,0.0,0.0
topk_mean,1,test/algebra/824.json,8.0,incoherent,0.0,0.0,0.0
topk_mean,1,test/algebra/892.json,8.0,incoherent,0.0,0.0,0.0
topk_mean,1,test/counting_and_probability/1009.json,8.0,incoherent,0.0,0.0,0.0
topk_mean,1,test/counting_and_probability/1014.json,8.0,incoherent,0.0,0.0,0.0
topk_mean,1,test/counting_and_probability/1060.json,8.0,incoherent,0.0,0.0,0.0
topk_mean,1,test/counting_and_probability/119.json,8.0,incoherent,0.0,0.0,0.0
topk_mean,1,test/counting_and_probability/25149.json,8.0,incoherent,0.0,0.0,0.0
topk_mean,1,test/counting_and_probability/508.json,8.0,incoherent,0.0,0.0,0.0
topk_mean,1,test/counting_and_probability/525.json,8.0,incoherent,0.0,0.0,0.0
topk_mean,1,test/counting_and_probability/894.json,8.0,incoherent,0.0,0.0,0.0
topk_mean,1,test/geometry/1140.json,8.0,incoherent,0.0,0.0,0.0
topk_mean,1,test/geometry/254.json,8.0,incoherent,0.0,0.0,0.0
topk_mean,1,test/geometry/456.json,8.0,incoherent,0.0,0.0,0.0
topk_mean,1,test/geometry/465.json,8.0,incoherent,0.0,0.0,0.0
topk_mean,1,test/geometry/538.json,8.0,incoherent,0.0,0.0,0.0
topk_mean,1,test/geometry/561.json,8.0,incoherent,0.0,0.0,0.0
topk_mean,1,test/geometry/615.json,8.0,incoherent,0.0,0.0,0.0
topk_mean,1,test/geometry/711.json,8.0,incoherent,0.0,0.0,0.0
topk_mean,1,test/geometry/795.json,8.0,incoherent,0.0,0.0,0.0
topk_mean,1,test/geometry/843.json,8.0,incoherent,0.0,0.0,0.0
topk_mean,1,test/geometry/846.json,8.0,incoherent,0.0,0.0,0.0
topk_mean,1,test/intermediate_algebra/101.json,8.0,incoherent,0.0,0.0,0.0
topk_mean,1,test/intermediate_algebra/102.json,8.0,incoherent,0.0,0.0,0.0
topk_mean,1,test/intermediate_algebra/1354.json,8.0,incoherent,0.0,0.0,0.0
topk_mean,1,test/intermediate_algebra/1467.json,8.0,incoherent,0.0,0.0,0.0
topk_mean,1,test/intermediate_algebra/1555.json,8.0,incoherent,0.0,0.0,0.0
topk_mean,1,test/intermediate_algebra/1714.json,8.0,incoherent,0.0,0.0,0.0
topk_mean,1,test/intermediate_algebra/1779.json,8.0,incoherent,0.0,0.0,0.0
topk_mean,1,test/intermediate_algebra/199.json,8.0,incoherent,0.0,0.0,0.0
topk_mean,1,test/intermediate_algebra/1994.json,8.0,incoherent,0.0,0.0,0.0
topk_mean,1,test/intermediate_algebra/2046.json,8.0,incoherent,0.0,0.0,0.0
topk_mean,1,test/intermediate_algebra/345.json,8.0,incoherent,0.0,0.0,0.0
topk_mean,1,test/intermediate_algebra/446.json,8.0,incoherent,0.0,0.0,0.0
topk_mean,1,test/intermediate_algebra/47.json,8.0,incoherent,0.0,0.0,0.0
topk_mean,1,test/intermediate_algebra/607.json,8.0,incoherent,0.0,0.0,0.0
topk_mean,1,test/intermediate_algebra/690.json,8.0,incoherent,0.0,0.0,0.0
topk_mean,1,test/intermediate_algebra/752.json,8.0,incoherent,0.0,0.0,0.0
topk_mean,1,test/intermediate_algebra/894.json,8.0,incoherent,0.0,0.0,0.0
topk_mean,1,test/number_theory/1002.json,8.0,incoherent,0.0,0.0,0.0
topk_mean,1,test/number_theory/149.json,8.0,incoherent,0.0,0.0,0.0
topk_mean,1,test/number_theory/515.json,8.0,incoherent,0.0,0.0,0.0
topk_mean,1,test/prealgebra/1113.json,8.0,incoherent,0.0,0.0,0.0
topk_mean,1,test/prealgebra/1128.json,8.0,incoherent,0.0,0.0,0.0
topk_mean,1,test/prealgebra/1139.json,8.0,incoherent,0.0,0.0,0.0
topk_mean,1,test/prealgebra/1238.json,8.0,incoherent,0.0,0.0,0.0
topk_mean,1,test/prealgebra/1251.json,8.0,incoherent,0.0,0.0,0.0
topk_mean,1,test/prealgebra/1252.json,8.0,incoherent,0.0,0.0,0.0
topk_mean,1,test/prealgebra/1272.json,8.0,incoherent,0.0,0.0,0.0
topk_mean,1,test/prealgebra/1423.json,8.0,incoherent,0.0,0.0,0.0
topk_mean,1,test/prealgebra/1622.json,8.0,incoherent,0.0,0.0,0.0
topk_mean,1,test/prealgebra/1646.json,8.0,incoherent,0.0,0.0,0.0
topk_mean,1,test/prealgebra/1787.json,8.0,incoherent,0.0,0.0,0.0
topk_mean,1,test/prealgebra/1834.json,8.0,incoherent,0.0,0.0,0.0
topk_mean,1,test/prealgebra/1922.json,8.0,incoherent,0.0,0.0,0.0
topk_mean,1,test/prealgebra/1961.json,8.0,incoherent,0.0,0.0,0.0
topk_mean,1,test/prealgebra/2019.json,8.0,incoherent,0.0,0.0,0.0
topk_mean,1,test/prealgebra/2066.json,8.0,incoherent,0.0,0.0,0.0
topk_mean,1,test/prealgebra/505.json,8.0,incoherent,0.0,0.0,0.0
topk_mean,1,test/prealgebra/65.json,8.0,incoherent,0.0,0.0,0.0
topk_mean,1,test/prealgebra/996.json,8.0,incoherent,0.0,0.0,0.0
topk_mean,1,test/precalculus/1082.json,8.0,incoherent,0.0,0.0,0.0
topk_mean,1,test/precalculus/1105.json,8.0,incoherent,0.0,0.0,0.0
topk_mean,1,test/precalculus/1199.json,8.0,incoherent,0.0,0.0,0.0
topk_mean,1,test/precalculus/1303.json,8.0,incoherent,0.0,0.0,0.0
topk_mean,1,test/precalculus/398.json,8.0,incoherent,0.0,0.0,0.0
topk_mean,1,test/precalculus/43.json,8.0,incoherent,0.0,0.0,0.0
topk_mean,1,test/precalculus/541.json,8.0,incoherent,0.0,0.0,0.0
topk_mean,1,test/precalculus/580.json,8.0,incoherent,0.0,0.0,0.0
topk_mean,1,test/precalculus/779.json,8.0,incoherent,0.0,0.0,0.0
topk_mean,1,test/precalculus/927.json,8.0,incoherent,0.0,0.0,0.0
topk_mean,1,test/precalculus/96.json,8.0,incoherent,0.0,0.0,0.0
topk_mean,1,test/precalculus/986.json,8.0,incoherent,0.0,0.0,0.0
topk_mean,1,test/algebra/1082.json,8.0,correct,0.0,0.0,0.0
topk_mean,1,test/algebra/109.json,8.0,correct,1.0,1.0,0.0
topk_mean,1,test/algebra/1098.json,8.0,correct,1.0,1.0,0.0
topk_mean,1,test/algebra/1214.json,8.0,correct,1.0,1.0,0.0
topk_mean,1,test/algebra/1265.json,8.0,correct,1.0,1.0,0.0
topk_mean,1,test/algebra/1282.json,8.0,correct,0.0,0.0,0.0
topk_mean,1,test/algebra/1338.json,8.0,correct,1.0,1.0,0.0
topk_mean,1,test/algebra/1349.json,8.0,correct,0.0,0.0,0.0
topk_mean,1,test/algebra/1553.json,8.0,correct,0.0,1.0,1.0
topk_mean,1,test/algebra/1934.json,8.0,correct,1.0,1.0,0.0
topk_mean,1,test/algebra/1960.json,8.0,correct,1.0,1.0,0.0
topk_mean,1,test/algebra/2043.json,8.0,correct,1.0,1.0,0.0
topk_mean,1,test/algebra/2046.json,8.0,correct,1.0,1.0,0.0
topk_mean,1,test/algebra/2159.json,8.0,correct,0.0,1.0,1.0
topk_mean,1,test/algebra/2264.json,8.0,correct,1.0,0.0,-1.0
topk_mean,1,test/algebra/2427.json,8.0,correct,0.0,0.0,0.0
topk_mean,1,test/algebra/2430.json,8.0,correct,0.0,0.0,0.0
topk_mean,1,test/algebra/2476.json,8.0,correct,0.0,1.0,1.0
topk_mean,1,test/algebra/2486.json,8.0,correct,1.0,0.0,-1.0
topk_mean,1,test/algebra/2570.json,8.0,correct,1.0,1.0,0.0
topk_mean,1,test/algebra/2593.json,8.0,correct,1.0,0.0,-1.0
topk_mean,1,test/algebra/2735.json,8.0,correct,0.0,0.0,0.0
topk_mean,1,test/algebra/2779.json,8.0,correct,1.0,1.0,0.0
topk_mean,1,test/algebra/297.json,8.0,correct,0.0,0.0,0.0
topk_mean,1,test/algebra/425.json,8.0,correct,1.0,1.0,0.0
topk_mean,1,test/algebra/634.json,8.0,correct,0.0,0.0,0.0
topk_mean,1,test/algebra/661.json,8.0,correct,1.0,0.0,-1.0
topk_mean,1,test/algebra/769.json,8.0,correct,1.0,1.0,0.0
topk_mean,1,test/algebra/824.json,8.0,correct,1.0,0.0,-1.0
topk_mean,1,test/algebra/892.json,8.0,correct,0.0,0.0,0.0
topk_mean,1,test/counting_and_probability/1009.json,8.0,correct,1.0,0.0,-1.0
topk_mean,1,test/counting_and_probability/1014.json,8.0,correct,1.0,1.0,0.0
topk_mean,1,test/counting_and_probability/1060.json,8.0,correct,0.0,0.0,0.0
topk_mean,1,test/counting_and_probability/119.json,8.0,correct,0.0,0.0,0.0
topk_mean,1,test/counting_and_probability/25149.json,8.0,correct,1.0,0.0,-1.0
topk_mean,1,test/counting_and_probability/508.json,8.0,correct,0.0,0.0,0.0
topk_mean,1,test/counting_and_probability/525.json,8.0,correct,0.0,0.0,0.0
topk_mean,1,test/counting_and_probability/894.json,8.0,correct,1.0,1.0,0.0
topk_mean,1,test/geometry/1140.json,8.0,correct,0.0,0.0,0.0
topk_mean,1,test/geometry/254.json,8.0,correct,0.0,1.0,1.0
topk_mean,1,test/geometry/456.json,8.0,correct,1.0,1.0,0.0
topk_mean,1,test/geometry/465.json,8.0,correct,0.0,0.0,0.0
topk_mean,1,test/geometry/538.json,8.0,correct,0.0,0.0,0.0
topk_mean,1,test/geometry/561.json,8.0,correct,0.0,0.0,0.0
topk_mean,1,test/geometry/615.json,8.0,correct,0.0,0.0,0.0
topk_mean,1,test/geometry/711.json,8.0,correct,0.0,0.0,0.0
topk_mean,1,test/geometry/795.json,8.0,correct,0.0,0.0,0.0
topk_mean,1,test/geometry/843.json,8.0,correct,1.0,0.0,-1.0
topk_mean,1,test/geometry/846.json,8.0,correct,0.0,0.0,0.0
topk_mean,1,test/intermediate_algebra/101.json,8.0,correct,0.0,0.0,0.0
topk_mean,1,test/intermediate_algebra/102.json,8.0,correct,0.0,0.0,0.0
topk_mean,1,test/intermediate_algebra/1354.json,8.0,correct,0.0,0.0,0.0
topk_mean,1,test/intermediate_algebra/1467.json,8.0,correct,0.0,0.0,0.0
topk_mean,1,test/intermediate_algebra/1555.json,8.0,correct,0.0,0.0,0.0
topk_mean,1,test/intermediate_algebra/1714.json,8.0,correct,1.0,1.0,0.0
topk_mean,1,test/intermediate_algebra/1779.json,8.0,correct,0.0,0.0,0.0
topk_mean,1,test/intermediate_algebra/199.json,8.0,correct,0.0,0.0,0.0
topk_mean,1,test/intermediate_algebra/1994.json,8.0,correct,0.0,0.0,0.0
topk_mean,1,test/intermediate_algebra/2046.json,8.0,correct,0.0,0.0,0.0
topk_mean,1,test/intermediate_algebra/345.json,8.0,correct,0.0,0.0,0.0
topk_mean,1,test/intermediate_algebra/446.json,8.0,correct,0.0,0.0,0.0
topk_mean,1,test/intermediate_algebra/47.json,8.0,correct,0.0,0.0,0.0
topk_mean,1,test/intermediate_algebra/607.json,8.0,correct,0.0,0.0,0.0
topk_mean,1,test/intermediate_algebra/690.json,8.0,correct,0.0,0.0,0.0
topk_mean,1,test/intermediate_algebra/752.json,8.0,correct,0.0,1.0,1.0
topk_mean,1,test/intermediate_algebra/894.json,8.0,correct,0.0,0.0,0.0
topk_mean,1,test/number_theory/1002.json,8.0,correct,0.0,0.0,0.0
topk_mean,1,test/number_theory/149.json,8.0,correct,0.0,0.0,0.0
topk_mean,1,test/number_theory/515.json,8.0,correct,1.0,0.0,-1.0
topk_mean,1,test/prealgebra/1113.json,8.0,correct,1.0,0.0,-1.0
topk_mean,1,test/prealgebra/1128.json,8.0,correct,0.0,1.0,1.0
topk_mean,1,test/prealgebra/1139.json,8.0,correct,0.0,0.0,0.0
topk_mean,1,test/prealgebra/1238.json,8.0,correct,1.0,1.0,0.0
topk_mean,1,test/prealgebra/1251.json,8.0,correct,0.0,0.0,0.0
topk_mean,1,test/prealgebra/1252.json,8.0,correct,1.0,0.0,-1.0
topk_mean,1,test/prealgebra/1272.json,8.0,correct,1.0,1.0,0.0
topk_mean,1,test/prealgebra/1423.json,8.0,correct,0.0,0.0,0.0
topk_mean,1,test/prealgebra/1622.json,8.0,correct,0.0,1.0,1.0
topk_mean,1,test/prealgebra/1646.json,8.0,correct,0.0,0.0,0.0
topk_mean,1,test/prealgebra/1787.json,8.0,correct,1.0,1.0,0.0
topk_mean,1,test/prealgebra/1834.json,8.0,correct,0.0,1.0,1.0
topk_mean,1,test/prealgebra/1922.json,8.0,correct,0.0,0.0,0.0
topk_mean,1,test/prealgebra/1961.json,8.0,correct,0.0,0.0,0.0
topk_mean,1,test/prealgebra/2019.json,8.0,correct,1.0,1.0,0.0
topk_mean,1,test/prealgebra/2066.json,8.0,correct,0.0,1.0,1.0
topk_mean,1,test/prealgebra/505.json,8.0,correct,1.0,0.0,-1.0
topk_mean,1,test/prealgebra/65.json,8.0,correct,0.0,0.0,0.0
topk_mean,1,test/prealgebra/996.json,8.0,correct,0.0,0.0,0.0
topk_mean,1,test/precalculus/1082.json,8.0,correct,0.0,0.0,0.0
topk_mean,1,test/precalculus/1105.json,8.0,correct,0.0,1.0,1.0
topk_mean,1,test/precalculus/1199.json,8.0,correct,0.0,0.0,0.0
topk_mean,1,test/precalculus/1303.json,8.0,correct,0.0,0.0,0.0
topk_mean,1,test/precalculus/398.json,8.0,correct,0.0,0.0,0.0
topk_mean,1,test/precalculus/43.json,8.0,correct,0.0,1.0,1.0
topk_mean,1,test/precalculus/541.json,8.0,correct,0.0,0.0,0.0
topk_mean,1,test/precalculus/580.json,8.0,correct,0.0,0.0,0.0
topk_mean,1,test/precalculus/779.json,8.0,correct,1.0,1.0,0.0
topk_mean,1,test/precalculus/927.json,8.0,correct,0.0,0.0,0.0
topk_mean,1,test/precalculus/96.json,8.0,correct,0.0,0.0,0.0
topk_mean,1,test/precalculus/986.json,8.0,correct,0.0,0.0,0.0
topk_mean,2,test/algebra/1082.json,12.0,gc,0.0,0.0,0.0
topk_mean,2,test/algebra/109.json,12.0,gc,0.0,0.0,0.0
topk_mean,2,test/algebra/1098.json,12.0,gc,0.0,0.0,0.0
topk_mean,2,test/algebra/1214.json,12.0,gc,0.0,0.0,0.0
topk_mean,2,test/algebra/1265.json,12.0,gc,0.0,0.0,0.0
topk_mean,2,test/algebra/1282.json,12.0,gc,0.0,0.0,0.0
topk_mean,2,test/algebra/1338.json,12.0,gc,0.0,0.0,0.0
topk_mean,2,test/algebra/1349.json,12.0,gc,0.0,0.0,0.0
topk_mean,2,test/algebra/1553.json,12.0,gc,0.0,0.0,0.0
topk_mean,2,test/algebra/1934.json,12.0,gc,0.0,0.0,0.0
topk_mean,2,test/algebra/1960.json,12.0,gc,0.0,0.0,0.0
topk_mean,2,test/algebra/2043.json,12.0,gc,1.0,1.0,0.0
topk_mean,2,test/algebra/2046.json,12.0,gc,0.0,0.0,0.0
topk_mean,2,test/algebra/2159.json,12.0,gc,1.0,0.0,-1.0
topk_mean,2,test/algebra/2264.json,12.0,gc,0.0,0.0,0.0
topk_mean,2,test/algebra/2427.json,12.0,gc,0.0,1.0,1.0
topk_mean,2,test/algebra/2430.json,12.0,gc,1.0,0.0,-1.0
topk_mean,2,test/algebra/2476.json,12.0,gc,0.0,1.0,1.0
topk_mean,2,test/algebra/2486.json,12.0,gc,0.0,0.0,0.0
topk_mean,2,test/algebra/2570.json,12.0,gc,1.0,0.0,-1.0
topk_mean,2,test/algebra/2593.json,12.0,gc,0.0,0.0,0.0
topk_mean,2,test/algebra/2735.json,12.0,gc,0.0,0.0,0.0
topk_mean,2,test/algebra/2779.json,12.0,gc,0.0,1.0,1.0
topk_mean,2,test/algebra/297.json,12.0,gc,0.0,1.0,1.0
topk_mean,2,test/algebra/425.json,12.0,gc,0.0,0.0,0.0
topk_mean,2,test/algebra/634.json,12.0,gc,0.0,1.0,1.0
topk_mean,2,test/algebra/661.json,12.0,gc,0.0,0.0,0.0
topk_mean,2,test/algebra/769.json,12.0,gc,0.0,0.0,0.0
topk_mean,2,test/algebra/824.json,12.0,gc,0.0,0.0,0.0
topk_mean,2,test/algebra/892.json,12.0,gc,1.0,0.0,-1.0
topk_mean,2,test/counting_and_probability/1009.json,12.0,gc,0.0,0.0,0.0
topk_mean,2,test/counting_and_probability/1014.json,12.0,gc,0.0,0.0,0.0
topk_mean,2,test/counting_and_probability/1060.json,12.0,gc,0.0,0.0,0.0
topk_mean,2,test/counting_and_probability/119.json,12.0,gc,0.0,1.0,1.0
topk_mean,2,test/counting_and_probability/25149.json,12.0,gc,0.0,1.0,1.0
topk_mean,2,test/counting_and_probability/508.json,12.0,gc,0.0,0.0,0.0
topk_mean,2,test/counting_and_probability/525.json,12.0,gc,0.0,0.0,0.0
topk_mean,2,test/counting_and_probability/894.json,12.0,gc,0.0,0.0,0.0
topk_mean,2,test/geometry/1140.json,12.0,gc,1.0,2.0,1.0
topk_mean,2,test/geometry/254.json,12.0,gc,0.0,0.0,0.0
topk_mean,2,test/geometry/456.json,12.0,gc,0.0,0.0,0.0
topk_mean,2,test/geometry/465.json,12.0,gc,1.0,1.0,0.0
topk_mean,2,test/geometry/538.json,12.0,gc,0.0,0.0,0.0
topk_mean,2,test/geometry/561.json,12.0,gc,0.0,1.0,1.0
topk_mean,2,test/geometry/615.json,12.0,gc,1.0,0.0,-1.0
topk_mean,2,test/geometry/711.json,12.0,gc,1.0,2.0,1.0
topk_mean,2,test/geometry/795.json,12.0,gc,0.0,0.0,0.0
topk_mean,2,test/geometry/843.json,12.0,gc,0.0,0.0,0.0
topk_mean,2,test/geometry/846.json,12.0,gc,1.0,1.0,0.0
topk_mean,2,test/intermediate_algebra/101.json,12.0,gc,0.0,2.0,2.0
topk_mean,2,test/intermediate_algebra/102.json,12.0,gc,0.0,1.0,1.0
topk_mean,2,test/intermediate_algebra/1354.json,12.0,gc,0.0,0.0,0.0
topk_mean,2,test/intermediate_algebra/1467.json,12.0,gc,1.0,2.0,1.0
topk_mean,2,test/intermediate_algebra/1555.json,12.0,gc,0.0,0.0,0.0
topk_mean,2,test/intermediate_algebra/1714.json,12.0,gc,0.0,0.0,0.0
topk_mean,2,test/intermediate_algebra/1779.json,12.0,gc,0.0,1.0,1.0
topk_mean,2,test/intermediate_algebra/199.json,12.0,gc,1.0,1.0,0.0
topk_mean,2,test/intermediate_algebra/1994.json,12.0,gc,0.0,0.0,0.0
topk_mean,2,test/intermediate_algebra/2046.json,12.0,gc,0.0,0.0,0.0
topk_mean,2,test/intermediate_algebra/345.json,12.0,gc,0.0,0.0,0.0
topk_mean,2,test/intermediate_algebra/446.json,12.0,gc,0.0,1.0,1.0
topk_mean,2,test/intermediate_algebra/47.json,12.0,gc,0.0,1.0,1.0
topk_mean,2,test/intermediate_algebra/607.json,12.0,gc,1.0,2.0,1.0
topk_mean,2,test/intermediate_algebra/690.json,12.0,gc,1.0,1.0,0.0
topk_mean,2,test/intermediate_algebra/752.json,12.0,gc,0.0,1.0,1.0
topk_mean,2,test/intermediate_algebra/894.json,12.0,gc,1.0,1.0,0.0
topk_mean,2,test/number_theory/1002.json,12.0,gc,0.0,0.0,0.0
topk_mean,2,test/number_theory/149.json,12.0,gc,0.0,0.0,0.0
topk_mean,2,test/number_theory/515.json,12.0,gc,0.0,0.0,0.0
topk_mean,2,test/prealgebra/1113.json,12.0,gc,0.0,0.0,0.0
topk_mean,2,test/prealgebra/1128.json,12.0,gc,0.0,0.0,0.0
topk_mean,2,test/prealgebra/1139.json,12.0,gc,0.0,1.0,1.0
topk_mean,2,test/prealgebra/1238.json,12.0,gc,0.0,0.0,0.0
topk_mean,2,test/prealgebra/1251.json,12.0,gc,0.0,1.0,1.0
topk_mean,2,test/prealgebra/1252.json,12.0,gc,0.0,0.0,0.0
topk_mean,2,test/prealgebra/1272.json,12.0,gc,0.0,0.0,0.0
topk_mean,2,test/prealgebra/1423.json,12.0,gc,0.0,1.0,1.0
topk_mean,2,test/prealgebra/1622.json,12.0,gc,0.0,1.0,1.0
topk_mean,2,test/prealgebra/1646.json,12.0,gc,0.0,0.0,0.0
topk_mean,2,test/prealgebra/1787.json,12.0,gc,0.0,0.0,0.0
topk_mean,2,test/prealgebra/1834.json,12.0,gc,0.0,0.0,0.0
topk_mean,2,test/prealgebra/1922.json,12.0,gc,0.0,0.0,0.0
topk_mean,2,test/prealgebra/1961.json,12.0,gc,0.0,0.0,0.0
topk_mean,2,test/prealgebra/2019.json,12.0,gc,0.0,0.0,0.0
topk_mean,2,test/prealgebra/2066.json,12.0,gc,0.0,0.0,0.0
topk_mean,2,test/prealgebra/505.json,12.0,gc,0.0,0.0,0.0
topk_mean,2,test/prealgebra/65.json,12.0,gc,0.0,1.0,1.0
topk_mean,2,test/prealgebra/996.json,12.0,gc,0.0,0.0,0.0
topk_mean,2,test/precalculus/1082.json,12.0,gc,1.0,0.0,-1.0
topk_mean,2,test/precalculus/1105.json,12.0,gc,0.0,2.0,2.0
topk_mean,2,test/precalculus/1199.json,12.0,gc,1.0,1.0,0.0
topk_mean,2,test/precalculus/1303.json,12.0,gc,0.0,2.0,2.0
topk_mean,2,test/precalculus/398.json,12.0,gc,1.0,0.0,-1.0
topk_mean,2,test/precalculus/43.json,12.0,gc,0.0,0.0,0.0
topk_mean,2,test/precalculus/541.json,12.0,gc,0.0,0.0,0.0
topk_mean,2,test/precalculus/580.json,12.0,gc,0.0,0.0,0.0
topk_mean,2,test/precalculus/779.json,12.0,gc,0.0,0.0,0.0
topk_mean,2,test/precalculus/927.json,12.0,gc,2.0,2.0,0.0
topk_mean,2,test/precalculus/96.json,12.0,gc,1.0,0.0,-1.0
topk_mean,2,test/precalculus/986.json,12.0,gc,0.0,0.0,0.0
topk_mean,2,test/algebra/1082.json,12.0,coherent_gc,0.0,0.0,0.0
topk_mean,2,test/algebra/109.json,12.0,coherent_gc,0.0,0.0,0.0
topk_mean,2,test/algebra/1098.json,12.0,coherent_gc,0.0,0.0,0.0
topk_mean,2,test/algebra/1214.json,12.0,coherent_gc,0.0,0.0,0.0
topk_mean,2,test/algebra/1265.json,12.0,coherent_gc,0.0,0.0,0.0
topk_mean,2,test/algebra/1282.json,12.0,coherent_gc,0.0,0.0,0.0
topk_mean,2,test/algebra/1338.json,12.0,coherent_gc,0.0,0.0,0.0
topk_mean,2,test/algebra/1349.json,12.0,coherent_gc,0.0,0.0,0.0
topk_mean,2,test/algebra/1553.json,12.0,coherent_gc,0.0,0.0,0.0
topk_mean,2,test/algebra/1934.json,12.0,coherent_gc,0.0,0.0,0.0
topk_mean,2,test/algebra/1960.json,12.0,coherent_gc,0.0,0.0,0.0
topk_mean,2,test/algebra/2043.json,12.0,coherent_gc,1.0,1.0,0.0
topk_mean,2,test/algebra/2046.json,12.0,coherent_gc,0.0,0.0,0.0
topk_mean,2,test/algebra/2159.json,12.0,coherent_gc,1.0,0.0,-1.0
topk_mean,2,test/algebra/2264.json,12.0,coherent_gc,0.0,0.0,0.0
topk_mean,2,test/algebra/2427.json,12.0,coherent_gc,0.0,1.0,1.0
topk_mean,2,test/algebra/2430.json,12.0,coherent_gc,1.0,0.0,-1.0
topk_mean,2,test/algebra/2476.json,12.0,coherent_gc,0.0,1.0,1.0
topk_mean,2,test/algebra/2486.json,12.0,coherent_gc,0.0,0.0,0.0
topk_mean,2,test/algebra/2570.json,12.0,coherent_gc,1.0,0.0,-1.0
topk_mean,2,test/algebra/2593.json,12.0,coherent_gc,0.0,0.0,0.0
topk_mean,2,test/algebra/2735.json,12.0,coherent_gc,0.0,0.0,0.0
topk_mean,2,test/algebra/2779.json,12.0,coherent_gc,0.0,1.0,1.0
topk_mean,2,test/algebra/297.json,12.0,coherent_gc,0.0,1.0,1.0
topk_mean,2,test/algebra/425.json,12.0,coherent_gc,0.0,0.0,0.0
topk_mean,2,test/algebra/634.json,12.0,coherent_gc,0.0,1.0,1.0
topk_mean,2,test/algebra/661.json,12.0,coherent_gc,0.0,0.0,0.0
topk_mean,2,test/algebra/769.json,12.0,coherent_gc,0.0,0.0,0.0
topk_mean,2,test/algebra/824.json,12.0,coherent_gc,0.0,0.0,0.0
topk_mean,2,test/algebra/892.json,12.0,coherent_gc,1.0,0.0,-1.0
topk_mean,2,test/counting_and_probability/1009.json,12.0,coherent_gc,0.0,0.0,0.0
topk_mean,2,test/counting_and_probability/1014.json,12.0,coherent_gc,0.0,0.0,0.0
topk_mean,2,test/counting_and_probability/1060.json,12.0,coherent_gc,0.0,0.0,0.0
topk_mean,2,test/counting_and_probability/119.json,12.0,coherent_gc,0.0,1.0,1.0
topk_mean,2,test/counting_and_probability/25149.json,12.0,coherent_gc,0.0,1.0,1.0
topk_mean,2,test/counting_and_probability/508.json,12.0,coherent_gc,0.0,0.0,0.0
topk_mean,2,test/counting_and_probability/525.json,12.0,coherent_gc,0.0,0.0,0.0
topk_mean,2,test/counting_and_probability/894.json,12.0,coherent_gc,0.0,0.0,0.0
topk_mean,2,test/geometry/1140.json,12.0,coherent_gc,1.0,2.0,1.0
topk_mean,2,test/geometry/254.json,12.0,coherent_gc,0.0,0.0,0.0
topk_mean,2,test/geometry/456.json,12.0,coherent_gc,0.0,0.0,0.0
topk_mean,2,test/geometry/465.json,12.0,coherent_gc,1.0,1.0,0.0
topk_mean,2,test/geometry/538.json,12.0,coherent_gc,0.0,0.0,0.0
topk_mean,2,test/geometry/561.json,12.0,coherent_gc,0.0,1.0,1.0
topk_mean,2,test/geometry/615.json,12.0,coherent_gc,1.0,0.0,-1.0
topk_mean,2,test/geometry/711.json,12.0,coherent_gc,1.0,2.0,1.0
topk_mean,2,test/geometry/795.json,12.0,coherent_gc,0.0,0.0,0.0
topk_mean,2,test/geometry/843.json,12.0,coherent_gc,0.0,0.0,0.0
topk_mean,2,test/geometry/846.json,12.0,coherent_gc,1.0,1.0,0.0
topk_mean,2,test/intermediate_algebra/101.json,12.0,coherent_gc,0.0,2.0,2.0
topk_mean,2,test/intermediate_algebra/102.json,12.0,coherent_gc,0.0,1.0,1.0
topk_mean,2,test/intermediate_algebra/1354.json,12.0,coherent_gc,0.0,0.0,0.0
topk_mean,2,test/intermediate_algebra/1467.json,12.0,coherent_gc,1.0,2.0,1.0
topk_mean,2,test/intermediate_algebra/1555.json,12.0,coherent_gc,0.0,0.0,0.0
topk_mean,2,test/intermediate_algebra/1714.json,12.0,coherent_gc,0.0,0.0,0.0
topk_mean,2,test/intermediate_algebra/1779.json,12.0,coherent_gc,0.0,1.0,1.0
topk_mean,2,test/intermediate_algebra/199.json,12.0,coherent_gc,1.0,1.0,0.0
topk_mean,2,test/intermediate_algebra/1994.json,12.0,coherent_gc,0.0,0.0,0.0
topk_mean,2,test/intermediate_algebra/2046.json,12.0,coherent_gc,0.0,0.0,0.0
topk_mean,2,test/intermediate_algebra/345.json,12.0,coherent_gc,0.0,0.0,0.0
topk_mean,2,test/intermediate_algebra/446.json,12.0,coherent_gc,0.0,0.0,0.0
topk_mean,2,test/intermediate_algebra/47.json,12.0,coherent_gc,0.0,1.0,1.0
topk_mean,2,test/intermediate_algebra/607.json,12.0,coherent_gc,1.0,2.0,1.0
topk_mean,2,test/intermediate_algebra/690.json,12.0,coherent_gc,1.0,1.0,0.0
topk_mean,2,test/intermediate_algebra/752.json,12.0,coherent_gc,0.0,1.0,1.0
topk_mean,2,test/intermediate_algebra/894.json,12.0,coherent_gc,1.0,1.0,0.0
topk_mean,2,test/number_theory/1002.json,12.0,coherent_gc,0.0,0.0,0.0
topk_mean,2,test/number_theory/149.json,12.0,coherent_gc,0.0,0.0,0.0
topk_mean,2,test/number_theory/515.json,12.0,coherent_gc,0.0,0.0,0.0
topk_mean,2,test/prealgebra/1113.json,12.0,coherent_gc,0.0,0.0,0.0
topk_mean,2,test/prealgebra/1128.json,12.0,coherent_gc,0.0,0.0,0.0
topk_mean,2,test/prealgebra/1139.json,12.0,coherent_gc,0.0,1.0,1.0
topk_mean,2,test/prealgebra/1238.json,12.0,coherent_gc,0.0,0.0,0.0
topk_mean,2,test/prealgebra/1251.json,12.0,coherent_gc,0.0,1.0,1.0
topk_mean,2,test/prealgebra/1252.json,12.0,coherent_gc,0.0,0.0,0.0
topk_mean,2,test/prealgebra/1272.json,12.0,coherent_gc,0.0,0.0,0.0
topk_mean,2,test/prealgebra/1423.json,12.0,coherent_gc,0.0,1.0,1.0
topk_mean,2,test/prealgebra/1622.json,12.0,coherent_gc,0.0,1.0,1.0
topk_mean,2,test/prealgebra/1646.json,12.0,coherent_gc,0.0,0.0,0.0
topk_mean,2,test/prealgebra/1787.json,12.0,coherent_gc,0.0,0.0,0.0
topk_mean,2,test/prealgebra/1834.json,12.0,coherent_gc,0.0,0.0,0.0
topk_mean,2,test/prealgebra/1922.json,12.0,coherent_gc,0.0,0.0,0.0
topk_mean,2,test/prealgebra/1961.json,12.0,coherent_gc,0.0,0.0,0.0
topk_mean,2,test/prealgebra/2019.json,12.0,coherent_gc,0.0,0.0,0.0
topk_mean,2,test/prealgebra/2066.json,12.0,coherent_gc,0.0,0.0,0.0
topk_mean,2,test/prealgebra/505.json,12.0,coherent_gc,0.0,0.0,0.0
topk_mean,2,test/prealgebra/65.json,12.0,coherent_gc,0.0,1.0,1.0
topk_mean,2,test/prealgebra/996.json,12.0,coherent_gc,0.0,0.0,0.0
topk_mean,2,test/precalculus/1082.json,12.0,coherent_gc,1.0,0.0,-1.0
topk_mean,2,test/precalculus/1105.json,12.0,coherent_gc,0.0,2.0,2.0
topk_mean,2,test/precalculus/1199.json,12.0,coherent_gc,1.0,1.0,0.0
topk_mean,2,test/precalculus/1303.json,12.0,coherent_gc,0.0,2.0,2.0
topk_mean,2,test/precalculus/398.json,12.0,coherent_gc,1.0,0.0,-1.0
topk_mean,2,test/precalculus/43.json,12.0,coherent_gc,0.0,0.0,0.0
topk_mean,2,test/precalculus/541.json,12.0,coherent_gc,0.0,0.0,0.0
topk_mean,2,test/precalculus/580.json,12.0,coherent_gc,0.0,0.0,0.0
topk_mean,2,test/precalculus/779.json,12.0,coherent_gc,0.0,0.0,0.0
topk_mean,2,test/precalculus/927.json,12.0,coherent_gc,2.0,2.0,0.0
topk_mean,2,test/precalculus/96.json,12.0,coherent_gc,1.0,0.0,-1.0
topk_mean,2,test/precalculus/986.json,12.0,coherent_gc,0.0,0.0,0.0
topk_mean,2,test/algebra/1082.json,12.0,coherent_bt,0.0,0.0,0.0
topk_mean,2,test/algebra/109.json,12.0,coherent_bt,0.0,0.0,0.0
topk_mean,2,test/algebra/1098.json,12.0,coherent_bt,0.0,0.0,0.0
topk_mean,2,test/algebra/1214.json,12.0,coherent_bt,0.0,0.0,0.0
topk_mean,2,test/algebra/1265.json,12.0,coherent_bt,0.0,0.0,0.0
topk_mean,2,test/algebra/1282.json,12.0,coherent_bt,0.0,0.0,0.0
topk_mean,2,test/algebra/1338.json,12.0,coherent_bt,0.0,0.0,0.0
topk_mean,2,test/algebra/1349.json,12.0,coherent_bt,0.0,0.0,0.0
topk_mean,2,test/algebra/1553.json,12.0,coherent_bt,0.0,0.0,0.0
topk_mean,2,test/algebra/1934.json,12.0,coherent_bt,0.0,0.0,0.0
topk_mean,2,test/algebra/1960.json,12.0,coherent_bt,0.0,0.0,0.0
topk_mean,2,test/algebra/2043.json,12.0,coherent_bt,1.0,1.0,0.0
topk_mean,2,test/algebra/2046.json,12.0,coherent_bt,0.0,0.0,0.0
topk_mean,2,test/algebra/2159.json,12.0,coherent_bt,1.0,0.0,-1.0
topk_mean,2,test/algebra/2264.json,12.0,coherent_bt,0.0,0.0,0.0
topk_mean,2,test/algebra/2427.json,12.0,coherent_bt,0.0,1.0,1.0
topk_mean,2,test/algebra/2430.json,12.0,coherent_bt,1.0,0.0,-1.0
topk_mean,2,test/algebra/2476.json,12.0,coherent_bt,0.0,1.0,1.0
topk_mean,2,test/algebra/2486.json,12.0,coherent_bt,0.0,0.0,0.0
topk_mean,2,test/algebra/2570.json,12.0,coherent_bt,1.0,0.0,-1.0
topk_mean,2,test/algebra/2593.json,12.0,coherent_bt,0.0,0.0,0.0
topk_mean,2,test/algebra/2735.json,12.0,coherent_bt,0.0,0.0,0.0
topk_mean,2,test/algebra/2779.json,12.0,coherent_bt,0.0,1.0,1.0
topk_mean,2,test/algebra/297.json,12.0,coherent_bt,0.0,1.0,1.0
topk_mean,2,test/algebra/425.json,12.0,coherent_bt,0.0,0.0,0.0
topk_mean,2,test/algebra/634.json,12.0,coherent_bt,0.0,1.0,1.0
topk_mean,2,test/algebra/661.json,12.0,coherent_bt,0.0,0.0,0.0
topk_mean,2,test/algebra/769.json,12.0,coherent_bt,0.0,0.0,0.0
topk_mean,2,test/algebra/824.json,12.0,coherent_bt,0.0,0.0,0.0
topk_mean,2,test/algebra/892.json,12.0,coherent_bt,1.0,0.0,-1.0
topk_mean,2,test/counting_and_probability/1009.json,12.0,coherent_bt,0.0,0.0,0.0
topk_mean,2,test/counting_and_probability/1014.json,12.0,coherent_bt,0.0,0.0,0.0
topk_mean,2,test/counting_and_probability/1060.json,12.0,coherent_bt,0.0,0.0,0.0
topk_mean,2,test/counting_and_probability/119.json,12.0,coherent_bt,0.0,1.0,1.0
topk_mean,2,test/counting_and_probability/25149.json,12.0,coherent_bt,0.0,1.0,1.0
topk_mean,2,test/counting_and_probability/508.json,12.0,coherent_bt,0.0,0.0,0.0
topk_mean,2,test/counting_and_probability/525.json,12.0,coherent_bt,0.0,0.0,0.0
topk_mean,2,test/counting_and_probability/894.json,12.0,coherent_bt,0.0,0.0,0.0
topk_mean,2,test/geometry/1140.json,12.0,coherent_bt,1.0,1.0,0.0
topk_mean,2,test/geometry/254.json,12.0,coherent_bt,0.0,0.0,0.0
topk_mean,2,test/geometry/456.json,12.0,coherent_bt,0.0,0.0,0.0
topk_mean,2,test/geometry/465.json,12.0,coherent_bt,1.0,1.0,0.0
topk_mean,2,test/geometry/538.json,12.0,coherent_bt,0.0,0.0,0.0
topk_mean,2,test/geometry/561.json,12.0,coherent_bt,0.0,1.0,1.0
topk_mean,2,test/geometry/615.json,12.0,coherent_bt,1.0,0.0,-1.0
topk_mean,2,test/geometry/711.json,12.0,coherent_bt,1.0,1.0,0.0
topk_mean,2,test/geometry/795.json,12.0,coherent_bt,0.0,0.0,0.0
topk_mean,2,test/geometry/843.json,12.0,coherent_bt,0.0,0.0,0.0
topk_mean,2,test/geometry/846.json,12.0,coherent_bt,1.0,1.0,0.0
topk_mean,2,test/intermediate_algebra/101.json,12.0,coherent_bt,0.0,1.0,1.0
topk_mean,2,test/intermediate_algebra/102.json,12.0,coherent_bt,0.0,1.0,1.0
topk_mean,2,test/intermediate_algebra/1354.json,12.0,coherent_bt,0.0,0.0,0.0
topk_mean,2,test/intermediate_algebra/1467.json,12.0,coherent_bt,1.0,1.0,0.0
topk_mean,2,test/intermediate_algebra/1555.json,12.0,coherent_bt,0.0,0.0,0.0
topk_mean,2,test/intermediate_algebra/1714.json,12.0,coherent_bt,0.0,0.0,0.0
topk_mean,2,test/intermediate_algebra/1779.json,12.0,coherent_bt,0.0,1.0,1.0
topk_mean,2,test/intermediate_algebra/199.json,12.0,coherent_bt,1.0,1.0,0.0
topk_mean,2,test/intermediate_algebra/1994.json,12.0,coherent_bt,0.0,0.0,0.0
topk_mean,2,test/intermediate_algebra/2046.json,12.0,coherent_bt,0.0,0.0,0.0
topk_mean,2,test/intermediate_algebra/345.json,12.0,coherent_bt,0.0,0.0,0.0
topk_mean,2,test/intermediate_algebra/446.json,12.0,coherent_bt,0.0,0.0,0.0
topk_mean,2,test/intermediate_algebra/47.json,12.0,coherent_bt,0.0,1.0,1.0
topk_mean,2,test/intermediate_algebra/607.json,12.0,coherent_bt,1.0,1.0,0.0
topk_mean,2,test/intermediate_algebra/690.json,12.0,coherent_bt,1.0,1.0,0.0
topk_mean,2,test/intermediate_algebra/752.json,12.0,coherent_bt,0.0,1.0,1.0
topk_mean,2,test/intermediate_algebra/894.json,12.0,coherent_bt,1.0,1.0,0.0
topk_mean,2,test/number_theory/1002.json,12.0,coherent_bt,0.0,0.0,0.0
topk_mean,2,test/number_theory/149.json,12.0,coherent_bt,0.0,0.0,0.0
topk_mean,2,test/number_theory/515.json,12.0,coherent_bt,0.0,0.0,0.0
topk_mean,2,test/prealgebra/1113.json,12.0,coherent_bt,0.0,0.0,0.0
topk_mean,2,test/prealgebra/1128.json,12.0,coherent_bt,0.0,0.0,0.0
topk_mean,2,test/prealgebra/1139.json,12.0,coherent_bt,0.0,1.0,1.0
topk_mean,2,test/prealgebra/1238.json,12.0,coherent_bt,0.0,0.0,0.0
topk_mean,2,test/prealgebra/1251.json,12.0,coherent_bt,0.0,1.0,1.0
topk_mean,2,test/prealgebra/1252.json,12.0,coherent_bt,0.0,0.0,0.0
topk_mean,2,test/prealgebra/1272.json,12.0,coherent_bt,0.0,0.0,0.0
topk_mean,2,test/prealgebra/1423.json,12.0,coherent_bt,0.0,1.0,1.0
topk_mean,2,test/prealgebra/1622.json,12.0,coherent_bt,0.0,1.0,1.0
topk_mean,2,test/prealgebra/1646.json,12.0,coherent_bt,0.0,0.0,0.0
topk_mean,2,test/prealgebra/1787.json,12.0,coherent_bt,0.0,0.0,0.0
topk_mean,2,test/prealgebra/1834.json,12.0,coherent_bt,0.0,0.0,0.0
topk_mean,2,test/prealgebra/1922.json,12.0,coherent_bt,0.0,0.0,0.0
topk_mean,2,test/prealgebra/1961.json,12.0,coherent_bt,0.0,0.0,0.0
topk_mean,2,test/prealgebra/2019.json,12.0,coherent_bt,0.0,0.0,0.0
topk_mean,2,test/prealgebra/2066.json,12.0,coherent_bt,0.0,0.0,0.0
topk_mean,2,test/prealgebra/505.json,12.0,coherent_bt,0.0,0.0,0.0
topk_mean,2,test/prealgebra/65.json,12.0,coherent_bt,0.0,1.0,1.0
topk_mean,2,test/prealgebra/996.json,12.0,coherent_bt,0.0,0.0,0.0
topk_mean,2,test/precalculus/1082.json,12.0,coherent_bt,1.0,0.0,-1.0
topk_mean,2,test/precalculus/1105.json,12.0,coherent_bt,0.0,1.0,1.0
topk_mean,2,test/precalculus/1199.json,12.0,coherent_bt,1.0,1.0,0.0
topk_mean,2,test/precalculus/1303.json,12.0,coherent_bt,0.0,1.0,1.0
topk_mean,2,test/precalculus/398.json,12.0,coherent_bt,1.0,0.0,-1.0
topk_mean,2,test/precalculus/43.json,12.0,coherent_bt,0.0,0.0,0.0
topk_mean,2,test/precalculus/541.json,12.0,coherent_bt,0.0,0.0,0.0
topk_mean,2,test/precalculus/580.json,12.0,coherent_bt,0.0,0.0,0.0
topk_mean,2,test/precalculus/779.json,12.0,coherent_bt,0.0,0.0,0.0
topk_mean,2,test/precalculus/927.json,12.0,coherent_bt,1.0,1.0,0.0
topk_mean,2,test/precalculus/96.json,12.0,coherent_bt,1.0,0.0,-1.0
topk_mean,2,test/precalculus/986.json,12.0,coherent_bt,0.0,0.0,0.0
topk_mean,2,test/algebra/1082.json,12.0,incoherent,0.0,0.0,0.0
topk_mean,2,test/algebra/109.json,12.0,incoherent,0.0,0.0,0.0
topk_mean,2,test/algebra/1098.json,12.0,incoherent,0.0,0.0,0.0
topk_mean,2,test/algebra/1214.json,12.0,incoherent,0.0,0.0,0.0
topk_mean,2,test/algebra/1265.json,12.0,incoherent,0.0,0.0,0.0
topk_mean,2,test/algebra/1282.json,12.0,incoherent,0.0,0.0,0.0
topk_mean,2,test/algebra/1338.json,12.0,incoherent,0.0,0.0,0.0
topk_mean,2,test/algebra/1349.json,12.0,incoherent,0.0,0.0,0.0
topk_mean,2,test/algebra/1553.json,12.0,incoherent,0.0,0.0,0.0
topk_mean,2,test/algebra/1934.json,12.0,incoherent,0.0,0.0,0.0
topk_mean,2,test/algebra/1960.json,12.0,incoherent,0.0,0.0,0.0
topk_mean,2,test/algebra/2043.json,12.0,incoherent,0.0,0.0,0.0
topk_mean,2,test/algebra/2046.json,12.0,incoherent,0.0,0.0,0.0
topk_mean,2,test/algebra/2159.json,12.0,incoherent,0.0,0.0,0.0
topk_mean,2,test/algebra/2264.json,12.0,incoherent,0.0,0.0,0.0
topk_mean,2,test/algebra/2427.json,12.0,incoherent,0.0,0.0,0.0
topk_mean,2,test/algebra/2430.json,12.0,incoherent,0.0,0.0,0.0
topk_mean,2,test/algebra/2476.json,12.0,incoherent,0.0,0.0,0.0
topk_mean,2,test/algebra/2486.json,12.0,incoherent,0.0,0.0,0.0
topk_mean,2,test/algebra/2570.json,12.0,incoherent,0.0,0.0,0.0
topk_mean,2,test/algebra/2593.json,12.0,incoherent,0.0,0.0,0.0
topk_mean,2,test/algebra/2735.json,12.0,incoherent,0.0,0.0,0.0
topk_mean,2,test/algebra/2779.json,12.0,incoherent,0.0,0.0,0.0
topk_mean,2,test/algebra/297.json,12.0,incoherent,0.0,0.0,0.0
topk_mean,2,test/algebra/425.json,12.0,incoherent,0.0,0.0,0.0
topk_mean,2,test/algebra/634.json,12.0,incoherent,0.0,0.0,0.0
topk_mean,2,test/algebra/661.json,12.0,incoherent,0.0,0.0,0.0
topk_mean,2,test/algebra/769.json,12.0,incoherent,0.0,0.0,0.0
topk_mean,2,test/algebra/824.json,12.0,incoherent,0.0,0.0,0.0
topk_mean,2,test/algebra/892.json,12.0,incoherent,0.0,0.0,0.0
topk_mean,2,test/counting_and_probability/1009.json,12.0,incoherent,0.0,0.0,0.0
topk_mean,2,test/counting_and_probability/1014.json,12.0,incoherent,0.0,0.0,0.0
topk_mean,2,test/counting_and_probability/1060.json,12.0,incoherent,0.0,0.0,0.0
topk_mean,2,test/counting_and_probability/119.json,12.0,incoherent,0.0,0.0,0.0
topk_mean,2,test/counting_and_probability/25149.json,12.0,incoherent,0.0,0.0,0.0
topk_mean,2,test/counting_and_probability/508.json,12.0,incoherent,0.0,0.0,0.0
topk_mean,2,test/counting_and_probability/525.json,12.0,incoherent,0.0,0.0,0.0
topk_mean,2,test/counting_and_probability/894.json,12.0,incoherent,0.0,0.0,0.0
topk_mean,2,test/geometry/1140.json,12.0,incoherent,0.0,0.0,0.0
topk_mean,2,test/geometry/254.json,12.0,incoherent,0.0,0.0,0.0
topk_mean,2,test/geometry/456.json,12.0,incoherent,0.0,1.0,1.0
topk_mean,2,test/geometry/465.json,12.0,incoherent,0.0,0.0,0.0
topk_mean,2,test/geometry/538.json,12.0,incoherent,0.0,0.0,0.0
topk_mean,2,test/geometry/561.json,12.0,incoherent,0.0,0.0,0.0
topk_mean,2,test/geometry/615.json,12.0,incoherent,0.0,0.0,0.0
topk_mean,2,test/geometry/711.json,12.0,incoherent,0.0,0.0,0.0
topk_mean,2,test/geometry/795.json,12.0,incoherent,0.0,0.0,0.0
topk_mean,2,test/geometry/843.json,12.0,incoherent,0.0,0.0,0.0
topk_mean,2,test/geometry/846.json,12.0,incoherent,0.0,0.0,0.0
topk_mean,2,test/intermediate_algebra/101.json,12.0,incoherent,0.0,0.0,0.0
topk_mean,2,test/intermediate_algebra/102.json,12.0,incoherent,0.0,0.0,0.0
topk_mean,2,test/intermediate_algebra/1354.json,12.0,incoherent,0.0,1.0,1.0
topk_mean,2,test/intermediate_algebra/1467.json,12.0,incoherent,0.0,0.0,0.0
topk_mean,2,test/intermediate_algebra/1555.json,12.0,incoherent,0.0,0.0,0.0
topk_mean,2,test/intermediate_algebra/1714.json,12.0,incoherent,0.0,0.0,0.0
topk_mean,2,test/intermediate_algebra/1779.json,12.0,incoherent,0.0,0.0,0.0
topk_mean,2,test/intermediate_algebra/199.json,12.0,incoherent,0.0,0.0,0.0
topk_mean,2,test/intermediate_algebra/1994.json,12.0,incoherent,0.0,0.0,0.0
topk_mean,2,test/intermediate_algebra/2046.json,12.0,incoherent,0.0,0.0,0.0
topk_mean,2,test/intermediate_algebra/345.json,12.0,incoherent,0.0,0.0,0.0
topk_mean,2,test/intermediate_algebra/446.json,12.0,incoherent,0.0,1.0,1.0
topk_mean,2,test/intermediate_algebra/47.json,12.0,incoherent,0.0,0.0,0.0
topk_mean,2,test/intermediate_algebra/607.json,12.0,incoherent,0.0,0.0,0.0
topk_mean,2,test/intermediate_algebra/690.json,12.0,incoherent,0.0,0.0,0.0
topk_mean,2,test/intermediate_algebra/752.json,12.0,incoherent,0.0,0.0,0.0
topk_mean,2,test/intermediate_algebra/894.json,12.0,incoherent,0.0,0.0,0.0
topk_mean,2,test/number_theory/1002.json,12.0,incoherent,0.0,0.0,0.0
topk_mean,2,test/number_theory/149.json,12.0,incoherent,0.0,0.0,0.0
topk_mean,2,test/number_theory/515.json,12.0,incoherent,0.0,0.0,0.0
topk_mean,2,test/prealgebra/1113.json,12.0,incoherent,0.0,0.0,0.0
topk_mean,2,test/prealgebra/1128.json,12.0,incoherent,0.0,0.0,0.0
topk_mean,2,test/prealgebra/1139.json,12.0,incoherent,0.0,0.0,0.0
topk_mean,2,test/prealgebra/1238.json,12.0,incoherent,0.0,0.0,0.0
topk_mean,2,test/prealgebra/1251.json,12.0,incoherent,0.0,0.0,0.0
topk_mean,2,test/prealgebra/1252.json,12.0,incoherent,0.0,0.0,0.0
topk_mean,2,test/prealgebra/1272.json,12.0,incoherent,0.0,0.0,0.0
topk_mean,2,test/prealgebra/1423.json,12.0,incoherent,0.0,0.0,0.0
topk_mean,2,test/prealgebra/1622.json,12.0,incoherent,0.0,0.0,0.0
topk_mean,2,test/prealgebra/1646.json,12.0,incoherent,0.0,0.0,0.0
topk_mean,2,test/prealgebra/1787.json,12.0,incoherent,0.0,0.0,0.0
topk_mean,2,test/prealgebra/1834.json,12.0,incoherent,0.0,0.0,0.0
topk_mean,2,test/prealgebra/1922.json,12.0,incoherent,0.0,0.0,0.0
topk_mean,2,test/prealgebra/1961.json,12.0,incoherent,0.0,0.0,0.0
topk_mean,2,test/prealgebra/2019.json,12.0,incoherent,0.0,0.0,0.0
topk_mean,2,test/prealgebra/2066.json,12.0,incoherent,0.0,0.0,0.0
topk_mean,2,test/prealgebra/505.json,12.0,incoherent,0.0,0.0,0.0
topk_mean,2,test/prealgebra/65.json,12.0,incoherent,0.0,0.0,0.0
topk_mean,2,test/prealgebra/996.json,12.0,incoherent,0.0,0.0,0.0
topk_mean,2,test/precalculus/1082.json,12.0,incoherent,0.0,0.0,0.0
topk_mean,2,test/precalculus/1105.json,12.0,incoherent,0.0,0.0,0.0
topk_mean,2,test/precalculus/1199.json,12.0,incoherent,0.0,0.0,0.0
topk_mean,2,test/precalculus/1303.json,12.0,incoherent,0.0,0.0,0.0
topk_mean,2,test/precalculus/398.json,12.0,incoherent,0.0,0.0,0.0
topk_mean,2,test/precalculus/43.json,12.0,incoherent,0.0,0.0,0.0
topk_mean,2,test/precalculus/541.json,12.0,incoherent,0.0,0.0,0.0
topk_mean,2,test/precalculus/580.json,12.0,incoherent,0.0,0.0,0.0
topk_mean,2,test/precalculus/779.json,12.0,incoherent,0.0,0.0,0.0
topk_mean,2,test/precalculus/927.json,12.0,incoherent,0.0,0.0,0.0
topk_mean,2,test/precalculus/96.json,12.0,incoherent,0.0,0.0,0.0
topk_mean,2,test/precalculus/986.json,12.0,incoherent,0.0,0.0,0.0
topk_mean,2,test/algebra/1082.json,12.0,correct,0.0,0.0,0.0
topk_mean,2,test/algebra/109.json,12.0,correct,1.0,1.0,0.0
topk_mean,2,test/algebra/1098.json,12.0,correct,1.0,1.0,0.0
topk_mean,2,test/algebra/1214.json,12.0,correct,1.0,0.0,-1.0
topk_mean,2,test/algebra/1265.json,12.0,correct,1.0,1.0,0.0
topk_mean,2,test/algebra/1282.json,12.0,correct,0.0,0.0,0.0
topk_mean,2,test/algebra/1338.json,12.0,correct,1.0,0.0,-1.0
topk_mean,2,test/algebra/1349.json,12.0,correct,0.0,0.0,0.0
topk_mean,2,test/algebra/1553.json,12.0,correct,0.0,1.0,1.0
topk_mean,2,test/algebra/1934.json,12.0,correct,1.0,0.0,-1.0
topk_mean,2,test/algebra/1960.json,12.0,correct,1.0,1.0,0.0
topk_mean,2,test/algebra/2043.json,12.0,correct,1.0,0.0,-1.0
topk_mean,2,test/algebra/2046.json,12.0,correct,1.0,0.0,-1.0
topk_mean,2,test/algebra/2159.json,12.0,correct,0.0,1.0,1.0
topk_mean,2,test/algebra/2264.json,12.0,correct,1.0,0.0,-1.0
topk_mean,2,test/algebra/2427.json,12.0,correct,0.0,0.0,0.0
topk_mean,2,test/algebra/2430.json,12.0,correct,0.0,0.0,0.0
topk_mean,2,test/algebra/2476.json,12.0,correct,0.0,0.0,0.0
topk_mean,2,test/algebra/2486.json,12.0,correct,1.0,0.0,-1.0
topk_mean,2,test/algebra/2570.json,12.0,correct,1.0,1.0,0.0
topk_mean,2,test/algebra/2593.json,12.0,correct,1.0,0.0,-1.0
topk_mean,2,test/algebra/2735.json,12.0,correct,0.0,0.0,0.0
topk_mean,2,test/algebra/2779.json,12.0,correct,1.0,0.0,-1.0
topk_mean,2,test/algebra/297.json,12.0,correct,0.0,0.0,0.0
topk_mean,2,test/algebra/425.json,12.0,correct,1.0,1.0,0.0
topk_mean,2,test/algebra/634.json,12.0,correct,0.0,0.0,0.0
topk_mean,2,test/algebra/661.json,12.0,correct,1.0,1.0,0.0
topk_mean,2,test/algebra/769.json,12.0,correct,1.0,0.0,-1.0
topk_mean,2,test/algebra/824.json,12.0,correct,1.0,1.0,0.0
topk_mean,2,test/algebra/892.json,12.0,correct,0.0,0.0,0.0
topk_mean,2,test/counting_and_probability/1009.json,12.0,correct,1.0,0.0,-1.0
topk_mean,2,test/counting_and_probability/1014.json,12.0,correct,1.0,0.0,-1.0
topk_mean,2,test/counting_and_probability/1060.json,12.0,correct,0.0,0.0,0.0
topk_mean,2,test/counting_and_probability/119.json,12.0,correct,0.0,0.0,0.0
topk_mean,2,test/counting_and_probability/25149.json,12.0,correct,1.0,0.0,-1.0
topk_mean,2,test/counting_and_probability/508.json,12.0,correct,0.0,0.0,0.0
topk_mean,2,test/counting_and_probability/525.json,12.0,correct,0.0,0.0,0.0
topk_mean,2,test/counting_and_probability/894.json,12.0,correct,1.0,0.0,-1.0
topk_mean,2,test/geometry/1140.json,12.0,correct,0.0,0.0,0.0
topk_mean,2,test/geometry/254.json,12.0,correct,0.0,0.0,0.0
topk_mean,2,test/geometry/456.json,12.0,correct,1.0,0.0,-1.0
topk_mean,2,test/geometry/465.json,12.0,correct,0.0,0.0,0.0
topk_mean,2,test/geometry/538.json,12.0,correct,0.0,0.0,0.0
topk_mean,2,test/geometry/561.json,12.0,correct,0.0,0.0,0.0
topk_mean,2,test/geometry/615.json,12.0,correct,0.0,0.0,0.0
topk_mean,2,test/geometry/711.json,12.0,correct,0.0,0.0,0.0
topk_mean,2,test/geometry/795.json,12.0,correct,0.0,0.0,0.0
topk_mean,2,test/geometry/843.json,12.0,correct,1.0,1.0,0.0
topk_mean,2,test/geometry/846.json,12.0,correct,0.0,0.0,0.0
topk_mean,2,test/intermediate_algebra/101.json,12.0,correct,0.0,0.0,0.0
topk_mean,2,test/intermediate_algebra/102.json,12.0,correct,0.0,0.0,0.0
topk_mean,2,test/intermediate_algebra/1354.json,12.0,correct,0.0,0.0,0.0
topk_mean,2,test/intermediate_algebra/1467.json,12.0,correct,0.0,0.0,0.0
topk_mean,2,test/intermediate_algebra/1555.json,12.0,correct,0.0,0.0,0.0
topk_mean,2,test/intermediate_algebra/1714.json,12.0,correct,1.0,0.0,-1.0
topk_mean,2,test/intermediate_algebra/1779.json,12.0,correct,0.0,0.0,0.0
topk_mean,2,test/intermediate_algebra/199.json,12.0,correct,0.0,0.0,0.0
topk_mean,2,test/intermediate_algebra/1994.json,12.0,correct,0.0,0.0,0.0
topk_mean,2,test/intermediate_algebra/2046.json,12.0,correct,0.0,0.0,0.0
topk_mean,2,test/intermediate_algebra/345.json,12.0,correct,0.0,0.0,0.0
topk_mean,2,test/intermediate_algebra/446.json,12.0,correct,0.0,0.0,0.0
topk_mean,2,test/intermediate_algebra/47.json,12.0,correct,0.0,0.0,0.0
topk_mean,2,test/intermediate_algebra/607.json,12.0,correct,0.0,0.0,0.0
topk_mean,2,test/intermediate_algebra/690.json,12.0,correct,0.0,0.0,0.0
topk_mean,2,test/intermediate_algebra/752.json,12.0,correct,0.0,0.0,0.0
topk_mean,2,test/intermediate_algebra/894.json,12.0,correct,0.0,0.0,0.0
topk_mean,2,test/number_theory/1002.json,12.0,correct,0.0,0.0,0.0
topk_mean,2,test/number_theory/149.json,12.0,correct,0.0,0.0,0.0
topk_mean,2,test/number_theory/515.json,12.0,correct,1.0,0.0,-1.0
topk_mean,2,test/prealgebra/1113.json,12.0,correct,1.0,1.0,0.0
topk_mean,2,test/prealgebra/1128.json,12.0,correct,0.0,0.0,0.0
topk_mean,2,test/prealgebra/1139.json,12.0,correct,0.0,0.0,0.0
topk_mean,2,test/prealgebra/1238.json,12.0,correct,1.0,0.0,-1.0
topk_mean,2,test/prealgebra/1251.json,12.0,correct,0.0,0.0,0.0
topk_mean,2,test/prealgebra/1252.json,12.0,correct,1.0,0.0,-1.0
topk_mean,2,test/prealgebra/1272.json,12.0,correct,1.0,0.0,-1.0
topk_mean,2,test/prealgebra/1423.json,12.0,correct,0.0,0.0,0.0
topk_mean,2,test/prealgebra/1622.json,12.0,correct,0.0,0.0,0.0
topk_mean,2,test/prealgebra/1646.json,12.0,correct,0.0,0.0,0.0
topk_mean,2,test/prealgebra/1787.json,12.0,correct,1.0,0.0,-1.0
topk_mean,2,test/prealgebra/1834.json,12.0,correct,0.0,0.0,0.0
topk_mean,2,test/prealgebra/1922.json,12.0,correct,0.0,0.0,0.0
topk_mean,2,test/prealgebra/1961.json,12.0,correct,0.0,0.0,0.0
topk_mean,2,test/prealgebra/2019.json,12.0,correct,1.0,0.0,-1.0
topk_mean,2,test/prealgebra/2066.json,12.0,correct,0.0,0.0,0.0
topk_mean,2,test/prealgebra/505.json,12.0,correct,1.0,0.0,-1.0
topk_mean,2,test/prealgebra/65.json,12.0,correct,0.0,0.0,0.0
topk_mean,2,test/prealgebra/996.json,12.0,correct,0.0,0.0,0.0
topk_mean,2,test/precalculus/1082.json,12.0,correct,0.0,0.0,0.0
topk_mean,2,test/precalculus/1105.json,12.0,correct,0.0,0.0,0.0
topk_mean,2,test/precalculus/1199.json,12.0,correct,0.0,0.0,0.0
topk_mean,2,test/precalculus/1303.json,12.0,correct,0.0,0.0,0.0
topk_mean,2,test/precalculus/398.json,12.0,correct,0.0,0.0,0.0
topk_mean,2,test/precalculus/43.json,12.0,correct,0.0,1.0,1.0
topk_mean,2,test/precalculus/541.json,12.0,correct,0.0,0.0,0.0
topk_mean,2,test/precalculus/580.json,12.0,correct,0.0,0.0,0.0
topk_mean,2,test/precalculus/779.json,12.0,correct,1.0,0.0,-1.0
topk_mean,2,test/precalculus/927.json,12.0,correct,0.0,0.0,0.0
topk_mean,2,test/precalculus/96.json,12.0,correct,0.0,0.0,0.0
topk_mean,2,test/precalculus/986.json,12.0,correct,0.0,0.0,0.0
topk_mean,42,test/algebra/1082.json,-12.0,gc,0.0,1.0,1.0
topk_mean,42,test/algebra/109.json,-12.0,gc,0.0,2.0,2.0
topk_mean,42,test/algebra/1098.json,-12.0,gc,0.0,0.0,0.0
topk_mean,42,test/algebra/1214.json,-12.0,gc,0.0,0.0,0.0
topk_mean,42,test/algebra/1265.json,-12.0,gc,0.0,0.0,0.0
topk_mean,42,test/algebra/1282.json,-12.0,gc,0.0,1.0,1.0
topk_mean,42,test/algebra/1338.json,-12.0,gc,0.0,0.0,0.0
topk_mean,42,test/algebra/1349.json,-12.0,gc,0.0,0.0,0.0
topk_mean,42,test/algebra/1553.json,-12.0,gc,0.0,0.0,0.0
topk_mean,42,test/algebra/1934.json,-12.0,gc,0.0,1.0,1.0
topk_mean,42,test/algebra/1960.json,-12.0,gc,0.0,0.0,0.0
topk_mean,42,test/algebra/2043.json,-12.0,gc,1.0,1.0,0.0
topk_mean,42,test/algebra/2046.json,-12.0,gc,0.0,0.0,0.0
topk_mean,42,test/algebra/2159.json,-12.0,gc,1.0,2.0,1.0
topk_mean,42,test/algebra/2264.json,-12.0,gc,0.0,1.0,1.0
topk_mean,42,test/algebra/2427.json,-12.0,gc,0.0,0.0,0.0
topk_mean,42,test/algebra/2430.json,-12.0,gc,1.0,1.0,0.0
topk_mean,42,test/algebra/2476.json,-12.0,gc,0.0,3.0,3.0
topk_mean,42,test/algebra/2486.json,-12.0,gc,0.0,4.0,4.0
topk_mean,42,test/algebra/2570.json,-12.0,gc,1.0,1.0,0.0
topk_mean,42,test/algebra/2593.json,-12.0,gc,0.0,0.0,0.0
topk_mean,42,test/algebra/2735.json,-12.0,gc,0.0,0.0,0.0
topk_mean,42,test/algebra/2779.json,-12.0,gc,0.0,0.0,0.0
topk_mean,42,test/algebra/297.json,-12.0,gc,0.0,3.0,3.0
topk_mean,42,test/algebra/425.json,-12.0,gc,0.0,0.0,0.0
topk_mean,42,test/algebra/634.json,-12.0,gc,0.0,1.0,1.0
topk_mean,42,test/algebra/661.json,-12.0,gc,0.0,0.0,0.0
topk_mean,42,test/algebra/769.json,-12.0,gc,0.0,0.0,0.0
topk_mean,42,test/algebra/824.json,-12.0,gc,0.0,0.0,0.0
topk_mean,42,test/algebra/892.json,-12.0,gc,1.0,0.0,-1.0
topk_mean,42,test/counting_and_probability/1009.json,-12.0,gc,0.0,2.0,2.0
topk_mean,42,test/counting_and_probability/1014.json,-12.0,gc,0.0,1.0,1.0
topk_mean,42,test/counting_and_probability/1060.json,-12.0,gc,0.0,0.0,0.0
topk_mean,42,test/counting_and_probability/119.json,-12.0,gc,0.0,2.0,2.0
topk_mean,42,test/counting_and_probability/25149.json,-12.0,gc,0.0,0.0,0.0
topk_mean,42,test/counting_and_probability/508.json,-12.0,gc,0.0,1.0,1.0
topk_mean,42,test/counting_and_probability/525.json,-12.0,gc,0.0,0.0,0.0
topk_mean,42,test/counting_and_probability/894.json,-12.0,gc,0.0,2.0,2.0
topk_mean,42,test/geometry/1140.json,-12.0,gc,1.0,1.0,0.0
topk_mean,42,test/geometry/254.json,-12.0,gc,0.0,1.0,1.0
topk_mean,42,test/geometry/456.json,-12.0,gc,0.0,0.0,0.0
topk_mean,42,test/geometry/465.json,-12.0,gc,1.0,0.0,-1.0
topk_mean,42,test/geometry/538.json,-12.0,gc,0.0,3.0,3.0
topk_mean,42,test/geometry/561.json,-12.0,gc,0.0,2.0,2.0
topk_mean,42,test/geometry/615.json,-12.0,gc,1.0,0.0,-1.0
topk_mean,42,test/geometry/711.json,-12.0,gc,1.0,3.0,2.0
topk_mean,42,test/geometry/795.json,-12.0,gc,0.0,1.0,1.0
topk_mean,42,test/geometry/843.json,-12.0,gc,0.0,0.0,0.0
topk_mean,42,test/geometry/846.json,-12.0,gc,1.0,2.0,1.0
topk_mean,42,test/intermediate_algebra/101.json,-12.0,gc,0.0,2.0,2.0
topk_mean,42,test/intermediate_algebra/102.json,-12.0,gc,0.0,1.0,1.0
topk_mean,42,test/intermediate_algebra/1354.json,-12.0,gc,0.0,0.0,0.0
topk_mean,42,test/intermediate_algebra/1467.json,-12.0,gc,1.0,0.0,-1.0
topk_mean,42,test/intermediate_algebra/1555.json,-12.0,gc,0.0,1.0,1.0
topk_mean,42,test/intermediate_algebra/1714.json,-12.0,gc,0.0,0.0,0.0
topk_mean,42,test/intermediate_algebra/1779.json,-12.0,gc,0.0,1.0,1.0
topk_mean,42,test/intermediate_algebra/199.json,-12.0,gc,1.0,0.0,-1.0
topk_mean,42,test/intermediate_algebra/1994.json,-12.0,gc,0.0,1.0,1.0
topk_mean,42,test/intermediate_algebra/2046.json,-12.0,gc,0.0,3.0,3.0
topk_mean,42,test/intermediate_algebra/345.json,-12.0,gc,0.0,1.0,1.0
topk_mean,42,test/intermediate_algebra/446.json,-12.0,gc,0.0,1.0,1.0
topk_mean,42,test/intermediate_algebra/47.json,-12.0,gc,0.0,1.0,1.0
topk_mean,42,test/intermediate_algebra/607.json,-12.0,gc,1.0,0.0,-1.0
topk_mean,42,test/intermediate_algebra/690.json,-12.0,gc,1.0,2.0,1.0
topk_mean,42,test/intermediate_algebra/752.json,-12.0,gc,0.0,0.0,0.0
topk_mean,42,test/intermediate_algebra/894.json,-12.0,gc,1.0,0.0,-1.0
topk_mean,42,test/number_theory/1002.json,-12.0,gc,0.0,2.0,2.0
topk_mean,42,test/number_theory/149.json,-12.0,gc,0.0,1.0,1.0
topk_mean,42,test/number_theory/515.json,-12.0,gc,0.0,3.0,3.0
topk_mean,42,test/prealgebra/1113.json,-12.0,gc,0.0,1.0,1.0
topk_mean,42,test/prealgebra/1128.json,-12.0,gc,0.0,0.0,0.0
topk_mean,42,test/prealgebra/1139.json,-12.0,gc,0.0,0.0,0.0
topk_mean,42,test/prealgebra/1238.json,-12.0,gc,0.0,0.0,0.0
topk_mean,42,test/prealgebra/1251.json,-12.0,gc,0.0,1.0,1.0
topk_mean,42,test/prealgebra/1252.json,-12.0,gc,0.0,0.0,0.0
topk_mean,42,test/prealgebra/1272.json,-12.0,gc,0.0,0.0,0.0
topk_mean,42,test/prealgebra/1423.json,-12.0,gc,0.0,0.0,0.0
topk_mean,42,test/prealgebra/1622.json,-12.0,gc,0.0,0.0,0.0
topk_mean,42,test/prealgebra/1646.json,-12.0,gc,0.0,1.0,1.0
topk_mean,42,test/prealgebra/1787.json,-12.0,gc,0.0,0.0,0.0
topk_mean,42,test/prealgebra/1834.json,-12.0,gc,0.0,0.0,0.0
topk_mean,42,test/prealgebra/1922.json,-12.0,gc,0.0,0.0,0.0
topk_mean,42,test/prealgebra/1961.json,-12.0,gc,0.0,1.0,1.0
topk_mean,42,test/prealgebra/2019.json,-12.0,gc,0.0,0.0,0.0
topk_mean,42,test/prealgebra/2066.json,-12.0,gc,0.0,0.0,0.0
topk_mean,42,test/prealgebra/505.json,-12.0,gc,0.0,2.0,2.0
topk_mean,42,test/prealgebra/65.json,-12.0,gc,0.0,0.0,0.0
topk_mean,42,test/prealgebra/996.json,-12.0,gc,0.0,1.0,1.0
topk_mean,42,test/precalculus/1082.json,-12.0,gc,1.0,1.0,0.0
topk_mean,42,test/precalculus/1105.json,-12.0,gc,0.0,0.0,0.0
topk_mean,42,test/precalculus/1199.json,-12.0,gc,1.0,1.0,0.0
topk_mean,42,test/precalculus/1303.json,-12.0,gc,0.0,1.0,1.0
topk_mean,42,test/precalculus/398.json,-12.0,gc,1.0,1.0,0.0
topk_mean,42,test/precalculus/43.json,-12.0,gc,0.0,4.0,4.0
topk_mean,42,test/precalculus/541.json,-12.0,gc,0.0,0.0,0.0
topk_mean,42,test/precalculus/580.json,-12.0,gc,0.0,2.0,2.0
topk_mean,42,test/precalculus/779.json,-12.0,gc,0.0,1.0,1.0
topk_mean,42,test/precalculus/927.json,-12.0,gc,2.0,0.0,-2.0
topk_mean,42,test/precalculus/96.json,-12.0,gc,1.0,2.0,1.0
topk_mean,42,test/precalculus/986.json,-12.0,gc,0.0,0.0,0.0
topk_mean,42,test/algebra/1082.json,-12.0,coherent_gc,0.0,0.0,0.0
topk_mean,42,test/algebra/109.json,-12.0,coherent_gc,0.0,0.0,0.0
topk_mean,42,test/algebra/1098.json,-12.0,coherent_gc,0.0,0.0,0.0
topk_mean,42,test/algebra/1214.json,-12.0,coherent_gc,0.0,0.0,0.0
topk_mean,42,test/algebra/1265.json,-12.0,coherent_gc,0.0,0.0,0.0
topk_mean,42,test/algebra/1282.json,-12.0,coherent_gc,0.0,1.0,1.0
topk_mean,42,test/algebra/1338.json,-12.0,coherent_gc,0.0,0.0,0.0
topk_mean,42,test/algebra/1349.json,-12.0,coherent_gc,0.0,0.0,0.0
topk_mean,42,test/algebra/1553.json,-12.0,coherent_gc,0.0,0.0,0.0
topk_mean,42,test/algebra/1934.json,-12.0,coherent_gc,0.0,1.0,1.0
topk_mean,42,test/algebra/1960.json,-12.0,coherent_gc,0.0,0.0,0.0
topk_mean,42,test/algebra/2043.json,-12.0,coherent_gc,1.0,0.0,-1.0
topk_mean,42,test/algebra/2046.json,-12.0,coherent_gc,0.0,0.0,0.0
topk_mean,42,test/algebra/2159.json,-12.0,coherent_gc,1.0,2.0,1.0
topk_mean,42,test/algebra/2264.json,-12.0,coherent_gc,0.0,1.0,1.0
topk_mean,42,test/algebra/2427.json,-12.0,coherent_gc,0.0,0.0,0.0
topk_mean,42,test/algebra/2430.json,-12.0,coherent_gc,1.0,0.0,-1.0
topk_mean,42,test/algebra/2476.json,-12.0,coherent_gc,0.0,3.0,3.0
topk_mean,42,test/algebra/2486.json,-12.0,coherent_gc,0.0,4.0,4.0
topk_mean,42,test/algebra/2570.json,-12.0,coherent_gc,1.0,1.0,0.0
topk_mean,42,test/algebra/2593.json,-12.0,coherent_gc,0.0,0.0,0.0
topk_mean,42,test/algebra/2735.json,-12.0,coherent_gc,0.0,0.0,0.0
topk_mean,42,test/algebra/2779.json,-12.0,coherent_gc,0.0,0.0,0.0
topk_mean,42,test/algebra/297.json,-12.0,coherent_gc,0.0,0.0,0.0
topk_mean,42,test/algebra/425.json,-12.0,coherent_gc,0.0,0.0,0.0
topk_mean,42,test/algebra/634.json,-12.0,coherent_gc,0.0,0.0,0.0
topk_mean,42,test/algebra/661.json,-12.0,coherent_gc,0.0,0.0,0.0
topk_mean,42,test/algebra/769.json,-12.0,coherent_gc,0.0,0.0,0.0
topk_mean,42,test/algebra/824.json,-12.0,coherent_gc,0.0,0.0,0.0
topk_mean,42,test/algebra/892.json,-12.0,coherent_gc,1.0,0.0,-1.0
topk_mean,42,test/counting_and_probability/1009.json,-12.0,coherent_gc,0.0,2.0,2.0
topk_mean,42,test/counting_and_probability/1014.json,-12.0,coherent_gc,0.0,1.0,1.0
topk_mean,42,test/counting_and_probability/1060.json,-12.0,coherent_gc,0.0,0.0,0.0
topk_mean,42,test/counting_and_probability/119.json,-12.0,coherent_gc,0.0,2.0,2.0
topk_mean,42,test/counting_and_probability/25149.json,-12.0,coherent_gc,0.0,0.0,0.0
topk_mean,42,test/counting_and_probability/508.json,-12.0,coherent_gc,0.0,1.0,1.0
topk_mean,42,test/counting_and_probability/525.json,-12.0,coherent_gc,0.0,0.0,0.0
topk_mean,42,test/counting_and_probability/894.json,-12.0,coherent_gc,0.0,0.0,0.0
topk_mean,42,test/geometry/1140.json,-12.0,coherent_gc,1.0,0.0,-1.0
topk_mean,42,test/geometry/254.json,-12.0,coherent_gc,0.0,1.0,1.0
topk_mean,42,test/geometry/456.json,-12.0,coherent_gc,0.0,0.0,0.0
topk_mean,42,test/geometry/465.json,-12.0,coherent_gc,1.0,0.0,-1.0
topk_mean,42,test/geometry/538.json,-12.0,coherent_gc,0.0,0.0,0.0
topk_mean,42,test/geometry/561.json,-12.0,coherent_gc,0.0,2.0,2.0
topk_mean,42,test/geometry/615.json,-12.0,coherent_gc,1.0,0.0,-1.0
topk_mean,42,test/geometry/711.json,-12.0,coherent_gc,1.0,3.0,2.0
topk_mean,42,test/geometry/795.json,-12.0,coherent_gc,0.0,0.0,0.0
topk_mean,42,test/geometry/843.json,-12.0,coherent_gc,0.0,0.0,0.0
topk_mean,42,test/geometry/846.json,-12.0,coherent_gc,1.0,2.0,1.0
topk_mean,42,test/intermediate_algebra/101.json,-12.0,coherent_gc,0.0,0.0,0.0
topk_mean,42,test/intermediate_algebra/102.json,-12.0,coherent_gc,0.0,1.0,1.0
topk_mean,42,test/intermediate_algebra/1354.json,-12.0,coherent_gc,0.0,0.0,0.0
topk_mean,42,test/intermediate_algebra/1467.json,-12.0,coherent_gc,1.0,0.0,-1.0
topk_mean,42,test/intermediate_algebra/1555.json,-12.0,coherent_gc,0.0,1.0,1.0
topk_mean,42,test/intermediate_algebra/1714.json,-12.0,coherent_gc,0.0,0.0,0.0
topk_mean,42,test/intermediate_algebra/1779.json,-12.0,coherent_gc,0.0,1.0,1.0
topk_mean,42,test/intermediate_algebra/199.json,-12.0,coherent_gc,1.0,0.0,-1.0
topk_mean,42,test/intermediate_algebra/1994.json,-12.0,coherent_gc,0.0,1.0,1.0
topk_mean,42,test/intermediate_algebra/2046.json,-12.0,coherent_gc,0.0,3.0,3.0
topk_mean,42,test/intermediate_algebra/345.json,-12.0,coherent_gc,0.0,0.0,0.0
topk_mean,42,test/intermediate_algebra/446.json,-12.0,coherent_gc,0.0,0.0,0.0
topk_mean,42,test/intermediate_algebra/47.json,-12.0,coherent_gc,0.0,0.0,0.0
topk_mean,42,test/intermediate_algebra/607.json,-12.0,coherent_gc,1.0,0.0,-1.0
topk_mean,42,test/intermediate_algebra/690.json,-12.0,coherent_gc,1.0,0.0,-1.0
topk_mean,42,test/intermediate_algebra/752.json,-12.0,coherent_gc,0.0,0.0,0.0
topk_mean,42,test/intermediate_algebra/894.json,-12.0,coherent_gc,1.0,0.0,-1.0
topk_mean,42,test/number_theory/1002.json,-12.0,coherent_gc,0.0,0.0,0.0
topk_mean,42,test/number_theory/149.json,-12.0,coherent_gc,0.0,1.0,1.0
topk_mean,42,test/number_theory/515.json,-12.0,coherent_gc,0.0,0.0,0.0
topk_mean,42,test/prealgebra/1113.json,-12.0,coherent_gc,0.0,1.0,1.0
topk_mean,42,test/prealgebra/1128.json,-12.0,coherent_gc,0.0,0.0,0.0
topk_mean,42,test/prealgebra/1139.json,-12.0,coherent_gc,0.0,0.0,0.0
topk_mean,42,test/prealgebra/1238.json,-12.0,coherent_gc,0.0,0.0,0.0
topk_mean,42,test/prealgebra/1251.json,-12.0,coherent_gc,0.0,1.0,1.0
topk_mean,42,test/prealgebra/1252.json,-12.0,coherent_gc,0.0,0.0,0.0
topk_mean,42,test/prealgebra/1272.json,-12.0,coherent_gc,0.0,0.0,0.0
topk_mean,42,test/prealgebra/1423.json,-12.0,coherent_gc,0.0,0.0,0.0
topk_mean,42,test/prealgebra/1622.json,-12.0,coherent_gc,0.0,0.0,0.0
topk_mean,42,test/prealgebra/1646.json,-12.0,coherent_gc,0.0,1.0,1.0
topk_mean,42,test/prealgebra/1787.json,-12.0,coherent_gc,0.0,0.0,0.0
topk_mean,42,test/prealgebra/1834.json,-12.0,coherent_gc,0.0,0.0,0.0
topk_mean,42,test/prealgebra/1922.json,-12.0,coherent_gc,0.0,0.0,0.0
topk_mean,42,test/prealgebra/1961.json,-12.0,coherent_gc,0.0,1.0,1.0
topk_mean,42,test/prealgebra/2019.json,-12.0,coherent_gc,0.0,0.0,0.0
topk_mean,42,test/prealgebra/2066.json,-12.0,coherent_gc,0.0,0.0,0.0
topk_mean,42,test/prealgebra/505.json,-12.0,coherent_gc,0.0,2.0,2.0
topk_mean,42,test/prealgebra/65.json,-12.0,coherent_gc,0.0,0.0,0.0
topk_mean,42,test/prealgebra/996.json,-12.0,coherent_gc,0.0,0.0,0.0
topk_mean,42,test/precalculus/1082.json,-12.0,coherent_gc,1.0,1.0,0.0
topk_mean,42,test/precalculus/1105.json,-12.0,coherent_gc,0.0,0.0,0.0
topk_mean,42,test/precalculus/1199.json,-12.0,coherent_gc,1.0,1.0,0.0
topk_mean,42,test/precalculus/1303.json,-12.0,coherent_gc,0.0,1.0,1.0
topk_mean,42,test/precalculus/398.json,-12.0,coherent_gc,1.0,1.0,0.0
topk_mean,42,test/precalculus/43.json,-12.0,coherent_gc,0.0,0.0,0.0
topk_mean,42,test/precalculus/541.json,-12.0,coherent_gc,0.0,0.0,0.0
topk_mean,42,test/precalculus/580.json,-12.0,coherent_gc,0.0,0.0,0.0
topk_mean,42,test/precalculus/779.json,-12.0,coherent_gc,0.0,1.0,1.0
topk_mean,42,test/precalculus/927.json,-12.0,coherent_gc,2.0,0.0,-2.0
topk_mean,42,test/precalculus/96.json,-12.0,coherent_gc,1.0,2.0,1.0
topk_mean,42,test/precalculus/986.json,-12.0,coherent_gc,0.0,0.0,0.0
topk_mean,42,test/algebra/1082.json,-12.0,coherent_bt,0.0,0.0,0.0
topk_mean,42,test/algebra/109.json,-12.0,coherent_bt,0.0,0.0,0.0
topk_mean,42,test/algebra/1098.json,-12.0,coherent_bt,0.0,0.0,0.0
topk_mean,42,test/algebra/1214.json,-12.0,coherent_bt,0.0,0.0,0.0
topk_mean,42,test/algebra/1265.json,-12.0,coherent_bt,0.0,0.0,0.0
topk_mean,42,test/algebra/1282.json,-12.0,coherent_bt,0.0,1.0,1.0
topk_mean,42,test/algebra/1338.json,-12.0,coherent_bt,0.0,0.0,0.0
topk_mean,42,test/algebra/1349.json,-12.0,coherent_bt,0.0,0.0,0.0
topk_mean,42,test/algebra/1553.json,-12.0,coherent_bt,0.0,0.0,0.0
topk_mean,42,test/algebra/1934.json,-12.0,coherent_bt,0.0,1.0,1.0
topk_mean,42,test/algebra/1960.json,-12.0,coherent_bt,0.0,0.0,0.0
topk_mean,42,test/algebra/2043.json,-12.0,coherent_bt,1.0,0.0,-1.0
topk_mean,42,test/algebra/2046.json,-12.0,coherent_bt,0.0,0.0,0.0
topk_mean,42,test/algebra/2159.json,-12.0,coherent_bt,1.0,1.0,0.0
topk_mean,42,test/algebra/2264.json,-12.0,coherent_bt,0.0,1.0,1.0
topk_mean,42,test/algebra/2427.json,-12.0,coherent_bt,0.0,0.0,0.0
topk_mean,42,test/algebra/2430.json,-12.0,coherent_bt,1.0,0.0,-1.0
topk_mean,42,test/algebra/2476.json,-12.0,coherent_bt,0.0,1.0,1.0
topk_mean,42,test/algebra/2486.json,-12.0,coherent_bt,0.0,1.0,1.0
topk_mean,42,test/algebra/2570.json,-12.0,coherent_bt,1.0,1.0,0.0
topk_mean,42,test/algebra/2593.json,-12.0,coherent_bt,0.0,0.0,0.0
topk_mean,42,test/algebra/2735.json,-12.0,coherent_bt,0.0,0.0,0.0
topk_mean,42,test/algebra/2779.json,-12.0,coherent_bt,0.0,0.0,0.0
topk_mean,42,test/algebra/297.json,-12.0,coherent_bt,0.0,0.0,0.0
topk_mean,42,test/algebra/425.json,-12.0,coherent_bt,0.0,0.0,0.0
topk_mean,42,test/algebra/634.json,-12.0,coherent_bt,0.0,0.0,0.0
topk_mean,42,test/algebra/661.json,-12.0,coherent_bt,0.0,0.0,0.0
topk_mean,42,test/algebra/769.json,-12.0,coherent_bt,0.0,0.0,0.0
topk_mean,42,test/algebra/824.json,-12.0,coherent_bt,0.0,0.0,0.0
topk_mean,42,test/algebra/892.json,-12.0,coherent_bt,1.0,0.0,-1.0
topk_mean,42,test/counting_and_probability/1009.json,-12.0,coherent_bt,0.0,1.0,1.0
topk_mean,42,test/counting_and_probability/1014.json,-12.0,coherent_bt,0.0,1.0,1.0
topk_mean,42,test/counting_and_probability/1060.json,-12.0,coherent_bt,0.0,0.0,0.0
topk_mean,42,test/counting_and_probability/119.json,-12.0,coherent_bt,0.0,1.0,1.0
topk_mean,42,test/counting_and_probability/25149.json,-12.0,coherent_bt,0.0,0.0,0.0
topk_mean,42,test/counting_and_probability/508.json,-12.0,coherent_bt,0.0,1.0,1.0
topk_mean,42,test/counting_and_probability/525.json,-12.0,coherent_bt,0.0,0.0,0.0
topk_mean,42,test/counting_and_probability/894.json,-12.0,coherent_bt,0.0,0.0,0.0
topk_mean,42,test/geometry/1140.json,-12.0,coherent_bt,1.0,0.0,-1.0
topk_mean,42,test/geometry/254.json,-12.0,coherent_bt,0.0,1.0,1.0
topk_mean,42,test/geometry/456.json,-12.0,coherent_bt,0.0,0.0,0.0
topk_mean,42,test/geometry/465.json,-12.0,coherent_bt,1.0,0.0,-1.0
topk_mean,42,test/geometry/538.json,-12.0,coherent_bt,0.0,0.0,0.0
topk_mean,42,test/geometry/561.json,-12.0,coherent_bt,0.0,1.0,1.0
topk_mean,42,test/geometry/615.json,-12.0,coherent_bt,1.0,0.0,-1.0
topk_mean,42,test/geometry/711.json,-12.0,coherent_bt,1.0,1.0,0.0
topk_mean,42,test/geometry/795.json,-12.0,coherent_bt,0.0,0.0,0.0
topk_mean,42,test/geometry/843.json,-12.0,coherent_bt,0.0,0.0,0.0
topk_mean,42,test/geometry/846.json,-12.0,coherent_bt,1.0,1.0,0.0
topk_mean,42,test/intermediate_algebra/101.json,-12.0,coherent_bt,0.0,0.0,0.0
topk_mean,42,test/intermediate_algebra/102.json,-12.0,coherent_bt,0.0,1.0,1.0
topk_mean,42,test/intermediate_algebra/1354.json,-12.0,coherent_bt,0.0,0.0,0.0
topk_mean,42,test/intermediate_algebra/1467.json,-12.0,coherent_bt,1.0,0.0,-1.0
topk_mean,42,test/intermediate_algebra/1555.json,-12.0,coherent_bt,0.0,1.0,1.0
topk_mean,42,test/intermediate_algebra/1714.json,-12.0,coherent_bt,0.0,0.0,0.0
topk_mean,42,test/intermediate_algebra/1779.json,-12.0,coherent_bt,0.0,1.0,1.0
topk_mean,42,test/intermediate_algebra/199.json,-12.0,coherent_bt,1.0,0.0,-1.0
topk_mean,42,test/intermediate_algebra/1994.json,-12.0,coherent_bt,0.0,1.0,1.0
topk_mean,42,test/intermediate_algebra/2046.json,-12.0,coherent_bt,0.0,1.0,1.0
topk_mean,42,test/intermediate_algebra/345.json,-12.0,coherent_bt,0.0,0.0,0.0
topk_mean,42,test/intermediate_algebra/446.json,-12.0,coherent_bt,0.0,0.0,0.0
topk_mean,42,test/intermediate_algebra/47.json,-12.0,coherent_bt,0.0,0.0,0.0
topk_mean,42,test/intermediate_algebra/607.json,-12.0,coherent_bt,1.0,0.0,-1.0
topk_mean,42,test/intermediate_algebra/690.json,-12.0,coherent_bt,1.0,0.0,-1.0
topk_mean,42,test/intermediate_algebra/752.json,-12.0,coherent_bt,0.0,0.0,0.0
topk_mean,42,test/intermediate_algebra/894.json,-12.0,coherent_bt,1.0,0.0,-1.0
topk_mean,42,test/number_theory/1002.json,-12.0,coherent_bt,0.0,0.0,0.0
topk_mean,42,test/number_theory/149.json,-12.0,coherent_bt,0.0,1.0,1.0
topk_mean,42,test/number_theory/515.json,-12.0,coherent_bt,0.0,0.0,0.0
topk_mean,42,test/prealgebra/1113.json,-12.0,coherent_bt,0.0,1.0,1.0
topk_mean,42,test/prealgebra/1128.json,-12.0,coherent_bt,0.0,0.0,0.0
topk_mean,42,test/prealgebra/1139.json,-12.0,coherent_bt,0.0,0.0,0.0
topk_mean,42,test/prealgebra/1238.json,-12.0,coherent_bt,0.0,0.0,0.0
topk_mean,42,test/prealgebra/1251.json,-12.0,coherent_bt,0.0,1.0,1.0
topk_mean,42,test/prealgebra/1252.json,-12.0,coherent_bt,0.0,0.0,0.0
topk_mean,42,test/prealgebra/1272.json,-12.0,coherent_bt,0.0,0.0,0.0
topk_mean,42,test/prealgebra/1423.json,-12.0,coherent_bt,0.0,0.0,0.0
topk_mean,42,test/prealgebra/1622.json,-12.0,coherent_bt,0.0,0.0,0.0
topk_mean,42,test/prealgebra/1646.json,-12.0,coherent_bt,0.0,1.0,1.0
topk_mean,42,test/prealgebra/1787.json,-12.0,coherent_bt,0.0,0.0,0.0
topk_mean,42,test/prealgebra/1834.json,-12.0,coherent_bt,0.0,0.0,0.0
topk_mean,42,test/prealgebra/1922.json,-12.0,coherent_bt,0.0,0.0,0.0
topk_mean,42,test/prealgebra/1961.json,-12.0,coherent_bt,0.0,1.0,1.0
topk_mean,42,test/prealgebra/2019.json,-12.0,coherent_bt,0.0,0.0,0.0
topk_mean,42,test/prealgebra/2066.json,-12.0,coherent_bt,0.0,0.0,0.0
topk_mean,42,test/prealgebra/505.json,-12.0,coherent_bt,0.0,1.0,1.0
topk_mean,42,test/prealgebra/65.json,-12.0,coherent_bt,0.0,0.0,0.0
topk_mean,42,test/prealgebra/996.json,-12.0,coherent_bt,0.0,0.0,0.0
topk_mean,42,test/precalculus/1082.json,-12.0,coherent_bt,1.0,1.0,0.0
topk_mean,42,test/precalculus/1105.json,-12.0,coherent_bt,0.0,0.0,0.0
topk_mean,42,test/precalculus/1199.json,-12.0,coherent_bt,1.0,1.0,0.0
topk_mean,42,test/precalculus/1303.json,-12.0,coherent_bt,0.0,1.0,1.0
topk_mean,42,test/precalculus/398.json,-12.0,coherent_bt,1.0,1.0,0.0
topk_mean,42,test/precalculus/43.json,-12.0,coherent_bt,0.0,0.0,0.0
topk_mean,42,test/precalculus/541.json,-12.0,coherent_bt,0.0,0.0,0.0
topk_mean,42,test/precalculus/580.json,-12.0,coherent_bt,0.0,0.0,0.0
topk_mean,42,test/precalculus/779.json,-12.0,coherent_bt,0.0,1.0,1.0
topk_mean,42,test/precalculus/927.json,-12.0,coherent_bt,1.0,0.0,-1.0
topk_mean,42,test/precalculus/96.json,-12.0,coherent_bt,1.0,1.0,0.0
topk_mean,42,test/precalculus/986.json,-12.0,coherent_bt,0.0,0.0,0.0
topk_mean,42,test/algebra/1082.json,-12.0,incoherent,0.0,1.0,1.0
topk_mean,42,test/algebra/109.json,-12.0,incoherent,0.0,1.0,1.0
topk_mean,42,test/algebra/1098.json,-12.0,incoherent,0.0,0.0,0.0
topk_mean,42,test/algebra/1214.json,-12.0,incoherent,0.0,0.0,0.0
topk_mean,42,test/algebra/1265.json,-12.0,incoherent,0.0,0.0,0.0
topk_mean,42,test/algebra/1282.json,-12.0,incoherent,0.0,0.0,0.0
topk_mean,42,test/algebra/1338.json,-12.0,incoherent,0.0,0.0,0.0
topk_mean,42,test/algebra/1349.json,-12.0,incoherent,0.0,1.0,1.0
topk_mean,42,test/algebra/1553.json,-12.0,incoherent,0.0,0.0,0.0
topk_mean,42,test/algebra/1934.json,-12.0,incoherent,0.0,0.0,0.0
topk_mean,42,test/algebra/1960.json,-12.0,incoherent,0.0,0.0,0.0
topk_mean,42,test/algebra/2043.json,-12.0,incoherent,0.0,1.0,1.0
topk_mean,42,test/algebra/2046.json,-12.0,incoherent,0.0,0.0,0.0
topk_mean,42,test/algebra/2159.json,-12.0,incoherent,0.0,0.0,0.0
topk_mean,42,test/algebra/2264.json,-12.0,incoherent,0.0,0.0,0.0
topk_mean,42,test/algebra/2427.json,-12.0,incoherent,0.0,0.0,0.0
topk_mean,42,test/algebra/2430.json,-12.0,incoherent,0.0,1.0,1.0
topk_mean,42,test/algebra/2476.json,-12.0,incoherent,0.0,0.0,0.0
topk_mean,42,test/algebra/2486.json,-12.0,incoherent,0.0,0.0,0.0
topk_mean,42,test/algebra/2570.json,-12.0,incoherent,0.0,0.0,0.0
topk_mean,42,test/algebra/2593.json,-12.0,incoherent,0.0,0.0,0.0
topk_mean,42,test/algebra/2735.json,-12.0,incoherent,0.0,1.0,1.0
topk_mean,42,test/algebra/2779.json,-12.0,incoherent,0.0,0.0,0.0
topk_mean,42,test/algebra/297.json,-12.0,incoherent,0.0,1.0,1.0
topk_mean,42,test/algebra/425.json,-12.0,incoherent,0.0,0.0,0.0
topk_mean,42,test/algebra/634.json,-12.0,incoherent,0.0,1.0,1.0
topk_mean,42,test/algebra/661.json,-12.0,incoherent,0.0,0.0,0.0
topk_mean,42,test/algebra/769.json,-12.0,incoherent,0.0,0.0,0.0
topk_mean,42,test/algebra/824.json,-12.0,incoherent,0.0,0.0,0.0
topk_mean,42,test/algebra/892.json,-12.0,incoherent,0.0,0.0,0.0
topk_mean,42,test/counting_and_probability/1009.json,-12.0,incoherent,0.0,0.0,0.0
topk_mean,42,test/counting_and_probability/1014.json,-12.0,incoherent,0.0,0.0,0.0
topk_mean,42,test/counting_and_probability/1060.json,-12.0,incoherent,0.0,0.0,0.0
topk_mean,42,test/counting_and_probability/119.json,-12.0,incoherent,0.0,0.0,0.0
topk_mean,42,test/counting_and_probability/25149.json,-12.0,incoherent,0.0,0.0,0.0
topk_mean,42,test/counting_and_probability/508.json,-12.0,incoherent,0.0,0.0,0.0
topk_mean,42,test/counting_and_probability/525.json,-12.0,incoherent,0.0,1.0,1.0
topk_mean,42,test/counting_and_probability/894.json,-12.0,incoherent,0.0,1.0,1.0
topk_mean,42,test/geometry/1140.json,-12.0,incoherent,0.0,1.0,1.0
topk_mean,42,test/geometry/254.json,-12.0,incoherent,0.0,0.0,0.0
topk_mean,42,test/geometry/456.json,-12.0,incoherent,0.0,0.0,0.0
topk_mean,42,test/geometry/465.json,-12.0,incoherent,0.0,1.0,1.0
topk_mean,42,test/geometry/538.json,-12.0,incoherent,0.0,1.0,1.0
topk_mean,42,test/geometry/561.json,-12.0,incoherent,0.0,0.0,0.0
topk_mean,42,test/geometry/615.json,-12.0,incoherent,0.0,1.0,1.0
topk_mean,42,test/geometry/711.json,-12.0,incoherent,0.0,0.0,0.0
topk_mean,42,test/geometry/795.json,-12.0,incoherent,0.0,1.0,1.0
topk_mean,42,test/geometry/843.json,-12.0,incoherent,0.0,0.0,0.0
topk_mean,42,test/geometry/846.json,-12.0,incoherent,0.0,0.0,0.0
topk_mean,42,test/intermediate_algebra/101.json,-12.0,incoherent,0.0,1.0,1.0
topk_mean,42,test/intermediate_algebra/102.json,-12.0,incoherent,0.0,0.0,0.0
topk_mean,42,test/intermediate_algebra/1354.json,-12.0,incoherent,0.0,0.0,0.0
topk_mean,42,test/intermediate_algebra/1467.json,-12.0,incoherent,0.0,1.0,1.0
topk_mean,42,test/intermediate_algebra/1555.json,-12.0,incoherent,0.0,0.0,0.0
topk_mean,42,test/intermediate_algebra/1714.json,-12.0,incoherent,0.0,0.0,0.0
topk_mean,42,test/intermediate_algebra/1779.json,-12.0,incoherent,0.0,0.0,0.0
topk_mean,42,test/intermediate_algebra/199.json,-12.0,incoherent,0.0,1.0,1.0
topk_mean,42,test/intermediate_algebra/1994.json,-12.0,incoherent,0.0,0.0,0.0
topk_mean,42,test/intermediate_algebra/2046.json,-12.0,incoherent,0.0,0.0,0.0
topk_mean,42,test/intermediate_algebra/345.json,-12.0,incoherent,0.0,1.0,1.0
topk_mean,42,test/intermediate_algebra/446.json,-12.0,incoherent,0.0,1.0,1.0
topk_mean,42,test/intermediate_algebra/47.json,-12.0,incoherent,0.0,1.0,1.0
topk_mean,42,test/intermediate_algebra/607.json,-12.0,incoherent,0.0,1.0,1.0
topk_mean,42,test/intermediate_algebra/690.json,-12.0,incoherent,0.0,1.0,1.0
topk_mean,42,test/intermediate_algebra/752.json,-12.0,incoherent,0.0,0.0,0.0
topk_mean,42,test/intermediate_algebra/894.json,-12.0,incoherent,0.0,0.0,0.0
topk_mean,42,test/number_theory/1002.json,-12.0,incoherent,0.0,1.0,1.0
topk_mean,42,test/number_theory/149.json,-12.0,incoherent,0.0,0.0,0.0
topk_mean,42,test/number_theory/515.json,-12.0,incoherent,0.0,1.0,1.0
topk_mean,42,test/prealgebra/1113.json,-12.0,incoherent,0.0,0.0,0.0
topk_mean,42,test/prealgebra/1128.json,-12.0,incoherent,0.0,0.0,0.0
topk_mean,42,test/prealgebra/1139.json,-12.0,incoherent,0.0,0.0,0.0
topk_mean,42,test/prealgebra/1238.json,-12.0,incoherent,0.0,0.0,0.0
topk_mean,42,test/prealgebra/1251.json,-12.0,incoherent,0.0,0.0,0.0
topk_mean,42,test/prealgebra/1252.json,-12.0,incoherent,0.0,0.0,0.0
topk_mean,42,test/prealgebra/1272.json,-12.0,incoherent,0.0,0.0,0.0
topk_mean,42,test/prealgebra/1423.json,-12.0,incoherent,0.0,0.0,0.0
topk_mean,42,test/prealgebra/1622.json,-12.0,incoherent,0.0,0.0,0.0
topk_mean,42,test/prealgebra/1646.json,-12.0,incoherent,0.0,0.0,0.0
topk_mean,42,test/prealgebra/1787.json,-12.0,incoherent,0.0,1.0,1.0
topk_mean,42,test/prealgebra/1834.json,-12.0,incoherent,0.0,0.0,0.0
topk_mean,42,test/prealgebra/1922.json,-12.0,incoherent,0.0,0.0,0.0
topk_mean,42,test/prealgebra/1961.json,-12.0,incoherent,0.0,0.0,0.0
topk_mean,42,test/prealgebra/2019.json,-12.0,incoherent,0.0,0.0,0.0
topk_mean,42,test/prealgebra/2066.json,-12.0,incoherent,0.0,0.0,0.0
topk_mean,42,test/prealgebra/505.json,-12.0,incoherent,0.0,0.0,0.0
topk_mean,42,test/prealgebra/65.json,-12.0,incoherent,0.0,1.0,1.0
topk_mean,42,test/prealgebra/996.json,-12.0,incoherent,0.0,1.0,1.0
topk_mean,42,test/precalculus/1082.json,-12.0,incoherent,0.0,0.0,0.0
topk_mean,42,test/precalculus/1105.json,-12.0,incoherent,0.0,0.0,0.0
topk_mean,42,test/precalculus/1199.json,-12.0,incoherent,0.0,0.0,0.0
topk_mean,42,test/precalculus/1303.json,-12.0,incoherent,0.0,0.0,0.0
topk_mean,42,test/precalculus/398.json,-12.0,incoherent,0.0,0.0,0.0
topk_mean,42,test/precalculus/43.json,-12.0,incoherent,0.0,1.0,1.0
topk_mean,42,test/precalculus/541.json,-12.0,incoherent,0.0,0.0,0.0
topk_mean,42,test/precalculus/580.json,-12.0,incoherent,0.0,1.0,1.0
topk_mean,42,test/precalculus/779.json,-12.0,incoherent,0.0,0.0,0.0
topk_mean,42,test/precalculus/927.json,-12.0,incoherent,0.0,0.0,0.0
topk_mean,42,test/precalculus/96.json,-12.0,incoherent,0.0,0.0,0.0
topk_mean,42,test/precalculus/986.json,-12.0,incoherent,0.0,0.0,0.0
topk_mean,42,test/algebra/1082.json,-12.0,correct,0.0,0.0,0.0
topk_mean,42,test/algebra/109.json,-12.0,correct,1.0,0.0,-1.0
topk_mean,42,test/algebra/1098.json,-12.0,correct,1.0,0.0,-1.0
topk_mean,42,test/algebra/1214.json,-12.0,correct,1.0,0.0,-1.0
topk_mean,42,test/algebra/1265.json,-12.0,correct,1.0,0.0,-1.0
topk_mean,42,test/algebra/1282.json,-12.0,correct,0.0,0.0,0.0
topk_mean,42,test/algebra/1338.json,-12.0,correct,1.0,0.0,-1.0
topk_mean,42,test/algebra/1349.json,-12.0,correct,0.0,0.0,0.0
topk_mean,42,test/algebra/1553.json,-12.0,correct,0.0,0.0,0.0
topk_mean,42,test/algebra/1934.json,-12.0,correct,1.0,0.0,-1.0
topk_mean,42,test/algebra/1960.json,-12.0,correct,1.0,0.0,-1.0
topk_mean,42,test/algebra/2043.json,-12.0,correct,1.0,0.0,-1.0
topk_mean,42,test/algebra/2046.json,-12.0,correct,1.0,0.0,-1.0
topk_mean,42,test/algebra/2159.json,-12.0,correct,0.0,0.0,0.0
topk_mean,42,test/algebra/2264.json,-12.0,correct,1.0,0.0,-1.0
topk_mean,42,test/algebra/2427.json,-12.0,correct,0.0,0.0,0.0
topk_mean,42,test/algebra/2430.json,-12.0,correct,0.0,0.0,0.0
topk_mean,42,test/algebra/2476.json,-12.0,correct,0.0,0.0,0.0
topk_mean,42,test/algebra/2486.json,-12.0,correct,1.0,0.0,-1.0
topk_mean,42,test/algebra/2570.json,-12.0,correct,1.0,0.0,-1.0
topk_mean,42,test/algebra/2593.json,-12.0,correct,1.0,1.0,0.0
topk_mean,42,test/algebra/2735.json,-12.0,correct,0.0,0.0,0.0
topk_mean,42,test/algebra/2779.json,-12.0,correct,1.0,0.0,-1.0
topk_mean,42,test/algebra/297.json,-12.0,correct,0.0,0.0,0.0
topk_mean,42,test/algebra/425.json,-12.0,correct,1.0,0.0,-1.0
topk_mean,42,test/algebra/634.json,-12.0,correct,0.0,0.0,0.0
topk_mean,42,test/algebra/661.json,-12.0,correct,1.0,0.0,-1.0
topk_mean,42,test/algebra/769.json,-12.0,correct,1.0,1.0,0.0
topk_mean,42,test/algebra/824.json,-12.0,correct,1.0,0.0,-1.0
topk_mean,42,test/algebra/892.json,-12.0,correct,0.0,0.0,0.0
topk_mean,42,test/counting_and_probability/1009.json,-12.0,correct,1.0,0.0,-1.0
topk_mean,42,test/counting_and_probability/1014.json,-12.0,correct,1.0,0.0,-1.0
topk_mean,42,test/counting_and_probability/1060.json,-12.0,correct,0.0,0.0,0.0
topk_mean,42,test/counting_and_probability/119.json,-12.0,correct,0.0,0.0,0.0
topk_mean,42,test/counting_and_probability/25149.json,-12.0,correct,1.0,0.0,-1.0
topk_mean,42,test/counting_and_probability/508.json,-12.0,correct,0.0,0.0,0.0
topk_mean,42,test/counting_and_probability/525.json,-12.0,correct,0.0,0.0,0.0
topk_mean,42,test/counting_and_probability/894.json,-12.0,correct,1.0,0.0,-1.0
topk_mean,42,test/geometry/1140.json,-12.0,correct,0.0,0.0,0.0
topk_mean,42,test/geometry/254.json,-12.0,correct,0.0,0.0,0.0
topk_mean,42,test/geometry/456.json,-12.0,correct,1.0,0.0,-1.0
topk_mean,42,test/geometry/465.json,-12.0,correct,0.0,0.0,0.0
topk_mean,42,test/geometry/538.json,-12.0,correct,0.0,0.0,0.0
topk_mean,42,test/geometry/561.json,-12.0,correct,0.0,0.0,0.0
topk_mean,42,test/geometry/615.json,-12.0,correct,0.0,0.0,0.0
topk_mean,42,test/geometry/711.json,-12.0,correct,0.0,0.0,0.0
topk_mean,42,test/geometry/795.json,-12.0,correct,0.0,0.0,0.0
topk_mean,42,test/geometry/843.json,-12.0,correct,1.0,0.0,-1.0
topk_mean,42,test/geometry/846.json,-12.0,correct,0.0,0.0,0.0
topk_mean,42,test/intermediate_algebra/101.json,-12.0,correct,0.0,0.0,0.0
topk_mean,42,test/intermediate_algebra/102.json,-12.0,correct,0.0,0.0,0.0
topk_mean,42,test/intermediate_algebra/1354.json,-12.0,correct,0.0,0.0,0.0
topk_mean,42,test/intermediate_algebra/1467.json,-12.0,correct,0.0,0.0,0.0
topk_mean,42,test/intermediate_algebra/1555.json,-12.0,correct,0.0,0.0,0.0
topk_mean,42,test/intermediate_algebra/1714.json,-12.0,correct,1.0,0.0,-1.0
topk_mean,42,test/intermediate_algebra/1779.json,-12.0,correct,0.0,0.0,0.0
topk_mean,42,test/intermediate_algebra/199.json,-12.0,correct,0.0,0.0,0.0
topk_mean,42,test/intermediate_algebra/1994.json,-12.0,correct,0.0,0.0,0.0
topk_mean,42,test/intermediate_algebra/2046.json,-12.0,correct,0.0,0.0,0.0
topk_mean,42,test/intermediate_algebra/345.json,-12.0,correct,0.0,0.0,0.0
topk_mean,42,test/intermediate_algebra/446.json,-12.0,correct,0.0,0.0,0.0
topk_mean,42,test/intermediate_algebra/47.json,-12.0,correct,0.0,0.0,0.0
topk_mean,42,test/intermediate_algebra/607.json,-12.0,correct,0.0,0.0,0.0
topk_mean,42,test/intermediate_algebra/690.json,-12.0,correct,0.0,0.0,0.0
topk_mean,42,test/intermediate_algebra/752.json,-12.0,correct,0.0,0.0,0.0
topk_mean,42,test/intermediate_algebra/894.json,-12.0,correct,0.0,0.0,0.0
topk_mean,42,test/number_theory/1002.json,-12.0,correct,0.0,0.0,0.0
topk_mean,42,test/number_theory/149.json,-12.0,correct,0.0,0.0,0.0
topk_mean,42,test/number_theory/515.json,-12.0,correct,1.0,0.0,-1.0
topk_mean,42,test/prealgebra/1113.json,-12.0,correct,1.0,1.0,0.0
topk_mean,42,test/prealgebra/1128.json,-12.0,correct,0.0,0.0,0.0
topk_mean,42,test/prealgebra/1139.json,-12.0,correct,0.0,0.0,0.0
topk_mean,42,test/prealgebra/1238.json,-12.0,correct,1.0,0.0,-1.0
topk_mean,42,test/prealgebra/1251.json,-12.0,correct,0.0,0.0,0.0
topk_mean,42,test/prealgebra/1252.json,-12.0,correct,1.0,0.0,-1.0
topk_mean,42,test/prealgebra/1272.json,-12.0,correct,1.0,0.0,-1.0
topk_mean,42,test/prealgebra/1423.json,-12.0,correct,0.0,0.0,0.0
topk_mean,42,test/prealgebra/1622.json,-12.0,correct,0.0,0.0,0.0
topk_mean,42,test/prealgebra/1646.json,-12.0,correct,0.0,0.0,0.0
topk_mean,42,test/prealgebra/1787.json,-12.0,correct,1.0,0.0,-1.0
topk_mean,42,test/prealgebra/1834.json,-12.0,correct,0.0,1.0,1.0
topk_mean,42,test/prealgebra/1922.json,-12.0,correct,0.0,0.0,0.0
topk_mean,42,test/prealgebra/1961.json,-12.0,correct,0.0,0.0,0.0
topk_mean,42,test/prealgebra/2019.json,-12.0,correct,1.0,0.0,-1.0
topk_mean,42,test/prealgebra/2066.json,-12.0,correct,0.0,0.0,0.0
topk_mean,42,test/prealgebra/505.json,-12.0,correct,1.0,0.0,-1.0
topk_mean,42,test/prealgebra/65.json,-12.0,correct,0.0,0.0,0.0
topk_mean,42,test/prealgebra/996.json,-12.0,correct,0.0,0.0,0.0
topk_mean,42,test/precalculus/1082.json,-12.0,correct,0.0,0.0,0.0
topk_mean,42,test/precalculus/1105.json,-12.0,correct,0.0,1.0,1.0
topk_mean,42,test/precalculus/1199.json,-12.0,correct,0.0,0.0,0.0
topk_mean,42,test/precalculus/1303.json,-12.0,correct,0.0,0.0,0.0
topk_mean,42,test/precalculus/398.json,-12.0,correct,0.0,0.0,0.0
topk_mean,42,test/precalculus/43.json,-12.0,correct,0.0,0.0,0.0
topk_mean,42,test/precalculus/541.json,-12.0,correct,0.0,0.0,0.0
topk_mean,42,test/precalculus/580.json,-12.0,correct,0.0,0.0,0.0
topk_mean,42,test/precalculus/779.json,-12.0,correct,1.0,0.0,-1.0
topk_mean,42,test/precalculus/927.json,-12.0,correct,0.0,0.0,0.0
topk_mean,42,test/precalculus/96.json,-12.0,correct,0.0,0.0,0.0
topk_mean,42,test/precalculus/986.json,-12.0,correct,0.0,0.0,0.0
topk_max,1,test/algebra/1082.json,-4.0,gc,0.0,0.0,0.0
topk_max,1,test/algebra/109.json,-4.0,gc,0.0,0.0,0.0
topk_max,1,test/algebra/1098.json,-4.0,gc,0.0,0.0,0.0
topk_max,1,test/algebra/1214.json,-4.0,gc,0.0,0.0,0.0
topk_max,1,test/algebra/1265.json,-4.0,gc,0.0,0.0,0.0
topk_max,1,test/algebra/1282.json,-4.0,gc,0.0,0.0,0.0
topk_max,1,test/algebra/1338.json,-4.0,gc,0.0,0.0,0.0
topk_max,1,test/algebra/1349.json,-4.0,gc,0.0,0.0,0.0
topk_max,1,test/algebra/1553.json,-4.0,gc,0.0,0.0,0.0
topk_max,1,test/algebra/1934.json,-4.0,gc,0.0,1.0,1.0
topk_max,1,test/algebra/1960.json,-4.0,gc,0.0,0.0,0.0
topk_max,1,test/algebra/2043.json,-4.0,gc,1.0,0.0,-1.0
topk_max,1,test/algebra/2046.json,-4.0,gc,0.0,0.0,0.0
topk_max,1,test/algebra/2159.json,-4.0,gc,1.0,1.0,0.0
topk_max,1,test/algebra/2264.json,-4.0,gc,0.0,0.0,0.0
topk_max,1,test/algebra/2427.json,-4.0,gc,0.0,0.0,0.0
topk_max,1,test/algebra/2430.json,-4.0,gc,1.0,0.0,-1.0
topk_max,1,test/algebra/2476.json,-4.0,gc,0.0,0.0,0.0
topk_max,1,test/algebra/2486.json,-4.0,gc,0.0,0.0,0.0
topk_max,1,test/algebra/2570.json,-4.0,gc,1.0,1.0,0.0
topk_max,1,test/algebra/2593.json,-4.0,gc,0.0,1.0,1.0
topk_max,1,test/algebra/2735.json,-4.0,gc,0.0,0.0,0.0
topk_max,1,test/algebra/2779.json,-4.0,gc,0.0,0.0,0.0
topk_max,1,test/algebra/297.json,-4.0,gc,0.0,0.0,0.0
topk_max,1,test/algebra/425.json,-4.0,gc,0.0,0.0,0.0
topk_max,1,test/algebra/634.json,-4.0,gc,0.0,0.0,0.0
topk_max,1,test/algebra/661.json,-4.0,gc,0.0,0.0,0.0
topk_max,1,test/algebra/769.json,-4.0,gc,0.0,0.0,0.0
topk_max,1,test/algebra/824.json,-4.0,gc,0.0,0.0,0.0
topk_max,1,test/algebra/892.json,-4.0,gc,1.0,1.0,0.0
topk_max,1,test/counting_and_probability/1009.json,-4.0,gc,0.0,0.0,0.0
topk_max,1,test/counting_and_probability/1014.json,-4.0,gc,0.0,0.0,0.0
topk_max,1,test/counting_and_probability/1060.json,-4.0,gc,0.0,0.0,0.0
topk_max,1,test/counting_and_probability/119.json,-4.0,gc,0.0,0.0,0.0
topk_max,1,test/counting_and_probability/25149.json,-4.0,gc,0.0,1.0,1.0
topk_max,1,test/counting_and_probability/508.json,-4.0,gc,0.0,0.0,0.0
topk_max,1,test/counting_and_probability/525.json,-4.0,gc,0.0,0.0,0.0
topk_max,1,test/counting_and_probability/894.json,-4.0,gc,0.0,0.0,0.0
topk_max,1,test/geometry/1140.json,-4.0,gc,1.0,0.0,-1.0
topk_max,1,test/geometry/254.json,-4.0,gc,0.0,0.0,0.0
topk_max,1,test/geometry/456.json,-4.0,gc,0.0,0.0,0.0
topk_max,1,test/geometry/465.json,-4.0,gc,1.0,0.0,-1.0
topk_max,1,test/geometry/538.json,-4.0,gc,0.0,0.0,0.0
topk_max,1,test/geometry/561.json,-4.0,gc,0.0,0.0,0.0
topk_max,1,test/geometry/615.json,-4.0,gc,1.0,0.0,-1.0
topk_max,1,test/geometry/711.json,-4.0,gc,1.0,1.0,0.0
topk_max,1,test/geometry/795.json,-4.0,gc,0.0,1.0,1.0
topk_max,1,test/geometry/843.json,-4.0,gc,0.0,0.0,0.0
topk_max,1,test/geometry/846.json,-4.0,gc,1.0,0.0,-1.0
topk_max,1,test/intermediate_algebra/101.json,-4.0,gc,0.0,0.0,0.0
topk_max,1,test/intermediate_algebra/102.json,-4.0,gc,0.0,1.0,1.0
topk_max,1,test/intermediate_algebra/1354.json,-4.0,gc,0.0,2.0,2.0
topk_max,1,test/intermediate_algebra/1467.json,-4.0,gc,1.0,2.0,1.0
topk_max,1,test/intermediate_algebra/1555.json,-4.0,gc,0.0,0.0,0.0
topk_max,1,test/intermediate_algebra/1714.json,-4.0,gc,0.0,1.0,1.0
topk_max,1,test/intermediate_algebra/1779.json,-4.0,gc,0.0,0.0,0.0
topk_max,1,test/intermediate_algebra/199.json,-4.0,gc,1.0,1.0,0.0
topk_max,1,test/intermediate_algebra/1994.json,-4.0,gc,0.0,0.0,0.0
topk_max,1,test/intermediate_algebra/2046.json,-4.0,gc,0.0,3.0,3.0
topk_max,1,test/intermediate_algebra/345.json,-4.0,gc,0.0,0.0,0.0
topk_max,1,test/intermediate_algebra/446.json,-4.0,gc,0.0,0.0,0.0
topk_max,1,test/intermediate_algebra/47.json,-4.0,gc,0.0,0.0,0.0
topk_max,1,test/intermediate_algebra/607.json,-4.0,gc,1.0,0.0,-1.0
topk_max,1,test/intermediate_algebra/690.json,-4.0,gc,1.0,0.0,-1.0
topk_max,1,test/intermediate_algebra/752.json,-4.0,gc,0.0,0.0,0.0
topk_max,1,test/intermediate_algebra/894.json,-4.0,gc,1.0,1.0,0.0
topk_max,1,test/number_theory/1002.json,-4.0,gc,0.0,0.0,0.0
topk_max,1,test/number_theory/149.json,-4.0,gc,0.0,0.0,0.0
topk_max,1,test/number_theory/515.json,-4.0,gc,0.0,0.0,0.0
topk_max,1,test/prealgebra/1113.json,-4.0,gc,0.0,0.0,0.0
topk_max,1,test/prealgebra/1128.json,-4.0,gc,0.0,0.0,0.0
topk_max,1,test/prealgebra/1139.json,-4.0,gc,0.0,2.0,2.0
topk_max,1,test/prealgebra/1238.json,-4.0,gc,0.0,0.0,0.0
topk_max,1,test/prealgebra/1251.json,-4.0,gc,0.0,1.0,1.0
topk_max,1,test/prealgebra/1252.json,-4.0,gc,0.0,0.0,0.0
topk_max,1,test/prealgebra/1272.json,-4.0,gc,0.0,0.0,0.0
topk_max,1,test/prealgebra/1423.json,-4.0,gc,0.0,0.0,0.0
topk_max,1,test/prealgebra/1622.json,-4.0,gc,0.0,0.0,0.0
topk_max,1,test/prealgebra/1646.json,-4.0,gc,0.0,0.0,0.0
topk_max,1,test/prealgebra/1787.json,-4.0,gc,0.0,0.0,0.0
topk_max,1,test/prealgebra/1834.json,-4.0,gc,0.0,0.0,0.0
topk_max,1,test/prealgebra/1922.json,-4.0,gc,0.0,0.0,0.0
topk_max,1,test/prealgebra/1961.json,-4.0,gc,0.0,1.0,1.0
topk_max,1,test/prealgebra/2019.json,-4.0,gc,0.0,0.0,0.0
topk_max,1,test/prealgebra/2066.json,-4.0,gc,0.0,0.0,0.0
topk_max,1,test/prealgebra/505.json,-4.0,gc,0.0,0.0,0.0
topk_max,1,test/prealgebra/65.json,-4.0,gc,0.0,0.0,0.0
topk_max,1,test/prealgebra/996.json,-4.0,gc,0.0,0.0,0.0
topk_max,1,test/precalculus/1082.json,-4.0,gc,1.0,0.0,-1.0
topk_max,1,test/precalculus/1105.json,-4.0,gc,0.0,0.0,0.0
topk_max,1,test/precalculus/1199.json,-4.0,gc,1.0,0.0,-1.0
topk_max,1,test/precalculus/1303.json,-4.0,gc,0.0,0.0,0.0
topk_max,1,test/precalculus/398.json,-4.0,gc,1.0,0.0,-1.0
topk_max,1,test/precalculus/43.json,-4.0,gc,0.0,0.0,0.0
topk_max,1,test/precalculus/541.json,-4.0,gc,0.0,0.0,0.0
topk_max,1,test/precalculus/580.json,-4.0,gc,0.0,0.0,0.0
topk_max,1,test/precalculus/779.json,-4.0,gc,0.0,0.0,0.0
topk_max,1,test/precalculus/927.json,-4.0,gc,2.0,0.0,-2.0
topk_max,1,test/precalculus/96.json,-4.0,gc,1.0,1.0,0.0
topk_max,1,test/precalculus/986.json,-4.0,gc,0.0,0.0,0.0
topk_max,1,test/algebra/1082.json,-4.0,coherent_gc,0.0,0.0,0.0
topk_max,1,test/algebra/109.json,-4.0,coherent_gc,0.0,0.0,0.0
topk_max,1,test/algebra/1098.json,-4.0,coherent_gc,0.0,0.0,0.0
topk_max,1,test/algebra/1214.json,-4.0,coherent_gc,0.0,0.0,0.0
topk_max,1,test/algebra/1265.json,-4.0,coherent_gc,0.0,0.0,0.0
topk_max,1,test/algebra/1282.json,-4.0,coherent_gc,0.0,0.0,0.0
topk_max,1,test/algebra/1338.json,-4.0,coherent_gc,0.0,0.0,0.0
topk_max,1,test/algebra/1349.json,-4.0,coherent_gc,0.0,0.0,0.0
topk_max,1,test/algebra/1553.json,-4.0,coherent_gc,0.0,0.0,0.0
topk_max,1,test/algebra/1934.json,-4.0,coherent_gc,0.0,1.0,1.0
topk_max,1,test/algebra/1960.json,-4.0,coherent_gc,0.0,0.0,0.0
topk_max,1,test/algebra/2043.json,-4.0,coherent_gc,1.0,0.0,-1.0
topk_max,1,test/algebra/2046.json,-4.0,coherent_gc,0.0,0.0,0.0
topk_max,1,test/algebra/2159.json,-4.0,coherent_gc,1.0,1.0,0.0
topk_max,1,test/algebra/2264.json,-4.0,coherent_gc,0.0,0.0,0.0
topk_max,1,test/algebra/2427.json,-4.0,coherent_gc,0.0,0.0,0.0
topk_max,1,test/algebra/2430.json,-4.0,coherent_gc,1.0,0.0,-1.0
topk_max,1,test/algebra/2476.json,-4.0,coherent_gc,0.0,0.0,0.0
topk_max,1,test/algebra/2486.json,-4.0,coherent_gc,0.0,0.0,0.0
topk_max,1,test/algebra/2570.json,-4.0,coherent_gc,1.0,1.0,0.0
topk_max,1,test/algebra/2593.json,-4.0,coherent_gc,0.0,1.0,1.0
topk_max,1,test/algebra/2735.json,-4.0,coherent_gc,0.0,0.0,0.0
topk_max,1,test/algebra/2779.json,-4.0,coherent_gc,0.0,0.0,0.0
topk_max,1,test/algebra/297.json,-4.0,coherent_gc,0.0,0.0,0.0
topk_max,1,test/algebra/425.json,-4.0,coherent_gc,0.0,0.0,0.0
topk_max,1,test/algebra/634.json,-4.0,coherent_gc,0.0,0.0,0.0
topk_max,1,test/algebra/661.json,-4.0,coherent_gc,0.0,0.0,0.0
topk_max,1,test/algebra/769.json,-4.0,coherent_gc,0.0,0.0,0.0
topk_max,1,test/algebra/824.json,-4.0,coherent_gc,0.0,0.0,0.0
topk_max,1,test/algebra/892.json,-4.0,coherent_gc,1.0,1.0,0.0
topk_max,1,test/counting_and_probability/1009.json,-4.0,coherent_gc,0.0,0.0,0.0
topk_max,1,test/counting_and_probability/1014.json,-4.0,coherent_gc,0.0,0.0,0.0
topk_max,1,test/counting_and_probability/1060.json,-4.0,coherent_gc,0.0,0.0,0.0
topk_max,1,test/counting_and_probability/119.json,-4.0,coherent_gc,0.0,0.0,0.0
topk_max,1,test/counting_and_probability/25149.json,-4.0,coherent_gc,0.0,1.0,1.0
topk_max,1,test/counting_and_probability/508.json,-4.0,coherent_gc,0.0,0.0,0.0
topk_max,1,test/counting_and_probability/525.json,-4.0,coherent_gc,0.0,0.0,0.0
topk_max,1,test/counting_and_probability/894.json,-4.0,coherent_gc,0.0,0.0,0.0
topk_max,1,test/geometry/1140.json,-4.0,coherent_gc,1.0,0.0,-1.0
topk_max,1,test/geometry/254.json,-4.0,coherent_gc,0.0,0.0,0.0
topk_max,1,test/geometry/456.json,-4.0,coherent_gc,0.0,0.0,0.0
topk_max,1,test/geometry/465.json,-4.0,coherent_gc,1.0,0.0,-1.0
topk_max,1,test/geometry/538.json,-4.0,coherent_gc,0.0,0.0,0.0
topk_max,1,test/geometry/561.json,-4.0,coherent_gc,0.0,0.0,0.0
topk_max,1,test/geometry/615.json,-4.0,coherent_gc,1.0,0.0,-1.0
topk_max,1,test/geometry/711.json,-4.0,coherent_gc,1.0,1.0,0.0
topk_max,1,test/geometry/795.json,-4.0,coherent_gc,0.0,1.0,1.0
topk_max,1,test/geometry/843.json,-4.0,coherent_gc,0.0,0.0,0.0
topk_max,1,test/geometry/846.json,-4.0,coherent_gc,1.0,0.0,-1.0
topk_max,1,test/intermediate_algebra/101.json,-4.0,coherent_gc,0.0,0.0,0.0
topk_max,1,test/intermediate_algebra/102.json,-4.0,coherent_gc,0.0,1.0,1.0
topk_max,1,test/intermediate_algebra/1354.json,-4.0,coherent_gc,0.0,2.0,2.0
topk_max,1,test/intermediate_algebra/1467.json,-4.0,coherent_gc,1.0,2.0,1.0
topk_max,1,test/intermediate_algebra/1555.json,-4.0,coherent_gc,0.0,0.0,0.0
topk_max,1,test/intermediate_algebra/1714.json,-4.0,coherent_gc,0.0,1.0,1.0
topk_max,1,test/intermediate_algebra/1779.json,-4.0,coherent_gc,0.0,0.0,0.0
topk_max,1,test/intermediate_algebra/199.json,-4.0,coherent_gc,1.0,1.0,0.0
topk_max,1,test/intermediate_algebra/1994.json,-4.0,coherent_gc,0.0,0.0,0.0
topk_max,1,test/intermediate_algebra/2046.json,-4.0,coherent_gc,0.0,3.0,3.0
topk_max,1,test/intermediate_algebra/345.json,-4.0,coherent_gc,0.0,0.0,0.0
topk_max,1,test/intermediate_algebra/446.json,-4.0,coherent_gc,0.0,0.0,0.0
topk_max,1,test/intermediate_algebra/47.json,-4.0,coherent_gc,0.0,0.0,0.0
topk_max,1,test/intermediate_algebra/607.json,-4.0,coherent_gc,1.0,0.0,-1.0
topk_max,1,test/intermediate_algebra/690.json,-4.0,coherent_gc,1.0,0.0,-1.0
topk_max,1,test/intermediate_algebra/752.json,-4.0,coherent_gc,0.0,0.0,0.0
topk_max,1,test/intermediate_algebra/894.json,-4.0,coherent_gc,1.0,1.0,0.0
topk_max,1,test/number_theory/1002.json,-4.0,coherent_gc,0.0,0.0,0.0
topk_max,1,test/number_theory/149.json,-4.0,coherent_gc,0.0,0.0,0.0
topk_max,1,test/number_theory/515.json,-4.0,coherent_gc,0.0,0.0,0.0
topk_max,1,test/prealgebra/1113.json,-4.0,coherent_gc,0.0,0.0,0.0
topk_max,1,test/prealgebra/1128.json,-4.0,coherent_gc,0.0,0.0,0.0
topk_max,1,test/prealgebra/1139.json,-4.0,coherent_gc,0.0,2.0,2.0
topk_max,1,test/prealgebra/1238.json,-4.0,coherent_gc,0.0,0.0,0.0
topk_max,1,test/prealgebra/1251.json,-4.0,coherent_gc,0.0,1.0,1.0
topk_max,1,test/prealgebra/1252.json,-4.0,coherent_gc,0.0,0.0,0.0
topk_max,1,test/prealgebra/1272.json,-4.0,coherent_gc,0.0,0.0,0.0
topk_max,1,test/prealgebra/1423.json,-4.0,coherent_gc,0.0,0.0,0.0
topk_max,1,test/prealgebra/1622.json,-4.0,coherent_gc,0.0,0.0,0.0
topk_max,1,test/prealgebra/1646.json,-4.0,coherent_gc,0.0,0.0,0.0
topk_max,1,test/prealgebra/1787.json,-4.0,coherent_gc,0.0,0.0,0.0
topk_max,1,test/prealgebra/1834.json,-4.0,coherent_gc,0.0,0.0,0.0
topk_max,1,test/prealgebra/1922.json,-4.0,coherent_gc,0.0,0.0,0.0
topk_max,1,test/prealgebra/1961.json,-4.0,coherent_gc,0.0,1.0,1.0
topk_max,1,test/prealgebra/2019.json,-4.0,coherent_gc,0.0,0.0,0.0
topk_max,1,test/prealgebra/2066.json,-4.0,coherent_gc,0.0,0.0,0.0
topk_max,1,test/prealgebra/505.json,-4.0,coherent_gc,0.0,0.0,0.0
topk_max,1,test/prealgebra/65.json,-4.0,coherent_gc,0.0,0.0,0.0
topk_max,1,test/prealgebra/996.json,-4.0,coherent_gc,0.0,0.0,0.0
topk_max,1,test/precalculus/1082.json,-4.0,coherent_gc,1.0,0.0,-1.0
topk_max,1,test/precalculus/1105.json,-4.0,coherent_gc,0.0,0.0,0.0
topk_max,1,test/precalculus/1199.json,-4.0,coherent_gc,1.0,0.0,-1.0
topk_max,1,test/precalculus/1303.json,-4.0,coherent_gc,0.0,0.0,0.0
topk_max,1,test/precalculus/398.json,-4.0,coherent_gc,1.0,0.0,-1.0
topk_max,1,test/precalculus/43.json,-4.0,coherent_gc,0.0,0.0,0.0
topk_max,1,test/precalculus/541.json,-4.0,coherent_gc,0.0,0.0,0.0
topk_max,1,test/precalculus/580.json,-4.0,coherent_gc,0.0,0.0,0.0
topk_max,1,test/precalculus/779.json,-4.0,coherent_gc,0.0,0.0,0.0
topk_max,1,test/precalculus/927.json,-4.0,coherent_gc,2.0,0.0,-2.0
topk_max,1,test/precalculus/96.json,-4.0,coherent_gc,1.0,1.0,0.0
topk_max,1,test/precalculus/986.json,-4.0,coherent_gc,0.0,0.0,0.0
topk_max,1,test/algebra/1082.json,-4.0,coherent_bt,0.0,0.0,0.0
topk_max,1,test/algebra/109.json,-4.0,coherent_bt,0.0,0.0,0.0
topk_max,1,test/algebra/1098.json,-4.0,coherent_bt,0.0,0.0,0.0
topk_max,1,test/algebra/1214.json,-4.0,coherent_bt,0.0,0.0,0.0
topk_max,1,test/algebra/1265.json,-4.0,coherent_bt,0.0,0.0,0.0
topk_max,1,test/algebra/1282.json,-4.0,coherent_bt,0.0,0.0,0.0
topk_max,1,test/algebra/1338.json,-4.0,coherent_bt,0.0,0.0,0.0
topk_max,1,test/algebra/1349.json,-4.0,coherent_bt,0.0,0.0,0.0
topk_max,1,test/algebra/1553.json,-4.0,coherent_bt,0.0,0.0,0.0
topk_max,1,test/algebra/1934.json,-4.0,coherent_bt,0.0,1.0,1.0
topk_max,1,test/algebra/1960.json,-4.0,coherent_bt,0.0,0.0,0.0
topk_max,1,test/algebra/2043.json,-4.0,coherent_bt,1.0,0.0,-1.0
topk_max,1,test/algebra/2046.json,-4.0,coherent_bt,0.0,0.0,0.0
topk_max,1,test/algebra/2159.json,-4.0,coherent_bt,1.0,1.0,0.0
topk_max,1,test/algebra/2264.json,-4.0,coherent_bt,0.0,0.0,0.0
topk_max,1,test/algebra/2427.json,-4.0,coherent_bt,0.0,0.0,0.0
topk_max,1,test/algebra/2430.json,-4.0,coherent_bt,1.0,0.0,-1.0
topk_max,1,test/algebra/2476.json,-4.0,coherent_bt,0.0,0.0,0.0
topk_max,1,test/algebra/2486.json,-4.0,coherent_bt,0.0,0.0,0.0
topk_max,1,test/algebra/2570.json,-4.0,coherent_bt,1.0,1.0,0.0
topk_max,1,test/algebra/2593.json,-4.0,coherent_bt,0.0,1.0,1.0
topk_max,1,test/algebra/2735.json,-4.0,coherent_bt,0.0,0.0,0.0
topk_max,1,test/algebra/2779.json,-4.0,coherent_bt,0.0,0.0,0.0
topk_max,1,test/algebra/297.json,-4.0,coherent_bt,0.0,0.0,0.0
topk_max,1,test/algebra/425.json,-4.0,coherent_bt,0.0,0.0,0.0
topk_max,1,test/algebra/634.json,-4.0,coherent_bt,0.0,0.0,0.0
topk_max,1,test/algebra/661.json,-4.0,coherent_bt,0.0,0.0,0.0
topk_max,1,test/algebra/769.json,-4.0,coherent_bt,0.0,0.0,0.0
topk_max,1,test/algebra/824.json,-4.0,coherent_bt,0.0,0.0,0.0
topk_max,1,test/algebra/892.json,-4.0,coherent_bt,1.0,1.0,0.0
topk_max,1,test/counting_and_probability/1009.json,-4.0,coherent_bt,0.0,0.0,0.0
topk_max,1,test/counting_and_probability/1014.json,-4.0,coherent_bt,0.0,0.0,0.0
topk_max,1,test/counting_and_probability/1060.json,-4.0,coherent_bt,0.0,0.0,0.0
topk_max,1,test/counting_and_probability/119.json,-4.0,coherent_bt,0.0,0.0,0.0
topk_max,1,test/counting_and_probability/25149.json,-4.0,coherent_bt,0.0,1.0,1.0
topk_max,1,test/counting_and_probability/508.json,-4.0,coherent_bt,0.0,0.0,0.0
topk_max,1,test/counting_and_probability/525.json,-4.0,coherent_bt,0.0,0.0,0.0
topk_max,1,test/counting_and_probability/894.json,-4.0,coherent_bt,0.0,0.0,0.0
topk_max,1,test/geometry/1140.json,-4.0,coherent_bt,1.0,0.0,-1.0
topk_max,1,test/geometry/254.json,-4.0,coherent_bt,0.0,0.0,0.0
topk_max,1,test/geometry/456.json,-4.0,coherent_bt,0.0,0.0,0.0
topk_max,1,test/geometry/465.json,-4.0,coherent_bt,1.0,0.0,-1.0
topk_max,1,test/geometry/538.json,-4.0,coherent_bt,0.0,0.0,0.0
topk_max,1,test/geometry/561.json,-4.0,coherent_bt,0.0,0.0,0.0
topk_max,1,test/geometry/615.json,-4.0,coherent_bt,1.0,0.0,-1.0
topk_max,1,test/geometry/711.json,-4.0,coherent_bt,1.0,1.0,0.0
topk_max,1,test/geometry/795.json,-4.0,coherent_bt,0.0,1.0,1.0
topk_max,1,test/geometry/843.json,-4.0,coherent_bt,0.0,0.0,0.0
topk_max,1,test/geometry/846.json,-4.0,coherent_bt,1.0,0.0,-1.0
topk_max,1,test/intermediate_algebra/101.json,-4.0,coherent_bt,0.0,0.0,0.0
topk_max,1,test/intermediate_algebra/102.json,-4.0,coherent_bt,0.0,1.0,1.0
topk_max,1,test/intermediate_algebra/1354.json,-4.0,coherent_bt,0.0,1.0,1.0
topk_max,1,test/intermediate_algebra/1467.json,-4.0,coherent_bt,1.0,1.0,0.0
topk_max,1,test/intermediate_algebra/1555.json,-4.0,coherent_bt,0.0,0.0,0.0
topk_max,1,test/intermediate_algebra/1714.json,-4.0,coherent_bt,0.0,1.0,1.0
topk_max,1,test/intermediate_algebra/1779.json,-4.0,coherent_bt,0.0,0.0,0.0
topk_max,1,test/intermediate_algebra/199.json,-4.0,coherent_bt,1.0,1.0,0.0
topk_max,1,test/intermediate_algebra/1994.json,-4.0,coherent_bt,0.0,0.0,0.0
topk_max,1,test/intermediate_algebra/2046.json,-4.0,coherent_bt,0.0,1.0,1.0
topk_max,1,test/intermediate_algebra/345.json,-4.0,coherent_bt,0.0,0.0,0.0
topk_max,1,test/intermediate_algebra/446.json,-4.0,coherent_bt,0.0,0.0,0.0
topk_max,1,test/intermediate_algebra/47.json,-4.0,coherent_bt,0.0,0.0,0.0
topk_max,1,test/intermediate_algebra/607.json,-4.0,coherent_bt,1.0,0.0,-1.0
topk_max,1,test/intermediate_algebra/690.json,-4.0,coherent_bt,1.0,0.0,-1.0
topk_max,1,test/intermediate_algebra/752.json,-4.0,coherent_bt,0.0,0.0,0.0
topk_max,1,test/intermediate_algebra/894.json,-4.0,coherent_bt,1.0,1.0,0.0
topk_max,1,test/number_theory/1002.json,-4.0,coherent_bt,0.0,0.0,0.0
topk_max,1,test/number_theory/149.json,-4.0,coherent_bt,0.0,0.0,0.0
topk_max,1,test/number_theory/515.json,-4.0,coherent_bt,0.0,0.0,0.0
topk_max,1,test/prealgebra/1113.json,-4.0,coherent_bt,0.0,0.0,0.0
topk_max,1,test/prealgebra/1128.json,-4.0,coherent_bt,0.0,0.0,0.0
topk_max,1,test/prealgebra/1139.json,-4.0,coherent_bt,0.0,1.0,1.0
topk_max,1,test/prealgebra/1238.json,-4.0,coherent_bt,0.0,0.0,0.0
topk_max,1,test/prealgebra/1251.json,-4.0,coherent_bt,0.0,1.0,1.0
topk_max,1,test/prealgebra/1252.json,-4.0,coherent_bt,0.0,0.0,0.0
topk_max,1,test/prealgebra/1272.json,-4.0,coherent_bt,0.0,0.0,0.0
topk_max,1,test/prealgebra/1423.json,-4.0,coherent_bt,0.0,0.0,0.0
topk_max,1,test/prealgebra/1622.json,-4.0,coherent_bt,0.0,0.0,0.0
topk_max,1,test/prealgebra/1646.json,-4.0,coherent_bt,0.0,0.0,0.0
topk_max,1,test/prealgebra/1787.json,-4.0,coherent_bt,0.0,0.0,0.0
topk_max,1,test/prealgebra/1834.json,-4.0,coherent_bt,0.0,0.0,0.0
topk_max,1,test/prealgebra/1922.json,-4.0,coherent_bt,0.0,0.0,0.0
topk_max,1,test/prealgebra/1961.json,-4.0,coherent_bt,0.0,1.0,1.0
topk_max,1,test/prealgebra/2019.json,-4.0,coherent_bt,0.0,0.0,0.0
topk_max,1,test/prealgebra/2066.json,-4.0,coherent_bt,0.0,0.0,0.0
topk_max,1,test/prealgebra/505.json,-4.0,coherent_bt,0.0,0.0,0.0
topk_max,1,test/prealgebra/65.json,-4.0,coherent_bt,0.0,0.0,0.0
topk_max,1,test/prealgebra/996.json,-4.0,coherent_bt,0.0,0.0,0.0
topk_max,1,test/precalculus/1082.json,-4.0,coherent_bt,1.0,0.0,-1.0
topk_max,1,test/precalculus/1105.json,-4.0,coherent_bt,0.0,0.0,0.0
topk_max,1,test/precalculus/1199.json,-4.0,coherent_bt,1.0,0.0,-1.0
topk_max,1,test/precalculus/1303.json,-4.0,coherent_bt,0.0,0.0,0.0
topk_max,1,test/precalculus/398.json,-4.0,coherent_bt,1.0,0.0,-1.0
topk_max,1,test/precalculus/43.json,-4.0,coherent_bt,0.0,0.0,0.0
topk_max,1,test/precalculus/541.json,-4.0,coherent_bt,0.0,0.0,0.0
topk_max,1,test/precalculus/580.json,-4.0,coherent_bt,0.0,0.0,0.0
topk_max,1,test/precalculus/779.json,-4.0,coherent_bt,0.0,0.0,0.0
topk_max,1,test/precalculus/927.json,-4.0,coherent_bt,1.0,0.0,-1.0
topk_max,1,test/precalculus/96.json,-4.0,coherent_bt,1.0,1.0,0.0
topk_max,1,test/precalculus/986.json,-4.0,coherent_bt,0.0,0.0,0.0
topk_max,1,test/algebra/1082.json,-4.0,incoherent,0.0,0.0,0.0
topk_max,1,test/algebra/109.json,-4.0,incoherent,0.0,0.0,0.0
topk_max,1,test/algebra/1098.json,-4.0,incoherent,0.0,0.0,0.0
topk_max,1,test/algebra/1214.json,-4.0,incoherent,0.0,0.0,0.0
topk_max,1,test/algebra/1265.json,-4.0,incoherent,0.0,0.0,0.0
topk_max,1,test/algebra/1282.json,-4.0,incoherent,0.0,0.0,0.0
topk_max,1,test/algebra/1338.json,-4.0,incoherent,0.0,0.0,0.0
topk_max,1,test/algebra/1349.json,-4.0,incoherent,0.0,0.0,0.0
topk_max,1,test/algebra/1553.json,-4.0,incoherent,0.0,0.0,0.0
topk_max,1,test/algebra/1934.json,-4.0,incoherent,0.0,0.0,0.0
topk_max,1,test/algebra/1960.json,-4.0,incoherent,0.0,0.0,0.0
topk_max,1,test/algebra/2043.json,-4.0,incoherent,0.0,0.0,0.0
topk_max,1,test/algebra/2046.json,-4.0,incoherent,0.0,0.0,0.0
topk_max,1,test/algebra/2159.json,-4.0,incoherent,0.0,0.0,0.0
topk_max,1,test/algebra/2264.json,-4.0,incoherent,0.0,0.0,0.0
topk_max,1,test/algebra/2427.json,-4.0,incoherent,0.0,0.0,0.0
topk_max,1,test/algebra/2430.json,-4.0,incoherent,0.0,0.0,0.0
topk_max,1,test/algebra/2476.json,-4.0,incoherent,0.0,0.0,0.0
topk_max,1,test/algebra/2486.json,-4.0,incoherent,0.0,0.0,0.0
topk_max,1,test/algebra/2570.json,-4.0,incoherent,0.0,0.0,0.0
topk_max,1,test/algebra/2593.json,-4.0,incoherent,0.0,0.0,0.0
topk_max,1,test/algebra/2735.json,-4.0,incoherent,0.0,0.0,0.0
topk_max,1,test/algebra/2779.json,-4.0,incoherent,0.0,0.0,0.0
topk_max,1,test/algebra/297.json,-4.0,incoherent,0.0,0.0,0.0
topk_max,1,test/algebra/425.json,-4.0,incoherent,0.0,0.0,0.0
topk_max,1,test/algebra/634.json,-4.0,incoherent,0.0,0.0,0.0
topk_max,1,test/algebra/661.json,-4.0,incoherent,0.0,0.0,0.0
topk_max,1,test/algebra/769.json,-4.0,incoherent,0.0,0.0,0.0
topk_max,1,test/algebra/824.json,-4.0,incoherent,0.0,0.0,0.0
topk_max,1,test/algebra/892.json,-4.0,incoherent,0.0,0.0,0.0
topk_max,1,test/counting_and_probability/1009.json,-4.0,incoherent,0.0,0.0,0.0
topk_max,1,test/counting_and_probability/1014.json,-4.0,incoherent,0.0,0.0,0.0
topk_max,1,test/counting_and_probability/1060.json,-4.0,incoherent,0.0,0.0,0.0
topk_max,1,test/counting_and_probability/119.json,-4.0,incoherent,0.0,0.0,0.0
topk_max,1,test/counting_and_probability/25149.json,-4.0,incoherent,0.0,0.0,0.0
topk_max,1,test/counting_and_probability/508.json,-4.0,incoherent,0.0,0.0,0.0
topk_max,1,test/counting_and_probability/525.json,-4.0,incoherent,0.0,0.0,0.0
topk_max,1,test/counting_and_probability/894.json,-4.0,incoherent,0.0,0.0,0.0
topk_max,1,test/geometry/1140.json,-4.0,incoherent,0.0,0.0,0.0
topk_max,1,test/geometry/254.json,-4.0,incoherent,0.0,0.0,0.0
topk_max,1,test/geometry/456.json,-4.0,incoherent,0.0,0.0,0.0
topk_max,1,test/geometry/465.json,-4.0,incoherent,0.0,0.0,0.0
topk_max,1,test/geometry/538.json,-4.0,incoherent,0.0,0.0,0.0
topk_max,1,test/geometry/561.json,-4.0,incoherent,0.0,0.0,0.0
topk_max,1,test/geometry/615.json,-4.0,incoherent,0.0,0.0,0.0
topk_max,1,test/geometry/711.json,-4.0,incoherent,0.0,0.0,0.0
topk_max,1,test/geometry/795.json,-4.0,incoherent,0.0,0.0,0.0
topk_max,1,test/geometry/843.json,-4.0,incoherent,0.0,0.0,0.0
topk_max,1,test/geometry/846.json,-4.0,incoherent,0.0,0.0,0.0
topk_max,1,test/intermediate_algebra/101.json,-4.0,incoherent,0.0,0.0,0.0
topk_max,1,test/intermediate_algebra/102.json,-4.0,incoherent,0.0,0.0,0.0
topk_max,1,test/intermediate_algebra/1354.json,-4.0,incoherent,0.0,0.0,0.0
topk_max,1,test/intermediate_algebra/1467.json,-4.0,incoherent,0.0,0.0,0.0
topk_max,1,test/intermediate_algebra/1555.json,-4.0,incoherent,0.0,0.0,0.0
topk_max,1,test/intermediate_algebra/1714.json,-4.0,incoherent,0.0,0.0,0.0
topk_max,1,test/intermediate_algebra/1779.json,-4.0,incoherent,0.0,0.0,0.0
topk_max,1,test/intermediate_algebra/199.json,-4.0,incoherent,0.0,0.0,0.0
topk_max,1,test/intermediate_algebra/1994.json,-4.0,incoherent,0.0,0.0,0.0
topk_max,1,test/intermediate_algebra/2046.json,-4.0,incoherent,0.0,0.0,0.0
topk_max,1,test/intermediate_algebra/345.json,-4.0,incoherent,0.0,0.0,0.0
topk_max,1,test/intermediate_algebra/446.json,-4.0,incoherent,0.0,0.0,0.0
topk_max,1,test/intermediate_algebra/47.json,-4.0,incoherent,0.0,0.0,0.0
topk_max,1,test/intermediate_algebra/607.json,-4.0,incoherent,0.0,0.0,0.0
topk_max,1,test/intermediate_algebra/690.json,-4.0,incoherent,0.0,0.0,0.0
topk_max,1,test/intermediate_algebra/752.json,-4.0,incoherent,0.0,0.0,0.0
topk_max,1,test/intermediate_algebra/894.json,-4.0,incoherent,0.0,0.0,0.0
topk_max,1,test/number_theory/1002.json,-4.0,incoherent,0.0,0.0,0.0
topk_max,1,test/number_theory/149.json,-4.0,incoherent,0.0,0.0,0.0
topk_max,1,test/number_theory/515.json,-4.0,incoherent,0.0,0.0,0.0
topk_max,1,test/prealgebra/1113.json,-4.0,incoherent,0.0,0.0,0.0
topk_max,1,test/prealgebra/1128.json,-4.0,incoherent,0.0,0.0,0.0
topk_max,1,test/prealgebra/1139.json,-4.0,incoherent,0.0,0.0,0.0
topk_max,1,test/prealgebra/1238.json,-4.0,incoherent,0.0,0.0,0.0
topk_max,1,test/prealgebra/1251.json,-4.0,incoherent,0.0,0.0,0.0
topk_max,1,test/prealgebra/1252.json,-4.0,incoherent,0.0,0.0,0.0
topk_max,1,test/prealgebra/1272.json,-4.0,incoherent,0.0,0.0,0.0
topk_max,1,test/prealgebra/1423.json,-4.0,incoherent,0.0,0.0,0.0
topk_max,1,test/prealgebra/1622.json,-4.0,incoherent,0.0,0.0,0.0
topk_max,1,test/prealgebra/1646.json,-4.0,incoherent,0.0,0.0,0.0
topk_max,1,test/prealgebra/1787.json,-4.0,incoherent,0.0,0.0,0.0
topk_max,1,test/prealgebra/1834.json,-4.0,incoherent,0.0,0.0,0.0
topk_max,1,test/prealgebra/1922.json,-4.0,incoherent,0.0,0.0,0.0
topk_max,1,test/prealgebra/1961.json,-4.0,incoherent,0.0,0.0,0.0
topk_max,1,test/prealgebra/2019.json,-4.0,incoherent,0.0,0.0,0.0
topk_max,1,test/prealgebra/2066.json,-4.0,incoherent,0.0,0.0,0.0
topk_max,1,test/prealgebra/505.json,-4.0,incoherent,0.0,0.0,0.0
topk_max,1,test/prealgebra/65.json,-4.0,incoherent,0.0,0.0,0.0
topk_max,1,test/prealgebra/996.json,-4.0,incoherent,0.0,0.0,0.0
topk_max,1,test/precalculus/1082.json,-4.0,incoherent,0.0,0.0,0.0
topk_max,1,test/precalculus/1105.json,-4.0,incoherent,0.0,0.0,0.0
topk_max,1,test/precalculus/1199.json,-4.0,incoherent,0.0,0.0,0.0
topk_max,1,test/precalculus/1303.json,-4.0,incoherent,0.0,0.0,0.0
topk_max,1,test/precalculus/398.json,-4.0,incoherent,0.0,0.0,0.0
topk_max,1,test/precalculus/43.json,-4.0,incoherent,0.0,0.0,0.0
topk_max,1,test/precalculus/541.json,-4.0,incoherent,0.0,0.0,0.0
topk_max,1,test/precalculus/580.json,-4.0,incoherent,0.0,0.0,0.0
topk_max,1,test/precalculus/779.json,-4.0,incoherent,0.0,0.0,0.0
topk_max,1,test/precalculus/927.json,-4.0,incoherent,0.0,0.0,0.0
topk_max,1,test/precalculus/96.json,-4.0,incoherent,0.0,0.0,0.0
topk_max,1,test/precalculus/986.json,-4.0,incoherent,0.0,0.0,0.0
topk_max,1,test/algebra/1082.json,-4.0,correct,0.0,0.0,0.0
topk_max,1,test/algebra/109.json,-4.0,correct,1.0,1.0,0.0
topk_max,1,test/algebra/1098.json,-4.0,correct,1.0,0.0,-1.0
topk_max,1,test/algebra/1214.json,-4.0,correct,1.0,0.0,-1.0
topk_max,1,test/algebra/1265.json,-4.0,correct,1.0,1.0,0.0
topk_max,1,test/algebra/1282.json,-4.0,correct,0.0,0.0,0.0
topk_max,1,test/algebra/1338.json,-4.0,correct,1.0,0.0,-1.0
topk_max,1,test/algebra/1349.json,-4.0,correct,0.0,0.0,0.0
topk_max,1,test/algebra/1553.json,-4.0,correct,0.0,1.0,1.0
topk_max,1,test/algebra/1934.json,-4.0,correct,1.0,0.0,-1.0
topk_max,1,test/algebra/1960.json,-4.0,correct,1.0,1.0,0.0
topk_max,1,test/algebra/2043.json,-4.0,correct,1.0,0.0,-1.0
topk_max,1,test/algebra/2046.json,-4.0,correct,1.0,0.0,-1.0
topk_max,1,test/algebra/2159.json,-4.0,correct,0.0,0.0,0.0
topk_max,1,test/algebra/2264.json,-4.0,correct,1.0,0.0,-1.0
topk_max,1,test/algebra/2427.json,-4.0,correct,0.0,0.0,0.0
topk_max,1,test/algebra/2430.json,-4.0,correct,0.0,0.0,0.0
topk_max,1,test/algebra/2476.json,-4.0,correct,0.0,0.0,0.0
topk_max,1,test/algebra/2486.json,-4.0,correct,1.0,0.0,-1.0
topk_max,1,test/algebra/2570.json,-4.0,correct,1.0,1.0,0.0
topk_max,1,test/algebra/2593.json,-4.0,correct,1.0,0.0,-1.0
topk_max,1,test/algebra/2735.json,-4.0,correct,0.0,1.0,1.0
topk_max,1,test/algebra/2779.json,-4.0,correct,1.0,1.0,0.0
topk_max,1,test/algebra/297.json,-4.0,correct,0.0,0.0,0.0
topk_max,1,test/algebra/425.json,-4.0,correct,1.0,0.0,-1.0
topk_max,1,test/algebra/634.json,-4.0,correct,0.0,1.0,1.0
topk_max,1,test/algebra/661.json,-4.0,correct,1.0,1.0,0.0
topk_max,1,test/algebra/769.json,-4.0,correct,1.0,1.0,0.0
topk_max,1,test/algebra/824.json,-4.0,correct,1.0,1.0,0.0
topk_max,1,test/algebra/892.json,-4.0,correct,0.0,0.0,0.0
topk_max,1,test/counting_and_probability/1009.json,-4.0,correct,1.0,1.0,0.0
topk_max,1,test/counting_and_probability/1014.json,-4.0,correct,1.0,1.0,0.0
topk_max,1,test/counting_and_probability/1060.json,-4.0,correct,0.0,0.0,0.0
topk_max,1,test/counting_and_probability/119.json,-4.0,correct,0.0,0.0,0.0
topk_max,1,test/counting_and_probability/25149.json,-4.0,correct,1.0,0.0,-1.0
topk_max,1,test/counting_and_probability/508.json,-4.0,correct,0.0,0.0,0.0
topk_max,1,test/counting_and_probability/525.json,-4.0,correct,0.0,0.0,0.0
topk_max,1,test/counting_and_probability/894.json,-4.0,correct,1.0,0.0,-1.0
topk_max,1,test/geometry/1140.json,-4.0,correct,0.0,0.0,0.0
topk_max,1,test/geometry/254.json,-4.0,correct,0.0,1.0,1.0
topk_max,1,test/geometry/456.json,-4.0,correct,1.0,1.0,0.0
topk_max,1,test/geometry/465.json,-4.0,correct,0.0,0.0,0.0
topk_max,1,test/geometry/538.json,-4.0,correct,0.0,0.0,0.0
topk_max,1,test/geometry/561.json,-4.0,correct,0.0,0.0,0.0
topk_max,1,test/geometry/615.json,-4.0,correct,0.0,0.0,0.0
topk_max,1,test/geometry/711.json,-4.0,correct,0.0,0.0,0.0
topk_max,1,test/geometry/795.json,-4.0,correct,0.0,0.0,0.0
topk_max,1,test/geometry/843.json,-4.0,correct,1.0,1.0,0.0
topk_max,1,test/geometry/846.json,-4.0,correct,0.0,0.0,0.0
topk_max,1,test/intermediate_algebra/101.json,-4.0,correct,0.0,0.0,0.0
topk_max,1,test/intermediate_algebra/102.json,-4.0,correct,0.0,0.0,0.0
topk_max,1,test/intermediate_algebra/1354.json,-4.0,correct,0.0,0.0,0.0
topk_max,1,test/intermediate_algebra/1467.json,-4.0,correct,0.0,0.0,0.0
topk_max,1,test/intermediate_algebra/1555.json,-4.0,correct,0.0,0.0,0.0
topk_max,1,test/intermediate_algebra/1714.json,-4.0,correct,1.0,1.0,0.0
topk_max,1,test/intermediate_algebra/1779.json,-4.0,correct,0.0,0.0,0.0
topk_max,1,test/intermediate_algebra/199.json,-4.0,correct,0.0,0.0,0.0
topk_max,1,test/intermediate_algebra/1994.json,-4.0,correct,0.0,0.0,0.0
topk_max,1,test/intermediate_algebra/2046.json,-4.0,correct,0.0,0.0,0.0
topk_max,1,test/intermediate_algebra/345.json,-4.0,correct,0.0,0.0,0.0
topk_max,1,test/intermediate_algebra/446.json,-4.0,correct,0.0,0.0,0.0
topk_max,1,test/intermediate_algebra/47.json,-4.0,correct,0.0,0.0,0.0
topk_max,1,test/intermediate_algebra/607.json,-4.0,correct,0.0,0.0,0.0
topk_max,1,test/intermediate_algebra/690.json,-4.0,correct,0.0,0.0,0.0
topk_max,1,test/intermediate_algebra/752.json,-4.0,correct,0.0,0.0,0.0
topk_max,1,test/intermediate_algebra/894.json,-4.0,correct,0.0,0.0,0.0
topk_max,1,test/number_theory/1002.json,-4.0,correct,0.0,0.0,0.0
topk_max,1,test/number_theory/149.json,-4.0,correct,0.0,0.0,0.0
topk_max,1,test/number_theory/515.json,-4.0,correct,1.0,1.0,0.0
topk_max,1,test/prealgebra/1113.json,-4.0,correct,1.0,1.0,0.0
topk_max,1,test/prealgebra/1128.json,-4.0,correct,0.0,1.0,1.0
topk_max,1,test/prealgebra/1139.json,-4.0,correct,0.0,0.0,0.0
topk_max,1,test/prealgebra/1238.json,-4.0,correct,1.0,1.0,0.0
topk_max,1,test/prealgebra/1251.json,-4.0,correct,0.0,0.0,0.0
topk_max,1,test/prealgebra/1252.json,-4.0,correct,1.0,0.0,-1.0
topk_max,1,test/prealgebra/1272.json,-4.0,correct,1.0,1.0,0.0
topk_max,1,test/prealgebra/1423.json,-4.0,correct,0.0,0.0,0.0
topk_max,1,test/prealgebra/1622.json,-4.0,correct,0.0,1.0,1.0
topk_max,1,test/prealgebra/1646.json,-4.0,correct,0.0,0.0,0.0
topk_max,1,test/prealgebra/1787.json,-4.0,correct,1.0,1.0,0.0
topk_max,1,test/prealgebra/1834.json,-4.0,correct,0.0,0.0,0.0
topk_max,1,test/prealgebra/1922.json,-4.0,correct,0.0,0.0,0.0
topk_max,1,test/prealgebra/1961.json,-4.0,correct,0.0,1.0,1.0
topk_max,1,test/prealgebra/2019.json,-4.0,correct,1.0,0.0,-1.0
topk_max,1,test/prealgebra/2066.json,-4.0,correct,0.0,1.0,1.0
topk_max,1,test/prealgebra/505.json,-4.0,correct,1.0,0.0,-1.0
topk_max,1,test/prealgebra/65.json,-4.0,correct,0.0,0.0,0.0
topk_max,1,test/prealgebra/996.json,-4.0,correct,0.0,0.0,0.0
topk_max,1,test/precalculus/1082.json,-4.0,correct,0.0,0.0,0.0
topk_max,1,test/precalculus/1105.json,-4.0,correct,0.0,0.0,0.0
topk_max,1,test/precalculus/1199.json,-4.0,correct,0.0,0.0,0.0
topk_max,1,test/precalculus/1303.json,-4.0,correct,0.0,0.0,0.0
topk_max,1,test/precalculus/398.json,-4.0,correct,0.0,0.0,0.0
topk_max,1,test/precalculus/43.json,-4.0,correct,0.0,1.0,1.0
topk_max,1,test/precalculus/541.json,-4.0,correct,0.0,0.0,0.0
topk_max,1,test/precalculus/580.json,-4.0,correct,0.0,0.0,0.0
topk_max,1,test/precalculus/779.json,-4.0,correct,1.0,1.0,0.0
topk_max,1,test/precalculus/927.json,-4.0,correct,0.0,0.0,0.0
topk_max,1,test/precalculus/96.json,-4.0,correct,0.0,0.0,0.0
topk_max,1,test/precalculus/986.json,-4.0,correct,0.0,0.0,0.0
topk_max,2,test/algebra/1082.json,12.0,gc,0.0,1.0,1.0
topk_max,2,test/algebra/109.json,12.0,gc,0.0,0.0,0.0
topk_max,2,test/algebra/1098.json,12.0,gc,0.0,0.0,0.0
topk_max,2,test/algebra/1214.json,12.0,gc,0.0,0.0,0.0
topk_max,2,test/algebra/1265.json,12.0,gc,0.0,0.0,0.0
topk_max,2,test/algebra/1282.json,12.0,gc,0.0,0.0,0.0
topk_max,2,test/algebra/1338.json,12.0,gc,0.0,0.0,0.0
topk_max,2,test/algebra/1349.json,12.0,gc,0.0,0.0,0.0
topk_max,2,test/algebra/1553.json,12.0,gc,0.0,0.0,0.0
topk_max,2,test/algebra/1934.json,12.0,gc,0.0,0.0,0.0
topk_max,2,test/algebra/1960.json,12.0,gc,0.0,0.0,0.0
topk_max,2,test/algebra/2043.json,12.0,gc,1.0,1.0,0.0
topk_max,2,test/algebra/2046.json,12.0,gc,0.0,0.0,0.0
topk_max,2,test/algebra/2159.json,12.0,gc,1.0,0.0,-1.0
topk_max,2,test/algebra/2264.json,12.0,gc,0.0,1.0,1.0
topk_max,2,test/algebra/2427.json,12.0,gc,0.0,1.0,1.0
topk_max,2,test/algebra/2430.json,12.0,gc,1.0,0.0,-1.0
topk_max,2,test/algebra/2476.json,12.0,gc,0.0,0.0,0.0
topk_max,2,test/algebra/2486.json,12.0,gc,0.0,1.0,1.0
topk_max,2,test/algebra/2570.json,12.0,gc,1.0,0.0,-1.0
topk_max,2,test/algebra/2593.json,12.0,gc,0.0,0.0,0.0
topk_max,2,test/algebra/2735.json,12.0,gc,0.0,0.0,0.0
topk_max,2,test/algebra/2779.json,12.0,gc,0.0,1.0,1.0
topk_max,2,test/algebra/297.json,12.0,gc,0.0,2.0,2.0
topk_max,2,test/algebra/425.json,12.0,gc,0.0,0.0,0.0
topk_max,2,test/algebra/634.json,12.0,gc,0.0,1.0,1.0
topk_max,2,test/algebra/661.json,12.0,gc,0.0,1.0,1.0
topk_max,2,test/algebra/769.json,12.0,gc,0.0,0.0,0.0
topk_max,2,test/algebra/824.json,12.0,gc,0.0,0.0,0.0
topk_max,2,test/algebra/892.json,12.0,gc,1.0,2.0,1.0
topk_max,2,test/counting_and_probability/1009.json,12.0,gc,0.0,1.0,1.0
topk_max,2,test/counting_and_probability/1014.json,12.0,gc,0.0,0.0,0.0
topk_max,2,test/counting_and_probability/1060.json,12.0,gc,0.0,0.0,0.0
topk_max,2,test/counting_and_probability/119.json,12.0,gc,0.0,0.0,0.0
topk_max,2,test/counting_and_probability/25149.json,12.0,gc,0.0,1.0,1.0
topk_max,2,test/counting_and_probability/508.json,12.0,gc,0.0,0.0,0.0
topk_max,2,test/counting_and_probability/525.json,12.0,gc,0.0,1.0,1.0
topk_max,2,test/counting_and_probability/894.json,12.0,gc,0.0,1.0,1.0
topk_max,2,test/geometry/1140.json,12.0,gc,1.0,1.0,0.0
topk_max,2,test/geometry/254.json,12.0,gc,0.0,0.0,0.0
topk_max,2,test/geometry/456.json,12.0,gc,0.0,0.0,0.0
topk_max,2,test/geometry/465.json,12.0,gc,1.0,0.0,-1.0
topk_max,2,test/geometry/538.json,12.0,gc,0.0,0.0,0.0
topk_max,2,test/geometry/561.json,12.0,gc,0.0,1.0,1.0
topk_max,2,test/geometry/615.json,12.0,gc,1.0,0.0,-1.0
topk_max,2,test/geometry/711.json,12.0,gc,1.0,2.0,1.0
topk_max,2,test/geometry/795.json,12.0,gc,0.0,0.0,0.0
topk_max,2,test/geometry/843.json,12.0,gc,0.0,0.0,0.0
topk_max,2,test/geometry/846.json,12.0,gc,1.0,2.0,1.0
topk_max,2,test/intermediate_algebra/101.json,12.0,gc,0.0,3.0,3.0
topk_max,2,test/intermediate_algebra/102.json,12.0,gc,0.0,4.0,4.0
topk_max,2,test/intermediate_algebra/1354.json,12.0,gc,0.0,1.0,1.0
topk_max,2,test/intermediate_algebra/1467.json,12.0,gc,1.0,1.0,0.0
topk_max,2,test/intermediate_algebra/1555.json,12.0,gc,0.0,1.0,1.0
topk_max,2,test/intermediate_algebra/1714.json,12.0,gc,0.0,1.0,1.0
topk_max,2,test/intermediate_algebra/1779.json,12.0,gc,0.0,1.0,1.0
topk_max,2,test/intermediate_algebra/199.json,12.0,gc,1.0,6.0,5.0
topk_max,2,test/intermediate_algebra/1994.json,12.0,gc,0.0,1.0,1.0
topk_max,2,test/intermediate_algebra/2046.json,12.0,gc,0.0,1.0,1.0
topk_max,2,test/intermediate_algebra/345.json,12.0,gc,0.0,0.0,0.0
topk_max,2,test/intermediate_algebra/446.json,12.0,gc,0.0,0.0,0.0
topk_max,2,test/intermediate_algebra/47.json,12.0,gc,0.0,1.0,1.0
topk_max,2,test/intermediate_algebra/607.json,12.0,gc,1.0,3.0,2.0
topk_max,2,test/intermediate_algebra/690.json,12.0,gc,1.0,3.0,2.0
topk_max,2,test/intermediate_algebra/752.json,12.0,gc,0.0,2.0,2.0
topk_max,2,test/intermediate_algebra/894.json,12.0,gc,1.0,2.0,1.0
topk_max,2,test/number_theory/1002.json,12.0,gc,0.0,1.0,1.0
topk_max,2,test/number_theory/149.json,12.0,gc,0.0,0.0,0.0
topk_max,2,test/number_theory/515.json,12.0,gc,0.0,0.0,0.0
topk_max,2,test/prealgebra/1113.json,12.0,gc,0.0,0.0,0.0
topk_max,2,test/prealgebra/1128.json,12.0,gc,0.0,1.0,1.0
topk_max,2,test/prealgebra/1139.json,12.0,gc,0.0,0.0,0.0
topk_max,2,test/prealgebra/1238.json,12.0,gc,0.0,0.0,0.0
topk_max,2,test/prealgebra/1251.json,12.0,gc,0.0,1.0,1.0
topk_max,2,test/prealgebra/1252.json,12.0,gc,0.0,0.0,0.0
topk_max,2,test/prealgebra/1272.json,12.0,gc,0.0,0.0,0.0
topk_max,2,test/prealgebra/1423.json,12.0,gc,0.0,0.0,0.0
topk_max,2,test/prealgebra/1622.json,12.0,gc,0.0,1.0,1.0
topk_max,2,test/prealgebra/1646.json,12.0,gc,0.0,1.0,1.0
topk_max,2,test/prealgebra/1787.json,12.0,gc,0.0,1.0,1.0
topk_max,2,test/prealgebra/1834.json,12.0,gc,0.0,0.0,0.0
topk_max,2,test/prealgebra/1922.json,12.0,gc,0.0,0.0,0.0
topk_max,2,test/prealgebra/1961.json,12.0,gc,0.0,1.0,1.0
topk_max,2,test/prealgebra/2019.json,12.0,gc,0.0,0.0,0.0
topk_max,2,test/prealgebra/2066.json,12.0,gc,0.0,1.0,1.0
topk_max,2,test/prealgebra/505.json,12.0,gc,0.0,0.0,0.0
topk_max,2,test/prealgebra/65.json,12.0,gc,0.0,1.0,1.0
topk_max,2,test/prealgebra/996.json,12.0,gc,0.0,0.0,0.0
topk_max,2,test/precalculus/1082.json,12.0,gc,1.0,1.0,0.0
topk_max,2,test/precalculus/1105.json,12.0,gc,0.0,2.0,2.0
topk_max,2,test/precalculus/1199.json,12.0,gc,1.0,0.0,-1.0
topk_max,2,test/precalculus/1303.json,12.0,gc,0.0,1.0,1.0
topk_max,2,test/precalculus/398.json,12.0,gc,1.0,0.0,-1.0
topk_max,2,test/precalculus/43.json,12.0,gc,0.0,0.0,0.0
topk_max,2,test/precalculus/541.json,12.0,gc,0.0,0.0,0.0
topk_max,2,test/precalculus/580.json,12.0,gc,0.0,0.0,0.0
topk_max,2,test/precalculus/779.json,12.0,gc,0.0,0.0,0.0
topk_max,2,test/precalculus/927.json,12.0,gc,2.0,2.0,0.0
topk_max,2,test/precalculus/96.json,12.0,gc,1.0,1.0,0.0
topk_max,2,test/precalculus/986.json,12.0,gc,0.0,0.0,0.0
topk_max,2,test/algebra/1082.json,12.0,coherent_gc,0.0,0.0,0.0
topk_max,2,test/algebra/109.json,12.0,coherent_gc,0.0,0.0,0.0
topk_max,2,test/algebra/1098.json,12.0,coherent_gc,0.0,0.0,0.0
topk_max,2,test/algebra/1214.json,12.0,coherent_gc,0.0,0.0,0.0
topk_max,2,test/algebra/1265.json,12.0,coherent_gc,0.0,0.0,0.0
topk_max,2,test/algebra/1282.json,12.0,coherent_gc,0.0,0.0,0.0
topk_max,2,test/algebra/1338.json,12.0,coherent_gc,0.0,0.0,0.0
topk_max,2,test/algebra/1349.json,12.0,coherent_gc,0.0,0.0,0.0
topk_max,2,test/algebra/1553.json,12.0,coherent_gc,0.0,0.0,0.0
topk_max,2,test/algebra/1934.json,12.0,coherent_gc,0.0,0.0,0.0
topk_max,2,test/algebra/1960.json,12.0,coherent_gc,0.0,0.0,0.0
topk_max,2,test/algebra/2043.json,12.0,coherent_gc,1.0,0.0,-1.0
topk_max,2,test/algebra/2046.json,12.0,coherent_gc,0.0,0.0,0.0
topk_max,2,test/algebra/2159.json,12.0,coherent_gc,1.0,0.0,-1.0
topk_max,2,test/algebra/2264.json,12.0,coherent_gc,0.0,1.0,1.0
topk_max,2,test/algebra/2427.json,12.0,coherent_gc,0.0,0.0,0.0
topk_max,2,test/algebra/2430.json,12.0,coherent_gc,1.0,0.0,-1.0
topk_max,2,test/algebra/2476.json,12.0,coherent_gc,0.0,0.0,0.0
topk_max,2,test/algebra/2486.json,12.0,coherent_gc,0.0,1.0,1.0
topk_max,2,test/algebra/2570.json,12.0,coherent_gc,1.0,0.0,-1.0
topk_max,2,test/algebra/2593.json,12.0,coherent_gc,0.0,0.0,0.0
topk_max,2,test/algebra/2735.json,12.0,coherent_gc,0.0,0.0,0.0
topk_max,2,test/algebra/2779.json,12.0,coherent_gc,0.0,1.0,1.0
topk_max,2,test/algebra/297.json,12.0,coherent_gc,0.0,2.0,2.0
topk_max,2,test/algebra/425.json,12.0,coherent_gc,0.0,0.0,0.0
topk_max,2,test/algebra/634.json,12.0,coherent_gc,0.0,1.0,1.0
topk_max,2,test/algebra/661.json,12.0,coherent_gc,0.0,1.0,1.0
topk_max,2,test/algebra/769.json,12.0,coherent_gc,0.0,0.0,0.0
topk_max,2,test/algebra/824.json,12.0,coherent_gc,0.0,0.0,0.0
topk_max,2,test/algebra/892.json,12.0,coherent_gc,1.0,0.0,-1.0
topk_max,2,test/counting_and_probability/1009.json,12.0,coherent_gc,0.0,0.0,0.0
topk_max,2,test/counting_and_probability/1014.json,12.0,coherent_gc,0.0,0.0,0.0
topk_max,2,test/counting_and_probability/1060.json,12.0,coherent_gc,0.0,0.0,0.0
topk_max,2,test/counting_and_probability/119.json,12.0,coherent_gc,0.0,0.0,0.0
topk_max,2,test/counting_and_probability/25149.json,12.0,coherent_gc,0.0,1.0,1.0
topk_max,2,test/counting_and_probability/508.json,12.0,coherent_gc,0.0,0.0,0.0
topk_max,2,test/counting_and_probability/525.json,12.0,coherent_gc,0.0,0.0,0.0
topk_max,2,test/counting_and_probability/894.json,12.0,coherent_gc,0.0,0.0,0.0
topk_max,2,test/geometry/1140.json,12.0,coherent_gc,1.0,1.0,0.0
topk_max,2,test/geometry/254.json,12.0,coherent_gc,0.0,0.0,0.0
topk_max,2,test/geometry/456.json,12.0,coherent_gc,0.0,0.0,0.0
topk_max,2,test/geometry/465.json,12.0,coherent_gc,1.0,0.0,-1.0
topk_max,2,test/geometry/538.json,12.0,coherent_gc,0.0,0.0,0.0
topk_max,2,test/geometry/561.json,12.0,coherent_gc,0.0,1.0,1.0
topk_max,2,test/geometry/615.json,12.0,coherent_gc,1.0,0.0,-1.0
topk_max,2,test/geometry/711.json,12.0,coherent_gc,1.0,2.0,1.0
topk_max,2,test/geometry/795.json,12.0,coherent_gc,0.0,0.0,0.0
topk_max,2,test/geometry/843.json,12.0,coherent_gc,0.0,0.0,0.0
topk_max,2,test/geometry/846.json,12.0,coherent_gc,1.0,2.0,1.0
topk_max,2,test/intermediate_algebra/101.json,12.0,coherent_gc,0.0,3.0,3.0
topk_max,2,test/intermediate_algebra/102.json,12.0,coherent_gc,0.0,4.0,4.0
topk_max,2,test/intermediate_algebra/1354.json,12.0,coherent_gc,0.0,1.0,1.0
topk_max,2,test/intermediate_algebra/1467.json,12.0,coherent_gc,1.0,1.0,0.0
topk_max,2,test/intermediate_algebra/1555.json,12.0,coherent_gc,0.0,1.0,1.0
topk_max,2,test/intermediate_algebra/1714.json,12.0,coherent_gc,0.0,0.0,0.0
topk_max,2,test/intermediate_algebra/1779.json,12.0,coherent_gc,0.0,1.0,1.0
topk_max,2,test/intermediate_algebra/199.json,12.0,coherent_gc,1.0,6.0,5.0
topk_max,2,test/intermediate_algebra/1994.json,12.0,coherent_gc,0.0,1.0,1.0
topk_max,2,test/intermediate_algebra/2046.json,12.0,coherent_gc,0.0,0.0,0.0
topk_max,2,test/intermediate_algebra/345.json,12.0,coherent_gc,0.0,0.0,0.0
topk_max,2,test/intermediate_algebra/446.json,12.0,coherent_gc,0.0,0.0,0.0
topk_max,2,test/intermediate_algebra/47.json,12.0,coherent_gc,0.0,0.0,0.0
topk_max,2,test/intermediate_algebra/607.json,12.0,coherent_gc,1.0,0.0,-1.0
topk_max,2,test/intermediate_algebra/690.json,12.0,coherent_gc,1.0,3.0,2.0
topk_max,2,test/intermediate_algebra/752.json,12.0,coherent_gc,0.0,2.0,2.0
topk_max,2,test/intermediate_algebra/894.json,12.0,coherent_gc,1.0,2.0,1.0
topk_max,2,test/number_theory/1002.json,12.0,coherent_gc,0.0,1.0,1.0
topk_max,2,test/number_theory/149.json,12.0,coherent_gc,0.0,0.0,0.0
topk_max,2,test/number_theory/515.json,12.0,coherent_gc,0.0,0.0,0.0
topk_max,2,test/prealgebra/1113.json,12.0,coherent_gc,0.0,0.0,0.0
topk_max,2,test/prealgebra/1128.json,12.0,coherent_gc,0.0,0.0,0.0
topk_max,2,test/prealgebra/1139.json,12.0,coherent_gc,0.0,0.0,0.0
topk_max,2,test/prealgebra/1238.json,12.0,coherent_gc,0.0,0.0,0.0
topk_max,2,test/prealgebra/1251.json,12.0,coherent_gc,0.0,1.0,1.0
topk_max,2,test/prealgebra/1252.json,12.0,coherent_gc,0.0,0.0,0.0
topk_max,2,test/prealgebra/1272.json,12.0,coherent_gc,0.0,0.0,0.0
topk_max,2,test/prealgebra/1423.json,12.0,coherent_gc,0.0,0.0,0.0
topk_max,2,test/prealgebra/1622.json,12.0,coherent_gc,0.0,1.0,1.0
topk_max,2,test/prealgebra/1646.json,12.0,coherent_gc,0.0,1.0,1.0
topk_max,2,test/prealgebra/1787.json,12.0,coherent_gc,0.0,1.0,1.0
topk_max,2,test/prealgebra/1834.json,12.0,coherent_gc,0.0,0.0,0.0
topk_max,2,test/prealgebra/1922.json,12.0,coherent_gc,0.0,0.0,0.0
topk_max,2,test/prealgebra/1961.json,12.0,coherent_gc,0.0,1.0,1.0
topk_max,2,test/prealgebra/2019.json,12.0,coherent_gc,0.0,0.0,0.0
topk_max,2,test/prealgebra/2066.json,12.0,coherent_gc,0.0,1.0,1.0
topk_max,2,test/prealgebra/505.json,12.0,coherent_gc,0.0,0.0,0.0
topk_max,2,test/prealgebra/65.json,12.0,coherent_gc,0.0,1.0,1.0
topk_max,2,test/prealgebra/996.json,12.0,coherent_gc,0.0,0.0,0.0
topk_max,2,test/precalculus/1082.json,12.0,coherent_gc,1.0,1.0,0.0
topk_max,2,test/precalculus/1105.json,12.0,coherent_gc,0.0,2.0,2.0
topk_max,2,test/precalculus/1199.json,12.0,coherent_gc,1.0,0.0,-1.0
topk_max,2,test/precalculus/1303.json,12.0,coherent_gc,0.0,1.0,1.0
topk_max,2,test/precalculus/398.json,12.0,coherent_gc,1.0,0.0,-1.0
topk_max,2,test/precalculus/43.json,12.0,coherent_gc,0.0,0.0,0.0
topk_max,2,test/precalculus/541.json,12.0,coherent_gc,0.0,0.0,0.0
topk_max,2,test/precalculus/580.json,12.0,coherent_gc,0.0,0.0,0.0
topk_max,2,test/precalculus/779.json,12.0,coherent_gc,0.0,0.0,0.0
topk_max,2,test/precalculus/927.json,12.0,coherent_gc,2.0,2.0,0.0
topk_max,2,test/precalculus/96.json,12.0,coherent_gc,1.0,0.0,-1.0
topk_max,2,test/precalculus/986.json,12.0,coherent_gc,0.0,0.0,0.0
topk_max,2,test/algebra/1082.json,12.0,coherent_bt,0.0,0.0,0.0
topk_max,2,test/algebra/109.json,12.0,coherent_bt,0.0,0.0,0.0
topk_max,2,test/algebra/1098.json,12.0,coherent_bt,0.0,0.0,0.0
topk_max,2,test/algebra/1214.json,12.0,coherent_bt,0.0,0.0,0.0
topk_max,2,test/algebra/1265.json,12.0,coherent_bt,0.0,0.0,0.0
topk_max,2,test/algebra/1282.json,12.0,coherent_bt,0.0,0.0,0.0
topk_max,2,test/algebra/1338.json,12.0,coherent_bt,0.0,0.0,0.0
topk_max,2,test/algebra/1349.json,12.0,coherent_bt,0.0,0.0,0.0
topk_max,2,test/algebra/1553.json,12.0,coherent_bt,0.0,0.0,0.0
topk_max,2,test/algebra/1934.json,12.0,coherent_bt,0.0,0.0,0.0
topk_max,2,test/algebra/1960.json,12.0,coherent_bt,0.0,0.0,0.0
topk_max,2,test/algebra/2043.json,12.0,coherent_bt,1.0,0.0,-1.0
topk_max,2,test/algebra/2046.json,12.0,coherent_bt,0.0,0.0,0.0
topk_max,2,test/algebra/2159.json,12.0,coherent_bt,1.0,0.0,-1.0
topk_max,2,test/algebra/2264.json,12.0,coherent_bt,0.0,1.0,1.0
topk_max,2,test/algebra/2427.json,12.0,coherent_bt,0.0,0.0,0.0
topk_max,2,test/algebra/2430.json,12.0,coherent_bt,1.0,0.0,-1.0
topk_max,2,test/algebra/2476.json,12.0,coherent_bt,0.0,0.0,0.0
topk_max,2,test/algebra/2486.json,12.0,coherent_bt,0.0,1.0,1.0
topk_max,2,test/algebra/2570.json,12.0,coherent_bt,1.0,0.0,-1.0
topk_max,2,test/algebra/2593.json,12.0,coherent_bt,0.0,0.0,0.0
topk_max,2,test/algebra/2735.json,12.0,coherent_bt,0.0,0.0,0.0
topk_max,2,test/algebra/2779.json,12.0,coherent_bt,0.0,1.0,1.0
topk_max,2,test/algebra/297.json,12.0,coherent_bt,0.0,1.0,1.0
topk_max,2,test/algebra/425.json,12.0,coherent_bt,0.0,0.0,0.0
topk_max,2,test/algebra/634.json,12.0,coherent_bt,0.0,1.0,1.0
topk_max,2,test/algebra/661.json,12.0,coherent_bt,0.0,1.0,1.0
topk_max,2,test/algebra/769.json,12.0,coherent_bt,0.0,0.0,0.0
topk_max,2,test/algebra/824.json,12.0,coherent_bt,0.0,0.0,0.0
topk_max,2,test/algebra/892.json,12.0,coherent_bt,1.0,0.0,-1.0
topk_max,2,test/counting_and_probability/1009.json,12.0,coherent_bt,0.0,0.0,0.0
topk_max,2,test/counting_and_probability/1014.json,12.0,coherent_bt,0.0,0.0,0.0
topk_max,2,test/counting_and_probability/1060.json,12.0,coherent_bt,0.0,0.0,0.0
topk_max,2,test/counting_and_probability/119.json,12.0,coherent_bt,0.0,0.0,0.0
topk_max,2,test/counting_and_probability/25149.json,12.0,coherent_bt,0.0,1.0,1.0
topk_max,2,test/counting_and_probability/508.json,12.0,coherent_bt,0.0,0.0,0.0
topk_max,2,test/counting_and_probability/525.json,12.0,coherent_bt,0.0,0.0,0.0
topk_max,2,test/counting_and_probability/894.json,12.0,coherent_bt,0.0,0.0,0.0
topk_max,2,test/geometry/1140.json,12.0,coherent_bt,1.0,1.0,0.0
topk_max,2,test/geometry/254.json,12.0,coherent_bt,0.0,0.0,0.0
topk_max,2,test/geometry/456.json,12.0,coherent_bt,0.0,0.0,0.0
topk_max,2,test/geometry/465.json,12.0,coherent_bt,1.0,0.0,-1.0
topk_max,2,test/geometry/538.json,12.0,coherent_bt,0.0,0.0,0.0
topk_max,2,test/geometry/561.json,12.0,coherent_bt,0.0,1.0,1.0
topk_max,2,test/geometry/615.json,12.0,coherent_bt,1.0,0.0,-1.0
topk_max,2,test/geometry/711.json,12.0,coherent_bt,1.0,1.0,0.0
topk_max,2,test/geometry/795.json,12.0,coherent_bt,0.0,0.0,0.0
topk_max,2,test/geometry/843.json,12.0,coherent_bt,0.0,0.0,0.0
topk_max,2,test/geometry/846.json,12.0,coherent_bt,1.0,1.0,0.0
topk_max,2,test/intermediate_algebra/101.json,12.0,coherent_bt,0.0,1.0,1.0
topk_max,2,test/intermediate_algebra/102.json,12.0,coherent_bt,0.0,1.0,1.0
topk_max,2,test/intermediate_algebra/1354.json,12.0,coherent_bt,0.0,1.0,1.0
topk_max,2,test/intermediate_algebra/1467.json,12.0,coherent_bt,1.0,1.0,0.0
topk_max,2,test/intermediate_algebra/1555.json,12.0,coherent_bt,0.0,1.0,1.0
topk_max,2,test/intermediate_algebra/1714.json,12.0,coherent_bt,0.0,0.0,0.0
topk_max,2,test/intermediate_algebra/1779.json,12.0,coherent_bt,0.0,1.0,1.0
topk_max,2,test/intermediate_algebra/199.json,12.0,coherent_bt,1.0,1.0,0.0
topk_max,2,test/intermediate_algebra/1994.json,12.0,coherent_bt,0.0,1.0,1.0
topk_max,2,test/intermediate_algebra/2046.json,12.0,coherent_bt,0.0,0.0,0.0
topk_max,2,test/intermediate_algebra/345.json,12.0,coherent_bt,0.0,0.0,0.0
topk_max,2,test/intermediate_algebra/446.json,12.0,coherent_bt,0.0,0.0,0.0
topk_max,2,test/intermediate_algebra/47.json,12.0,coherent_bt,0.0,0.0,0.0
topk_max,2,test/intermediate_algebra/607.json,12.0,coherent_bt,1.0,0.0,-1.0
topk_max,2,test/intermediate_algebra/690.json,12.0,coherent_bt,1.0,1.0,0.0
topk_max,2,test/intermediate_algebra/752.json,12.0,coherent_bt,0.0,1.0,1.0
topk_max,2,test/intermediate_algebra/894.json,12.0,coherent_bt,1.0,1.0,0.0
topk_max,2,test/number_theory/1002.json,12.0,coherent_bt,0.0,1.0,1.0
topk_max,2,test/number_theory/149.json,12.0,coherent_bt,0.0,0.0,0.0
topk_max,2,test/number_theory/515.json,12.0,coherent_bt,0.0,0.0,0.0
topk_max,2,test/prealgebra/1113.json,12.0,coherent_bt,0.0,0.0,0.0
topk_max,2,test/prealgebra/1128.json,12.0,coherent_bt,0.0,0.0,0.0
topk_max,2,test/prealgebra/1139.json,12.0,coherent_bt,0.0,0.0,0.0
topk_max,2,test/prealgebra/1238.json,12.0,coherent_bt,0.0,0.0,0.0
topk_max,2,test/prealgebra/1251.json,12.0,coherent_bt,0.0,1.0,1.0
topk_max,2,test/prealgebra/1252.json,12.0,coherent_bt,0.0,0.0,0.0
topk_max,2,test/prealgebra/1272.json,12.0,coherent_bt,0.0,0.0,0.0
topk_max,2,test/prealgebra/1423.json,12.0,coherent_bt,0.0,0.0,0.0
topk_max,2,test/prealgebra/1622.json,12.0,coherent_bt,0.0,1.0,1.0
topk_max,2,test/prealgebra/1646.json,12.0,coherent_bt,0.0,1.0,1.0
topk_max,2,test/prealgebra/1787.json,12.0,coherent_bt,0.0,1.0,1.0
topk_max,2,test/prealgebra/1834.json,12.0,coherent_bt,0.0,0.0,0.0
topk_max,2,test/prealgebra/1922.json,12.0,coherent_bt,0.0,0.0,0.0
topk_max,2,test/prealgebra/1961.json,12.0,coherent_bt,0.0,1.0,1.0
topk_max,2,test/prealgebra/2019.json,12.0,coherent_bt,0.0,0.0,0.0
topk_max,2,test/prealgebra/2066.json,12.0,coherent_bt,0.0,1.0,1.0
topk_max,2,test/prealgebra/505.json,12.0,coherent_bt,0.0,0.0,0.0
topk_max,2,test/prealgebra/65.json,12.0,coherent_bt,0.0,1.0,1.0
topk_max,2,test/prealgebra/996.json,12.0,coherent_bt,0.0,0.0,0.0
topk_max,2,test/precalculus/1082.json,12.0,coherent_bt,1.0,1.0,0.0
topk_max,2,test/precalculus/1105.json,12.0,coherent_bt,0.0,1.0,1.0
topk_max,2,test/precalculus/1199.json,12.0,coherent_bt,1.0,0.0,-1.0
topk_max,2,test/precalculus/1303.json,12.0,coherent_bt,0.0,1.0,1.0
topk_max,2,test/precalculus/398.json,12.0,coherent_bt,1.0,0.0,-1.0
topk_max,2,test/precalculus/43.json,12.0,coherent_bt,0.0,0.0,0.0
topk_max,2,test/precalculus/541.json,12.0,coherent_bt,0.0,0.0,0.0
topk_max,2,test/precalculus/580.json,12.0,coherent_bt,0.0,0.0,0.0
topk_max,2,test/precalculus/779.json,12.0,coherent_bt,0.0,0.0,0.0
topk_max,2,test/precalculus/927.json,12.0,coherent_bt,1.0,1.0,0.0
topk_max,2,test/precalculus/96.json,12.0,coherent_bt,1.0,0.0,-1.0
topk_max,2,test/precalculus/986.json,12.0,coherent_bt,0.0,0.0,0.0
topk_max,2,test/algebra/1082.json,12.0,incoherent,0.0,1.0,1.0
topk_max,2,test/algebra/109.json,12.0,incoherent,0.0,0.0,0.0
topk_max,2,test/algebra/1098.json,12.0,incoherent,0.0,0.0,0.0
topk_max,2,test/algebra/1214.json,12.0,incoherent,0.0,0.0,0.0
topk_max,2,test/algebra/1265.json,12.0,incoherent,0.0,0.0,0.0
topk_max,2,test/algebra/1282.json,12.0,incoherent,0.0,0.0,0.0
topk_max,2,test/algebra/1338.json,12.0,incoherent,0.0,0.0,0.0
topk_max,2,test/algebra/1349.json,12.0,incoherent,0.0,0.0,0.0
topk_max,2,test/algebra/1553.json,12.0,incoherent,0.0,0.0,0.0
topk_max,2,test/algebra/1934.json,12.0,incoherent,0.0,0.0,0.0
topk_max,2,test/algebra/1960.json,12.0,incoherent,0.0,0.0,0.0
topk_max,2,test/algebra/2043.json,12.0,incoherent,0.0,1.0,1.0
topk_max,2,test/algebra/2046.json,12.0,incoherent,0.0,0.0,0.0
topk_max,2,test/algebra/2159.json,12.0,incoherent,0.0,1.0,1.0
topk_max,2,test/algebra/2264.json,12.0,incoherent,0.0,0.0,0.0
topk_max,2,test/algebra/2427.json,12.0,incoherent,0.0,1.0,1.0
topk_max,2,test/algebra/2430.json,12.0,incoherent,0.0,0.0,0.0
topk_max,2,test/algebra/2476.json,12.0,incoherent,0.0,0.0,0.0
topk_max,2,test/algebra/2486.json,12.0,incoherent,0.0,0.0,0.0
topk_max,2,test/algebra/2570.json,12.0,incoherent,0.0,0.0,0.0
topk_max,2,test/algebra/2593.json,12.0,incoherent,0.0,0.0,0.0
topk_max,2,test/algebra/2735.json,12.0,incoherent,0.0,0.0,0.0
topk_max,2,test/algebra/2779.json,12.0,incoherent,0.0,0.0,0.0
topk_max,2,test/algebra/297.json,12.0,incoherent,0.0,0.0,0.0
topk_max,2,test/algebra/425.json,12.0,incoherent,0.0,0.0,0.0
topk_max,2,test/algebra/634.json,12.0,incoherent,0.0,0.0,0.0
topk_max,2,test/algebra/661.json,12.0,incoherent,0.0,0.0,0.0
topk_max,2,test/algebra/769.json,12.0,incoherent,0.0,0.0,0.0
topk_max,2,test/algebra/824.json,12.0,incoherent,0.0,0.0,0.0
topk_max,2,test/algebra/892.json,12.0,incoherent,0.0,1.0,1.0
topk_max,2,test/counting_and_probability/1009.json,12.0,incoherent,0.0,1.0,1.0
topk_max,2,test/counting_and_probability/1014.json,12.0,incoherent,0.0,0.0,0.0
topk_max,2,test/counting_and_probability/1060.json,12.0,incoherent,0.0,0.0,0.0
topk_max,2,test/counting_and_probability/119.json,12.0,incoherent,0.0,1.0,1.0
topk_max,2,test/counting_and_probability/25149.json,12.0,incoherent,0.0,0.0,0.0
topk_max,2,test/counting_and_probability/508.json,12.0,incoherent,0.0,0.0,0.0
topk_max,2,test/counting_and_probability/525.json,12.0,incoherent,0.0,1.0,1.0
topk_max,2,test/counting_and_probability/894.json,12.0,incoherent,0.0,1.0,1.0
topk_max,2,test/geometry/1140.json,12.0,incoherent,0.0,0.0,0.0
topk_max,2,test/geometry/254.json,12.0,incoherent,0.0,0.0,0.0
topk_max,2,test/geometry/456.json,12.0,incoherent,0.0,0.0,0.0
topk_max,2,test/geometry/465.json,12.0,incoherent,0.0,1.0,1.0
topk_max,2,test/geometry/538.json,12.0,incoherent,0.0,0.0,0.0
topk_max,2,test/geometry/561.json,12.0,incoherent,0.0,0.0,0.0
topk_max,2,test/geometry/615.json,12.0,incoherent,0.0,1.0,1.0
topk_max,2,test/geometry/711.json,12.0,incoherent,0.0,0.0,0.0
topk_max,2,test/geometry/795.json,12.0,incoherent,0.0,1.0,1.0
topk_max,2,test/geometry/843.json,12.0,incoherent,0.0,0.0,0.0
topk_max,2,test/geometry/846.json,12.0,incoherent,0.0,0.0,0.0
topk_max,2,test/intermediate_algebra/101.json,12.0,incoherent,0.0,0.0,0.0
topk_max,2,test/intermediate_algebra/102.json,12.0,incoherent,0.0,0.0,0.0
topk_max,2,test/intermediate_algebra/1354.json,12.0,incoherent,0.0,0.0,0.0
topk_max,2,test/intermediate_algebra/1467.json,12.0,incoherent,0.0,0.0,0.0
topk_max,2,test/intermediate_algebra/1555.json,12.0,incoherent,0.0,0.0,0.0
topk_max,2,test/intermediate_algebra/1714.json,12.0,incoherent,0.0,1.0,1.0
topk_max,2,test/intermediate_algebra/1779.json,12.0,incoherent,0.0,0.0,0.0
topk_max,2,test/intermediate_algebra/199.json,12.0,incoherent,0.0,0.0,0.0
topk_max,2,test/intermediate_algebra/1994.json,12.0,incoherent,0.0,0.0,0.0
topk_max,2,test/intermediate_algebra/2046.json,12.0,incoherent,0.0,1.0,1.0
topk_max,2,test/intermediate_algebra/345.json,12.0,incoherent,0.0,0.0,0.0
topk_max,2,test/intermediate_algebra/446.json,12.0,incoherent,0.0,0.0,0.0
topk_max,2,test/intermediate_algebra/47.json,12.0,incoherent,0.0,1.0,1.0
topk_max,2,test/intermediate_algebra/607.json,12.0,incoherent,0.0,1.0,1.0
topk_max,2,test/intermediate_algebra/690.json,12.0,incoherent,0.0,0.0,0.0
topk_max,2,test/intermediate_algebra/752.json,12.0,incoherent,0.0,0.0,0.0
topk_max,2,test/intermediate_algebra/894.json,12.0,incoherent,0.0,0.0,0.0
topk_max,2,test/number_theory/1002.json,12.0,incoherent,0.0,0.0,0.0
topk_max,2,test/number_theory/149.json,12.0,incoherent,0.0,0.0,0.0
topk_max,2,test/number_theory/515.json,12.0,incoherent,0.0,0.0,0.0
topk_max,2,test/prealgebra/1113.json,12.0,incoherent,0.0,0.0,0.0
topk_max,2,test/prealgebra/1128.json,12.0,incoherent,0.0,1.0,1.0
topk_max,2,test/prealgebra/1139.json,12.0,incoherent,0.0,1.0,1.0
topk_max,2,test/prealgebra/1238.json,12.0,incoherent,0.0,0.0,0.0
topk_max,2,test/prealgebra/1251.json,12.0,incoherent,0.0,0.0,0.0
topk_max,2,test/prealgebra/1252.json,12.0,incoherent,0.0,0.0,0.0
topk_max,2,test/prealgebra/1272.json,12.0,incoherent,0.0,0.0,0.0
topk_max,2,test/prealgebra/1423.json,12.0,incoherent,0.0,0.0,0.0
topk_max,2,test/prealgebra/1622.json,12.0,incoherent,0.0,0.0,0.0
topk_max,2,test/prealgebra/1646.json,12.0,incoherent,0.0,0.0,0.0
topk_max,2,test/prealgebra/1787.json,12.0,incoherent,0.0,0.0,0.0
topk_max,2,test/prealgebra/1834.json,12.0,incoherent,0.0,0.0,0.0
topk_max,2,test/prealgebra/1922.json,12.0,incoherent,0.0,0.0,0.0
topk_max,2,test/prealgebra/1961.json,12.0,incoherent,0.0,0.0,0.0
topk_max,2,test/prealgebra/2019.json,12.0,incoherent,0.0,0.0,0.0
topk_max,2,test/prealgebra/2066.json,12.0,incoherent,0.0,0.0,0.0
topk_max,2,test/prealgebra/505.json,12.0,incoherent,0.0,0.0,0.0
topk_max,2,test/prealgebra/65.json,12.0,incoherent,0.0,0.0,0.0
topk_max,2,test/prealgebra/996.json,12.0,incoherent,0.0,0.0,0.0
topk_max,2,test/precalculus/1082.json,12.0,incoherent,0.0,0.0,0.0
topk_max,2,test/precalculus/1105.json,12.0,incoherent,0.0,0.0,0.0
topk_max,2,test/precalculus/1199.json,12.0,incoherent,0.0,0.0,0.0
topk_max,2,test/precalculus/1303.json,12.0,incoherent,0.0,0.0,0.0
topk_max,2,test/precalculus/398.json,12.0,incoherent,0.0,0.0,0.0
topk_max,2,test/precalculus/43.json,12.0,incoherent,0.0,0.0,0.0
topk_max,2,test/precalculus/541.json,12.0,incoherent,0.0,0.0,0.0
topk_max,2,test/precalculus/580.json,12.0,incoherent,0.0,0.0,0.0
topk_max,2,test/precalculus/779.json,12.0,incoherent,0.0,0.0,0.0
topk_max,2,test/precalculus/927.json,12.0,incoherent,0.0,0.0,0.0
topk_max,2,test/precalculus/96.json,12.0,incoherent,0.0,1.0,1.0
topk_max,2,test/precalculus/986.json,12.0,incoherent,0.0,0.0,0.0
topk_max,2,test/algebra/1082.json,12.0,correct,0.0,0.0,0.0
topk_max,2,test/algebra/109.json,12.0,correct,1.0,1.0,0.0
topk_max,2,test/algebra/1098.json,12.0,correct,1.0,0.0,-1.0
topk_max,2,test/algebra/1214.json,12.0,correct,1.0,0.0,-1.0
topk_max,2,test/algebra/1265.json,12.0,correct,1.0,1.0,0.0
topk_max,2,test/algebra/1282.json,12.0,correct,0.0,0.0,0.0
topk_max,2,test/algebra/1338.json,12.0,correct,1.0,0.0,-1.0
topk_max,2,test/algebra/1349.json,12.0,correct,0.0,0.0,0.0
topk_max,2,test/algebra/1553.json,12.0,correct,0.0,0.0,0.0
topk_max,2,test/algebra/1934.json,12.0,correct,1.0,0.0,-1.0
topk_max,2,test/algebra/1960.json,12.0,correct,1.0,1.0,0.0
topk_max,2,test/algebra/2043.json,12.0,correct,1.0,0.0,-1.0
topk_max,2,test/algebra/2046.json,12.0,correct,1.0,0.0,-1.0
topk_max,2,test/algebra/2159.json,12.0,correct,0.0,0.0,0.0
topk_max,2,test/algebra/2264.json,12.0,correct,1.0,0.0,-1.0
topk_max,2,test/algebra/2427.json,12.0,correct,0.0,0.0,0.0
topk_max,2,test/algebra/2430.json,12.0,correct,0.0,0.0,0.0
topk_max,2,test/algebra/2476.json,12.0,correct,0.0,0.0,0.0
topk_max,2,test/algebra/2486.json,12.0,correct,1.0,0.0,-1.0
topk_max,2,test/algebra/2570.json,12.0,correct,1.0,0.0,-1.0
topk_max,2,test/algebra/2593.json,12.0,correct,1.0,0.0,-1.0
topk_max,2,test/algebra/2735.json,12.0,correct,0.0,0.0,0.0
topk_max,2,test/algebra/2779.json,12.0,correct,1.0,0.0,-1.0
topk_max,2,test/algebra/297.json,12.0,correct,0.0,0.0,0.0
topk_max,2,test/algebra/425.json,12.0,correct,1.0,1.0,0.0
topk_max,2,test/algebra/634.json,12.0,correct,0.0,0.0,0.0
topk_max,2,test/algebra/661.json,12.0,correct,1.0,0.0,-1.0
topk_max,2,test/algebra/769.json,12.0,correct,1.0,0.0,-1.0
topk_max,2,test/algebra/824.json,12.0,correct,1.0,1.0,0.0
topk_max,2,test/algebra/892.json,12.0,correct,0.0,0.0,0.0
topk_max,2,test/counting_and_probability/1009.json,12.0,correct,1.0,0.0,-1.0
topk_max,2,test/counting_and_probability/1014.json,12.0,correct,1.0,0.0,-1.0
topk_max,2,test/counting_and_probability/1060.json,12.0,correct,0.0,0.0,0.0
topk_max,2,test/counting_and_probability/119.json,12.0,correct,0.0,0.0,0.0
topk_max,2,test/counting_and_probability/25149.json,12.0,correct,1.0,0.0,-1.0
topk_max,2,test/counting_and_probability/508.json,12.0,correct,0.0,0.0,0.0
topk_max,2,test/counting_and_probability/525.json,12.0,correct,0.0,0.0,0.0
topk_max,2,test/counting_and_probability/894.json,12.0,correct,1.0,0.0,-1.0
topk_max,2,test/geometry/1140.json,12.0,correct,0.0,0.0,0.0
topk_max,2,test/geometry/254.json,12.0,correct,0.0,0.0,0.0
topk_max,2,test/geometry/456.json,12.0,correct,1.0,1.0,0.0
topk_max,2,test/geometry/465.json,12.0,correct,0.0,0.0,0.0
topk_max,2,test/geometry/538.json,12.0,correct,0.0,0.0,0.0
topk_max,2,test/geometry/561.json,12.0,correct,0.0,0.0,0.0
topk_max,2,test/geometry/615.json,12.0,correct,0.0,0.0,0.0
topk_max,2,test/geometry/711.json,12.0,correct,0.0,0.0,0.0
topk_max,2,test/geometry/795.json,12.0,correct,0.0,0.0,0.0
topk_max,2,test/geometry/843.json,12.0,correct,1.0,0.0,-1.0
topk_max,2,test/geometry/846.json,12.0,correct,0.0,0.0,0.0
topk_max,2,test/intermediate_algebra/101.json,12.0,correct,0.0,0.0,0.0
topk_max,2,test/intermediate_algebra/102.json,12.0,correct,0.0,0.0,0.0
topk_max,2,test/intermediate_algebra/1354.json,12.0,correct,0.0,0.0,0.0
topk_max,2,test/intermediate_algebra/1467.json,12.0,correct,0.0,0.0,0.0
topk_max,2,test/intermediate_algebra/1555.json,12.0,correct,0.0,0.0,0.0
topk_max,2,test/intermediate_algebra/1714.json,12.0,correct,1.0,0.0,-1.0
topk_max,2,test/intermediate_algebra/1779.json,12.0,correct,0.0,0.0,0.0
topk_max,2,test/intermediate_algebra/199.json,12.0,correct,0.0,0.0,0.0
topk_max,2,test/intermediate_algebra/1994.json,12.0,correct,0.0,0.0,0.0
topk_max,2,test/intermediate_algebra/2046.json,12.0,correct,0.0,0.0,0.0
topk_max,2,test/intermediate_algebra/345.json,12.0,correct,0.0,0.0,0.0
topk_max,2,test/intermediate_algebra/446.json,12.0,correct,0.0,0.0,0.0
topk_max,2,test/intermediate_algebra/47.json,12.0,correct,0.0,0.0,0.0
topk_max,2,test/intermediate_algebra/607.json,12.0,correct,0.0,0.0,0.0
topk_max,2,test/intermediate_algebra/690.json,12.0,correct,0.0,0.0,0.0
topk_max,2,test/intermediate_algebra/752.json,12.0,correct,0.0,0.0,0.0
topk_max,2,test/intermediate_algebra/894.json,12.0,correct,0.0,0.0,0.0
topk_max,2,test/number_theory/1002.json,12.0,correct,0.0,0.0,0.0
topk_max,2,test/number_theory/149.json,12.0,correct,0.0,0.0,0.0
topk_max,2,test/number_theory/515.json,12.0,correct,1.0,0.0,-1.0
topk_max,2,test/prealgebra/1113.json,12.0,correct,1.0,1.0,0.0
topk_max,2,test/prealgebra/1128.json,12.0,correct,0.0,0.0,0.0
topk_max,2,test/prealgebra/1139.json,12.0,correct,0.0,0.0,0.0
topk_max,2,test/prealgebra/1238.json,12.0,correct,1.0,0.0,-1.0
topk_max,2,test/prealgebra/1251.json,12.0,correct,0.0,0.0,0.0
topk_max,2,test/prealgebra/1252.json,12.0,correct,1.0,0.0,-1.0
topk_max,2,test/prealgebra/1272.json,12.0,correct,1.0,0.0,-1.0
topk_max,2,test/prealgebra/1423.json,12.0,correct,0.0,0.0,0.0
topk_max,2,test/prealgebra/1622.json,12.0,correct,0.0,0.0,0.0
topk_max,2,test/prealgebra/1646.json,12.0,correct,0.0,0.0,0.0
topk_max,2,test/prealgebra/1787.json,12.0,correct,1.0,0.0,-1.0
topk_max,2,test/prealgebra/1834.json,12.0,correct,0.0,1.0,1.0
topk_max,2,test/prealgebra/1922.json,12.0,correct,0.0,0.0,0.0
topk_max,2,test/prealgebra/1961.json,12.0,correct,0.0,0.0,0.0
topk_max,2,test/prealgebra/2019.json,12.0,correct,1.0,0.0,-1.0
topk_max,2,test/prealgebra/2066.json,12.0,correct,0.0,0.0,0.0
topk_max,2,test/prealgebra/505.json,12.0,correct,1.0,0.0,-1.0
topk_max,2,test/prealgebra/65.json,12.0,correct,0.0,0.0,0.0
topk_max,2,test/prealgebra/996.json,12.0,correct,0.0,0.0,0.0
topk_max,2,test/precalculus/1082.json,12.0,correct,0.0,0.0,0.0
topk_max,2,test/precalculus/1105.json,12.0,correct,0.0,0.0,0.0
topk_max,2,test/precalculus/1199.json,12.0,correct,0.0,0.0,0.0
topk_max,2,test/precalculus/1303.json,12.0,correct,0.0,0.0,0.0
topk_max,2,test/precalculus/398.json,12.0,correct,0.0,0.0,0.0
topk_max,2,test/precalculus/43.json,12.0,correct,0.0,0.0,0.0
topk_max,2,test/precalculus/541.json,12.0,correct,0.0,0.0,0.0
topk_max,2,test/precalculus/580.json,12.0,correct,0.0,0.0,0.0
topk_max,2,test/precalculus/779.json,12.0,correct,1.0,1.0,0.0
topk_max,2,test/precalculus/927.json,12.0,correct,0.0,0.0,0.0
topk_max,2,test/precalculus/96.json,12.0,correct,0.0,0.0,0.0
topk_max,2,test/precalculus/986.json,12.0,correct,0.0,0.0,0.0
topk_max,42,test/algebra/1082.json,-12.0,gc,0.0,1.0,1.0
topk_max,42,test/algebra/109.json,-12.0,gc,0.0,2.0,2.0
topk_max,42,test/algebra/1098.json,-12.0,gc,0.0,0.0,0.0
topk_max,42,test/algebra/1214.json,-12.0,gc,0.0,0.0,0.0
topk_max,42,test/algebra/1265.json,-12.0,gc,0.0,0.0,0.0
topk_max,42,test/algebra/1282.json,-12.0,gc,0.0,1.0,1.0
topk_max,42,test/algebra/1338.json,-12.0,gc,0.0,0.0,0.0
topk_max,42,test/algebra/1349.json,-12.0,gc,0.0,0.0,0.0
topk_max,42,test/algebra/1553.json,-12.0,gc,0.0,0.0,0.0
topk_max,42,test/algebra/1934.json,-12.0,gc,0.0,1.0,1.0
topk_max,42,test/algebra/1960.json,-12.0,gc,0.0,0.0,0.0
topk_max,42,test/algebra/2043.json,-12.0,gc,1.0,1.0,0.0
topk_max,42,test/algebra/2046.json,-12.0,gc,0.0,0.0,0.0
topk_max,42,test/algebra/2159.json,-12.0,gc,1.0,2.0,1.0
topk_max,42,test/algebra/2264.json,-12.0,gc,0.0,1.0,1.0
topk_max,42,test/algebra/2427.json,-12.0,gc,0.0,0.0,0.0
topk_max,42,test/algebra/2430.json,-12.0,gc,1.0,1.0,0.0
topk_max,42,test/algebra/2476.json,-12.0,gc,0.0,3.0,3.0
topk_max,42,test/algebra/2486.json,-12.0,gc,0.0,4.0,4.0
topk_max,42,test/algebra/2570.json,-12.0,gc,1.0,1.0,0.0
topk_max,42,test/algebra/2593.json,-12.0,gc,0.0,0.0,0.0
topk_max,42,test/algebra/2735.json,-12.0,gc,0.0,0.0,0.0
topk_max,42,test/algebra/2779.json,-12.0,gc,0.0,0.0,0.0
topk_max,42,test/algebra/297.json,-12.0,gc,0.0,3.0,3.0
topk_max,42,test/algebra/425.json,-12.0,gc,0.0,0.0,0.0
topk_max,42,test/algebra/634.json,-12.0,gc,0.0,1.0,1.0
topk_max,42,test/algebra/661.json,-12.0,gc,0.0,0.0,0.0
topk_max,42,test/algebra/769.json,-12.0,gc,0.0,0.0,0.0
topk_max,42,test/algebra/824.json,-12.0,gc,0.0,0.0,0.0
topk_max,42,test/algebra/892.json,-12.0,gc,1.0,0.0,-1.0
topk_max,42,test/counting_and_probability/1009.json,-12.0,gc,0.0,2.0,2.0
topk_max,42,test/counting_and_probability/1014.json,-12.0,gc,0.0,1.0,1.0
topk_max,42,test/counting_and_probability/1060.json,-12.0,gc,0.0,0.0,0.0
topk_max,42,test/counting_and_probability/119.json,-12.0,gc,0.0,2.0,2.0
topk_max,42,test/counting_and_probability/25149.json,-12.0,gc,0.0,0.0,0.0
topk_max,42,test/counting_and_probability/508.json,-12.0,gc,0.0,1.0,1.0
topk_max,42,test/counting_and_probability/525.json,-12.0,gc,0.0,0.0,0.0
topk_max,42,test/counting_and_probability/894.json,-12.0,gc,0.0,2.0,2.0
topk_max,42,test/geometry/1140.json,-12.0,gc,1.0,1.0,0.0
topk_max,42,test/geometry/254.json,-12.0,gc,0.0,1.0,1.0
topk_max,42,test/geometry/456.json,-12.0,gc,0.0,0.0,0.0
topk_max,42,test/geometry/465.json,-12.0,gc,1.0,0.0,-1.0
topk_max,42,test/geometry/538.json,-12.0,gc,0.0,3.0,3.0
topk_max,42,test/geometry/561.json,-12.0,gc,0.0,2.0,2.0
topk_max,42,test/geometry/615.json,-12.0,gc,1.0,0.0,-1.0
topk_max,42,test/geometry/711.json,-12.0,gc,1.0,3.0,2.0
topk_max,42,test/geometry/795.json,-12.0,gc,0.0,1.0,1.0
topk_max,42,test/geometry/843.json,-12.0,gc,0.0,0.0,0.0
topk_max,42,test/geometry/846.json,-12.0,gc,1.0,2.0,1.0
topk_max,42,test/intermediate_algebra/101.json,-12.0,gc,0.0,2.0,2.0
topk_max,42,test/intermediate_algebra/102.json,-12.0,gc,0.0,1.0,1.0
topk_max,42,test/intermediate_algebra/1354.json,-12.0,gc,0.0,0.0,0.0
topk_max,42,test/intermediate_algebra/1467.json,-12.0,gc,1.0,0.0,-1.0
topk_max,42,test/intermediate_algebra/1555.json,-12.0,gc,0.0,1.0,1.0
topk_max,42,test/intermediate_algebra/1714.json,-12.0,gc,0.0,0.0,0.0
topk_max,42,test/intermediate_algebra/1779.json,-12.0,gc,0.0,1.0,1.0
topk_max,42,test/intermediate_algebra/199.json,-12.0,gc,1.0,0.0,-1.0
topk_max,42,test/intermediate_algebra/1994.json,-12.0,gc,0.0,1.0,1.0
topk_max,42,test/intermediate_algebra/2046.json,-12.0,gc,0.0,3.0,3.0
topk_max,42,test/intermediate_algebra/345.json,-12.0,gc,0.0,1.0,1.0
topk_max,42,test/intermediate_algebra/446.json,-12.0,gc,0.0,1.0,1.0
topk_max,42,test/intermediate_algebra/47.json,-12.0,gc,0.0,1.0,1.0
topk_max,42,test/intermediate_algebra/607.json,-12.0,gc,1.0,0.0,-1.0
topk_max,42,test/intermediate_algebra/690.json,-12.0,gc,1.0,2.0,1.0
topk_max,42,test/intermediate_algebra/752.json,-12.0,gc,0.0,0.0,0.0
topk_max,42,test/intermediate_algebra/894.json,-12.0,gc,1.0,0.0,-1.0
topk_max,42,test/number_theory/1002.json,-12.0,gc,0.0,2.0,2.0
topk_max,42,test/number_theory/149.json,-12.0,gc,0.0,1.0,1.0
topk_max,42,test/number_theory/515.json,-12.0,gc,0.0,3.0,3.0
topk_max,42,test/prealgebra/1113.json,-12.0,gc,0.0,1.0,1.0
topk_max,42,test/prealgebra/1128.json,-12.0,gc,0.0,0.0,0.0
topk_max,42,test/prealgebra/1139.json,-12.0,gc,0.0,0.0,0.0
topk_max,42,test/prealgebra/1238.json,-12.0,gc,0.0,0.0,0.0
topk_max,42,test/prealgebra/1251.json,-12.0,gc,0.0,1.0,1.0
topk_max,42,test/prealgebra/1252.json,-12.0,gc,0.0,0.0,0.0
topk_max,42,test/prealgebra/1272.json,-12.0,gc,0.0,0.0,0.0
topk_max,42,test/prealgebra/1423.json,-12.0,gc,0.0,0.0,0.0
topk_max,42,test/prealgebra/1622.json,-12.0,gc,0.0,0.0,0.0
topk_max,42,test/prealgebra/1646.json,-12.0,gc,0.0,1.0,1.0
topk_max,42,test/prealgebra/1787.json,-12.0,gc,0.0,0.0,0.0
topk_max,42,test/prealgebra/1834.json,-12.0,gc,0.0,0.0,0.0
topk_max,42,test/prealgebra/1922.json,-12.0,gc,0.0,0.0,0.0
topk_max,42,test/prealgebra/1961.json,-12.0,gc,0.0,1.0,1.0
topk_max,42,test/prealgebra/2019.json,-12.0,gc,0.0,0.0,0.0
topk_max,42,test/prealgebra/2066.json,-12.0,gc,0.0,0.0,0.0
topk_max,42,test/prealgebra/505.json,-12.0,gc,0.0,2.0,2.0
topk_max,42,test/prealgebra/65.json,-12.0,gc,0.0,0.0,0.0
topk_max,42,test/prealgebra/996.json,-12.0,gc,0.0,1.0,1.0
topk_max,42,test/precalculus/1082.json,-12.0,gc,1.0,1.0,0.0
topk_max,42,test/precalculus/1105.json,-12.0,gc,0.0,0.0,0.0
topk_max,42,test/precalculus/1199.json,-12.0,gc,1.0,1.0,0.0
topk_max,42,test/precalculus/1303.json,-12.0,gc,0.0,1.0,1.0
topk_max,42,test/precalculus/398.json,-12.0,gc,1.0,1.0,0.0
topk_max,42,test/precalculus/43.json,-12.0,gc,0.0,4.0,4.0
topk_max,42,test/precalculus/541.json,-12.0,gc,0.0,0.0,0.0
topk_max,42,test/precalculus/580.json,-12.0,gc,0.0,2.0,2.0
topk_max,42,test/precalculus/779.json,-12.0,gc,0.0,1.0,1.0
topk_max,42,test/precalculus/927.json,-12.0,gc,2.0,0.0,-2.0
topk_max,42,test/precalculus/96.json,-12.0,gc,1.0,2.0,1.0
topk_max,42,test/precalculus/986.json,-12.0,gc,0.0,0.0,0.0
topk_max,42,test/algebra/1082.json,-12.0,coherent_gc,0.0,0.0,0.0
topk_max,42,test/algebra/109.json,-12.0,coherent_gc,0.0,0.0,0.0
topk_max,42,test/algebra/1098.json,-12.0,coherent_gc,0.0,0.0,0.0
topk_max,42,test/algebra/1214.json,-12.0,coherent_gc,0.0,0.0,0.0
topk_max,42,test/algebra/1265.json,-12.0,coherent_gc,0.0,0.0,0.0
topk_max,42,test/algebra/1282.json,-12.0,coherent_gc,0.0,1.0,1.0
topk_max,42,test/algebra/1338.json,-12.0,coherent_gc,0.0,0.0,0.0
topk_max,42,test/algebra/1349.json,-12.0,coherent_gc,0.0,0.0,0.0
topk_max,42,test/algebra/1553.json,-12.0,coherent_gc,0.0,0.0,0.0
topk_max,42,test/algebra/1934.json,-12.0,coherent_gc,0.0,1.0,1.0
topk_max,42,test/algebra/1960.json,-12.0,coherent_gc,0.0,0.0,0.0
topk_max,42,test/algebra/2043.json,-12.0,coherent_gc,1.0,0.0,-1.0
topk_max,42,test/algebra/2046.json,-12.0,coherent_gc,0.0,0.0,0.0
topk_max,42,test/algebra/2159.json,-12.0,coherent_gc,1.0,2.0,1.0
topk_max,42,test/algebra/2264.json,-12.0,coherent_gc,0.0,1.0,1.0
topk_max,42,test/algebra/2427.json,-12.0,coherent_gc,0.0,0.0,0.0
topk_max,42,test/algebra/2430.json,-12.0,coherent_gc,1.0,0.0,-1.0
topk_max,42,test/algebra/2476.json,-12.0,coherent_gc,0.0,3.0,3.0
topk_max,42,test/algebra/2486.json,-12.0,coherent_gc,0.0,4.0,4.0
topk_max,42,test/algebra/2570.json,-12.0,coherent_gc,1.0,1.0,0.0
topk_max,42,test/algebra/2593.json,-12.0,coherent_gc,0.0,0.0,0.0
topk_max,42,test/algebra/2735.json,-12.0,coherent_gc,0.0,0.0,0.0
topk_max,42,test/algebra/2779.json,-12.0,coherent_gc,0.0,0.0,0.0
topk_max,42,test/algebra/297.json,-12.0,coherent_gc,0.0,0.0,0.0
topk_max,42,test/algebra/425.json,-12.0,coherent_gc,0.0,0.0,0.0
topk_max,42,test/algebra/634.json,-12.0,coherent_gc,0.0,0.0,0.0
topk_max,42,test/algebra/661.json,-12.0,coherent_gc,0.0,0.0,0.0
topk_max,42,test/algebra/769.json,-12.0,coherent_gc,0.0,0.0,0.0
topk_max,42,test/algebra/824.json,-12.0,coherent_gc,0.0,0.0,0.0
topk_max,42,test/algebra/892.json,-12.0,coherent_gc,1.0,0.0,-1.0
topk_max,42,test/counting_and_probability/1009.json,-12.0,coherent_gc,0.0,2.0,2.0
topk_max,42,test/counting_and_probability/1014.json,-12.0,coherent_gc,0.0,1.0,1.0
topk_max,42,test/counting_and_probability/1060.json,-12.0,coherent_gc,0.0,0.0,0.0
topk_max,42,test/counting_and_probability/119.json,-12.0,coherent_gc,0.0,2.0,2.0
topk_max,42,test/counting_and_probability/25149.json,-12.0,coherent_gc,0.0,0.0,0.0
topk_max,42,test/counting_and_probability/508.json,-12.0,coherent_gc,0.0,1.0,1.0
topk_max,42,test/counting_and_probability/525.json,-12.0,coherent_gc,0.0,0.0,0.0
topk_max,42,test/counting_and_probability/894.json,-12.0,coherent_gc,0.0,0.0,0.0
topk_max,42,test/geometry/1140.json,-12.0,coherent_gc,1.0,0.0,-1.0
topk_max,42,test/geometry/254.json,-12.0,coherent_gc,0.0,1.0,1.0
topk_max,42,test/geometry/456.json,-12.0,coherent_gc,0.0,0.0,0.0
topk_max,42,test/geometry/465.json,-12.0,coherent_gc,1.0,0.0,-1.0
topk_max,42,test/geometry/538.json,-12.0,coherent_gc,0.0,0.0,0.0
topk_max,42,test/geometry/561.json,-12.0,coherent_gc,0.0,2.0,2.0
topk_max,42,test/geometry/615.json,-12.0,coherent_gc,1.0,0.0,-1.0
topk_max,42,test/geometry/711.json,-12.0,coherent_gc,1.0,3.0,2.0
topk_max,42,test/geometry/795.json,-12.0,coherent_gc,0.0,0.0,0.0
topk_max,42,test/geometry/843.json,-12.0,coherent_gc,0.0,0.0,0.0
topk_max,42,test/geometry/846.json,-12.0,coherent_gc,1.0,2.0,1.0
topk_max,42,test/intermediate_algebra/101.json,-12.0,coherent_gc,0.0,0.0,0.0
topk_max,42,test/intermediate_algebra/102.json,-12.0,coherent_gc,0.0,1.0,1.0
topk_max,42,test/intermediate_algebra/1354.json,-12.0,coherent_gc,0.0,0.0,0.0
topk_max,42,test/intermediate_algebra/1467.json,-12.0,coherent_gc,1.0,0.0,-1.0
topk_max,42,test/intermediate_algebra/1555.json,-12.0,coherent_gc,0.0,1.0,1.0
topk_max,42,test/intermediate_algebra/1714.json,-12.0,coherent_gc,0.0,0.0,0.0
topk_max,42,test/intermediate_algebra/1779.json,-12.0,coherent_gc,0.0,1.0,1.0
topk_max,42,test/intermediate_algebra/199.json,-12.0,coherent_gc,1.0,0.0,-1.0
topk_max,42,test/intermediate_algebra/1994.json,-12.0,coherent_gc,0.0,1.0,1.0
topk_max,42,test/intermediate_algebra/2046.json,-12.0,coherent_gc,0.0,3.0,3.0
topk_max,42,test/intermediate_algebra/345.json,-12.0,coherent_gc,0.0,0.0,0.0
topk_max,42,test/intermediate_algebra/446.json,-12.0,coherent_gc,0.0,0.0,0.0
topk_max,42,test/intermediate_algebra/47.json,-12.0,coherent_gc,0.0,0.0,0.0
topk_max,42,test/intermediate_algebra/607.json,-12.0,coherent_gc,1.0,0.0,-1.0
topk_max,42,test/intermediate_algebra/690.json,-12.0,coherent_gc,1.0,0.0,-1.0
topk_max,42,test/intermediate_algebra/752.json,-12.0,coherent_gc,0.0,0.0,0.0
topk_max,42,test/intermediate_algebra/894.json,-12.0,coherent_gc,1.0,0.0,-1.0
topk_max,42,test/number_theory/1002.json,-12.0,coherent_gc,0.0,0.0,0.0
topk_max,42,test/number_theory/149.json,-12.0,coherent_gc,0.0,1.0,1.0
topk_max,42,test/number_theory/515.json,-12.0,coherent_gc,0.0,0.0,0.0
topk_max,42,test/prealgebra/1113.json,-12.0,coherent_gc,0.0,1.0,1.0
topk_max,42,test/prealgebra/1128.json,-12.0,coherent_gc,0.0,0.0,0.0
topk_max,42,test/prealgebra/1139.json,-12.0,coherent_gc,0.0,0.0,0.0
topk_max,42,test/prealgebra/1238.json,-12.0,coherent_gc,0.0,0.0,0.0
topk_max,42,test/prealgebra/1251.json,-12.0,coherent_gc,0.0,1.0,1.0
topk_max,42,test/prealgebra/1252.json,-12.0,coherent_gc,0.0,0.0,0.0
topk_max,42,test/prealgebra/1272.json,-12.0,coherent_gc,0.0,0.0,0.0
topk_max,42,test/prealgebra/1423.json,-12.0,coherent_gc,0.0,0.0,0.0
topk_max,42,test/prealgebra/1622.json,-12.0,coherent_gc,0.0,0.0,0.0
topk_max,42,test/prealgebra/1646.json,-12.0,coherent_gc,0.0,1.0,1.0
topk_max,42,test/prealgebra/1787.json,-12.0,coherent_gc,0.0,0.0,0.0
topk_max,42,test/prealgebra/1834.json,-12.0,coherent_gc,0.0,0.0,0.0
topk_max,42,test/prealgebra/1922.json,-12.0,coherent_gc,0.0,0.0,0.0
topk_max,42,test/prealgebra/1961.json,-12.0,coherent_gc,0.0,1.0,1.0
topk_max,42,test/prealgebra/2019.json,-12.0,coherent_gc,0.0,0.0,0.0
topk_max,42,test/prealgebra/2066.json,-12.0,coherent_gc,0.0,0.0,0.0
topk_max,42,test/prealgebra/505.json,-12.0,coherent_gc,0.0,2.0,2.0
topk_max,42,test/prealgebra/65.json,-12.0,coherent_gc,0.0,0.0,0.0
topk_max,42,test/prealgebra/996.json,-12.0,coherent_gc,0.0,0.0,0.0
topk_max,42,test/precalculus/1082.json,-12.0,coherent_gc,1.0,1.0,0.0
topk_max,42,test/precalculus/1105.json,-12.0,coherent_gc,0.0,0.0,0.0
topk_max,42,test/precalculus/1199.json,-12.0,coherent_gc,1.0,1.0,0.0
topk_max,42,test/precalculus/1303.json,-12.0,coherent_gc,0.0,1.0,1.0
topk_max,42,test/precalculus/398.json,-12.0,coherent_gc,1.0,1.0,0.0
topk_max,42,test/precalculus/43.json,-12.0,coherent_gc,0.0,0.0,0.0
topk_max,42,test/precalculus/541.json,-12.0,coherent_gc,0.0,0.0,0.0
topk_max,42,test/precalculus/580.json,-12.0,coherent_gc,0.0,0.0,0.0
topk_max,42,test/precalculus/779.json,-12.0,coherent_gc,0.0,1.0,1.0
topk_max,42,test/precalculus/927.json,-12.0,coherent_gc,2.0,0.0,-2.0
topk_max,42,test/precalculus/96.json,-12.0,coherent_gc,1.0,2.0,1.0
topk_max,42,test/precalculus/986.json,-12.0,coherent_gc,0.0,0.0,0.0
topk_max,42,test/algebra/1082.json,-12.0,coherent_bt,0.0,0.0,0.0
topk_max,42,test/algebra/109.json,-12.0,coherent_bt,0.0,0.0,0.0
topk_max,42,test/algebra/1098.json,-12.0,coherent_bt,0.0,0.0,0.0
topk_max,42,test/algebra/1214.json,-12.0,coherent_bt,0.0,0.0,0.0
topk_max,42,test/algebra/1265.json,-12.0,coherent_bt,0.0,0.0,0.0
topk_max,42,test/algebra/1282.json,-12.0,coherent_bt,0.0,1.0,1.0
topk_max,42,test/algebra/1338.json,-12.0,coherent_bt,0.0,0.0,0.0
topk_max,42,test/algebra/1349.json,-12.0,coherent_bt,0.0,0.0,0.0
topk_max,42,test/algebra/1553.json,-12.0,coherent_bt,0.0,0.0,0.0
topk_max,42,test/algebra/1934.json,-12.0,coherent_bt,0.0,1.0,1.0
topk_max,42,test/algebra/1960.json,-12.0,coherent_bt,0.0,0.0,0.0
topk_max,42,test/algebra/2043.json,-12.0,coherent_bt,1.0,0.0,-1.0
topk_max,42,test/algebra/2046.json,-12.0,coherent_bt,0.0,0.0,0.0
topk_max,42,test/algebra/2159.json,-12.0,coherent_bt,1.0,1.0,0.0
topk_max,42,test/algebra/2264.json,-12.0,coherent_bt,0.0,1.0,1.0
topk_max,42,test/algebra/2427.json,-12.0,coherent_bt,0.0,0.0,0.0
topk_max,42,test/algebra/2430.json,-12.0,coherent_bt,1.0,0.0,-1.0
topk_max,42,test/algebra/2476.json,-12.0,coherent_bt,0.0,1.0,1.0
topk_max,42,test/algebra/2486.json,-12.0,coherent_bt,0.0,1.0,1.0
topk_max,42,test/algebra/2570.json,-12.0,coherent_bt,1.0,1.0,0.0
topk_max,42,test/algebra/2593.json,-12.0,coherent_bt,0.0,0.0,0.0
topk_max,42,test/algebra/2735.json,-12.0,coherent_bt,0.0,0.0,0.0
topk_max,42,test/algebra/2779.json,-12.0,coherent_bt,0.0,0.0,0.0
topk_max,42,test/algebra/297.json,-12.0,coherent_bt,0.0,0.0,0.0
topk_max,42,test/algebra/425.json,-12.0,coherent_bt,0.0,0.0,0.0
topk_max,42,test/algebra/634.json,-12.0,coherent_bt,0.0,0.0,0.0
topk_max,42,test/algebra/661.json,-12.0,coherent_bt,0.0,0.0,0.0
topk_max,42,test/algebra/769.json,-12.0,coherent_bt,0.0,0.0,0.0
topk_max,42,test/algebra/824.json,-12.0,coherent_bt,0.0,0.0,0.0
topk_max,42,test/algebra/892.json,-12.0,coherent_bt,1.0,0.0,-1.0
topk_max,42,test/counting_and_probability/1009.json,-12.0,coherent_bt,0.0,1.0,1.0
topk_max,42,test/counting_and_probability/1014.json,-12.0,coherent_bt,0.0,1.0,1.0
topk_max,42,test/counting_and_probability/1060.json,-12.0,coherent_bt,0.0,0.0,0.0
topk_max,42,test/counting_and_probability/119.json,-12.0,coherent_bt,0.0,1.0,1.0
topk_max,42,test/counting_and_probability/25149.json,-12.0,coherent_bt,0.0,0.0,0.0
topk_max,42,test/counting_and_probability/508.json,-12.0,coherent_bt,0.0,1.0,1.0
topk_max,42,test/counting_and_probability/525.json,-12.0,coherent_bt,0.0,0.0,0.0
topk_max,42,test/counting_and_probability/894.json,-12.0,coherent_bt,0.0,0.0,0.0
topk_max,42,test/geometry/1140.json,-12.0,coherent_bt,1.0,0.0,-1.0
topk_max,42,test/geometry/254.json,-12.0,coherent_bt,0.0,1.0,1.0
topk_max,42,test/geometry/456.json,-12.0,coherent_bt,0.0,0.0,0.0
topk_max,42,test/geometry/465.json,-12.0,coherent_bt,1.0,0.0,-1.0
topk_max,42,test/geometry/538.json,-12.0,coherent_bt,0.0,0.0,0.0
topk_max,42,test/geometry/561.json,-12.0,coherent_bt,0.0,1.0,1.0
topk_max,42,test/geometry/615.json,-12.0,coherent_bt,1.0,0.0,-1.0
topk_max,42,test/geometry/711.json,-12.0,coherent_bt,1.0,1.0,0.0
topk_max,42,test/geometry/795.json,-12.0,coherent_bt,0.0,0.0,0.0
topk_max,42,test/geometry/843.json,-12.0,coherent_bt,0.0,0.0,0.0
topk_max,42,test/geometry/846.json,-12.0,coherent_bt,1.0,1.0,0.0
topk_max,42,test/intermediate_algebra/101.json,-12.0,coherent_bt,0.0,0.0,0.0
topk_max,42,test/intermediate_algebra/102.json,-12.0,coherent_bt,0.0,1.0,1.0
topk_max,42,test/intermediate_algebra/1354.json,-12.0,coherent_bt,0.0,0.0,0.0
topk_max,42,test/intermediate_algebra/1467.json,-12.0,coherent_bt,1.0,0.0,-1.0
topk_max,42,test/intermediate_algebra/1555.json,-12.0,coherent_bt,0.0,1.0,1.0
topk_max,42,test/intermediate_algebra/1714.json,-12.0,coherent_bt,0.0,0.0,0.0
topk_max,42,test/intermediate_algebra/1779.json,-12.0,coherent_bt,0.0,1.0,1.0
topk_max,42,test/intermediate_algebra/199.json,-12.0,coherent_bt,1.0,0.0,-1.0
topk_max,42,test/intermediate_algebra/1994.json,-12.0,coherent_bt,0.0,1.0,1.0
topk_max,42,test/intermediate_algebra/2046.json,-12.0,coherent_bt,0.0,1.0,1.0
topk_max,42,test/intermediate_algebra/345.json,-12.0,coherent_bt,0.0,0.0,0.0
topk_max,42,test/intermediate_algebra/446.json,-12.0,coherent_bt,0.0,0.0,0.0
topk_max,42,test/intermediate_algebra/47.json,-12.0,coherent_bt,0.0,0.0,0.0
topk_max,42,test/intermediate_algebra/607.json,-12.0,coherent_bt,1.0,0.0,-1.0
topk_max,42,test/intermediate_algebra/690.json,-12.0,coherent_bt,1.0,0.0,-1.0
topk_max,42,test/intermediate_algebra/752.json,-12.0,coherent_bt,0.0,0.0,0.0
topk_max,42,test/intermediate_algebra/894.json,-12.0,coherent_bt,1.0,0.0,-1.0
topk_max,42,test/number_theory/1002.json,-12.0,coherent_bt,0.0,0.0,0.0
topk_max,42,test/number_theory/149.json,-12.0,coherent_bt,0.0,1.0,1.0
topk_max,42,test/number_theory/515.json,-12.0,coherent_bt,0.0,0.0,0.0
topk_max,42,test/prealgebra/1113.json,-12.0,coherent_bt,0.0,1.0,1.0
topk_max,42,test/prealgebra/1128.json,-12.0,coherent_bt,0.0,0.0,0.0
topk_max,42,test/prealgebra/1139.json,-12.0,coherent_bt,0.0,0.0,0.0
topk_max,42,test/prealgebra/1238.json,-12.0,coherent_bt,0.0,0.0,0.0
topk_max,42,test/prealgebra/1251.json,-12.0,coherent_bt,0.0,1.0,1.0
topk_max,42,test/prealgebra/1252.json,-12.0,coherent_bt,0.0,0.0,0.0
topk_max,42,test/prealgebra/1272.json,-12.0,coherent_bt,0.0,0.0,0.0
topk_max,42,test/prealgebra/1423.json,-12.0,coherent_bt,0.0,0.0,0.0
topk_max,42,test/prealgebra/1622.json,-12.0,coherent_bt,0.0,0.0,0.0
topk_max,42,test/prealgebra/1646.json,-12.0,coherent_bt,0.0,1.0,1.0
topk_max,42,test/prealgebra/1787.json,-12.0,coherent_bt,0.0,0.0,0.0
topk_max,42,test/prealgebra/1834.json,-12.0,coherent_bt,0.0,0.0,0.0
topk_max,42,test/prealgebra/1922.json,-12.0,coherent_bt,0.0,0.0,0.0
topk_max,42,test/prealgebra/1961.json,-12.0,coherent_bt,0.0,1.0,1.0
topk_max,42,test/prealgebra/2019.json,-12.0,coherent_bt,0.0,0.0,0.0
topk_max,42,test/prealgebra/2066.json,-12.0,coherent_bt,0.0,0.0,0.0
topk_max,42,test/prealgebra/505.json,-12.0,coherent_bt,0.0,1.0,1.0
topk_max,42,test/prealgebra/65.json,-12.0,coherent_bt,0.0,0.0,0.0
topk_max,42,test/prealgebra/996.json,-12.0,coherent_bt,0.0,0.0,0.0
topk_max,42,test/precalculus/1082.json,-12.0,coherent_bt,1.0,1.0,0.0
topk_max,42,test/precalculus/1105.json,-12.0,coherent_bt,0.0,0.0,0.0
topk_max,42,test/precalculus/1199.json,-12.0,coherent_bt,1.0,1.0,0.0
topk_max,42,test/precalculus/1303.json,-12.0,coherent_bt,0.0,1.0,1.0
topk_max,42,test/precalculus/398.json,-12.0,coherent_bt,1.0,1.0,0.0
topk_max,42,test/precalculus/43.json,-12.0,coherent_bt,0.0,0.0,0.0
topk_max,42,test/precalculus/541.json,-12.0,coherent_bt,0.0,0.0,0.0
topk_max,42,test/precalculus/580.json,-12.0,coherent_bt,0.0,0.0,0.0
topk_max,42,test/precalculus/779.json,-12.0,coherent_bt,0.0,1.0,1.0
topk_max,42,test/precalculus/927.json,-12.0,coherent_bt,1.0,0.0,-1.0
topk_max,42,test/precalculus/96.json,-12.0,coherent_bt,1.0,1.0,0.0
topk_max,42,test/precalculus/986.json,-12.0,coherent_bt,0.0,0.0,0.0
topk_max,42,test/algebra/1082.json,-12.0,incoherent,0.0,1.0,1.0
topk_max,42,test/algebra/109.json,-12.0,incoherent,0.0,1.0,1.0
topk_max,42,test/algebra/1098.json,-12.0,incoherent,0.0,0.0,0.0
topk_max,42,test/algebra/1214.json,-12.0,incoherent,0.0,0.0,0.0
topk_max,42,test/algebra/1265.json,-12.0,incoherent,0.0,0.0,0.0
topk_max,42,test/algebra/1282.json,-12.0,incoherent,0.0,0.0,0.0
topk_max,42,test/algebra/1338.json,-12.0,incoherent,0.0,0.0,0.0
topk_max,42,test/algebra/1349.json,-12.0,incoherent,0.0,1.0,1.0
topk_max,42,test/algebra/1553.json,-12.0,incoherent,0.0,0.0,0.0
topk_max,42,test/algebra/1934.json,-12.0,incoherent,0.0,0.0,0.0
topk_max,42,test/algebra/1960.json,-12.0,incoherent,0.0,0.0,0.0
topk_max,42,test/algebra/2043.json,-12.0,incoherent,0.0,1.0,1.0
topk_max,42,test/algebra/2046.json,-12.0,incoherent,0.0,0.0,0.0
topk_max,42,test/algebra/2159.json,-12.0,incoherent,0.0,0.0,0.0
topk_max,42,test/algebra/2264.json,-12.0,incoherent,0.0,0.0,0.0
topk_max,42,test/algebra/2427.json,-12.0,incoherent,0.0,0.0,0.0
topk_max,42,test/algebra/2430.json,-12.0,incoherent,0.0,1.0,1.0
topk_max,42,test/algebra/2476.json,-12.0,incoherent,0.0,0.0,0.0
topk_max,42,test/algebra/2486.json,-12.0,incoherent,0.0,0.0,0.0
topk_max,42,test/algebra/2570.json,-12.0,incoherent,0.0,0.0,0.0
topk_max,42,test/algebra/2593.json,-12.0,incoherent,0.0,0.0,0.0
topk_max,42,test/algebra/2735.json,-12.0,incoherent,0.0,1.0,1.0
topk_max,42,test/algebra/2779.json,-12.0,incoherent,0.0,0.0,0.0
topk_max,42,test/algebra/297.json,-12.0,incoherent,0.0,1.0,1.0
topk_max,42,test/algebra/425.json,-12.0,incoherent,0.0,0.0,0.0
topk_max,42,test/algebra/634.json,-12.0,incoherent,0.0,1.0,1.0
topk_max,42,test/algebra/661.json,-12.0,incoherent,0.0,0.0,0.0
topk_max,42,test/algebra/769.json,-12.0,incoherent,0.0,0.0,0.0
topk_max,42,test/algebra/824.json,-12.0,incoherent,0.0,0.0,0.0
topk_max,42,test/algebra/892.json,-12.0,incoherent,0.0,0.0,0.0
topk_max,42,test/counting_and_probability/1009.json,-12.0,incoherent,0.0,0.0,0.0
topk_max,42,test/counting_and_probability/1014.json,-12.0,incoherent,0.0,0.0,0.0
topk_max,42,test/counting_and_probability/1060.json,-12.0,incoherent,0.0,0.0,0.0
topk_max,42,test/counting_and_probability/119.json,-12.0,incoherent,0.0,0.0,0.0
topk_max,42,test/counting_and_probability/25149.json,-12.0,incoherent,0.0,0.0,0.0
topk_max,42,test/counting_and_probability/508.json,-12.0,incoherent,0.0,0.0,0.0
topk_max,42,test/counting_and_probability/525.json,-12.0,incoherent,0.0,1.0,1.0
topk_max,42,test/counting_and_probability/894.json,-12.0,incoherent,0.0,1.0,1.0
topk_max,42,test/geometry/1140.json,-12.0,incoherent,0.0,1.0,1.0
topk_max,42,test/geometry/254.json,-12.0,incoherent,0.0,0.0,0.0
topk_max,42,test/geometry/456.json,-12.0,incoherent,0.0,0.0,0.0
topk_max,42,test/geometry/465.json,-12.0,incoherent,0.0,1.0,1.0
topk_max,42,test/geometry/538.json,-12.0,incoherent,0.0,1.0,1.0
topk_max,42,test/geometry/561.json,-12.0,incoherent,0.0,0.0,0.0
topk_max,42,test/geometry/615.json,-12.0,incoherent,0.0,1.0,1.0
topk_max,42,test/geometry/711.json,-12.0,incoherent,0.0,0.0,0.0
topk_max,42,test/geometry/795.json,-12.0,incoherent,0.0,1.0,1.0
topk_max,42,test/geometry/843.json,-12.0,incoherent,0.0,0.0,0.0
topk_max,42,test/geometry/846.json,-12.0,incoherent,0.0,0.0,0.0
topk_max,42,test/intermediate_algebra/101.json,-12.0,incoherent,0.0,1.0,1.0
topk_max,42,test/intermediate_algebra/102.json,-12.0,incoherent,0.0,0.0,0.0
topk_max,42,test/intermediate_algebra/1354.json,-12.0,incoherent,0.0,0.0,0.0
topk_max,42,test/intermediate_algebra/1467.json,-12.0,incoherent,0.0,1.0,1.0
topk_max,42,test/intermediate_algebra/1555.json,-12.0,incoherent,0.0,0.0,0.0
topk_max,42,test/intermediate_algebra/1714.json,-12.0,incoherent,0.0,0.0,0.0
topk_max,42,test/intermediate_algebra/1779.json,-12.0,incoherent,0.0,0.0,0.0
topk_max,42,test/intermediate_algebra/199.json,-12.0,incoherent,0.0,1.0,1.0
topk_max,42,test/intermediate_algebra/1994.json,-12.0,incoherent,0.0,0.0,0.0
topk_max,42,test/intermediate_algebra/2046.json,-12.0,incoherent,0.0,0.0,0.0
topk_max,42,test/intermediate_algebra/345.json,-12.0,incoherent,0.0,1.0,1.0
topk_max,42,test/intermediate_algebra/446.json,-12.0,incoherent,0.0,1.0,1.0
topk_max,42,test/intermediate_algebra/47.json,-12.0,incoherent,0.0,1.0,1.0
topk_max,42,test/intermediate_algebra/607.json,-12.0,incoherent,0.0,1.0,1.0
topk_max,42,test/intermediate_algebra/690.json,-12.0,incoherent,0.0,1.0,1.0
topk_max,42,test/intermediate_algebra/752.json,-12.0,incoherent,0.0,0.0,0.0
topk_max,42,test/intermediate_algebra/894.json,-12.0,incoherent,0.0,0.0,0.0
topk_max,42,test/number_theory/1002.json,-12.0,incoherent,0.0,1.0,1.0
topk_max,42,test/number_theory/149.json,-12.0,incoherent,0.0,0.0,0.0
topk_max,42,test/number_theory/515.json,-12.0,incoherent,0.0,1.0,1.0
topk_max,42,test/prealgebra/1113.json,-12.0,incoherent,0.0,0.0,0.0
topk_max,42,test/prealgebra/1128.json,-12.0,incoherent,0.0,0.0,0.0
topk_max,42,test/prealgebra/1139.json,-12.0,incoherent,0.0,0.0,0.0
topk_max,42,test/prealgebra/1238.json,-12.0,incoherent,0.0,0.0,0.0
topk_max,42,test/prealgebra/1251.json,-12.0,incoherent,0.0,0.0,0.0
topk_max,42,test/prealgebra/1252.json,-12.0,incoherent,0.0,0.0,0.0
topk_max,42,test/prealgebra/1272.json,-12.0,incoherent,0.0,0.0,0.0
topk_max,42,test/prealgebra/1423.json,-12.0,incoherent,0.0,0.0,0.0
topk_max,42,test/prealgebra/1622.json,-12.0,incoherent,0.0,0.0,0.0
topk_max,42,test/prealgebra/1646.json,-12.0,incoherent,0.0,0.0,0.0
topk_max,42,test/prealgebra/1787.json,-12.0,incoherent,0.0,1.0,1.0
topk_max,42,test/prealgebra/1834.json,-12.0,incoherent,0.0,0.0,0.0
topk_max,42,test/prealgebra/1922.json,-12.0,incoherent,0.0,0.0,0.0
topk_max,42,test/prealgebra/1961.json,-12.0,incoherent,0.0,0.0,0.0
topk_max,42,test/prealgebra/2019.json,-12.0,incoherent,0.0,0.0,0.0
topk_max,42,test/prealgebra/2066.json,-12.0,incoherent,0.0,0.0,0.0
topk_max,42,test/prealgebra/505.json,-12.0,incoherent,0.0,0.0,0.0
topk_max,42,test/prealgebra/65.json,-12.0,incoherent,0.0,1.0,1.0
topk_max,42,test/prealgebra/996.json,-12.0,incoherent,0.0,1.0,1.0
topk_max,42,test/precalculus/1082.json,-12.0,incoherent,0.0,0.0,0.0
topk_max,42,test/precalculus/1105.json,-12.0,incoherent,0.0,0.0,0.0
topk_max,42,test/precalculus/1199.json,-12.0,incoherent,0.0,0.0,0.0
topk_max,42,test/precalculus/1303.json,-12.0,incoherent,0.0,0.0,0.0
topk_max,42,test/precalculus/398.json,-12.0,incoherent,0.0,0.0,0.0
topk_max,42,test/precalculus/43.json,-12.0,incoherent,0.0,1.0,1.0
topk_max,42,test/precalculus/541.json,-12.0,incoherent,0.0,0.0,0.0
topk_max,42,test/precalculus/580.json,-12.0,incoherent,0.0,1.0,1.0
topk_max,42,test/precalculus/779.json,-12.0,incoherent,0.0,0.0,0.0
topk_max,42,test/precalculus/927.json,-12.0,incoherent,0.0,0.0,0.0
topk_max,42,test/precalculus/96.json,-12.0,incoherent,0.0,0.0,0.0
topk_max,42,test/precalculus/986.json,-12.0,incoherent,0.0,0.0,0.0
topk_max,42,test/algebra/1082.json,-12.0,correct,0.0,0.0,0.0
topk_max,42,test/algebra/109.json,-12.0,correct,1.0,0.0,-1.0
topk_max,42,test/algebra/1098.json,-12.0,correct,1.0,0.0,-1.0
topk_max,42,test/algebra/1214.json,-12.0,correct,1.0,0.0,-1.0
topk_max,42,test/algebra/1265.json,-12.0,correct,1.0,0.0,-1.0
topk_max,42,test/algebra/1282.json,-12.0,correct,0.0,0.0,0.0
topk_max,42,test/algebra/1338.json,-12.0,correct,1.0,0.0,-1.0
topk_max,42,test/algebra/1349.json,-12.0,correct,0.0,0.0,0.0
topk_max,42,test/algebra/1553.json,-12.0,correct,0.0,0.0,0.0
topk_max,42,test/algebra/1934.json,-12.0,correct,1.0,0.0,-1.0
topk_max,42,test/algebra/1960.json,-12.0,correct,1.0,0.0,-1.0
topk_max,42,test/algebra/2043.json,-12.0,correct,1.0,0.0,-1.0
topk_max,42,test/algebra/2046.json,-12.0,correct,1.0,0.0,-1.0
topk_max,42,test/algebra/2159.json,-12.0,correct,0.0,0.0,0.0
topk_max,42,test/algebra/2264.json,-12.0,correct,1.0,0.0,-1.0
topk_max,42,test/algebra/2427.json,-12.0,correct,0.0,0.0,0.0
topk_max,42,test/algebra/2430.json,-12.0,correct,0.0,0.0,0.0
topk_max,42,test/algebra/2476.json,-12.0,correct,0.0,0.0,0.0
topk_max,42,test/algebra/2486.json,-12.0,correct,1.0,0.0,-1.0
topk_max,42,test/algebra/2570.json,-12.0,correct,1.0,0.0,-1.0
topk_max,42,test/algebra/2593.json,-12.0,correct,1.0,1.0,0.0
topk_max,42,test/algebra/2735.json,-12.0,correct,0.0,0.0,0.0
topk_max,42,test/algebra/2779.json,-12.0,correct,1.0,0.0,-1.0
topk_max,42,test/algebra/297.json,-12.0,correct,0.0,0.0,0.0
topk_max,42,test/algebra/425.json,-12.0,correct,1.0,0.0,-1.0
topk_max,42,test/algebra/634.json,-12.0,correct,0.0,0.0,0.0
topk_max,42,test/algebra/661.json,-12.0,correct,1.0,0.0,-1.0
topk_max,42,test/algebra/769.json,-12.0,correct,1.0,1.0,0.0
topk_max,42,test/algebra/824.json,-12.0,correct,1.0,0.0,-1.0
topk_max,42,test/algebra/892.json,-12.0,correct,0.0,0.0,0.0
topk_max,42,test/counting_and_probability/1009.json,-12.0,correct,1.0,0.0,-1.0
topk_max,42,test/counting_and_probability/1014.json,-12.0,correct,1.0,0.0,-1.0
topk_max,42,test/counting_and_probability/1060.json,-12.0,correct,0.0,0.0,0.0
topk_max,42,test/counting_and_probability/119.json,-12.0,correct,0.0,0.0,0.0
topk_max,42,test/counting_and_probability/25149.json,-12.0,correct,1.0,0.0,-1.0
topk_max,42,test/counting_and_probability/508.json,-12.0,correct,0.0,0.0,0.0
topk_max,42,test/counting_and_probability/525.json,-12.0,correct,0.0,0.0,0.0
topk_max,42,test/counting_and_probability/894.json,-12.0,correct,1.0,0.0,-1.0
topk_max,42,test/geometry/1140.json,-12.0,correct,0.0,0.0,0.0
topk_max,42,test/geometry/254.json,-12.0,correct,0.0,0.0,0.0
topk_max,42,test/geometry/456.json,-12.0,correct,1.0,0.0,-1.0
topk_max,42,test/geometry/465.json,-12.0,correct,0.0,0.0,0.0
topk_max,42,test/geometry/538.json,-12.0,correct,0.0,0.0,0.0
topk_max,42,test/geometry/561.json,-12.0,correct,0.0,0.0,0.0
topk_max,42,test/geometry/615.json,-12.0,correct,0.0,0.0,0.0
topk_max,42,test/geometry/711.json,-12.0,correct,0.0,0.0,0.0
topk_max,42,test/geometry/795.json,-12.0,correct,0.0,0.0,0.0
topk_max,42,test/geometry/843.json,-12.0,correct,1.0,0.0,-1.0
topk_max,42,test/geometry/846.json,-12.0,correct,0.0,0.0,0.0
topk_max,42,test/intermediate_algebra/101.json,-12.0,correct,0.0,0.0,0.0
topk_max,42,test/intermediate_algebra/102.json,-12.0,correct,0.0,0.0,0.0
topk_max,42,test/intermediate_algebra/1354.json,-12.0,correct,0.0,0.0,0.0
topk_max,42,test/intermediate_algebra/1467.json,-12.0,correct,0.0,0.0,0.0
topk_max,42,test/intermediate_algebra/1555.json,-12.0,correct,0.0,0.0,0.0
topk_max,42,test/intermediate_algebra/1714.json,-12.0,correct,1.0,0.0,-1.0
topk_max,42,test/intermediate_algebra/1779.json,-12.0,correct,0.0,0.0,0.0
topk_max,42,test/intermediate_algebra/199.json,-12.0,correct,0.0,0.0,0.0
topk_max,42,test/intermediate_algebra/1994.json,-12.0,correct,0.0,0.0,0.0
topk_max,42,test/intermediate_algebra/2046.json,-12.0,correct,0.0,0.0,0.0
topk_max,42,test/intermediate_algebra/345.json,-12.0,correct,0.0,0.0,0.0
topk_max,42,test/intermediate_algebra/446.json,-12.0,correct,0.0,0.0,0.0
topk_max,42,test/intermediate_algebra/47.json,-12.0,correct,0.0,0.0,0.0
topk_max,42,test/intermediate_algebra/607.json,-12.0,correct,0.0,0.0,0.0
topk_max,42,test/intermediate_algebra/690.json,-12.0,correct,0.0,0.0,0.0
topk_max,42,test/intermediate_algebra/752.json,-12.0,correct,0.0,0.0,0.0
topk_max,42,test/intermediate_algebra/894.json,-12.0,correct,0.0,0.0,0.0
topk_max,42,test/number_theory/1002.json,-12.0,correct,0.0,0.0,0.0
topk_max,42,test/number_theory/149.json,-12.0,correct,0.0,0.0,0.0
topk_max,42,test/number_theory/515.json,-12.0,correct,1.0,0.0,-1.0
topk_max,42,test/prealgebra/1113.json,-12.0,correct,1.0,1.0,0.0
topk_max,42,test/prealgebra/1128.json,-12.0,correct,0.0,0.0,0.0
topk_max,42,test/prealgebra/1139.json,-12.0,correct,0.0,0.0,0.0
topk_max,42,test/prealgebra/1238.json,-12.0,correct,1.0,0.0,-1.0
topk_max,42,test/prealgebra/1251.json,-12.0,correct,0.0,0.0,0.0
topk_max,42,test/prealgebra/1252.json,-12.0,correct,1.0,0.0,-1.0
topk_max,42,test/prealgebra/1272.json,-12.0,correct,1.0,0.0,-1.0
topk_max,42,test/prealgebra/1423.json,-12.0,correct,0.0,0.0,0.0
topk_max,42,test/prealgebra/1622.json,-12.0,correct,0.0,0.0,0.0
topk_max,42,test/prealgebra/1646.json,-12.0,correct,0.0,0.0,0.0
topk_max,42,test/prealgebra/1787.json,-12.0,correct,1.0,0.0,-1.0
topk_max,42,test/prealgebra/1834.json,-12.0,correct,0.0,1.0,1.0
topk_max,42,test/prealgebra/1922.json,-12.0,correct,0.0,0.0,0.0
topk_max,42,test/prealgebra/1961.json,-12.0,correct,0.0,0.0,0.0
topk_max,42,test/prealgebra/2019.json,-12.0,correct,1.0,0.0,-1.0
topk_max,42,test/prealgebra/2066.json,-12.0,correct,0.0,0.0,0.0
topk_max,42,test/prealgebra/505.json,-12.0,correct,1.0,0.0,-1.0
topk_max,42,test/prealgebra/65.json,-12.0,correct,0.0,0.0,0.0
topk_max,42,test/prealgebra/996.json,-12.0,correct,0.0,0.0,0.0
topk_max,42,test/precalculus/1082.json,-12.0,correct,0.0,0.0,0.0
topk_max,42,test/precalculus/1105.json,-12.0,correct,0.0,1.0,1.0
topk_max,42,test/precalculus/1199.json,-12.0,correct,0.0,0.0,0.0
topk_max,42,test/precalculus/1303.json,-12.0,correct,0.0,0.0,0.0
topk_max,42,test/precalculus/398.json,-12.0,correct,0.0,0.0,0.0
topk_max,42,test/precalculus/43.json,-12.0,correct,0.0,0.0,0.0
topk_max,42,test/precalculus/541.json,-12.0,correct,0.0,0.0,0.0
topk_max,42,test/precalculus/580.json,-12.0,correct,0.0,0.0,0.0
topk_max,42,test/precalculus/779.json,-12.0,correct,1.0,0.0,-1.0
topk_max,42,test/precalculus/927.json,-12.0,correct,0.0,0.0,0.0
topk_max,42,test/precalculus/96.json,-12.0,correct,0.0,0.0,0.0
topk_max,42,test/precalculus/986.json,-12.0,correct,0.0,0.0,0.0
tsae_last,1,test/algebra/1082.json,-4.0,gc,0.0,0.0,0.0
tsae_last,1,test/algebra/109.json,-4.0,gc,0.0,0.0,0.0
tsae_last,1,test/algebra/1098.json,-4.0,gc,0.0,0.0,0.0
tsae_last,1,test/algebra/1214.json,-4.0,gc,0.0,0.0,0.0
tsae_last,1,test/algebra/1265.json,-4.0,gc,0.0,0.0,0.0
tsae_last,1,test/algebra/1282.json,-4.0,gc,0.0,2.0,2.0
tsae_last,1,test/algebra/1338.json,-4.0,gc,0.0,0.0,0.0
tsae_last,1,test/algebra/1349.json,-4.0,gc,0.0,0.0,0.0
tsae_last,1,test/algebra/1553.json,-4.0,gc,0.0,0.0,0.0
tsae_last,1,test/algebra/1934.json,-4.0,gc,0.0,0.0,0.0
tsae_last,1,test/algebra/1960.json,-4.0,gc,0.0,0.0,0.0
tsae_last,1,test/algebra/2043.json,-4.0,gc,1.0,1.0,0.0
tsae_last,1,test/algebra/2046.json,-4.0,gc,0.0,0.0,0.0
tsae_last,1,test/algebra/2159.json,-4.0,gc,1.0,1.0,0.0
tsae_last,1,test/algebra/2264.json,-4.0,gc,0.0,0.0,0.0
tsae_last,1,test/algebra/2427.json,-4.0,gc,0.0,0.0,0.0
tsae_last,1,test/algebra/2430.json,-4.0,gc,1.0,0.0,-1.0
tsae_last,1,test/algebra/2476.json,-4.0,gc,0.0,0.0,0.0
tsae_last,1,test/algebra/2486.json,-4.0,gc,0.0,0.0,0.0
tsae_last,1,test/algebra/2570.json,-4.0,gc,1.0,0.0,-1.0
tsae_last,1,test/algebra/2593.json,-4.0,gc,0.0,0.0,0.0
tsae_last,1,test/algebra/2735.json,-4.0,gc,0.0,0.0,0.0
tsae_last,1,test/algebra/2779.json,-4.0,gc,0.0,0.0,0.0
tsae_last,1,test/algebra/297.json,-4.0,gc,0.0,0.0,0.0
tsae_last,1,test/algebra/425.json,-4.0,gc,0.0,0.0,0.0
tsae_last,1,test/algebra/634.json,-4.0,gc,0.0,1.0,1.0
tsae_last,1,test/algebra/661.json,-4.0,gc,0.0,0.0,0.0
tsae_last,1,test/algebra/769.json,-4.0,gc,0.0,0.0,0.0
tsae_last,1,test/algebra/824.json,-4.0,gc,0.0,0.0,0.0
tsae_last,1,test/algebra/892.json,-4.0,gc,1.0,2.0,1.0
tsae_last,1,test/counting_and_probability/1009.json,-4.0,gc,0.0,0.0,0.0
tsae_last,1,test/counting_and_probability/1014.json,-4.0,gc,0.0,0.0,0.0
tsae_last,1,test/counting_and_probability/1060.json,-4.0,gc,0.0,0.0,0.0
tsae_last,1,test/counting_and_probability/119.json,-4.0,gc,0.0,0.0,0.0
tsae_last,1,test/counting_and_probability/25149.json,-4.0,gc,0.0,1.0,1.0
tsae_last,1,test/counting_and_probability/508.json,-4.0,gc,0.0,0.0,0.0
tsae_last,1,test/counting_and_probability/525.json,-4.0,gc,0.0,2.0,2.0
tsae_last,1,test/counting_and_probability/894.json,-4.0,gc,0.0,0.0,0.0
tsae_last,1,test/geometry/1140.json,-4.0,gc,1.0,0.0,-1.0
tsae_last,1,test/geometry/254.json,-4.0,gc,0.0,0.0,0.0
tsae_last,1,test/geometry/456.json,-4.0,gc,0.0,0.0,0.0
tsae_last,1,test/geometry/465.json,-4.0,gc,1.0,3.0,2.0
tsae_last,1,test/geometry/538.json,-4.0,gc,0.0,0.0,0.0
tsae_last,1,test/geometry/561.json,-4.0,gc,0.0,2.0,2.0
tsae_last,1,test/geometry/615.json,-4.0,gc,1.0,0.0,-1.0
tsae_last,1,test/geometry/711.json,-4.0,gc,1.0,2.0,1.0
tsae_last,1,test/geometry/795.json,-4.0,gc,0.0,0.0,0.0
tsae_last,1,test/geometry/843.json,-4.0,gc,0.0,0.0,0.0
tsae_last,1,test/geometry/846.json,-4.0,gc,1.0,2.0,1.0
tsae_last,1,test/intermediate_algebra/101.json,-4.0,gc,0.0,0.0,0.0
tsae_last,1,test/intermediate_algebra/102.json,-4.0,gc,0.0,0.0,0.0
tsae_last,1,test/intermediate_algebra/1354.json,-4.0,gc,0.0,0.0,0.0
tsae_last,1,test/intermediate_algebra/1467.json,-4.0,gc,1.0,1.0,0.0
tsae_last,1,test/intermediate_algebra/1555.json,-4.0,gc,0.0,0.0,0.0
tsae_last,1,test/intermediate_algebra/1714.json,-4.0,gc,0.0,0.0,0.0
tsae_last,1,test/intermediate_algebra/1779.json,-4.0,gc,0.0,2.0,2.0
tsae_last,1,test/intermediate_algebra/199.json,-4.0,gc,1.0,1.0,0.0
tsae_last,1,test/intermediate_algebra/1994.json,-4.0,gc,0.0,1.0,1.0
tsae_last,1,test/intermediate_algebra/2046.json,-4.0,gc,0.0,1.0,1.0
tsae_last,1,test/intermediate_algebra/345.json,-4.0,gc,0.0,0.0,0.0
tsae_last,1,test/intermediate_algebra/446.json,-4.0,gc,0.0,0.0,0.0
tsae_last,1,test/intermediate_algebra/47.json,-4.0,gc,0.0,0.0,0.0
tsae_last,1,test/intermediate_algebra/607.json,-4.0,gc,1.0,0.0,-1.0
tsae_last,1,test/intermediate_algebra/690.json,-4.0,gc,1.0,1.0,0.0
tsae_last,1,test/intermediate_algebra/752.json,-4.0,gc,0.0,0.0,0.0
tsae_last,1,test/intermediate_algebra/894.json,-4.0,gc,1.0,1.0,0.0
tsae_last,1,test/number_theory/1002.json,-4.0,gc,0.0,0.0,0.0
tsae_last,1,test/number_theory/149.json,-4.0,gc,0.0,0.0,0.0
tsae_last,1,test/number_theory/515.json,-4.0,gc,0.0,0.0,0.0
tsae_last,1,test/prealgebra/1113.json,-4.0,gc,0.0,0.0,0.0
tsae_last,1,test/prealgebra/1128.json,-4.0,gc,0.0,0.0,0.0
tsae_last,1,test/prealgebra/1139.json,-4.0,gc,0.0,2.0,2.0
tsae_last,1,test/prealgebra/1238.json,-4.0,gc,0.0,0.0,0.0
tsae_last,1,test/prealgebra/1251.json,-4.0,gc,0.0,0.0,0.0
tsae_last,1,test/prealgebra/1252.json,-4.0,gc,0.0,0.0,0.0
tsae_last,1,test/prealgebra/1272.json,-4.0,gc,0.0,0.0,0.0
tsae_last,1,test/prealgebra/1423.json,-4.0,gc,0.0,0.0,0.0
tsae_last,1,test/prealgebra/1622.json,-4.0,gc,0.0,0.0,0.0
tsae_last,1,test/prealgebra/1646.json,-4.0,gc,0.0,0.0,0.0
tsae_last,1,test/prealgebra/1787.json,-4.0,gc,0.0,0.0,0.0
tsae_last,1,test/prealgebra/1834.json,-4.0,gc,0.0,0.0,0.0
tsae_last,1,test/prealgebra/1922.json,-4.0,gc,0.0,0.0,0.0
tsae_last,1,test/prealgebra/1961.json,-4.0,gc,0.0,0.0,0.0
tsae_last,1,test/prealgebra/2019.json,-4.0,gc,0.0,0.0,0.0
tsae_last,1,test/prealgebra/2066.json,-4.0,gc,0.0,0.0,0.0
tsae_last,1,test/prealgebra/505.json,-4.0,gc,0.0,0.0,0.0
tsae_last,1,test/prealgebra/65.json,-4.0,gc,0.0,0.0,0.0
tsae_last,1,test/prealgebra/996.json,-4.0,gc,0.0,0.0,0.0
tsae_last,1,test/precalculus/1082.json,-4.0,gc,1.0,0.0,-1.0
tsae_last,1,test/precalculus/1105.json,-4.0,gc,0.0,0.0,0.0
tsae_last,1,test/precalculus/1199.json,-4.0,gc,1.0,1.0,0.0
tsae_last,1,test/precalculus/1303.json,-4.0,gc,0.0,0.0,0.0
tsae_last,1,test/precalculus/398.json,-4.0,gc,1.0,1.0,0.0
tsae_last,1,test/precalculus/43.json,-4.0,gc,0.0,0.0,0.0
tsae_last,1,test/precalculus/541.json,-4.0,gc,0.0,0.0,0.0
tsae_last,1,test/precalculus/580.json,-4.0,gc,0.0,0.0,0.0
tsae_last,1,test/precalculus/779.json,-4.0,gc,0.0,0.0,0.0
tsae_last,1,test/precalculus/927.json,-4.0,gc,2.0,1.0,-1.0
tsae_last,1,test/precalculus/96.json,-4.0,gc,1.0,0.0,-1.0
tsae_last,1,test/precalculus/986.json,-4.0,gc,0.0,1.0,1.0
tsae_last,1,test/algebra/1082.json,-4.0,coherent_gc,0.0,0.0,0.0
tsae_last,1,test/algebra/109.json,-4.0,coherent_gc,0.0,0.0,0.0
tsae_last,1,test/algebra/1098.json,-4.0,coherent_gc,0.0,0.0,0.0
tsae_last,1,test/algebra/1214.json,-4.0,coherent_gc,0.0,0.0,0.0
tsae_last,1,test/algebra/1265.json,-4.0,coherent_gc,0.0,0.0,0.0
tsae_last,1,test/algebra/1282.json,-4.0,coherent_gc,0.0,2.0,2.0
tsae_last,1,test/algebra/1338.json,-4.0,coherent_gc,0.0,0.0,0.0
tsae_last,1,test/algebra/1349.json,-4.0,coherent_gc,0.0,0.0,0.0
tsae_last,1,test/algebra/1553.json,-4.0,coherent_gc,0.0,0.0,0.0
tsae_last,1,test/algebra/1934.json,-4.0,coherent_gc,0.0,0.0,0.0
tsae_last,1,test/algebra/1960.json,-4.0,coherent_gc,0.0,0.0,0.0
tsae_last,1,test/algebra/2043.json,-4.0,coherent_gc,1.0,1.0,0.0
tsae_last,1,test/algebra/2046.json,-4.0,coherent_gc,0.0,0.0,0.0
tsae_last,1,test/algebra/2159.json,-4.0,coherent_gc,1.0,1.0,0.0
tsae_last,1,test/algebra/2264.json,-4.0,coherent_gc,0.0,0.0,0.0
tsae_last,1,test/algebra/2427.json,-4.0,coherent_gc,0.0,0.0,0.0
tsae_last,1,test/algebra/2430.json,-4.0,coherent_gc,1.0,0.0,-1.0
tsae_last,1,test/algebra/2476.json,-4.0,coherent_gc,0.0,0.0,0.0
tsae_last,1,test/algebra/2486.json,-4.0,coherent_gc,0.0,0.0,0.0
tsae_last,1,test/algebra/2570.json,-4.0,coherent_gc,1.0,0.0,-1.0
tsae_last,1,test/algebra/2593.json,-4.0,coherent_gc,0.0,0.0,0.0
tsae_last,1,test/algebra/2735.json,-4.0,coherent_gc,0.0,0.0,0.0
tsae_last,1,test/algebra/2779.json,-4.0,coherent_gc,0.0,0.0,0.0
tsae_last,1,test/algebra/297.json,-4.0,coherent_gc,0.0,0.0,0.0
tsae_last,1,test/algebra/425.json,-4.0,coherent_gc,0.0,0.0,0.0
tsae_last,1,test/algebra/634.json,-4.0,coherent_gc,0.0,1.0,1.0
tsae_last,1,test/algebra/661.json,-4.0,coherent_gc,0.0,0.0,0.0
tsae_last,1,test/algebra/769.json,-4.0,coherent_gc,0.0,0.0,0.0
tsae_last,1,test/algebra/824.json,-4.0,coherent_gc,0.0,0.0,0.0
tsae_last,1,test/algebra/892.json,-4.0,coherent_gc,1.0,2.0,1.0
tsae_last,1,test/counting_and_probability/1009.json,-4.0,coherent_gc,0.0,0.0,0.0
tsae_last,1,test/counting_and_probability/1014.json,-4.0,coherent_gc,0.0,0.0,0.0
tsae_last,1,test/counting_and_probability/1060.json,-4.0,coherent_gc,0.0,0.0,0.0
tsae_last,1,test/counting_and_probability/119.json,-4.0,coherent_gc,0.0,0.0,0.0
tsae_last,1,test/counting_and_probability/25149.json,-4.0,coherent_gc,0.0,1.0,1.0
tsae_last,1,test/counting_and_probability/508.json,-4.0,coherent_gc,0.0,0.0,0.0
tsae_last,1,test/counting_and_probability/525.json,-4.0,coherent_gc,0.0,2.0,2.0
tsae_last,1,test/counting_and_probability/894.json,-4.0,coherent_gc,0.0,0.0,0.0
tsae_last,1,test/geometry/1140.json,-4.0,coherent_gc,1.0,0.0,-1.0
tsae_last,1,test/geometry/254.json,-4.0,coherent_gc,0.0,0.0,0.0
tsae_last,1,test/geometry/456.json,-4.0,coherent_gc,0.0,0.0,0.0
tsae_last,1,test/geometry/465.json,-4.0,coherent_gc,1.0,3.0,2.0
tsae_last,1,test/geometry/538.json,-4.0,coherent_gc,0.0,0.0,0.0
tsae_last,1,test/geometry/561.json,-4.0,coherent_gc,0.0,2.0,2.0
tsae_last,1,test/geometry/615.json,-4.0,coherent_gc,1.0,0.0,-1.0
tsae_last,1,test/geometry/711.json,-4.0,coherent_gc,1.0,2.0,1.0
tsae_last,1,test/geometry/795.json,-4.0,coherent_gc,0.0,0.0,0.0
tsae_last,1,test/geometry/843.json,-4.0,coherent_gc,0.0,0.0,0.0
tsae_last,1,test/geometry/846.json,-4.0,coherent_gc,1.0,2.0,1.0
tsae_last,1,test/intermediate_algebra/101.json,-4.0,coherent_gc,0.0,0.0,0.0
tsae_last,1,test/intermediate_algebra/102.json,-4.0,coherent_gc,0.0,0.0,0.0
tsae_last,1,test/intermediate_algebra/1354.json,-4.0,coherent_gc,0.0,0.0,0.0
tsae_last,1,test/intermediate_algebra/1467.json,-4.0,coherent_gc,1.0,1.0,0.0
tsae_last,1,test/intermediate_algebra/1555.json,-4.0,coherent_gc,0.0,0.0,0.0
tsae_last,1,test/intermediate_algebra/1714.json,-4.0,coherent_gc,0.0,0.0,0.0
tsae_last,1,test/intermediate_algebra/1779.json,-4.0,coherent_gc,0.0,2.0,2.0
tsae_last,1,test/intermediate_algebra/199.json,-4.0,coherent_gc,1.0,1.0,0.0
tsae_last,1,test/intermediate_algebra/1994.json,-4.0,coherent_gc,0.0,1.0,1.0
tsae_last,1,test/intermediate_algebra/2046.json,-4.0,coherent_gc,0.0,1.0,1.0
tsae_last,1,test/intermediate_algebra/345.json,-4.0,coherent_gc,0.0,0.0,0.0
tsae_last,1,test/intermediate_algebra/446.json,-4.0,coherent_gc,0.0,0.0,0.0
tsae_last,1,test/intermediate_algebra/47.json,-4.0,coherent_gc,0.0,0.0,0.0
tsae_last,1,test/intermediate_algebra/607.json,-4.0,coherent_gc,1.0,0.0,-1.0
tsae_last,1,test/intermediate_algebra/690.json,-4.0,coherent_gc,1.0,1.0,0.0
tsae_last,1,test/intermediate_algebra/752.json,-4.0,coherent_gc,0.0,0.0,0.0
tsae_last,1,test/intermediate_algebra/894.json,-4.0,coherent_gc,1.0,1.0,0.0
tsae_last,1,test/number_theory/1002.json,-4.0,coherent_gc,0.0,0.0,0.0
tsae_last,1,test/number_theory/149.json,-4.0,coherent_gc,0.0,0.0,0.0
tsae_last,1,test/number_theory/515.json,-4.0,coherent_gc,0.0,0.0,0.0
tsae_last,1,test/prealgebra/1113.json,-4.0,coherent_gc,0.0,0.0,0.0
tsae_last,1,test/prealgebra/1128.json,-4.0,coherent_gc,0.0,0.0,0.0
tsae_last,1,test/prealgebra/1139.json,-4.0,coherent_gc,0.0,2.0,2.0
tsae_last,1,test/prealgebra/1238.json,-4.0,coherent_gc,0.0,0.0,0.0
tsae_last,1,test/prealgebra/1251.json,-4.0,coherent_gc,0.0,0.0,0.0
tsae_last,1,test/prealgebra/1252.json,-4.0,coherent_gc,0.0,0.0,0.0
tsae_last,1,test/prealgebra/1272.json,-4.0,coherent_gc,0.0,0.0,0.0
tsae_last,1,test/prealgebra/1423.json,-4.0,coherent_gc,0.0,0.0,0.0
tsae_last,1,test/prealgebra/1622.json,-4.0,coherent_gc,0.0,0.0,0.0
tsae_last,1,test/prealgebra/1646.json,-4.0,coherent_gc,0.0,0.0,0.0
tsae_last,1,test/prealgebra/1787.json,-4.0,coherent_gc,0.0,0.0,0.0
tsae_last,1,test/prealgebra/1834.json,-4.0,coherent_gc,0.0,0.0,0.0
tsae_last,1,test/prealgebra/1922.json,-4.0,coherent_gc,0.0,0.0,0.0
tsae_last,1,test/prealgebra/1961.json,-4.0,coherent_gc,0.0,0.0,0.0
tsae_last,1,test/prealgebra/2019.json,-4.0,coherent_gc,0.0,0.0,0.0
tsae_last,1,test/prealgebra/2066.json,-4.0,coherent_gc,0.0,0.0,0.0
tsae_last,1,test/prealgebra/505.json,-4.0,coherent_gc,0.0,0.0,0.0
tsae_last,1,test/prealgebra/65.json,-4.0,coherent_gc,0.0,0.0,0.0
tsae_last,1,test/prealgebra/996.json,-4.0,coherent_gc,0.0,0.0,0.0
tsae_last,1,test/precalculus/1082.json,-4.0,coherent_gc,1.0,0.0,-1.0
tsae_last,1,test/precalculus/1105.json,-4.0,coherent_gc,0.0,0.0,0.0
tsae_last,1,test/precalculus/1199.json,-4.0,coherent_gc,1.0,1.0,0.0
tsae_last,1,test/precalculus/1303.json,-4.0,coherent_gc,0.0,0.0,0.0
tsae_last,1,test/precalculus/398.json,-4.0,coherent_gc,1.0,1.0,0.0
tsae_last,1,test/precalculus/43.json,-4.0,coherent_gc,0.0,0.0,0.0
tsae_last,1,test/precalculus/541.json,-4.0,coherent_gc,0.0,0.0,0.0
tsae_last,1,test/precalculus/580.json,-4.0,coherent_gc,0.0,0.0,0.0
tsae_last,1,test/precalculus/779.json,-4.0,coherent_gc,0.0,0.0,0.0
tsae_last,1,test/precalculus/927.json,-4.0,coherent_gc,2.0,1.0,-1.0
tsae_last,1,test/precalculus/96.json,-4.0,coherent_gc,1.0,0.0,-1.0
tsae_last,1,test/precalculus/986.json,-4.0,coherent_gc,0.0,1.0,1.0
tsae_last,1,test/algebra/1082.json,-4.0,coherent_bt,0.0,0.0,0.0
tsae_last,1,test/algebra/109.json,-4.0,coherent_bt,0.0,0.0,0.0
tsae_last,1,test/algebra/1098.json,-4.0,coherent_bt,0.0,0.0,0.0
tsae_last,1,test/algebra/1214.json,-4.0,coherent_bt,0.0,0.0,0.0
tsae_last,1,test/algebra/1265.json,-4.0,coherent_bt,0.0,0.0,0.0
tsae_last,1,test/algebra/1282.json,-4.0,coherent_bt,0.0,1.0,1.0
tsae_last,1,test/algebra/1338.json,-4.0,coherent_bt,0.0,0.0,0.0
tsae_last,1,test/algebra/1349.json,-4.0,coherent_bt,0.0,0.0,0.0
tsae_last,1,test/algebra/1553.json,-4.0,coherent_bt,0.0,0.0,0.0
tsae_last,1,test/algebra/1934.json,-4.0,coherent_bt,0.0,0.0,0.0
tsae_last,1,test/algebra/1960.json,-4.0,coherent_bt,0.0,0.0,0.0
tsae_last,1,test/algebra/2043.json,-4.0,coherent_bt,1.0,1.0,0.0
tsae_last,1,test/algebra/2046.json,-4.0,coherent_bt,0.0,0.0,0.0
tsae_last,1,test/algebra/2159.json,-4.0,coherent_bt,1.0,1.0,0.0
tsae_last,1,test/algebra/2264.json,-4.0,coherent_bt,0.0,0.0,0.0
tsae_last,1,test/algebra/2427.json,-4.0,coherent_bt,0.0,0.0,0.0
tsae_last,1,test/algebra/2430.json,-4.0,coherent_bt,1.0,0.0,-1.0
tsae_last,1,test/algebra/2476.json,-4.0,coherent_bt,0.0,0.0,0.0
tsae_last,1,test/algebra/2486.json,-4.0,coherent_bt,0.0,0.0,0.0
tsae_last,1,test/algebra/2570.json,-4.0,coherent_bt,1.0,0.0,-1.0
tsae_last,1,test/algebra/2593.json,-4.0,coherent_bt,0.0,0.0,0.0
tsae_last,1,test/algebra/2735.json,-4.0,coherent_bt,0.0,0.0,0.0
tsae_last,1,test/algebra/2779.json,-4.0,coherent_bt,0.0,0.0,0.0
tsae_last,1,test/algebra/297.json,-4.0,coherent_bt,0.0,0.0,0.0
tsae_last,1,test/algebra/425.json,-4.0,coherent_bt,0.0,0.0,0.0
tsae_last,1,test/algebra/634.json,-4.0,coherent_bt,0.0,1.0,1.0
tsae_last,1,test/algebra/661.json,-4.0,coherent_bt,0.0,0.0,0.0
tsae_last,1,test/algebra/769.json,-4.0,coherent_bt,0.0,0.0,0.0
tsae_last,1,test/algebra/824.json,-4.0,coherent_bt,0.0,0.0,0.0
tsae_last,1,test/algebra/892.json,-4.0,coherent_bt,1.0,1.0,0.0
tsae_last,1,test/counting_and_probability/1009.json,-4.0,coherent_bt,0.0,0.0,0.0
tsae_last,1,test/counting_and_probability/1014.json,-4.0,coherent_bt,0.0,0.0,0.0
tsae_last,1,test/counting_and_probability/1060.json,-4.0,coherent_bt,0.0,0.0,0.0
tsae_last,1,test/counting_and_probability/119.json,-4.0,coherent_bt,0.0,0.0,0.0
tsae_last,1,test/counting_and_probability/25149.json,-4.0,coherent_bt,0.0,1.0,1.0
tsae_last,1,test/counting_and_probability/508.json,-4.0,coherent_bt,0.0,0.0,0.0
tsae_last,1,test/counting_and_probability/525.json,-4.0,coherent_bt,0.0,1.0,1.0
tsae_last,1,test/counting_and_probability/894.json,-4.0,coherent_bt,0.0,0.0,0.0
tsae_last,1,test/geometry/1140.json,-4.0,coherent_bt,1.0,0.0,-1.0
tsae_last,1,test/geometry/254.json,-4.0,coherent_bt,0.0,0.0,0.0
tsae_last,1,test/geometry/456.json,-4.0,coherent_bt,0.0,0.0,0.0
tsae_last,1,test/geometry/465.json,-4.0,coherent_bt,1.0,1.0,0.0
tsae_last,1,test/geometry/538.json,-4.0,coherent_bt,0.0,0.0,0.0
tsae_last,1,test/geometry/561.json,-4.0,coherent_bt,0.0,1.0,1.0
tsae_last,1,test/geometry/615.json,-4.0,coherent_bt,1.0,0.0,-1.0
tsae_last,1,test/geometry/711.json,-4.0,coherent_bt,1.0,1.0,0.0
tsae_last,1,test/geometry/795.json,-4.0,coherent_bt,0.0,0.0,0.0
tsae_last,1,test/geometry/843.json,-4.0,coherent_bt,0.0,0.0,0.0
tsae_last,1,test/geometry/846.json,-4.0,coherent_bt,1.0,1.0,0.0
tsae_last,1,test/intermediate_algebra/101.json,-4.0,coherent_bt,0.0,0.0,0.0
tsae_last,1,test/intermediate_algebra/102.json,-4.0,coherent_bt,0.0,0.0,0.0
tsae_last,1,test/intermediate_algebra/1354.json,-4.0,coherent_bt,0.0,0.0,0.0
tsae_last,1,test/intermediate_algebra/1467.json,-4.0,coherent_bt,1.0,1.0,0.0
tsae_last,1,test/intermediate_algebra/1555.json,-4.0,coherent_bt,0.0,0.0,0.0
tsae_last,1,test/intermediate_algebra/1714.json,-4.0,coherent_bt,0.0,0.0,0.0
tsae_last,1,test/intermediate_algebra/1779.json,-4.0,coherent_bt,0.0,1.0,1.0
tsae_last,1,test/intermediate_algebra/199.json,-4.0,coherent_bt,1.0,1.0,0.0
tsae_last,1,test/intermediate_algebra/1994.json,-4.0,coherent_bt,0.0,1.0,1.0
tsae_last,1,test/intermediate_algebra/2046.json,-4.0,coherent_bt,0.0,1.0,1.0
tsae_last,1,test/intermediate_algebra/345.json,-4.0,coherent_bt,0.0,0.0,0.0
tsae_last,1,test/intermediate_algebra/446.json,-4.0,coherent_bt,0.0,0.0,0.0
tsae_last,1,test/intermediate_algebra/47.json,-4.0,coherent_bt,0.0,0.0,0.0
tsae_last,1,test/intermediate_algebra/607.json,-4.0,coherent_bt,1.0,0.0,-1.0
tsae_last,1,test/intermediate_algebra/690.json,-4.0,coherent_bt,1.0,1.0,0.0
tsae_last,1,test/intermediate_algebra/752.json,-4.0,coherent_bt,0.0,0.0,0.0
tsae_last,1,test/intermediate_algebra/894.json,-4.0,coherent_bt,1.0,1.0,0.0
tsae_last,1,test/number_theory/1002.json,-4.0,coherent_bt,0.0,0.0,0.0
tsae_last,1,test/number_theory/149.json,-4.0,coherent_bt,0.0,0.0,0.0
tsae_last,1,test/number_theory/515.json,-4.0,coherent_bt,0.0,0.0,0.0
tsae_last,1,test/prealgebra/1113.json,-4.0,coherent_bt,0.0,0.0,0.0
tsae_last,1,test/prealgebra/1128.json,-4.0,coherent_bt,0.0,0.0,0.0
tsae_last,1,test/prealgebra/1139.json,-4.0,coherent_bt,0.0,1.0,1.0
tsae_last,1,test/prealgebra/1238.json,-4.0,coherent_bt,0.0,0.0,0.0
tsae_last,1,test/prealgebra/1251.json,-4.0,coherent_bt,0.0,0.0,0.0
tsae_last,1,test/prealgebra/1252.json,-4.0,coherent_bt,0.0,0.0,0.0
tsae_last,1,test/prealgebra/1272.json,-4.0,coherent_bt,0.0,0.0,0.0
tsae_last,1,test/prealgebra/1423.json,-4.0,coherent_bt,0.0,0.0,0.0
tsae_last,1,test/prealgebra/1622.json,-4.0,coherent_bt,0.0,0.0,0.0
tsae_last,1,test/prealgebra/1646.json,-4.0,coherent_bt,0.0,0.0,0.0
tsae_last,1,test/prealgebra/1787.json,-4.0,coherent_bt,0.0,0.0,0.0
tsae_last,1,test/prealgebra/1834.json,-4.0,coherent_bt,0.0,0.0,0.0
tsae_last,1,test/prealgebra/1922.json,-4.0,coherent_bt,0.0,0.0,0.0
tsae_last,1,test/prealgebra/1961.json,-4.0,coherent_bt,0.0,0.0,0.0
tsae_last,1,test/prealgebra/2019.json,-4.0,coherent_bt,0.0,0.0,0.0
tsae_last,1,test/prealgebra/2066.json,-4.0,coherent_bt,0.0,0.0,0.0
tsae_last,1,test/prealgebra/505.json,-4.0,coherent_bt,0.0,0.0,0.0
tsae_last,1,test/prealgebra/65.json,-4.0,coherent_bt,0.0,0.0,0.0
tsae_last,1,test/prealgebra/996.json,-4.0,coherent_bt,0.0,0.0,0.0
tsae_last,1,test/precalculus/1082.json,-4.0,coherent_bt,1.0,0.0,-1.0
tsae_last,1,test/precalculus/1105.json,-4.0,coherent_bt,0.0,0.0,0.0
tsae_last,1,test/precalculus/1199.json,-4.0,coherent_bt,1.0,1.0,0.0
tsae_last,1,test/precalculus/1303.json,-4.0,coherent_bt,0.0,0.0,0.0
tsae_last,1,test/precalculus/398.json,-4.0,coherent_bt,1.0,1.0,0.0
tsae_last,1,test/precalculus/43.json,-4.0,coherent_bt,0.0,0.0,0.0
tsae_last,1,test/precalculus/541.json,-4.0,coherent_bt,0.0,0.0,0.0
tsae_last,1,test/precalculus/580.json,-4.0,coherent_bt,0.0,0.0,0.0
tsae_last,1,test/precalculus/779.json,-4.0,coherent_bt,0.0,0.0,0.0
tsae_last,1,test/precalculus/927.json,-4.0,coherent_bt,1.0,1.0,0.0
tsae_last,1,test/precalculus/96.json,-4.0,coherent_bt,1.0,0.0,-1.0
tsae_last,1,test/precalculus/986.json,-4.0,coherent_bt,0.0,1.0,1.0
tsae_last,1,test/algebra/1082.json,-4.0,incoherent,0.0,0.0,0.0
tsae_last,1,test/algebra/109.json,-4.0,incoherent,0.0,0.0,0.0
tsae_last,1,test/algebra/1098.json,-4.0,incoherent,0.0,0.0,0.0
tsae_last,1,test/algebra/1214.json,-4.0,incoherent,0.0,0.0,0.0
tsae_last,1,test/algebra/1265.json,-4.0,incoherent,0.0,0.0,0.0
tsae_last,1,test/algebra/1282.json,-4.0,incoherent,0.0,0.0,0.0
tsae_last,1,test/algebra/1338.json,-4.0,incoherent,0.0,0.0,0.0
tsae_last,1,test/algebra/1349.json,-4.0,incoherent,0.0,0.0,0.0
tsae_last,1,test/algebra/1553.json,-4.0,incoherent,0.0,0.0,0.0
tsae_last,1,test/algebra/1934.json,-4.0,incoherent,0.0,0.0,0.0
tsae_last,1,test/algebra/1960.json,-4.0,incoherent,0.0,0.0,0.0
tsae_last,1,test/algebra/2043.json,-4.0,incoherent,0.0,0.0,0.0
tsae_last,1,test/algebra/2046.json,-4.0,incoherent,0.0,0.0,0.0
tsae_last,1,test/algebra/2159.json,-4.0,incoherent,0.0,0.0,0.0
tsae_last,1,test/algebra/2264.json,-4.0,incoherent,0.0,0.0,0.0
tsae_last,1,test/algebra/2427.json,-4.0,incoherent,0.0,0.0,0.0
tsae_last,1,test/algebra/2430.json,-4.0,incoherent,0.0,0.0,0.0
tsae_last,1,test/algebra/2476.json,-4.0,incoherent,0.0,0.0,0.0
tsae_last,1,test/algebra/2486.json,-4.0,incoherent,0.0,0.0,0.0
tsae_last,1,test/algebra/2570.json,-4.0,incoherent,0.0,0.0,0.0
tsae_last,1,test/algebra/2593.json,-4.0,incoherent,0.0,0.0,0.0
tsae_last,1,test/algebra/2735.json,-4.0,incoherent,0.0,0.0,0.0
tsae_last,1,test/algebra/2779.json,-4.0,incoherent,0.0,0.0,0.0
tsae_last,1,test/algebra/297.json,-4.0,incoherent,0.0,0.0,0.0
tsae_last,1,test/algebra/425.json,-4.0,incoherent,0.0,0.0,0.0
tsae_last,1,test/algebra/634.json,-4.0,incoherent,0.0,0.0,0.0
tsae_last,1,test/algebra/661.json,-4.0,incoherent,0.0,0.0,0.0
tsae_last,1,test/algebra/769.json,-4.0,incoherent,0.0,0.0,0.0
tsae_last,1,test/algebra/824.json,-4.0,incoherent,0.0,0.0,0.0
tsae_last,1,test/algebra/892.json,-4.0,incoherent,0.0,0.0,0.0
tsae_last,1,test/counting_and_probability/1009.json,-4.0,incoherent,0.0,0.0,0.0
tsae_last,1,test/counting_and_probability/1014.json,-4.0,incoherent,0.0,0.0,0.0
tsae_last,1,test/counting_and_probability/1060.json,-4.0,incoherent,0.0,0.0,0.0
tsae_last,1,test/counting_and_probability/119.json,-4.0,incoherent,0.0,0.0,0.0
tsae_last,1,test/counting_and_probability/25149.json,-4.0,incoherent,0.0,0.0,0.0
tsae_last,1,test/counting_and_probability/508.json,-4.0,incoherent,0.0,0.0,0.0
tsae_last,1,test/counting_and_probability/525.json,-4.0,incoherent,0.0,0.0,0.0
tsae_last,1,test/counting_and_probability/894.json,-4.0,incoherent,0.0,0.0,0.0
tsae_last,1,test/geometry/1140.json,-4.0,incoherent,0.0,0.0,0.0
tsae_last,1,test/geometry/254.json,-4.0,incoherent,0.0,0.0,0.0
tsae_last,1,test/geometry/456.json,-4.0,incoherent,0.0,0.0,0.0
tsae_last,1,test/geometry/465.json,-4.0,incoherent,0.0,0.0,0.0
tsae_last,1,test/geometry/538.json,-4.0,incoherent,0.0,0.0,0.0
tsae_last,1,test/geometry/561.json,-4.0,incoherent,0.0,0.0,0.0
tsae_last,1,test/geometry/615.json,-4.0,incoherent,0.0,0.0,0.0
tsae_last,1,test/geometry/711.json,-4.0,incoherent,0.0,0.0,0.0
tsae_last,1,test/geometry/795.json,-4.0,incoherent,0.0,0.0,0.0
tsae_last,1,test/geometry/843.json,-4.0,incoherent,0.0,0.0,0.0
tsae_last,1,test/geometry/846.json,-4.0,incoherent,0.0,0.0,0.0
tsae_last,1,test/intermediate_algebra/101.json,-4.0,incoherent,0.0,0.0,0.0
tsae_last,1,test/intermediate_algebra/102.json,-4.0,incoherent,0.0,0.0,0.0
tsae_last,1,test/intermediate_algebra/1354.json,-4.0,incoherent,0.0,0.0,0.0
tsae_last,1,test/intermediate_algebra/1467.json,-4.0,incoherent,0.0,0.0,0.0
tsae_last,1,test/intermediate_algebra/1555.json,-4.0,incoherent,0.0,0.0,0.0
tsae_last,1,test/intermediate_algebra/1714.json,-4.0,incoherent,0.0,0.0,0.0
tsae_last,1,test/intermediate_algebra/1779.json,-4.0,incoherent,0.0,0.0,0.0
tsae_last,1,test/intermediate_algebra/199.json,-4.0,incoherent,0.0,0.0,0.0
tsae_last,1,test/intermediate_algebra/1994.json,-4.0,incoherent,0.0,0.0,0.0
tsae_last,1,test/intermediate_algebra/2046.json,-4.0,incoherent,0.0,0.0,0.0
tsae_last,1,test/intermediate_algebra/345.json,-4.0,incoherent,0.0,0.0,0.0
tsae_last,1,test/intermediate_algebra/446.json,-4.0,incoherent,0.0,0.0,0.0
tsae_last,1,test/intermediate_algebra/47.json,-4.0,incoherent,0.0,0.0,0.0
tsae_last,1,test/intermediate_algebra/607.json,-4.0,incoherent,0.0,0.0,0.0
tsae_last,1,test/intermediate_algebra/690.json,-4.0,incoherent,0.0,0.0,0.0
tsae_last,1,test/intermediate_algebra/752.json,-4.0,incoherent,0.0,0.0,0.0
tsae_last,1,test/intermediate_algebra/894.json,-4.0,incoherent,0.0,0.0,0.0
tsae_last,1,test/number_theory/1002.json,-4.0,incoherent,0.0,0.0,0.0
tsae_last,1,test/number_theory/149.json,-4.0,incoherent,0.0,0.0,0.0
tsae_last,1,test/number_theory/515.json,-4.0,incoherent,0.0,0.0,0.0
tsae_last,1,test/prealgebra/1113.json,-4.0,incoherent,0.0,0.0,0.0
tsae_last,1,test/prealgebra/1128.json,-4.0,incoherent,0.0,0.0,0.0
tsae_last,1,test/prealgebra/1139.json,-4.0,incoherent,0.0,0.0,0.0
tsae_last,1,test/prealgebra/1238.json,-4.0,incoherent,0.0,0.0,0.0
tsae_last,1,test/prealgebra/1251.json,-4.0,incoherent,0.0,0.0,0.0
tsae_last,1,test/prealgebra/1252.json,-4.0,incoherent,0.0,0.0,0.0
tsae_last,1,test/prealgebra/1272.json,-4.0,incoherent,0.0,0.0,0.0
tsae_last,1,test/prealgebra/1423.json,-4.0,incoherent,0.0,0.0,0.0
tsae_last,1,test/prealgebra/1622.json,-4.0,incoherent,0.0,0.0,0.0
tsae_last,1,test/prealgebra/1646.json,-4.0,incoherent,0.0,0.0,0.0
tsae_last,1,test/prealgebra/1787.json,-4.0,incoherent,0.0,0.0,0.0
tsae_last,1,test/prealgebra/1834.json,-4.0,incoherent,0.0,0.0,0.0
tsae_last,1,test/prealgebra/1922.json,-4.0,incoherent,0.0,0.0,0.0
tsae_last,1,test/prealgebra/1961.json,-4.0,incoherent,0.0,0.0,0.0
tsae_last,1,test/prealgebra/2019.json,-4.0,incoherent,0.0,0.0,0.0
tsae_last,1,test/prealgebra/2066.json,-4.0,incoherent,0.0,0.0,0.0
tsae_last,1,test/prealgebra/505.json,-4.0,incoherent,0.0,0.0,0.0
tsae_last,1,test/prealgebra/65.json,-4.0,incoherent,0.0,0.0,0.0
tsae_last,1,test/prealgebra/996.json,-4.0,incoherent,0.0,0.0,0.0
tsae_last,1,test/precalculus/1082.json,-4.0,incoherent,0.0,0.0,0.0
tsae_last,1,test/precalculus/1105.json,-4.0,incoherent,0.0,0.0,0.0
tsae_last,1,test/precalculus/1199.json,-4.0,incoherent,0.0,0.0,0.0
tsae_last,1,test/precalculus/1303.json,-4.0,incoherent,0.0,0.0,0.0
tsae_last,1,test/precalculus/398.json,-4.0,incoherent,0.0,0.0,0.0
tsae_last,1,test/precalculus/43.json,-4.0,incoherent,0.0,0.0,0.0
tsae_last,1,test/precalculus/541.json,-4.0,incoherent,0.0,0.0,0.0
tsae_last,1,test/precalculus/580.json,-4.0,incoherent,0.0,0.0,0.0
tsae_last,1,test/precalculus/779.json,-4.0,incoherent,0.0,0.0,0.0
tsae_last,1,test/precalculus/927.json,-4.0,incoherent,0.0,0.0,0.0
tsae_last,1,test/precalculus/96.json,-4.0,incoherent,0.0,0.0,0.0
tsae_last,1,test/precalculus/986.json,-4.0,incoherent,0.0,0.0,0.0
tsae_last,1,test/algebra/1082.json,-4.0,correct,0.0,0.0,0.0
tsae_last,1,test/algebra/109.json,-4.0,correct,1.0,1.0,0.0
tsae_last,1,test/algebra/1098.json,-4.0,correct,1.0,1.0,0.0
tsae_last,1,test/algebra/1214.json,-4.0,correct,1.0,0.0,-1.0
tsae_last,1,test/algebra/1265.json,-4.0,correct,1.0,1.0,0.0
tsae_last,1,test/algebra/1282.json,-4.0,correct,0.0,0.0,0.0
tsae_last,1,test/algebra/1338.json,-4.0,correct,1.0,1.0,0.0
tsae_last,1,test/algebra/1349.json,-4.0,correct,0.0,0.0,0.0
tsae_last,1,test/algebra/1553.json,-4.0,correct,0.0,0.0,0.0
tsae_last,1,test/algebra/1934.json,-4.0,correct,1.0,0.0,-1.0
tsae_last,1,test/algebra/1960.json,-4.0,correct,1.0,0.0,-1.0
tsae_last,1,test/algebra/2043.json,-4.0,correct,1.0,1.0,0.0
tsae_last,1,test/algebra/2046.json,-4.0,correct,1.0,1.0,0.0
tsae_last,1,test/algebra/2159.json,-4.0,correct,0.0,0.0,0.0
tsae_last,1,test/algebra/2264.json,-4.0,correct,1.0,0.0,-1.0
tsae_last,1,test/algebra/2427.json,-4.0,correct,0.0,0.0,0.0
tsae_last,1,test/algebra/2430.json,-4.0,correct,0.0,0.0,0.0
tsae_last,1,test/algebra/2476.json,-4.0,correct,0.0,1.0,1.0
tsae_last,1,test/algebra/2486.json,-4.0,correct,1.0,0.0,-1.0
tsae_last,1,test/algebra/2570.json,-4.0,correct,1.0,1.0,0.0
tsae_last,1,test/algebra/2593.json,-4.0,correct,1.0,1.0,0.0
tsae_last,1,test/algebra/2735.json,-4.0,correct,0.0,0.0,0.0
tsae_last,1,test/algebra/2779.json,-4.0,correct,1.0,1.0,0.0
tsae_last,1,test/algebra/297.json,-4.0,correct,0.0,0.0,0.0
tsae_last,1,test/algebra/425.json,-4.0,correct,1.0,1.0,0.0
tsae_last,1,test/algebra/634.json,-4.0,correct,0.0,0.0,0.0
tsae_last,1,test/algebra/661.json,-4.0,correct,1.0,1.0,0.0
tsae_last,1,test/algebra/769.json,-4.0,correct,1.0,1.0,0.0
tsae_last,1,test/algebra/824.json,-4.0,correct,1.0,1.0,0.0
tsae_last,1,test/algebra/892.json,-4.0,correct,0.0,0.0,0.0
tsae_last,1,test/counting_and_probability/1009.json,-4.0,correct,1.0,1.0,0.0
tsae_last,1,test/counting_and_probability/1014.json,-4.0,correct,1.0,1.0,0.0
tsae_last,1,test/counting_and_probability/1060.json,-4.0,correct,0.0,0.0,0.0
tsae_last,1,test/counting_and_probability/119.json,-4.0,correct,0.0,0.0,0.0
tsae_last,1,test/counting_and_probability/25149.json,-4.0,correct,1.0,1.0,0.0
tsae_last,1,test/counting_and_probability/508.json,-4.0,correct,0.0,0.0,0.0
tsae_last,1,test/counting_and_probability/525.json,-4.0,correct,0.0,0.0,0.0
tsae_last,1,test/counting_and_probability/894.json,-4.0,correct,1.0,0.0,-1.0
tsae_last,1,test/geometry/1140.json,-4.0,correct,0.0,0.0,0.0
tsae_last,1,test/geometry/254.json,-4.0,correct,0.0,1.0,1.0
tsae_last,1,test/geometry/456.json,-4.0,correct,1.0,1.0,0.0
tsae_last,1,test/geometry/465.json,-4.0,correct,0.0,0.0,0.0
tsae_last,1,test/geometry/538.json,-4.0,correct,0.0,0.0,0.0
tsae_last,1,test/geometry/561.json,-4.0,correct,0.0,0.0,0.0
tsae_last,1,test/geometry/615.json,-4.0,correct,0.0,0.0,0.0
tsae_last,1,test/geometry/711.json,-4.0,correct,0.0,0.0,0.0
tsae_last,1,test/geometry/795.json,-4.0,correct,0.0,0.0,0.0
tsae_last,1,test/geometry/843.json,-4.0,correct,1.0,1.0,0.0
tsae_last,1,test/geometry/846.json,-4.0,correct,0.0,0.0,0.0
tsae_last,1,test/intermediate_algebra/101.json,-4.0,correct,0.0,0.0,0.0
tsae_last,1,test/intermediate_algebra/102.json,-4.0,correct,0.0,0.0,0.0
tsae_last,1,test/intermediate_algebra/1354.json,-4.0,correct,0.0,0.0,0.0
tsae_last,1,test/intermediate_algebra/1467.json,-4.0,correct,0.0,0.0,0.0
tsae_last,1,test/intermediate_algebra/1555.json,-4.0,correct,0.0,0.0,0.0
tsae_last,1,test/intermediate_algebra/1714.json,-4.0,correct,1.0,1.0,0.0
tsae_last,1,test/intermediate_algebra/1779.json,-4.0,correct,0.0,0.0,0.0
tsae_last,1,test/intermediate_algebra/199.json,-4.0,correct,0.0,0.0,0.0
tsae_last,1,test/intermediate_algebra/1994.json,-4.0,correct,0.0,0.0,0.0
tsae_last,1,test/intermediate_algebra/2046.json,-4.0,correct,0.0,0.0,0.0
tsae_last,1,test/intermediate_algebra/345.json,-4.0,correct,0.0,0.0,0.0
tsae_last,1,test/intermediate_algebra/446.json,-4.0,correct,0.0,0.0,0.0
tsae_last,1,test/intermediate_algebra/47.json,-4.0,correct,0.0,0.0,0.0
tsae_last,1,test/intermediate_algebra/607.json,-4.0,correct,0.0,0.0,0.0
tsae_last,1,test/intermediate_algebra/690.json,-4.0,correct,0.0,0.0,0.0
tsae_last,1,test/intermediate_algebra/752.json,-4.0,correct,0.0,0.0,0.0
tsae_last,1,test/intermediate_algebra/894.json,-4.0,correct,0.0,0.0,0.0
tsae_last,1,test/number_theory/1002.json,-4.0,correct,0.0,0.0,0.0
tsae_last,1,test/number_theory/149.json,-4.0,correct,0.0,0.0,0.0
tsae_last,1,test/number_theory/515.json,-4.0,correct,1.0,1.0,0.0
tsae_last,1,test/prealgebra/1113.json,-4.0,correct,1.0,0.0,-1.0
tsae_last,1,test/prealgebra/1128.json,-4.0,correct,0.0,1.0,1.0
tsae_last,1,test/prealgebra/1139.json,-4.0,correct,0.0,0.0,0.0
tsae_last,1,test/prealgebra/1238.json,-4.0,correct,1.0,1.0,0.0
tsae_last,1,test/prealgebra/1251.json,-4.0,correct,0.0,0.0,0.0
tsae_last,1,test/prealgebra/1252.json,-4.0,correct,1.0,0.0,-1.0
tsae_last,1,test/prealgebra/1272.json,-4.0,correct,1.0,1.0,0.0
tsae_last,1,test/prealgebra/1423.json,-4.0,correct,0.0,0.0,0.0
tsae_last,1,test/prealgebra/1622.json,-4.0,correct,0.0,0.0,0.0
tsae_last,1,test/prealgebra/1646.json,-4.0,correct,0.0,0.0,0.0
tsae_last,1,test/prealgebra/1787.json,-4.0,correct,1.0,0.0,-1.0
tsae_last,1,test/prealgebra/1834.json,-4.0,correct,0.0,1.0,1.0
tsae_last,1,test/prealgebra/1922.json,-4.0,correct,0.0,0.0,0.0
tsae_last,1,test/prealgebra/1961.json,-4.0,correct,0.0,0.0,0.0
tsae_last,1,test/prealgebra/2019.json,-4.0,correct,1.0,0.0,-1.0
tsae_last,1,test/prealgebra/2066.json,-4.0,correct,0.0,0.0,0.0
tsae_last,1,test/prealgebra/505.json,-4.0,correct,1.0,1.0,0.0
tsae_last,1,test/prealgebra/65.json,-4.0,correct,0.0,0.0,0.0
tsae_last,1,test/prealgebra/996.json,-4.0,correct,0.0,0.0,0.0
tsae_last,1,test/precalculus/1082.json,-4.0,correct,0.0,0.0,0.0
tsae_last,1,test/precalculus/1105.json,-4.0,correct,0.0,1.0,1.0
tsae_last,1,test/precalculus/1199.json,-4.0,correct,0.0,0.0,0.0
tsae_last,1,test/precalculus/1303.json,-4.0,correct,0.0,0.0,0.0
tsae_last,1,test/precalculus/398.json,-4.0,correct,0.0,0.0,0.0
tsae_last,1,test/precalculus/43.json,-4.0,correct,0.0,1.0,1.0
tsae_last,1,test/precalculus/541.json,-4.0,correct,0.0,0.0,0.0
tsae_last,1,test/precalculus/580.json,-4.0,correct,0.0,0.0,0.0
tsae_last,1,test/precalculus/779.json,-4.0,correct,1.0,1.0,0.0
tsae_last,1,test/precalculus/927.json,-4.0,correct,0.0,0.0,0.0
tsae_last,1,test/precalculus/96.json,-4.0,correct,0.0,0.0,0.0
tsae_last,1,test/precalculus/986.json,-4.0,correct,0.0,0.0,0.0
tsae_last,2,test/algebra/1082.json,-4.0,gc,0.0,0.0,0.0
tsae_last,2,test/algebra/109.json,-4.0,gc,0.0,0.0,0.0
tsae_last,2,test/algebra/1098.json,-4.0,gc,0.0,0.0,0.0
tsae_last,2,test/algebra/1214.json,-4.0,gc,0.0,0.0,0.0
tsae_last,2,test/algebra/1265.json,-4.0,gc,0.0,0.0,0.0
tsae_last,2,test/algebra/1282.json,-4.0,gc,0.0,2.0,2.0
tsae_last,2,test/algebra/1338.json,-4.0,gc,0.0,0.0,0.0
tsae_last,2,test/algebra/1349.json,-4.0,gc,0.0,0.0,0.0
tsae_last,2,test/algebra/1553.json,-4.0,gc,0.0,0.0,0.0
tsae_last,2,test/algebra/1934.json,-4.0,gc,0.0,0.0,0.0
tsae_last,2,test/algebra/1960.json,-4.0,gc,0.0,0.0,0.0
tsae_last,2,test/algebra/2043.json,-4.0,gc,1.0,1.0,0.0
tsae_last,2,test/algebra/2046.json,-4.0,gc,0.0,0.0,0.0
tsae_last,2,test/algebra/2159.json,-4.0,gc,1.0,1.0,0.0
tsae_last,2,test/algebra/2264.json,-4.0,gc,0.0,0.0,0.0
tsae_last,2,test/algebra/2427.json,-4.0,gc,0.0,0.0,0.0
tsae_last,2,test/algebra/2430.json,-4.0,gc,1.0,0.0,-1.0
tsae_last,2,test/algebra/2476.json,-4.0,gc,0.0,0.0,0.0
tsae_last,2,test/algebra/2486.json,-4.0,gc,0.0,0.0,0.0
tsae_last,2,test/algebra/2570.json,-4.0,gc,1.0,0.0,-1.0
tsae_last,2,test/algebra/2593.json,-4.0,gc,0.0,0.0,0.0
tsae_last,2,test/algebra/2735.json,-4.0,gc,0.0,0.0,0.0
tsae_last,2,test/algebra/2779.json,-4.0,gc,0.0,0.0,0.0
tsae_last,2,test/algebra/297.json,-4.0,gc,0.0,0.0,0.0
tsae_last,2,test/algebra/425.json,-4.0,gc,0.0,0.0,0.0
tsae_last,2,test/algebra/634.json,-4.0,gc,0.0,1.0,1.0
tsae_last,2,test/algebra/661.json,-4.0,gc,0.0,0.0,0.0
tsae_last,2,test/algebra/769.json,-4.0,gc,0.0,0.0,0.0
tsae_last,2,test/algebra/824.json,-4.0,gc,0.0,0.0,0.0
tsae_last,2,test/algebra/892.json,-4.0,gc,1.0,1.0,0.0
tsae_last,2,test/counting_and_probability/1009.json,-4.0,gc,0.0,0.0,0.0
tsae_last,2,test/counting_and_probability/1014.json,-4.0,gc,0.0,0.0,0.0
tsae_last,2,test/counting_and_probability/1060.json,-4.0,gc,0.0,0.0,0.0
tsae_last,2,test/counting_and_probability/119.json,-4.0,gc,0.0,0.0,0.0
tsae_last,2,test/counting_and_probability/25149.json,-4.0,gc,0.0,0.0,0.0
tsae_last,2,test/counting_and_probability/508.json,-4.0,gc,0.0,0.0,0.0
tsae_last,2,test/counting_and_probability/525.json,-4.0,gc,0.0,1.0,1.0
tsae_last,2,test/counting_and_probability/894.json,-4.0,gc,0.0,0.0,0.0
tsae_last,2,test/geometry/1140.json,-4.0,gc,1.0,0.0,-1.0
tsae_last,2,test/geometry/254.json,-4.0,gc,0.0,0.0,0.0
tsae_last,2,test/geometry/456.json,-4.0,gc,0.0,0.0,0.0
tsae_last,2,test/geometry/465.json,-4.0,gc,1.0,1.0,0.0
tsae_last,2,test/geometry/538.json,-4.0,gc,0.0,0.0,0.0
tsae_last,2,test/geometry/561.json,-4.0,gc,0.0,1.0,1.0
tsae_last,2,test/geometry/615.json,-4.0,gc,1.0,0.0,-1.0
tsae_last,2,test/geometry/711.json,-4.0,gc,1.0,0.0,-1.0
tsae_last,2,test/geometry/795.json,-4.0,gc,0.0,0.0,0.0
tsae_last,2,test/geometry/843.json,-4.0,gc,0.0,0.0,0.0
tsae_last,2,test/geometry/846.json,-4.0,gc,1.0,2.0,1.0
tsae_last,2,test/intermediate_algebra/101.json,-4.0,gc,0.0,0.0,0.0
tsae_last,2,test/intermediate_algebra/102.json,-4.0,gc,0.0,0.0,0.0
tsae_last,2,test/intermediate_algebra/1354.json,-4.0,gc,0.0,0.0,0.0
tsae_last,2,test/intermediate_algebra/1467.json,-4.0,gc,1.0,1.0,0.0
tsae_last,2,test/intermediate_algebra/1555.json,-4.0,gc,0.0,0.0,0.0
tsae_last,2,test/intermediate_algebra/1714.json,-4.0,gc,0.0,0.0,0.0
tsae_last,2,test/intermediate_algebra/1779.json,-4.0,gc,0.0,0.0,0.0
tsae_last,2,test/intermediate_algebra/199.json,-4.0,gc,1.0,1.0,0.0
tsae_last,2,test/intermediate_algebra/1994.json,-4.0,gc,0.0,0.0,0.0
tsae_last,2,test/intermediate_algebra/2046.json,-4.0,gc,0.0,1.0,1.0
tsae_last,2,test/intermediate_algebra/345.json,-4.0,gc,0.0,0.0,0.0
tsae_last,2,test/intermediate_algebra/446.json,-4.0,gc,0.0,0.0,0.0
tsae_last,2,test/intermediate_algebra/47.json,-4.0,gc,0.0,0.0,0.0
tsae_last,2,test/intermediate_algebra/607.json,-4.0,gc,1.0,0.0,-1.0
tsae_last,2,test/intermediate_algebra/690.json,-4.0,gc,1.0,0.0,-1.0
tsae_last,2,test/intermediate_algebra/752.json,-4.0,gc,0.0,0.0,0.0
tsae_last,2,test/intermediate_algebra/894.json,-4.0,gc,1.0,1.0,0.0
tsae_last,2,test/number_theory/1002.json,-4.0,gc,0.0,0.0,0.0
tsae_last,2,test/number_theory/149.json,-4.0,gc,0.0,0.0,0.0
tsae_last,2,test/number_theory/515.json,-4.0,gc,0.0,0.0,0.0
tsae_last,2,test/prealgebra/1113.json,-4.0,gc,0.0,0.0,0.0
tsae_last,2,test/prealgebra/1128.json,-4.0,gc,0.0,0.0,0.0
tsae_last,2,test/prealgebra/1139.json,-4.0,gc,0.0,1.0,1.0
tsae_last,2,test/prealgebra/1238.json,-4.0,gc,0.0,0.0,0.0
tsae_last,2,test/prealgebra/1251.json,-4.0,gc,0.0,0.0,0.0
tsae_last,2,test/prealgebra/1252.json,-4.0,gc,0.0,0.0,0.0
tsae_last,2,test/prealgebra/1272.json,-4.0,gc,0.0,0.0,0.0
tsae_last,2,test/prealgebra/1423.json,-4.0,gc,0.0,0.0,0.0
tsae_last,2,test/prealgebra/1622.json,-4.0,gc,0.0,0.0,0.0
tsae_last,2,test/prealgebra/1646.json,-4.0,gc,0.0,1.0,1.0
tsae_last,2,test/prealgebra/1787.json,-4.0,gc,0.0,0.0,0.0
tsae_last,2,test/prealgebra/1834.json,-4.0,gc,0.0,0.0,0.0
tsae_last,2,test/prealgebra/1922.json,-4.0,gc,0.0,0.0,0.0
tsae_last,2,test/prealgebra/1961.json,-4.0,gc,0.0,0.0,0.0
tsae_last,2,test/prealgebra/2019.json,-4.0,gc,0.0,0.0,0.0
tsae_last,2,test/prealgebra/2066.json,-4.0,gc,0.0,0.0,0.0
tsae_last,2,test/prealgebra/505.json,-4.0,gc,0.0,0.0,0.0
tsae_last,2,test/prealgebra/65.json,-4.0,gc,0.0,0.0,0.0
tsae_last,2,test/prealgebra/996.json,-4.0,gc,0.0,0.0,0.0
tsae_last,2,test/precalculus/1082.json,-4.0,gc,1.0,0.0,-1.0
tsae_last,2,test/precalculus/1105.json,-4.0,gc,0.0,0.0,0.0
tsae_last,2,test/precalculus/1199.json,-4.0,gc,1.0,1.0,0.0
tsae_last,2,test/precalculus/1303.json,-4.0,gc,0.0,0.0,0.0
tsae_last,2,test/precalculus/398.json,-4.0,gc,1.0,1.0,0.0
tsae_last,2,test/precalculus/43.json,-4.0,gc,0.0,0.0,0.0
tsae_last,2,test/precalculus/541.json,-4.0,gc,0.0,0.0,0.0
tsae_last,2,test/precalculus/580.json,-4.0,gc,0.0,0.0,0.0
tsae_last,2,test/precalculus/779.json,-4.0,gc,0.0,0.0,0.0
tsae_last,2,test/precalculus/927.json,-4.0,gc,2.0,2.0,0.0
tsae_last,2,test/precalculus/96.json,-4.0,gc,1.0,0.0,-1.0
tsae_last,2,test/precalculus/986.json,-4.0,gc,0.0,1.0,1.0
tsae_last,2,test/algebra/1082.json,-4.0,coherent_gc,0.0,0.0,0.0
tsae_last,2,test/algebra/109.json,-4.0,coherent_gc,0.0,0.0,0.0
tsae_last,2,test/algebra/1098.json,-4.0,coherent_gc,0.0,0.0,0.0
tsae_last,2,test/algebra/1214.json,-4.0,coherent_gc,0.0,0.0,0.0
tsae_last,2,test/algebra/1265.json,-4.0,coherent_gc,0.0,0.0,0.0
tsae_last,2,test/algebra/1282.json,-4.0,coherent_gc,0.0,2.0,2.0
tsae_last,2,test/algebra/1338.json,-4.0,coherent_gc,0.0,0.0,0.0
tsae_last,2,test/algebra/1349.json,-4.0,coherent_gc,0.0,0.0,0.0
tsae_last,2,test/algebra/1553.json,-4.0,coherent_gc,0.0,0.0,0.0
tsae_last,2,test/algebra/1934.json,-4.0,coherent_gc,0.0,0.0,0.0
tsae_last,2,test/algebra/1960.json,-4.0,coherent_gc,0.0,0.0,0.0
tsae_last,2,test/algebra/2043.json,-4.0,coherent_gc,1.0,1.0,0.0
tsae_last,2,test/algebra/2046.json,-4.0,coherent_gc,0.0,0.0,0.0
tsae_last,2,test/algebra/2159.json,-4.0,coherent_gc,1.0,1.0,0.0
tsae_last,2,test/algebra/2264.json,-4.0,coherent_gc,0.0,0.0,0.0
tsae_last,2,test/algebra/2427.json,-4.0,coherent_gc,0.0,0.0,0.0
tsae_last,2,test/algebra/2430.json,-4.0,coherent_gc,1.0,0.0,-1.0
tsae_last,2,test/algebra/2476.json,-4.0,coherent_gc,0.0,0.0,0.0
tsae_last,2,test/algebra/2486.json,-4.0,coherent_gc,0.0,0.0,0.0
tsae_last,2,test/algebra/2570.json,-4.0,coherent_gc,1.0,0.0,-1.0
tsae_last,2,test/algebra/2593.json,-4.0,coherent_gc,0.0,0.0,0.0
tsae_last,2,test/algebra/2735.json,-4.0,coherent_gc,0.0,0.0,0.0
tsae_last,2,test/algebra/2779.json,-4.0,coherent_gc,0.0,0.0,0.0
tsae_last,2,test/algebra/297.json,-4.0,coherent_gc,0.0,0.0,0.0
tsae_last,2,test/algebra/425.json,-4.0,coherent_gc,0.0,0.0,0.0
tsae_last,2,test/algebra/634.json,-4.0,coherent_gc,0.0,1.0,1.0
tsae_last,2,test/algebra/661.json,-4.0,coherent_gc,0.0,0.0,0.0
tsae_last,2,test/algebra/769.json,-4.0,coherent_gc,0.0,0.0,0.0
tsae_last,2,test/algebra/824.json,-4.0,coherent_gc,0.0,0.0,0.0
tsae_last,2,test/algebra/892.json,-4.0,coherent_gc,1.0,1.0,0.0
tsae_last,2,test/counting_and_probability/1009.json,-4.0,coherent_gc,0.0,0.0,0.0
tsae_last,2,test/counting_and_probability/1014.json,-4.0,coherent_gc,0.0,0.0,0.0
tsae_last,2,test/counting_and_probability/1060.json,-4.0,coherent_gc,0.0,0.0,0.0
tsae_last,2,test/counting_and_probability/119.json,-4.0,coherent_gc,0.0,0.0,0.0
tsae_last,2,test/counting_and_probability/25149.json,-4.0,coherent_gc,0.0,0.0,0.0
tsae_last,2,test/counting_and_probability/508.json,-4.0,coherent_gc,0.0,0.0,0.0
tsae_last,2,test/counting_and_probability/525.json,-4.0,coherent_gc,0.0,1.0,1.0
tsae_last,2,test/counting_and_probability/894.json,-4.0,coherent_gc,0.0,0.0,0.0
tsae_last,2,test/geometry/1140.json,-4.0,coherent_gc,1.0,0.0,-1.0
tsae_last,2,test/geometry/254.json,-4.0,coherent_gc,0.0,0.0,0.0
tsae_last,2,test/geometry/456.json,-4.0,coherent_gc,0.0,0.0,0.0
tsae_last,2,test/geometry/465.json,-4.0,coherent_gc,1.0,1.0,0.0
tsae_last,2,test/geometry/538.json,-4.0,coherent_gc,0.0,0.0,0.0
tsae_last,2,test/geometry/561.json,-4.0,coherent_gc,0.0,1.0,1.0
tsae_last,2,test/geometry/615.json,-4.0,coherent_gc,1.0,0.0,-1.0
tsae_last,2,test/geometry/711.json,-4.0,coherent_gc,1.0,0.0,-1.0
tsae_last,2,test/geometry/795.json,-4.0,coherent_gc,0.0,0.0,0.0
tsae_last,2,test/geometry/843.json,-4.0,coherent_gc,0.0,0.0,0.0
tsae_last,2,test/geometry/846.json,-4.0,coherent_gc,1.0,2.0,1.0
tsae_last,2,test/intermediate_algebra/101.json,-4.0,coherent_gc,0.0,0.0,0.0
tsae_last,2,test/intermediate_algebra/102.json,-4.0,coherent_gc,0.0,0.0,0.0
tsae_last,2,test/intermediate_algebra/1354.json,-4.0,coherent_gc,0.0,0.0,0.0
tsae_last,2,test/intermediate_algebra/1467.json,-4.0,coherent_gc,1.0,1.0,0.0
tsae_last,2,test/intermediate_algebra/1555.json,-4.0,coherent_gc,0.0,0.0,0.0
tsae_last,2,test/intermediate_algebra/1714.json,-4.0,coherent_gc,0.0,0.0,0.0
tsae_last,2,test/intermediate_algebra/1779.json,-4.0,coherent_gc,0.0,0.0,0.0
tsae_last,2,test/intermediate_algebra/199.json,-4.0,coherent_gc,1.0,1.0,0.0
tsae_last,2,test/intermediate_algebra/1994.json,-4.0,coherent_gc,0.0,0.0,0.0
tsae_last,2,test/intermediate_algebra/2046.json,-4.0,coherent_gc,0.0,1.0,1.0
tsae_last,2,test/intermediate_algebra/345.json,-4.0,coherent_gc,0.0,0.0,0.0
tsae_last,2,test/intermediate_algebra/446.json,-4.0,coherent_gc,0.0,0.0,0.0
tsae_last,2,test/intermediate_algebra/47.json,-4.0,coherent_gc,0.0,0.0,0.0
tsae_last,2,test/intermediate_algebra/607.json,-4.0,coherent_gc,1.0,0.0,-1.0
tsae_last,2,test/intermediate_algebra/690.json,-4.0,coherent_gc,1.0,0.0,-1.0
tsae_last,2,test/intermediate_algebra/752.json,-4.0,coherent_gc,0.0,0.0,0.0
tsae_last,2,test/intermediate_algebra/894.json,-4.0,coherent_gc,1.0,1.0,0.0
tsae_last,2,test/number_theory/1002.json,-4.0,coherent_gc,0.0,0.0,0.0
tsae_last,2,test/number_theory/149.json,-4.0,coherent_gc,0.0,0.0,0.0
tsae_last,2,test/number_theory/515.json,-4.0,coherent_gc,0.0,0.0,0.0
tsae_last,2,test/prealgebra/1113.json,-4.0,coherent_gc,0.0,0.0,0.0
tsae_last,2,test/prealgebra/1128.json,-4.0,coherent_gc,0.0,0.0,0.0
tsae_last,2,test/prealgebra/1139.json,-4.0,coherent_gc,0.0,1.0,1.0
tsae_last,2,test/prealgebra/1238.json,-4.0,coherent_gc,0.0,0.0,0.0
tsae_last,2,test/prealgebra/1251.json,-4.0,coherent_gc,0.0,0.0,0.0
tsae_last,2,test/prealgebra/1252.json,-4.0,coherent_gc,0.0,0.0,0.0
tsae_last,2,test/prealgebra/1272.json,-4.0,coherent_gc,0.0,0.0,0.0
tsae_last,2,test/prealgebra/1423.json,-4.0,coherent_gc,0.0,0.0,0.0
tsae_last,2,test/prealgebra/1622.json,-4.0,coherent_gc,0.0,0.0,0.0
tsae_last,2,test/prealgebra/1646.json,-4.0,coherent_gc,0.0,1.0,1.0
tsae_last,2,test/prealgebra/1787.json,-4.0,coherent_gc,0.0,0.0,0.0
tsae_last,2,test/prealgebra/1834.json,-4.0,coherent_gc,0.0,0.0,0.0
tsae_last,2,test/prealgebra/1922.json,-4.0,coherent_gc,0.0,0.0,0.0
tsae_last,2,test/prealgebra/1961.json,-4.0,coherent_gc,0.0,0.0,0.0
tsae_last,2,test/prealgebra/2019.json,-4.0,coherent_gc,0.0,0.0,0.0
tsae_last,2,test/prealgebra/2066.json,-4.0,coherent_gc,0.0,0.0,0.0
tsae_last,2,test/prealgebra/505.json,-4.0,coherent_gc,0.0,0.0,0.0
tsae_last,2,test/prealgebra/65.json,-4.0,coherent_gc,0.0,0.0,0.0
tsae_last,2,test/prealgebra/996.json,-4.0,coherent_gc,0.0,0.0,0.0
tsae_last,2,test/precalculus/1082.json,-4.0,coherent_gc,1.0,0.0,-1.0
tsae_last,2,test/precalculus/1105.json,-4.0,coherent_gc,0.0,0.0,0.0
tsae_last,2,test/precalculus/1199.json,-4.0,coherent_gc,1.0,1.0,0.0
tsae_last,2,test/precalculus/1303.json,-4.0,coherent_gc,0.0,0.0,0.0
tsae_last,2,test/precalculus/398.json,-4.0,coherent_gc,1.0,1.0,0.0
tsae_last,2,test/precalculus/43.json,-4.0,coherent_gc,0.0,0.0,0.0
tsae_last,2,test/precalculus/541.json,-4.0,coherent_gc,0.0,0.0,0.0
tsae_last,2,test/precalculus/580.json,-4.0,coherent_gc,0.0,0.0,0.0
tsae_last,2,test/precalculus/779.json,-4.0,coherent_gc,0.0,0.0,0.0
tsae_last,2,test/precalculus/927.json,-4.0,coherent_gc,2.0,2.0,0.0
tsae_last,2,test/precalculus/96.json,-4.0,coherent_gc,1.0,0.0,-1.0
tsae_last,2,test/precalculus/986.json,-4.0,coherent_gc,0.0,1.0,1.0
tsae_last,2,test/algebra/1082.json,-4.0,coherent_bt,0.0,0.0,0.0
tsae_last,2,test/algebra/109.json,-4.0,coherent_bt,0.0,0.0,0.0
tsae_last,2,test/algebra/1098.json,-4.0,coherent_bt,0.0,0.0,0.0
tsae_last,2,test/algebra/1214.json,-4.0,coherent_bt,0.0,0.0,0.0
tsae_last,2,test/algebra/1265.json,-4.0,coherent_bt,0.0,0.0,0.0
tsae_last,2,test/algebra/1282.json,-4.0,coherent_bt,0.0,1.0,1.0
tsae_last,2,test/algebra/1338.json,-4.0,coherent_bt,0.0,0.0,0.0
tsae_last,2,test/algebra/1349.json,-4.0,coherent_bt,0.0,0.0,0.0
tsae_last,2,test/algebra/1553.json,-4.0,coherent_bt,0.0,0.0,0.0
tsae_last,2,test/algebra/1934.json,-4.0,coherent_bt,0.0,0.0,0.0
tsae_last,2,test/algebra/1960.json,-4.0,coherent_bt,0.0,0.0,0.0
tsae_last,2,test/algebra/2043.json,-4.0,coherent_bt,1.0,1.0,0.0
tsae_last,2,test/algebra/2046.json,-4.0,coherent_bt,0.0,0.0,0.0
tsae_last,2,test/algebra/2159.json,-4.0,coherent_bt,1.0,1.0,0.0
tsae_last,2,test/algebra/2264.json,-4.0,coherent_bt,0.0,0.0,0.0
tsae_last,2,test/algebra/2427.json,-4.0,coherent_bt,0.0,0.0,0.0
tsae_last,2,test/algebra/2430.json,-4.0,coherent_bt,1.0,0.0,-1.0
tsae_last,2,test/algebra/2476.json,-4.0,coherent_bt,0.0,0.0,0.0
tsae_last,2,test/algebra/2486.json,-4.0,coherent_bt,0.0,0.0,0.0
tsae_last,2,test/algebra/2570.json,-4.0,coherent_bt,1.0,0.0,-1.0
tsae_last,2,test/algebra/2593.json,-4.0,coherent_bt,0.0,0.0,0.0
tsae_last,2,test/algebra/2735.json,-4.0,coherent_bt,0.0,0.0,0.0
tsae_last,2,test/algebra/2779.json,-4.0,coherent_bt,0.0,0.0,0.0
tsae_last,2,test/algebra/297.json,-4.0,coherent_bt,0.0,0.0,0.0
tsae_last,2,test/algebra/425.json,-4.0,coherent_bt,0.0,0.0,0.0
tsae_last,2,test/algebra/634.json,-4.0,coherent_bt,0.0,1.0,1.0
tsae_last,2,test/algebra/661.json,-4.0,coherent_bt,0.0,0.0,0.0
tsae_last,2,test/algebra/769.json,-4.0,coherent_bt,0.0,0.0,0.0
tsae_last,2,test/algebra/824.json,-4.0,coherent_bt,0.0,0.0,0.0
tsae_last,2,test/algebra/892.json,-4.0,coherent_bt,1.0,1.0,0.0
tsae_last,2,test/counting_and_probability/1009.json,-4.0,coherent_bt,0.0,0.0,0.0
tsae_last,2,test/counting_and_probability/1014.json,-4.0,coherent_bt,0.0,0.0,0.0
tsae_last,2,test/counting_and_probability/1060.json,-4.0,coherent_bt,0.0,0.0,0.0
tsae_last,2,test/counting_and_probability/119.json,-4.0,coherent_bt,0.0,0.0,0.0
tsae_last,2,test/counting_and_probability/25149.json,-4.0,coherent_bt,0.0,0.0,0.0
tsae_last,2,test/counting_and_probability/508.json,-4.0,coherent_bt,0.0,0.0,0.0
tsae_last,2,test/counting_and_probability/525.json,-4.0,coherent_bt,0.0,1.0,1.0
tsae_last,2,test/counting_and_probability/894.json,-4.0,coherent_bt,0.0,0.0,0.0
tsae_last,2,test/geometry/1140.json,-4.0,coherent_bt,1.0,0.0,-1.0
tsae_last,2,test/geometry/254.json,-4.0,coherent_bt,0.0,0.0,0.0
tsae_last,2,test/geometry/456.json,-4.0,coherent_bt,0.0,0.0,0.0
tsae_last,2,test/geometry/465.json,-4.0,coherent_bt,1.0,1.0,0.0
tsae_last,2,test/geometry/538.json,-4.0,coherent_bt,0.0,0.0,0.0
tsae_last,2,test/geometry/561.json,-4.0,coherent_bt,0.0,1.0,1.0
tsae_last,2,test/geometry/615.json,-4.0,coherent_bt,1.0,0.0,-1.0
tsae_last,2,test/geometry/711.json,-4.0,coherent_bt,1.0,0.0,-1.0
tsae_last,2,test/geometry/795.json,-4.0,coherent_bt,0.0,0.0,0.0
tsae_last,2,test/geometry/843.json,-4.0,coherent_bt,0.0,0.0,0.0
tsae_last,2,test/geometry/846.json,-4.0,coherent_bt,1.0,1.0,0.0
tsae_last,2,test/intermediate_algebra/101.json,-4.0,coherent_bt,0.0,0.0,0.0
tsae_last,2,test/intermediate_algebra/102.json,-4.0,coherent_bt,0.0,0.0,0.0
tsae_last,2,test/intermediate_algebra/1354.json,-4.0,coherent_bt,0.0,0.0,0.0
tsae_last,2,test/intermediate_algebra/1467.json,-4.0,coherent_bt,1.0,1.0,0.0
tsae_last,2,test/intermediate_algebra/1555.json,-4.0,coherent_bt,0.0,0.0,0.0
tsae_last,2,test/intermediate_algebra/1714.json,-4.0,coherent_bt,0.0,0.0,0.0
tsae_last,2,test/intermediate_algebra/1779.json,-4.0,coherent_bt,0.0,0.0,0.0
tsae_last,2,test/intermediate_algebra/199.json,-4.0,coherent_bt,1.0,1.0,0.0
tsae_last,2,test/intermediate_algebra/1994.json,-4.0,coherent_bt,0.0,0.0,0.0
tsae_last,2,test/intermediate_algebra/2046.json,-4.0,coherent_bt,0.0,1.0,1.0
tsae_last,2,test/intermediate_algebra/345.json,-4.0,coherent_bt,0.0,0.0,0.0
tsae_last,2,test/intermediate_algebra/446.json,-4.0,coherent_bt,0.0,0.0,0.0
tsae_last,2,test/intermediate_algebra/47.json,-4.0,coherent_bt,0.0,0.0,0.0
tsae_last,2,test/intermediate_algebra/607.json,-4.0,coherent_bt,1.0,0.0,-1.0
tsae_last,2,test/intermediate_algebra/690.json,-4.0,coherent_bt,1.0,0.0,-1.0
tsae_last,2,test/intermediate_algebra/752.json,-4.0,coherent_bt,0.0,0.0,0.0
tsae_last,2,test/intermediate_algebra/894.json,-4.0,coherent_bt,1.0,1.0,0.0
tsae_last,2,test/number_theory/1002.json,-4.0,coherent_bt,0.0,0.0,0.0
tsae_last,2,test/number_theory/149.json,-4.0,coherent_bt,0.0,0.0,0.0
tsae_last,2,test/number_theory/515.json,-4.0,coherent_bt,0.0,0.0,0.0
tsae_last,2,test/prealgebra/1113.json,-4.0,coherent_bt,0.0,0.0,0.0
tsae_last,2,test/prealgebra/1128.json,-4.0,coherent_bt,0.0,0.0,0.0
tsae_last,2,test/prealgebra/1139.json,-4.0,coherent_bt,0.0,1.0,1.0
tsae_last,2,test/prealgebra/1238.json,-4.0,coherent_bt,0.0,0.0,0.0
tsae_last,2,test/prealgebra/1251.json,-4.0,coherent_bt,0.0,0.0,0.0
tsae_last,2,test/prealgebra/1252.json,-4.0,coherent_bt,0.0,0.0,0.0
tsae_last,2,test/prealgebra/1272.json,-4.0,coherent_bt,0.0,0.0,0.0
tsae_last,2,test/prealgebra/1423.json,-4.0,coherent_bt,0.0,0.0,0.0
tsae_last,2,test/prealgebra/1622.json,-4.0,coherent_bt,0.0,0.0,0.0
tsae_last,2,test/prealgebra/1646.json,-4.0,coherent_bt,0.0,1.0,1.0
tsae_last,2,test/prealgebra/1787.json,-4.0,coherent_bt,0.0,0.0,0.0
tsae_last,2,test/prealgebra/1834.json,-4.0,coherent_bt,0.0,0.0,0.0
tsae_last,2,test/prealgebra/1922.json,-4.0,coherent_bt,0.0,0.0,0.0
tsae_last,2,test/prealgebra/1961.json,-4.0,coherent_bt,0.0,0.0,0.0
tsae_last,2,test/prealgebra/2019.json,-4.0,coherent_bt,0.0,0.0,0.0
tsae_last,2,test/prealgebra/2066.json,-4.0,coherent_bt,0.0,0.0,0.0
tsae_last,2,test/prealgebra/505.json,-4.0,coherent_bt,0.0,0.0,0.0
tsae_last,2,test/prealgebra/65.json,-4.0,coherent_bt,0.0,0.0,0.0
tsae_last,2,test/prealgebra/996.json,-4.0,coherent_bt,0.0,0.0,0.0
tsae_last,2,test/precalculus/1082.json,-4.0,coherent_bt,1.0,0.0,-1.0
tsae_last,2,test/precalculus/1105.json,-4.0,coherent_bt,0.0,0.0,0.0
tsae_last,2,test/precalculus/1199.json,-4.0,coherent_bt,1.0,1.0,0.0
tsae_last,2,test/precalculus/1303.json,-4.0,coherent_bt,0.0,0.0,0.0
tsae_last,2,test/precalculus/398.json,-4.0,coherent_bt,1.0,1.0,0.0
tsae_last,2,test/precalculus/43.json,-4.0,coherent_bt,0.0,0.0,0.0
tsae_last,2,test/precalculus/541.json,-4.0,coherent_bt,0.0,0.0,0.0
tsae_last,2,test/precalculus/580.json,-4.0,coherent_bt,0.0,0.0,0.0
tsae_last,2,test/precalculus/779.json,-4.0,coherent_bt,0.0,0.0,0.0
tsae_last,2,test/precalculus/927.json,-4.0,coherent_bt,1.0,1.0,0.0
tsae_last,2,test/precalculus/96.json,-4.0,coherent_bt,1.0,0.0,-1.0
tsae_last,2,test/precalculus/986.json,-4.0,coherent_bt,0.0,1.0,1.0
tsae_last,2,test/algebra/1082.json,-4.0,incoherent,0.0,0.0,0.0
tsae_last,2,test/algebra/109.json,-4.0,incoherent,0.0,0.0,0.0
tsae_last,2,test/algebra/1098.json,-4.0,incoherent,0.0,0.0,0.0
tsae_last,2,test/algebra/1214.json,-4.0,incoherent,0.0,0.0,0.0
tsae_last,2,test/algebra/1265.json,-4.0,incoherent,0.0,0.0,0.0
tsae_last,2,test/algebra/1282.json,-4.0,incoherent,0.0,0.0,0.0
tsae_last,2,test/algebra/1338.json,-4.0,incoherent,0.0,0.0,0.0
tsae_last,2,test/algebra/1349.json,-4.0,incoherent,0.0,0.0,0.0
tsae_last,2,test/algebra/1553.json,-4.0,incoherent,0.0,0.0,0.0
tsae_last,2,test/algebra/1934.json,-4.0,incoherent,0.0,0.0,0.0
tsae_last,2,test/algebra/1960.json,-4.0,incoherent,0.0,0.0,0.0
tsae_last,2,test/algebra/2043.json,-4.0,incoherent,0.0,0.0,0.0
tsae_last,2,test/algebra/2046.json,-4.0,incoherent,0.0,0.0,0.0
tsae_last,2,test/algebra/2159.json,-4.0,incoherent,0.0,0.0,0.0
tsae_last,2,test/algebra/2264.json,-4.0,incoherent,0.0,0.0,0.0
tsae_last,2,test/algebra/2427.json,-4.0,incoherent,0.0,0.0,0.0
tsae_last,2,test/algebra/2430.json,-4.0,incoherent,0.0,0.0,0.0
tsae_last,2,test/algebra/2476.json,-4.0,incoherent,0.0,0.0,0.0
tsae_last,2,test/algebra/2486.json,-4.0,incoherent,0.0,0.0,0.0
tsae_last,2,test/algebra/2570.json,-4.0,incoherent,0.0,0.0,0.0
tsae_last,2,test/algebra/2593.json,-4.0,incoherent,0.0,0.0,0.0
tsae_last,2,test/algebra/2735.json,-4.0,incoherent,0.0,0.0,0.0
tsae_last,2,test/algebra/2779.json,-4.0,incoherent,0.0,0.0,0.0
tsae_last,2,test/algebra/297.json,-4.0,incoherent,0.0,0.0,0.0
tsae_last,2,test/algebra/425.json,-4.0,incoherent,0.0,0.0,0.0
tsae_last,2,test/algebra/634.json,-4.0,incoherent,0.0,0.0,0.0
tsae_last,2,test/algebra/661.json,-4.0,incoherent,0.0,0.0,0.0
tsae_last,2,test/algebra/769.json,-4.0,incoherent,0.0,0.0,0.0
tsae_last,2,test/algebra/824.json,-4.0,incoherent,0.0,0.0,0.0
tsae_last,2,test/algebra/892.json,-4.0,incoherent,0.0,0.0,0.0
tsae_last,2,test/counting_and_probability/1009.json,-4.0,incoherent,0.0,0.0,0.0
tsae_last,2,test/counting_and_probability/1014.json,-4.0,incoherent,0.0,0.0,0.0
tsae_last,2,test/counting_and_probability/1060.json,-4.0,incoherent,0.0,0.0,0.0
tsae_last,2,test/counting_and_probability/119.json,-4.0,incoherent,0.0,0.0,0.0
tsae_last,2,test/counting_and_probability/25149.json,-4.0,incoherent,0.0,0.0,0.0
tsae_last,2,test/counting_and_probability/508.json,-4.0,incoherent,0.0,0.0,0.0
tsae_last,2,test/counting_and_probability/525.json,-4.0,incoherent,0.0,0.0,0.0
tsae_last,2,test/counting_and_probability/894.json,-4.0,incoherent,0.0,0.0,0.0
tsae_last,2,test/geometry/1140.json,-4.0,incoherent,0.0,0.0,0.0
tsae_last,2,test/geometry/254.json,-4.0,incoherent,0.0,0.0,0.0
tsae_last,2,test/geometry/456.json,-4.0,incoherent,0.0,0.0,0.0
tsae_last,2,test/geometry/465.json,-4.0,incoherent,0.0,0.0,0.0
tsae_last,2,test/geometry/538.json,-4.0,incoherent,0.0,0.0,0.0
tsae_last,2,test/geometry/561.json,-4.0,incoherent,0.0,0.0,0.0
tsae_last,2,test/geometry/615.json,-4.0,incoherent,0.0,0.0,0.0
tsae_last,2,test/geometry/711.json,-4.0,incoherent,0.0,0.0,0.0
tsae_last,2,test/geometry/795.json,-4.0,incoherent,0.0,0.0,0.0
tsae_last,2,test/geometry/843.json,-4.0,incoherent,0.0,0.0,0.0
tsae_last,2,test/geometry/846.json,-4.0,incoherent,0.0,0.0,0.0
tsae_last,2,test/intermediate_algebra/101.json,-4.0,incoherent,0.0,0.0,0.0
tsae_last,2,test/intermediate_algebra/102.json,-4.0,incoherent,0.0,0.0,0.0
tsae_last,2,test/intermediate_algebra/1354.json,-4.0,incoherent,0.0,0.0,0.0
tsae_last,2,test/intermediate_algebra/1467.json,-4.0,incoherent,0.0,0.0,0.0
tsae_last,2,test/intermediate_algebra/1555.json,-4.0,incoherent,0.0,0.0,0.0
tsae_last,2,test/intermediate_algebra/1714.json,-4.0,incoherent,0.0,0.0,0.0
tsae_last,2,test/intermediate_algebra/1779.json,-4.0,incoherent,0.0,0.0,0.0
tsae_last,2,test/intermediate_algebra/199.json,-4.0,incoherent,0.0,0.0,0.0
tsae_last,2,test/intermediate_algebra/1994.json,-4.0,incoherent,0.0,0.0,0.0
tsae_last,2,test/intermediate_algebra/2046.json,-4.0,incoherent,0.0,0.0,0.0
tsae_last,2,test/intermediate_algebra/345.json,-4.0,incoherent,0.0,0.0,0.0
tsae_last,2,test/intermediate_algebra/446.json,-4.0,incoherent,0.0,0.0,0.0
tsae_last,2,test/intermediate_algebra/47.json,-4.0,incoherent,0.0,0.0,0.0
tsae_last,2,test/intermediate_algebra/607.json,-4.0,incoherent,0.0,0.0,0.0
tsae_last,2,test/intermediate_algebra/690.json,-4.0,incoherent,0.0,0.0,0.0
tsae_last,2,test/intermediate_algebra/752.json,-4.0,incoherent,0.0,0.0,0.0
tsae_last,2,test/intermediate_algebra/894.json,-4.0,incoherent,0.0,0.0,0.0
tsae_last,2,test/number_theory/1002.json,-4.0,incoherent,0.0,0.0,0.0
tsae_last,2,test/number_theory/149.json,-4.0,incoherent,0.0,0.0,0.0
tsae_last,2,test/number_theory/515.json,-4.0,incoherent,0.0,0.0,0.0
tsae_last,2,test/prealgebra/1113.json,-4.0,incoherent,0.0,0.0,0.0
tsae_last,2,test/prealgebra/1128.json,-4.0,incoherent,0.0,0.0,0.0
tsae_last,2,test/prealgebra/1139.json,-4.0,incoherent,0.0,0.0,0.0
tsae_last,2,test/prealgebra/1238.json,-4.0,incoherent,0.0,0.0,0.0
tsae_last,2,test/prealgebra/1251.json,-4.0,incoherent,0.0,0.0,0.0
tsae_last,2,test/prealgebra/1252.json,-4.0,incoherent,0.0,0.0,0.0
tsae_last,2,test/prealgebra/1272.json,-4.0,incoherent,0.0,0.0,0.0
tsae_last,2,test/prealgebra/1423.json,-4.0,incoherent,0.0,0.0,0.0
tsae_last,2,test/prealgebra/1622.json,-4.0,incoherent,0.0,0.0,0.0
tsae_last,2,test/prealgebra/1646.json,-4.0,incoherent,0.0,0.0,0.0
tsae_last,2,test/prealgebra/1787.json,-4.0,incoherent,0.0,0.0,0.0
tsae_last,2,test/prealgebra/1834.json,-4.0,incoherent,0.0,0.0,0.0
tsae_last,2,test/prealgebra/1922.json,-4.0,incoherent,0.0,0.0,0.0
tsae_last,2,test/prealgebra/1961.json,-4.0,incoherent,0.0,0.0,0.0
tsae_last,2,test/prealgebra/2019.json,-4.0,incoherent,0.0,0.0,0.0
tsae_last,2,test/prealgebra/2066.json,-4.0,incoherent,0.0,0.0,0.0
tsae_last,2,test/prealgebra/505.json,-4.0,incoherent,0.0,0.0,0.0
tsae_last,2,test/prealgebra/65.json,-4.0,incoherent,0.0,0.0,0.0
tsae_last,2,test/prealgebra/996.json,-4.0,incoherent,0.0,0.0,0.0
tsae_last,2,test/precalculus/1082.json,-4.0,incoherent,0.0,0.0,0.0
tsae_last,2,test/precalculus/1105.json,-4.0,incoherent,0.0,0.0,0.0
tsae_last,2,test/precalculus/1199.json,-4.0,incoherent,0.0,0.0,0.0
tsae_last,2,test/precalculus/1303.json,-4.0,incoherent,0.0,0.0,0.0
tsae_last,2,test/precalculus/398.json,-4.0,incoherent,0.0,0.0,0.0
tsae_last,2,test/precalculus/43.json,-4.0,incoherent,0.0,0.0,0.0
tsae_last,2,test/precalculus/541.json,-4.0,incoherent,0.0,0.0,0.0
tsae_last,2,test/precalculus/580.json,-4.0,incoherent,0.0,0.0,0.0
tsae_last,2,test/precalculus/779.json,-4.0,incoherent,0.0,0.0,0.0
tsae_last,2,test/precalculus/927.json,-4.0,incoherent,0.0,0.0,0.0
tsae_last,2,test/precalculus/96.json,-4.0,incoherent,0.0,0.0,0.0
tsae_last,2,test/precalculus/986.json,-4.0,incoherent,0.0,0.0,0.0
tsae_last,2,test/algebra/1082.json,-4.0,correct,0.0,0.0,0.0
tsae_last,2,test/algebra/109.json,-4.0,correct,1.0,1.0,0.0
tsae_last,2,test/algebra/1098.json,-4.0,correct,1.0,1.0,0.0
tsae_last,2,test/algebra/1214.json,-4.0,correct,1.0,0.0,-1.0
tsae_last,2,test/algebra/1265.json,-4.0,correct,1.0,1.0,0.0
tsae_last,2,test/algebra/1282.json,-4.0,correct,0.0,0.0,0.0
tsae_last,2,test/algebra/1338.json,-4.0,correct,1.0,0.0,-1.0
tsae_last,2,test/algebra/1349.json,-4.0,correct,0.0,0.0,0.0
tsae_last,2,test/algebra/1553.json,-4.0,correct,0.0,1.0,1.0
tsae_last,2,test/algebra/1934.json,-4.0,correct,1.0,0.0,-1.0
tsae_last,2,test/algebra/1960.json,-4.0,correct,1.0,0.0,-1.0
tsae_last,2,test/algebra/2043.json,-4.0,correct,1.0,1.0,0.0
tsae_last,2,test/algebra/2046.json,-4.0,correct,1.0,0.0,-1.0
tsae_last,2,test/algebra/2159.json,-4.0,correct,0.0,0.0,0.0
tsae_last,2,test/algebra/2264.json,-4.0,correct,1.0,0.0,-1.0
tsae_last,2,test/algebra/2427.json,-4.0,correct,0.0,0.0,0.0
tsae_last,2,test/algebra/2430.json,-4.0,correct,0.0,0.0,0.0
tsae_last,2,test/algebra/2476.json,-4.0,correct,0.0,1.0,1.0
tsae_last,2,test/algebra/2486.json,-4.0,correct,1.0,0.0,-1.0
tsae_last,2,test/algebra/2570.json,-4.0,correct,1.0,0.0,-1.0
tsae_last,2,test/algebra/2593.json,-4.0,correct,1.0,1.0,0.0
tsae_last,2,test/algebra/2735.json,-4.0,correct,0.0,0.0,0.0
tsae_last,2,test/algebra/2779.json,-4.0,correct,1.0,1.0,0.0
tsae_last,2,test/algebra/297.json,-4.0,correct,0.0,0.0,0.0
tsae_last,2,test/algebra/425.json,-4.0,correct,1.0,1.0,0.0
tsae_last,2,test/algebra/634.json,-4.0,correct,0.0,0.0,0.0
tsae_last,2,test/algebra/661.json,-4.0,correct,1.0,1.0,0.0
tsae_last,2,test/algebra/769.json,-4.0,correct,1.0,1.0,0.0
tsae_last,2,test/algebra/824.json,-4.0,correct,1.0,1.0,0.0
tsae_last,2,test/algebra/892.json,-4.0,correct,0.0,0.0,0.0
tsae_last,2,test/counting_and_probability/1009.json,-4.0,correct,1.0,1.0,0.0
tsae_last,2,test/counting_and_probability/1014.json,-4.0,correct,1.0,1.0,0.0
tsae_last,2,test/counting_and_probability/1060.json,-4.0,correct,0.0,0.0,0.0
tsae_last,2,test/counting_and_probability/119.json,-4.0,correct,0.0,0.0,0.0
tsae_last,2,test/counting_and_probability/25149.json,-4.0,correct,1.0,0.0,-1.0
tsae_last,2,test/counting_and_probability/508.json,-4.0,correct,0.0,0.0,0.0
tsae_last,2,test/counting_and_probability/525.json,-4.0,correct,0.0,0.0,0.0
tsae_last,2,test/counting_and_probability/894.json,-4.0,correct,1.0,0.0,-1.0
tsae_last,2,test/geometry/1140.json,-4.0,correct,0.0,0.0,0.0
tsae_last,2,test/geometry/254.json,-4.0,correct,0.0,1.0,1.0
tsae_last,2,test/geometry/456.json,-4.0,correct,1.0,1.0,0.0
tsae_last,2,test/geometry/465.json,-4.0,correct,0.0,0.0,0.0
tsae_last,2,test/geometry/538.json,-4.0,correct,0.0,0.0,0.0
tsae_last,2,test/geometry/561.json,-4.0,correct,0.0,0.0,0.0
tsae_last,2,test/geometry/615.json,-4.0,correct,0.0,0.0,0.0
tsae_last,2,test/geometry/711.json,-4.0,correct,0.0,0.0,0.0
tsae_last,2,test/geometry/795.json,-4.0,correct,0.0,0.0,0.0
tsae_last,2,test/geometry/843.json,-4.0,correct,1.0,1.0,0.0
tsae_last,2,test/geometry/846.json,-4.0,correct,0.0,0.0,0.0
tsae_last,2,test/intermediate_algebra/101.json,-4.0,correct,0.0,0.0,0.0
tsae_last,2,test/intermediate_algebra/102.json,-4.0,correct,0.0,0.0,0.0
tsae_last,2,test/intermediate_algebra/1354.json,-4.0,correct,0.0,0.0,0.0
tsae_last,2,test/intermediate_algebra/1467.json,-4.0,correct,0.0,0.0,0.0
tsae_last,2,test/intermediate_algebra/1555.json,-4.0,correct,0.0,0.0,0.0
tsae_last,2,test/intermediate_algebra/1714.json,-4.0,correct,1.0,1.0,0.0
tsae_last,2,test/intermediate_algebra/1779.json,-4.0,correct,0.0,0.0,0.0
tsae_last,2,test/intermediate_algebra/199.json,-4.0,correct,0.0,0.0,0.0
tsae_last,2,test/intermediate_algebra/1994.json,-4.0,correct,0.0,0.0,0.0
tsae_last,2,test/intermediate_algebra/2046.json,-4.0,correct,0.0,0.0,0.0
tsae_last,2,test/intermediate_algebra/345.json,-4.0,correct,0.0,0.0,0.0
tsae_last,2,test/intermediate_algebra/446.json,-4.0,correct,0.0,0.0,0.0
tsae_last,2,test/intermediate_algebra/47.json,-4.0,correct,0.0,0.0,0.0
tsae_last,2,test/intermediate_algebra/607.json,-4.0,correct,0.0,0.0,0.0
tsae_last,2,test/intermediate_algebra/690.json,-4.0,correct,0.0,1.0,1.0
tsae_last,2,test/intermediate_algebra/752.json,-4.0,correct,0.0,0.0,0.0
tsae_last,2,test/intermediate_algebra/894.json,-4.0,correct,0.0,0.0,0.0
tsae_last,2,test/number_theory/1002.json,-4.0,correct,0.0,0.0,0.0
tsae_last,2,test/number_theory/149.json,-4.0,correct,0.0,0.0,0.0
tsae_last,2,test/number_theory/515.json,-4.0,correct,1.0,1.0,0.0
tsae_last,2,test/prealgebra/1113.json,-4.0,correct,1.0,1.0,0.0
tsae_last,2,test/prealgebra/1128.json,-4.0,correct,0.0,1.0,1.0
tsae_last,2,test/prealgebra/1139.json,-4.0,correct,0.0,0.0,0.0
tsae_last,2,test/prealgebra/1238.json,-4.0,correct,1.0,1.0,0.0
tsae_last,2,test/prealgebra/1251.json,-4.0,correct,0.0,0.0,0.0
tsae_last,2,test/prealgebra/1252.json,-4.0,correct,1.0,1.0,0.0
tsae_last,2,test/prealgebra/1272.json,-4.0,correct,1.0,1.0,0.0
tsae_last,2,test/prealgebra/1423.json,-4.0,correct,0.0,0.0,0.0
tsae_last,2,test/prealgebra/1622.json,-4.0,correct,0.0,0.0,0.0
tsae_last,2,test/prealgebra/1646.json,-4.0,correct,0.0,0.0,0.0
tsae_last,2,test/prealgebra/1787.json,-4.0,correct,1.0,0.0,-1.0
tsae_last,2,test/prealgebra/1834.json,-4.0,correct,0.0,1.0,1.0
tsae_last,2,test/prealgebra/1922.json,-4.0,correct,0.0,0.0,0.0
tsae_last,2,test/prealgebra/1961.json,-4.0,correct,0.0,0.0,0.0
tsae_last,2,test/prealgebra/2019.json,-4.0,correct,1.0,0.0,-1.0
tsae_last,2,test/prealgebra/2066.json,-4.0,correct,0.0,0.0,0.0
tsae_last,2,test/prealgebra/505.json,-4.0,correct,1.0,1.0,0.0
tsae_last,2,test/prealgebra/65.json,-4.0,correct,0.0,0.0,0.0
tsae_last,2,test/prealgebra/996.json,-4.0,correct,0.0,1.0,1.0
tsae_last,2,test/precalculus/1082.json,-4.0,correct,0.0,0.0,0.0
tsae_last,2,test/precalculus/1105.json,-4.0,correct,0.0,0.0,0.0
tsae_last,2,test/precalculus/1199.json,-4.0,correct,0.0,0.0,0.0
tsae_last,2,test/precalculus/1303.json,-4.0,correct,0.0,0.0,0.0
tsae_last,2,test/precalculus/398.json,-4.0,correct,0.0,0.0,0.0
tsae_last,2,test/precalculus/43.json,-4.0,correct,0.0,1.0,1.0
tsae_last,2,test/precalculus/541.json,-4.0,correct,0.0,0.0,0.0
tsae_last,2,test/precalculus/580.json,-4.0,correct,0.0,0.0,0.0
tsae_last,2,test/precalculus/779.json,-4.0,correct,1.0,1.0,0.0
tsae_last,2,test/precalculus/927.json,-4.0,correct,0.0,0.0,0.0
tsae_last,2,test/precalculus/96.json,-4.0,correct,0.0,0.0,0.0
tsae_last,2,test/precalculus/986.json,-4.0,correct,0.0,0.0,0.0
tsae_last,42,test/algebra/1082.json,-4.0,gc,0.0,0.0,0.0
tsae_last,42,test/algebra/109.json,-4.0,gc,0.0,0.0,0.0
tsae_last,42,test/algebra/1098.json,-4.0,gc,0.0,0.0,0.0
tsae_last,42,test/algebra/1214.json,-4.0,gc,0.0,0.0,0.0
tsae_last,42,test/algebra/1265.json,-4.0,gc,0.0,0.0,0.0
tsae_last,42,test/algebra/1282.json,-4.0,gc,0.0,2.0,2.0
tsae_last,42,test/algebra/1338.json,-4.0,gc,0.0,0.0,0.0
tsae_last,42,test/algebra/1349.json,-4.0,gc,0.0,0.0,0.0
tsae_last,42,test/algebra/1553.json,-4.0,gc,0.0,0.0,0.0
tsae_last,42,test/algebra/1934.json,-4.0,gc,0.0,0.0,0.0
tsae_last,42,test/algebra/1960.json,-4.0,gc,0.0,0.0,0.0
tsae_last,42,test/algebra/2043.json,-4.0,gc,1.0,1.0,0.0
tsae_last,42,test/algebra/2046.json,-4.0,gc,0.0,0.0,0.0
tsae_last,42,test/algebra/2159.json,-4.0,gc,1.0,1.0,0.0
tsae_last,42,test/algebra/2264.json,-4.0,gc,0.0,0.0,0.0
tsae_last,42,test/algebra/2427.json,-4.0,gc,0.0,0.0,0.0
tsae_last,42,test/algebra/2430.json,-4.0,gc,1.0,0.0,-1.0
tsae_last,42,test/algebra/2476.json,-4.0,gc,0.0,0.0,0.0
tsae_last,42,test/algebra/2486.json,-4.0,gc,0.0,0.0,0.0
tsae_last,42,test/algebra/2570.json,-4.0,gc,1.0,0.0,-1.0
tsae_last,42,test/algebra/2593.json,-4.0,gc,0.0,0.0,0.0
tsae_last,42,test/algebra/2735.json,-4.0,gc,0.0,0.0,0.0
tsae_last,42,test/algebra/2779.json,-4.0,gc,0.0,0.0,0.0
tsae_last,42,test/algebra/297.json,-4.0,gc,0.0,0.0,0.0
tsae_last,42,test/algebra/425.json,-4.0,gc,0.0,0.0,0.0
tsae_last,42,test/algebra/634.json,-4.0,gc,0.0,1.0,1.0
tsae_last,42,test/algebra/661.json,-4.0,gc,0.0,0.0,0.0
tsae_last,42,test/algebra/769.json,-4.0,gc,0.0,0.0,0.0
tsae_last,42,test/algebra/824.json,-4.0,gc,0.0,0.0,0.0
tsae_last,42,test/algebra/892.json,-4.0,gc,1.0,0.0,-1.0
tsae_last,42,test/counting_and_probability/1009.json,-4.0,gc,0.0,0.0,0.0
tsae_last,42,test/counting_and_probability/1014.json,-4.0,gc,0.0,0.0,0.0
tsae_last,42,test/counting_and_probability/1060.json,-4.0,gc,0.0,0.0,0.0
tsae_last,42,test/counting_and_probability/119.json,-4.0,gc,0.0,0.0,0.0
tsae_last,42,test/counting_and_probability/25149.json,-4.0,gc,0.0,1.0,1.0
tsae_last,42,test/counting_and_probability/508.json,-4.0,gc,0.0,0.0,0.0
tsae_last,42,test/counting_and_probability/525.json,-4.0,gc,0.0,1.0,1.0
tsae_last,42,test/counting_and_probability/894.json,-4.0,gc,0.0,0.0,0.0
tsae_last,42,test/geometry/1140.json,-4.0,gc,1.0,1.0,0.0
tsae_last,42,test/geometry/254.json,-4.0,gc,0.0,0.0,0.0
tsae_last,42,test/geometry/456.json,-4.0,gc,0.0,0.0,0.0
tsae_last,42,test/geometry/465.json,-4.0,gc,1.0,1.0,0.0
tsae_last,42,test/geometry/538.json,-4.0,gc,0.0,0.0,0.0
tsae_last,42,test/geometry/561.json,-4.0,gc,0.0,0.0,0.0
tsae_last,42,test/geometry/615.json,-4.0,gc,1.0,1.0,0.0
tsae_last,42,test/geometry/711.json,-4.0,gc,1.0,2.0,1.0
tsae_last,42,test/geometry/795.json,-4.0,gc,0.0,0.0,0.0
tsae_last,42,test/geometry/843.json,-4.0,gc,0.0,0.0,0.0
tsae_last,42,test/geometry/846.json,-4.0,gc,1.0,1.0,0.0
tsae_last,42,test/intermediate_algebra/101.json,-4.0,gc,0.0,0.0,0.0
tsae_last,42,test/intermediate_algebra/102.json,-4.0,gc,0.0,1.0,1.0
tsae_last,42,test/intermediate_algebra/1354.json,-4.0,gc,0.0,0.0,0.0
tsae_last,42,test/intermediate_algebra/1467.json,-4.0,gc,1.0,1.0,0.0
tsae_last,42,test/intermediate_algebra/1555.json,-4.0,gc,0.0,0.0,0.0
tsae_last,42,test/intermediate_algebra/1714.json,-4.0,gc,0.0,0.0,0.0
tsae_last,42,test/intermediate_algebra/1779.json,-4.0,gc,0.0,1.0,1.0
tsae_last,42,test/intermediate_algebra/199.json,-4.0,gc,1.0,1.0,0.0
tsae_last,42,test/intermediate_algebra/1994.json,-4.0,gc,0.0,0.0,0.0
tsae_last,42,test/intermediate_algebra/2046.json,-4.0,gc,0.0,1.0,1.0
tsae_last,42,test/intermediate_algebra/345.json,-4.0,gc,0.0,0.0,0.0
tsae_last,42,test/intermediate_algebra/446.json,-4.0,gc,0.0,0.0,0.0
tsae_last,42,test/intermediate_algebra/47.json,-4.0,gc,0.0,0.0,0.0
tsae_last,42,test/intermediate_algebra/607.json,-4.0,gc,1.0,1.0,0.0
tsae_last,42,test/intermediate_algebra/690.json,-4.0,gc,1.0,0.0,-1.0
tsae_last,42,test/intermediate_algebra/752.json,-4.0,gc,0.0,0.0,0.0
tsae_last,42,test/intermediate_algebra/894.json,-4.0,gc,1.0,1.0,0.0
tsae_last,42,test/number_theory/1002.json,-4.0,gc,0.0,0.0,0.0
tsae_last,42,test/number_theory/149.json,-4.0,gc,0.0,0.0,0.0
tsae_last,42,test/number_theory/515.json,-4.0,gc,0.0,0.0,0.0
tsae_last,42,test/prealgebra/1113.json,-4.0,gc,0.0,0.0,0.0
tsae_last,42,test/prealgebra/1128.json,-4.0,gc,0.0,0.0,0.0
tsae_last,42,test/prealgebra/1139.json,-4.0,gc,0.0,0.0,0.0
tsae_last,42,test/prealgebra/1238.json,-4.0,gc,0.0,0.0,0.0
tsae_last,42,test/prealgebra/1251.json,-4.0,gc,0.0,0.0,0.0
tsae_last,42,test/prealgebra/1252.json,-4.0,gc,0.0,0.0,0.0
tsae_last,42,test/prealgebra/1272.json,-4.0,gc,0.0,0.0,0.0
tsae_last,42,test/prealgebra/1423.json,-4.0,gc,0.0,0.0,0.0
tsae_last,42,test/prealgebra/1622.json,-4.0,gc,0.0,0.0,0.0
tsae_last,42,test/prealgebra/1646.json,-4.0,gc,0.0,0.0,0.0
tsae_last,42,test/prealgebra/1787.json,-4.0,gc,0.0,0.0,0.0
tsae_last,42,test/prealgebra/1834.json,-4.0,gc,0.0,0.0,0.0
tsae_last,42,test/prealgebra/1922.json,-4.0,gc,0.0,0.0,0.0
tsae_last,42,test/prealgebra/1961.json,-4.0,gc,0.0,0.0,0.0
tsae_last,42,test/prealgebra/2019.json,-4.0,gc,0.0,0.0,0.0
tsae_last,42,test/prealgebra/2066.json,-4.0,gc,0.0,0.0,0.0
tsae_last,42,test/prealgebra/505.json,-4.0,gc,0.0,0.0,0.0
tsae_last,42,test/prealgebra/65.json,-4.0,gc,0.0,0.0,0.0
tsae_last,42,test/prealgebra/996.json,-4.0,gc,0.0,0.0,0.0
tsae_last,42,test/precalculus/1082.json,-4.0,gc,1.0,0.0,-1.0
tsae_last,42,test/precalculus/1105.json,-4.0,gc,0.0,0.0,0.0
tsae_last,42,test/precalculus/1199.json,-4.0,gc,1.0,2.0,1.0
tsae_last,42,test/precalculus/1303.json,-4.0,gc,0.0,0.0,0.0
tsae_last,42,test/precalculus/398.json,-4.0,gc,1.0,1.0,0.0
tsae_last,42,test/precalculus/43.json,-4.0,gc,0.0,0.0,0.0
tsae_last,42,test/precalculus/541.json,-4.0,gc,0.0,0.0,0.0
tsae_last,42,test/precalculus/580.json,-4.0,gc,0.0,0.0,0.0
tsae_last,42,test/precalculus/779.json,-4.0,gc,0.0,0.0,0.0
tsae_last,42,test/precalculus/927.json,-4.0,gc,2.0,2.0,0.0
tsae_last,42,test/precalculus/96.json,-4.0,gc,1.0,0.0,-1.0
tsae_last,42,test/precalculus/986.json,-4.0,gc,0.0,1.0,1.0
tsae_last,42,test/algebra/1082.json,-4.0,coherent_gc,0.0,0.0,0.0
tsae_last,42,test/algebra/109.json,-4.0,coherent_gc,0.0,0.0,0.0
tsae_last,42,test/algebra/1098.json,-4.0,coherent_gc,0.0,0.0,0.0
tsae_last,42,test/algebra/1214.json,-4.0,coherent_gc,0.0,0.0,0.0
tsae_last,42,test/algebra/1265.json,-4.0,coherent_gc,0.0,0.0,0.0
tsae_last,42,test/algebra/1282.json,-4.0,coherent_gc,0.0,2.0,2.0
tsae_last,42,test/algebra/1338.json,-4.0,coherent_gc,0.0,0.0,0.0
tsae_last,42,test/algebra/1349.json,-4.0,coherent_gc,0.0,0.0,0.0
tsae_last,42,test/algebra/1553.json,-4.0,coherent_gc,0.0,0.0,0.0
tsae_last,42,test/algebra/1934.json,-4.0,coherent_gc,0.0,0.0,0.0
tsae_last,42,test/algebra/1960.json,-4.0,coherent_gc,0.0,0.0,0.0
tsae_last,42,test/algebra/2043.json,-4.0,coherent_gc,1.0,1.0,0.0
tsae_last,42,test/algebra/2046.json,-4.0,coherent_gc,0.0,0.0,0.0
tsae_last,42,test/algebra/2159.json,-4.0,coherent_gc,1.0,1.0,0.0
tsae_last,42,test/algebra/2264.json,-4.0,coherent_gc,0.0,0.0,0.0
tsae_last,42,test/algebra/2427.json,-4.0,coherent_gc,0.0,0.0,0.0
tsae_last,42,test/algebra/2430.json,-4.0,coherent_gc,1.0,0.0,-1.0
tsae_last,42,test/algebra/2476.json,-4.0,coherent_gc,0.0,0.0,0.0
tsae_last,42,test/algebra/2486.json,-4.0,coherent_gc,0.0,0.0,0.0
tsae_last,42,test/algebra/2570.json,-4.0,coherent_gc,1.0,0.0,-1.0
tsae_last,42,test/algebra/2593.json,-4.0,coherent_gc,0.0,0.0,0.0
tsae_last,42,test/algebra/2735.json,-4.0,coherent_gc,0.0,0.0,0.0
tsae_last,42,test/algebra/2779.json,-4.0,coherent_gc,0.0,0.0,0.0
tsae_last,42,test/algebra/297.json,-4.0,coherent_gc,0.0,0.0,0.0
tsae_last,42,test/algebra/425.json,-4.0,coherent_gc,0.0,0.0,0.0
tsae_last,42,test/algebra/634.json,-4.0,coherent_gc,0.0,1.0,1.0
tsae_last,42,test/algebra/661.json,-4.0,coherent_gc,0.0,0.0,0.0
tsae_last,42,test/algebra/769.json,-4.0,coherent_gc,0.0,0.0,0.0
tsae_last,42,test/algebra/824.json,-4.0,coherent_gc,0.0,0.0,0.0
tsae_last,42,test/algebra/892.json,-4.0,coherent_gc,1.0,0.0,-1.0
tsae_last,42,test/counting_and_probability/1009.json,-4.0,coherent_gc,0.0,0.0,0.0
tsae_last,42,test/counting_and_probability/1014.json,-4.0,coherent_gc,0.0,0.0,0.0
tsae_last,42,test/counting_and_probability/1060.json,-4.0,coherent_gc,0.0,0.0,0.0
tsae_last,42,test/counting_and_probability/119.json,-4.0,coherent_gc,0.0,0.0,0.0
tsae_last,42,test/counting_and_probability/25149.json,-4.0,coherent_gc,0.0,1.0,1.0
tsae_last,42,test/counting_and_probability/508.json,-4.0,coherent_gc,0.0,0.0,0.0
tsae_last,42,test/counting_and_probability/525.json,-4.0,coherent_gc,0.0,1.0,1.0
tsae_last,42,test/counting_and_probability/894.json,-4.0,coherent_gc,0.0,0.0,0.0
tsae_last,42,test/geometry/1140.json,-4.0,coherent_gc,1.0,1.0,0.0
tsae_last,42,test/geometry/254.json,-4.0,coherent_gc,0.0,0.0,0.0
tsae_last,42,test/geometry/456.json,-4.0,coherent_gc,0.0,0.0,0.0
tsae_last,42,test/geometry/465.json,-4.0,coherent_gc,1.0,1.0,0.0
tsae_last,42,test/geometry/538.json,-4.0,coherent_gc,0.0,0.0,0.0
tsae_last,42,test/geometry/561.json,-4.0,coherent_gc,0.0,0.0,0.0
tsae_last,42,test/geometry/615.json,-4.0,coherent_gc,1.0,1.0,0.0
tsae_last,42,test/geometry/711.json,-4.0,coherent_gc,1.0,2.0,1.0
tsae_last,42,test/geometry/795.json,-4.0,coherent_gc,0.0,0.0,0.0
tsae_last,42,test/geometry/843.json,-4.0,coherent_gc,0.0,0.0,0.0
tsae_last,42,test/geometry/846.json,-4.0,coherent_gc,1.0,0.0,-1.0
tsae_last,42,test/intermediate_algebra/101.json,-4.0,coherent_gc,0.0,0.0,0.0
tsae_last,42,test/intermediate_algebra/102.json,-4.0,coherent_gc,0.0,1.0,1.0
tsae_last,42,test/intermediate_algebra/1354.json,-4.0,coherent_gc,0.0,0.0,0.0
tsae_last,42,test/intermediate_algebra/1467.json,-4.0,coherent_gc,1.0,1.0,0.0
tsae_last,42,test/intermediate_algebra/1555.json,-4.0,coherent_gc,0.0,0.0,0.0
tsae_last,42,test/intermediate_algebra/1714.json,-4.0,coherent_gc,0.0,0.0,0.0
tsae_last,42,test/intermediate_algebra/1779.json,-4.0,coherent_gc,0.0,1.0,1.0
tsae_last,42,test/intermediate_algebra/199.json,-4.0,coherent_gc,1.0,1.0,0.0
tsae_last,42,test/intermediate_algebra/1994.json,-4.0,coherent_gc,0.0,0.0,0.0
tsae_last,42,test/intermediate_algebra/2046.json,-4.0,coherent_gc,0.0,1.0,1.0
tsae_last,42,test/intermediate_algebra/345.json,-4.0,coherent_gc,0.0,0.0,0.0
tsae_last,42,test/intermediate_algebra/446.json,-4.0,coherent_gc,0.0,0.0,0.0
tsae_last,42,test/intermediate_algebra/47.json,-4.0,coherent_gc,0.0,0.0,0.0
tsae_last,42,test/intermediate_algebra/607.json,-4.0,coherent_gc,1.0,1.0,0.0
tsae_last,42,test/intermediate_algebra/690.json,-4.0,coherent_gc,1.0,0.0,-1.0
tsae_last,42,test/intermediate_algebra/752.json,-4.0,coherent_gc,0.0,0.0,0.0
tsae_last,42,test/intermediate_algebra/894.json,-4.0,coherent_gc,1.0,1.0,0.0
tsae_last,42,test/number_theory/1002.json,-4.0,coherent_gc,0.0,0.0,0.0
tsae_last,42,test/number_theory/149.json,-4.0,coherent_gc,0.0,0.0,0.0
tsae_last,42,test/number_theory/515.json,-4.0,coherent_gc,0.0,0.0,0.0
tsae_last,42,test/prealgebra/1113.json,-4.0,coherent_gc,0.0,0.0,0.0
tsae_last,42,test/prealgebra/1128.json,-4.0,coherent_gc,0.0,0.0,0.0
tsae_last,42,test/prealgebra/1139.json,-4.0,coherent_gc,0.0,0.0,0.0
tsae_last,42,test/prealgebra/1238.json,-4.0,coherent_gc,0.0,0.0,0.0
tsae_last,42,test/prealgebra/1251.json,-4.0,coherent_gc,0.0,0.0,0.0
tsae_last,42,test/prealgebra/1252.json,-4.0,coherent_gc,0.0,0.0,0.0
tsae_last,42,test/prealgebra/1272.json,-4.0,coherent_gc,0.0,0.0,0.0
tsae_last,42,test/prealgebra/1423.json,-4.0,coherent_gc,0.0,0.0,0.0
tsae_last,42,test/prealgebra/1622.json,-4.0,coherent_gc,0.0,0.0,0.0
tsae_last,42,test/prealgebra/1646.json,-4.0,coherent_gc,0.0,0.0,0.0
tsae_last,42,test/prealgebra/1787.json,-4.0,coherent_gc,0.0,0.0,0.0
tsae_last,42,test/prealgebra/1834.json,-4.0,coherent_gc,0.0,0.0,0.0
tsae_last,42,test/prealgebra/1922.json,-4.0,coherent_gc,0.0,0.0,0.0
tsae_last,42,test/prealgebra/1961.json,-4.0,coherent_gc,0.0,0.0,0.0
tsae_last,42,test/prealgebra/2019.json,-4.0,coherent_gc,0.0,0.0,0.0
tsae_last,42,test/prealgebra/2066.json,-4.0,coherent_gc,0.0,0.0,0.0
tsae_last,42,test/prealgebra/505.json,-4.0,coherent_gc,0.0,0.0,0.0
tsae_last,42,test/prealgebra/65.json,-4.0,coherent_gc,0.0,0.0,0.0
tsae_last,42,test/prealgebra/996.json,-4.0,coherent_gc,0.0,0.0,0.0
tsae_last,42,test/precalculus/1082.json,-4.0,coherent_gc,1.0,0.0,-1.0
tsae_last,42,test/precalculus/1105.json,-4.0,coherent_gc,0.0,0.0,0.0
tsae_last,42,test/precalculus/1199.json,-4.0,coherent_gc,1.0,2.0,1.0
tsae_last,42,test/precalculus/1303.json,-4.0,coherent_gc,0.0,0.0,0.0
tsae_last,42,test/precalculus/398.json,-4.0,coherent_gc,1.0,1.0,0.0
tsae_last,42,test/precalculus/43.json,-4.0,coherent_gc,0.0,0.0,0.0
tsae_last,42,test/precalculus/541.json,-4.0,coherent_gc,0.0,0.0,0.0
tsae_last,42,test/precalculus/580.json,-4.0,coherent_gc,0.0,0.0,0.0
tsae_last,42,test/precalculus/779.json,-4.0,coherent_gc,0.0,0.0,0.0
tsae_last,42,test/precalculus/927.json,-4.0,coherent_gc,2.0,2.0,0.0
tsae_last,42,test/precalculus/96.json,-4.0,coherent_gc,1.0,0.0,-1.0
tsae_last,42,test/precalculus/986.json,-4.0,coherent_gc,0.0,1.0,1.0
tsae_last,42,test/algebra/1082.json,-4.0,coherent_bt,0.0,0.0,0.0
tsae_last,42,test/algebra/109.json,-4.0,coherent_bt,0.0,0.0,0.0
tsae_last,42,test/algebra/1098.json,-4.0,coherent_bt,0.0,0.0,0.0
tsae_last,42,test/algebra/1214.json,-4.0,coherent_bt,0.0,0.0,0.0
tsae_last,42,test/algebra/1265.json,-4.0,coherent_bt,0.0,0.0,0.0
tsae_last,42,test/algebra/1282.json,-4.0,coherent_bt,0.0,1.0,1.0
tsae_last,42,test/algebra/1338.json,-4.0,coherent_bt,0.0,0.0,0.0
tsae_last,42,test/algebra/1349.json,-4.0,coherent_bt,0.0,0.0,0.0
tsae_last,42,test/algebra/1553.json,-4.0,coherent_bt,0.0,0.0,0.0
tsae_last,42,test/algebra/1934.json,-4.0,coherent_bt,0.0,0.0,0.0
tsae_last,42,test/algebra/1960.json,-4.0,coherent_bt,0.0,0.0,0.0
tsae_last,42,test/algebra/2043.json,-4.0,coherent_bt,1.0,1.0,0.0
tsae_last,42,test/algebra/2046.json,-4.0,coherent_bt,0.0,0.0,0.0
tsae_last,42,test/algebra/2159.json,-4.0,coherent_bt,1.0,1.0,0.0
tsae_last,42,test/algebra/2264.json,-4.0,coherent_bt,0.0,0.0,0.0
tsae_last,42,test/algebra/2427.json,-4.0,coherent_bt,0.0,0.0,0.0
tsae_last,42,test/algebra/2430.json,-4.0,coherent_bt,1.0,0.0,-1.0
tsae_last,42,test/algebra/2476.json,-4.0,coherent_bt,0.0,0.0,0.0
tsae_last,42,test/algebra/2486.json,-4.0,coherent_bt,0.0,0.0,0.0
tsae_last,42,test/algebra/2570.json,-4.0,coherent_bt,1.0,0.0,-1.0
tsae_last,42,test/algebra/2593.json,-4.0,coherent_bt,0.0,0.0,0.0
tsae_last,42,test/algebra/2735.json,-4.0,coherent_bt,0.0,0.0,0.0
tsae_last,42,test/algebra/2779.json,-4.0,coherent_bt,0.0,0.0,0.0
tsae_last,42,test/algebra/297.json,-4.0,coherent_bt,0.0,0.0,0.0
tsae_last,42,test/algebra/425.json,-4.0,coherent_bt,0.0,0.0,0.0
tsae_last,42,test/algebra/634.json,-4.0,coherent_bt,0.0,1.0,1.0
tsae_last,42,test/algebra/661.json,-4.0,coherent_bt,0.0,0.0,0.0
tsae_last,42,test/algebra/769.json,-4.0,coherent_bt,0.0,0.0,0.0
tsae_last,42,test/algebra/824.json,-4.0,coherent_bt,0.0,0.0,0.0
tsae_last,42,test/algebra/892.json,-4.0,coherent_bt,1.0,0.0,-1.0
tsae_last,42,test/counting_and_probability/1009.json,-4.0,coherent_bt,0.0,0.0,0.0
tsae_last,42,test/counting_and_probability/1014.json,-4.0,coherent_bt,0.0,0.0,0.0
tsae_last,42,test/counting_and_probability/1060.json,-4.0,coherent_bt,0.0,0.0,0.0
tsae_last,42,test/counting_and_probability/119.json,-4.0,coherent_bt,0.0,0.0,0.0
tsae_last,42,test/counting_and_probability/25149.json,-4.0,coherent_bt,0.0,1.0,1.0
tsae_last,42,test/counting_and_probability/508.json,-4.0,coherent_bt,0.0,0.0,0.0
tsae_last,42,test/counting_and_probability/525.json,-4.0,coherent_bt,0.0,1.0,1.0
tsae_last,42,test/counting_and_probability/894.json,-4.0,coherent_bt,0.0,0.0,0.0
tsae_last,42,test/geometry/1140.json,-4.0,coherent_bt,1.0,1.0,0.0
tsae_last,42,test/geometry/254.json,-4.0,coherent_bt,0.0,0.0,0.0
tsae_last,42,test/geometry/456.json,-4.0,coherent_bt,0.0,0.0,0.0
tsae_last,42,test/geometry/465.json,-4.0,coherent_bt,1.0,1.0,0.0
tsae_last,42,test/geometry/538.json,-4.0,coherent_bt,0.0,0.0,0.0
tsae_last,42,test/geometry/561.json,-4.0,coherent_bt,0.0,0.0,0.0
tsae_last,42,test/geometry/615.json,-4.0,coherent_bt,1.0,1.0,0.0
tsae_last,42,test/geometry/711.json,-4.0,coherent_bt,1.0,1.0,0.0
tsae_last,42,test/geometry/795.json,-4.0,coherent_bt,0.0,0.0,0.0
tsae_last,42,test/geometry/843.json,-4.0,coherent_bt,0.0,0.0,0.0
tsae_last,42,test/geometry/846.json,-4.0,coherent_bt,1.0,0.0,-1.0
tsae_last,42,test/intermediate_algebra/101.json,-4.0,coherent_bt,0.0,0.0,0.0
tsae_last,42,test/intermediate_algebra/102.json,-4.0,coherent_bt,0.0,1.0,1.0
tsae_last,42,test/intermediate_algebra/1354.json,-4.0,coherent_bt,0.0,0.0,0.0
tsae_last,42,test/intermediate_algebra/1467.json,-4.0,coherent_bt,1.0,1.0,0.0
tsae_last,42,test/intermediate_algebra/1555.json,-4.0,coherent_bt,0.0,0.0,0.0
tsae_last,42,test/intermediate_algebra/1714.json,-4.0,coherent_bt,0.0,0.0,0.0
tsae_last,42,test/intermediate_algebra/1779.json,-4.0,coherent_bt,0.0,1.0,1.0
tsae_last,42,test/intermediate_algebra/199.json,-4.0,coherent_bt,1.0,1.0,0.0
tsae_last,42,test/intermediate_algebra/1994.json,-4.0,coherent_bt,0.0,0.0,0.0
tsae_last,42,test/intermediate_algebra/2046.json,-4.0,coherent_bt,0.0,1.0,1.0
tsae_last,42,test/intermediate_algebra/345.json,-4.0,coherent_bt,0.0,0.0,0.0
tsae_last,42,test/intermediate_algebra/446.json,-4.0,coherent_bt,0.0,0.0,0.0
tsae_last,42,test/intermediate_algebra/47.json,-4.0,coherent_bt,0.0,0.0,0.0
tsae_last,42,test/intermediate_algebra/607.json,-4.0,coherent_bt,1.0,1.0,0.0
tsae_last,42,test/intermediate_algebra/690.json,-4.0,coherent_bt,1.0,0.0,-1.0
tsae_last,42,test/intermediate_algebra/752.json,-4.0,coherent_bt,0.0,0.0,0.0
tsae_last,42,test/intermediate_algebra/894.json,-4.0,coherent_bt,1.0,1.0,0.0
tsae_last,42,test/number_theory/1002.json,-4.0,coherent_bt,0.0,0.0,0.0
tsae_last,42,test/number_theory/149.json,-4.0,coherent_bt,0.0,0.0,0.0
tsae_last,42,test/number_theory/515.json,-4.0,coherent_bt,0.0,0.0,0.0
tsae_last,42,test/prealgebra/1113.json,-4.0,coherent_bt,0.0,0.0,0.0
tsae_last,42,test/prealgebra/1128.json,-4.0,coherent_bt,0.0,0.0,0.0
tsae_last,42,test/prealgebra/1139.json,-4.0,coherent_bt,0.0,0.0,0.0
tsae_last,42,test/prealgebra/1238.json,-4.0,coherent_bt,0.0,0.0,0.0
tsae_last,42,test/prealgebra/1251.json,-4.0,coherent_bt,0.0,0.0,0.0
tsae_last,42,test/prealgebra/1252.json,-4.0,coherent_bt,0.0,0.0,0.0
tsae_last,42,test/prealgebra/1272.json,-4.0,coherent_bt,0.0,0.0,0.0
tsae_last,42,test/prealgebra/1423.json,-4.0,coherent_bt,0.0,0.0,0.0
tsae_last,42,test/prealgebra/1622.json,-4.0,coherent_bt,0.0,0.0,0.0
tsae_last,42,test/prealgebra/1646.json,-4.0,coherent_bt,0.0,0.0,0.0
tsae_last,42,test/prealgebra/1787.json,-4.0,coherent_bt,0.0,0.0,0.0
tsae_last,42,test/prealgebra/1834.json,-4.0,coherent_bt,0.0,0.0,0.0
tsae_last,42,test/prealgebra/1922.json,-4.0,coherent_bt,0.0,0.0,0.0
tsae_last,42,test/prealgebra/1961.json,-4.0,coherent_bt,0.0,0.0,0.0
tsae_last,42,test/prealgebra/2019.json,-4.0,coherent_bt,0.0,0.0,0.0
tsae_last,42,test/prealgebra/2066.json,-4.0,coherent_bt,0.0,0.0,0.0
tsae_last,42,test/prealgebra/505.json,-4.0,coherent_bt,0.0,0.0,0.0
tsae_last,42,test/prealgebra/65.json,-4.0,coherent_bt,0.0,0.0,0.0
tsae_last,42,test/prealgebra/996.json,-4.0,coherent_bt,0.0,0.0,0.0
tsae_last,42,test/precalculus/1082.json,-4.0,coherent_bt,1.0,0.0,-1.0
tsae_last,42,test/precalculus/1105.json,-4.0,coherent_bt,0.0,0.0,0.0
tsae_last,42,test/precalculus/1199.json,-4.0,coherent_bt,1.0,1.0,0.0
tsae_last,42,test/precalculus/1303.json,-4.0,coherent_bt,0.0,0.0,0.0
tsae_last,42,test/precalculus/398.json,-4.0,coherent_bt,1.0,1.0,0.0
tsae_last,42,test/precalculus/43.json,-4.0,coherent_bt,0.0,0.0,0.0
tsae_last,42,test/precalculus/541.json,-4.0,coherent_bt,0.0,0.0,0.0
tsae_last,42,test/precalculus/580.json,-4.0,coherent_bt,0.0,0.0,0.0
tsae_last,42,test/precalculus/779.json,-4.0,coherent_bt,0.0,0.0,0.0
tsae_last,42,test/precalculus/927.json,-4.0,coherent_bt,1.0,1.0,0.0
tsae_last,42,test/precalculus/96.json,-4.0,coherent_bt,1.0,0.0,-1.0
tsae_last,42,test/precalculus/986.json,-4.0,coherent_bt,0.0,1.0,1.0
tsae_last,42,test/algebra/1082.json,-4.0,incoherent,0.0,0.0,0.0
tsae_last,42,test/algebra/109.json,-4.0,incoherent,0.0,0.0,0.0
tsae_last,42,test/algebra/1098.json,-4.0,incoherent,0.0,0.0,0.0
tsae_last,42,test/algebra/1214.json,-4.0,incoherent,0.0,0.0,0.0
tsae_last,42,test/algebra/1265.json,-4.0,incoherent,0.0,0.0,0.0
tsae_last,42,test/algebra/1282.json,-4.0,incoherent,0.0,0.0,0.0
tsae_last,42,test/algebra/1338.json,-4.0,incoherent,0.0,0.0,0.0
tsae_last,42,test/algebra/1349.json,-4.0,incoherent,0.0,0.0,0.0
tsae_last,42,test/algebra/1553.json,-4.0,incoherent,0.0,0.0,0.0
tsae_last,42,test/algebra/1934.json,-4.0,incoherent,0.0,0.0,0.0
tsae_last,42,test/algebra/1960.json,-4.0,incoherent,0.0,0.0,0.0
tsae_last,42,test/algebra/2043.json,-4.0,incoherent,0.0,0.0,0.0
tsae_last,42,test/algebra/2046.json,-4.0,incoherent,0.0,0.0,0.0
tsae_last,42,test/algebra/2159.json,-4.0,incoherent,0.0,0.0,0.0
tsae_last,42,test/algebra/2264.json,-4.0,incoherent,0.0,0.0,0.0
tsae_last,42,test/algebra/2427.json,-4.0,incoherent,0.0,0.0,0.0
tsae_last,42,test/algebra/2430.json,-4.0,incoherent,0.0,0.0,0.0
tsae_last,42,test/algebra/2476.json,-4.0,incoherent,0.0,0.0,0.0
tsae_last,42,test/algebra/2486.json,-4.0,incoherent,0.0,0.0,0.0
tsae_last,42,test/algebra/2570.json,-4.0,incoherent,0.0,0.0,0.0
tsae_last,42,test/algebra/2593.json,-4.0,incoherent,0.0,0.0,0.0
tsae_last,42,test/algebra/2735.json,-4.0,incoherent,0.0,0.0,0.0
tsae_last,42,test/algebra/2779.json,-4.0,incoherent,0.0,0.0,0.0
tsae_last,42,test/algebra/297.json,-4.0,incoherent,0.0,0.0,0.0
tsae_last,42,test/algebra/425.json,-4.0,incoherent,0.0,0.0,0.0
tsae_last,42,test/algebra/634.json,-4.0,incoherent,0.0,0.0,0.0
tsae_last,42,test/algebra/661.json,-4.0,incoherent,0.0,0.0,0.0
tsae_last,42,test/algebra/769.json,-4.0,incoherent,0.0,0.0,0.0
tsae_last,42,test/algebra/824.json,-4.0,incoherent,0.0,0.0,0.0
tsae_last,42,test/algebra/892.json,-4.0,incoherent,0.0,0.0,0.0
tsae_last,42,test/counting_and_probability/1009.json,-4.0,incoherent,0.0,0.0,0.0
tsae_last,42,test/counting_and_probability/1014.json,-4.0,incoherent,0.0,0.0,0.0
tsae_last,42,test/counting_and_probability/1060.json,-4.0,incoherent,0.0,0.0,0.0
tsae_last,42,test/counting_and_probability/119.json,-4.0,incoherent,0.0,0.0,0.0
tsae_last,42,test/counting_and_probability/25149.json,-4.0,incoherent,0.0,0.0,0.0
tsae_last,42,test/counting_and_probability/508.json,-4.0,incoherent,0.0,0.0,0.0
tsae_last,42,test/counting_and_probability/525.json,-4.0,incoherent,0.0,0.0,0.0
tsae_last,42,test/counting_and_probability/894.json,-4.0,incoherent,0.0,0.0,0.0
tsae_last,42,test/geometry/1140.json,-4.0,incoherent,0.0,0.0,0.0
tsae_last,42,test/geometry/254.json,-4.0,incoherent,0.0,0.0,0.0
tsae_last,42,test/geometry/456.json,-4.0,incoherent,0.0,0.0,0.0
tsae_last,42,test/geometry/465.json,-4.0,incoherent,0.0,0.0,0.0
tsae_last,42,test/geometry/538.json,-4.0,incoherent,0.0,0.0,0.0
tsae_last,42,test/geometry/561.json,-4.0,incoherent,0.0,0.0,0.0
tsae_last,42,test/geometry/615.json,-4.0,incoherent,0.0,0.0,0.0
tsae_last,42,test/geometry/711.json,-4.0,incoherent,0.0,0.0,0.0
tsae_last,42,test/geometry/795.json,-4.0,incoherent,0.0,0.0,0.0
tsae_last,42,test/geometry/843.json,-4.0,incoherent,0.0,0.0,0.0
tsae_last,42,test/geometry/846.json,-4.0,incoherent,0.0,1.0,1.0
tsae_last,42,test/intermediate_algebra/101.json,-4.0,incoherent,0.0,0.0,0.0
tsae_last,42,test/intermediate_algebra/102.json,-4.0,incoherent,0.0,0.0,0.0
tsae_last,42,test/intermediate_algebra/1354.json,-4.0,incoherent,0.0,0.0,0.0
tsae_last,42,test/intermediate_algebra/1467.json,-4.0,incoherent,0.0,0.0,0.0
tsae_last,42,test/intermediate_algebra/1555.json,-4.0,incoherent,0.0,0.0,0.0
tsae_last,42,test/intermediate_algebra/1714.json,-4.0,incoherent,0.0,0.0,0.0
tsae_last,42,test/intermediate_algebra/1779.json,-4.0,incoherent,0.0,0.0,0.0
tsae_last,42,test/intermediate_algebra/199.json,-4.0,incoherent,0.0,0.0,0.0
tsae_last,42,test/intermediate_algebra/1994.json,-4.0,incoherent,0.0,0.0,0.0
tsae_last,42,test/intermediate_algebra/2046.json,-4.0,incoherent,0.0,0.0,0.0
tsae_last,42,test/intermediate_algebra/345.json,-4.0,incoherent,0.0,0.0,0.0
tsae_last,42,test/intermediate_algebra/446.json,-4.0,incoherent,0.0,0.0,0.0
tsae_last,42,test/intermediate_algebra/47.json,-4.0,incoherent,0.0,0.0,0.0
tsae_last,42,test/intermediate_algebra/607.json,-4.0,incoherent,0.0,0.0,0.0
tsae_last,42,test/intermediate_algebra/690.json,-4.0,incoherent,0.0,0.0,0.0
tsae_last,42,test/intermediate_algebra/752.json,-4.0,incoherent,0.0,0.0,0.0
tsae_last,42,test/intermediate_algebra/894.json,-4.0,incoherent,0.0,0.0,0.0
tsae_last,42,test/number_theory/1002.json,-4.0,incoherent,0.0,0.0,0.0
tsae_last,42,test/number_theory/149.json,-4.0,incoherent,0.0,0.0,0.0
tsae_last,42,test/number_theory/515.json,-4.0,incoherent,0.0,0.0,0.0
tsae_last,42,test/prealgebra/1113.json,-4.0,incoherent,0.0,0.0,0.0
tsae_last,42,test/prealgebra/1128.json,-4.0,incoherent,0.0,0.0,0.0
tsae_last,42,test/prealgebra/1139.json,-4.0,incoherent,0.0,0.0,0.0
tsae_last,42,test/prealgebra/1238.json,-4.0,incoherent,0.0,0.0,0.0
tsae_last,42,test/prealgebra/1251.json,-4.0,incoherent,0.0,0.0,0.0
tsae_last,42,test/prealgebra/1252.json,-4.0,incoherent,0.0,0.0,0.0
tsae_last,42,test/prealgebra/1272.json,-4.0,incoherent,0.0,0.0,0.0
tsae_last,42,test/prealgebra/1423.json,-4.0,incoherent,0.0,0.0,0.0
tsae_last,42,test/prealgebra/1622.json,-4.0,incoherent,0.0,0.0,0.0
tsae_last,42,test/prealgebra/1646.json,-4.0,incoherent,0.0,0.0,0.0
tsae_last,42,test/prealgebra/1787.json,-4.0,incoherent,0.0,0.0,0.0
tsae_last,42,test/prealgebra/1834.json,-4.0,incoherent,0.0,0.0,0.0
tsae_last,42,test/prealgebra/1922.json,-4.0,incoherent,0.0,0.0,0.0
tsae_last,42,test/prealgebra/1961.json,-4.0,incoherent,0.0,0.0,0.0
tsae_last,42,test/prealgebra/2019.json,-4.0,incoherent,0.0,0.0,0.0
tsae_last,42,test/prealgebra/2066.json,-4.0,incoherent,0.0,0.0,0.0
tsae_last,42,test/prealgebra/505.json,-4.0,incoherent,0.0,0.0,0.0
tsae_last,42,test/prealgebra/65.json,-4.0,incoherent,0.0,0.0,0.0
tsae_last,42,test/prealgebra/996.json,-4.0,incoherent,0.0,0.0,0.0
tsae_last,42,test/precalculus/1082.json,-4.0,incoherent,0.0,0.0,0.0
tsae_last,42,test/precalculus/1105.json,-4.0,incoherent,0.0,0.0,0.0
tsae_last,42,test/precalculus/1199.json,-4.0,incoherent,0.0,0.0,0.0
tsae_last,42,test/precalculus/1303.json,-4.0,incoherent,0.0,0.0,0.0
tsae_last,42,test/precalculus/398.json,-4.0,incoherent,0.0,0.0,0.0
tsae_last,42,test/precalculus/43.json,-4.0,incoherent,0.0,0.0,0.0
tsae_last,42,test/precalculus/541.json,-4.0,incoherent,0.0,0.0,0.0
tsae_last,42,test/precalculus/580.json,-4.0,incoherent,0.0,0.0,0.0
tsae_last,42,test/precalculus/779.json,-4.0,incoherent,0.0,0.0,0.0
tsae_last,42,test/precalculus/927.json,-4.0,incoherent,0.0,0.0,0.0
tsae_last,42,test/precalculus/96.json,-4.0,incoherent,0.0,0.0,0.0
tsae_last,42,test/precalculus/986.json,-4.0,incoherent,0.0,0.0,0.0
tsae_last,42,test/algebra/1082.json,-4.0,correct,0.0,0.0,0.0
tsae_last,42,test/algebra/109.json,-4.0,correct,1.0,1.0,0.0
tsae_last,42,test/algebra/1098.json,-4.0,correct,1.0,1.0,0.0
tsae_last,42,test/algebra/1214.json,-4.0,correct,1.0,0.0,-1.0
tsae_last,42,test/algebra/1265.json,-4.0,correct,1.0,0.0,-1.0
tsae_last,42,test/algebra/1282.json,-4.0,correct,0.0,0.0,0.0
tsae_last,42,test/algebra/1338.json,-4.0,correct,1.0,1.0,0.0
tsae_last,42,test/algebra/1349.json,-4.0,correct,0.0,0.0,0.0
tsae_last,42,test/algebra/1553.json,-4.0,correct,0.0,0.0,0.0
tsae_last,42,test/algebra/1934.json,-4.0,correct,1.0,0.0,-1.0
tsae_last,42,test/algebra/1960.json,-4.0,correct,1.0,0.0,-1.0
tsae_last,42,test/algebra/2043.json,-4.0,correct,1.0,1.0,0.0
tsae_last,42,test/algebra/2046.json,-4.0,correct,1.0,0.0,-1.0
tsae_last,42,test/algebra/2159.json,-4.0,correct,0.0,0.0,0.0
tsae_last,42,test/algebra/2264.json,-4.0,correct,1.0,0.0,-1.0
tsae_last,42,test/algebra/2427.json,-4.0,correct,0.0,0.0,0.0
tsae_last,42,test/algebra/2430.json,-4.0,correct,0.0,0.0,0.0
tsae_last,42,test/algebra/2476.json,-4.0,correct,0.0,1.0,1.0
tsae_last,42,test/algebra/2486.json,-4.0,correct,1.0,1.0,0.0
tsae_last,42,test/algebra/2570.json,-4.0,correct,1.0,0.0,-1.0
tsae_last,42,test/algebra/2593.json,-4.0,correct,1.0,1.0,0.0
tsae_last,42,test/algebra/2735.json,-4.0,correct,0.0,0.0,0.0
tsae_last,42,test/algebra/2779.json,-4.0,correct,1.0,1.0,0.0
tsae_last,42,test/algebra/297.json,-4.0,correct,0.0,0.0,0.0
tsae_last,42,test/algebra/425.json,-4.0,correct,1.0,1.0,0.0
tsae_last,42,test/algebra/634.json,-4.0,correct,0.0,0.0,0.0
tsae_last,42,test/algebra/661.json,-4.0,correct,1.0,0.0,-1.0
tsae_last,42,test/algebra/769.json,-4.0,correct,1.0,1.0,0.0
tsae_last,42,test/algebra/824.json,-4.0,correct,1.0,1.0,0.0
tsae_last,42,test/algebra/892.json,-4.0,correct,0.0,0.0,0.0
tsae_last,42,test/counting_and_probability/1009.json,-4.0,correct,1.0,1.0,0.0
tsae_last,42,test/counting_and_probability/1014.json,-4.0,correct,1.0,1.0,0.0
tsae_last,42,test/counting_and_probability/1060.json,-4.0,correct,0.0,0.0,0.0
tsae_last,42,test/counting_and_probability/119.json,-4.0,correct,0.0,0.0,0.0
tsae_last,42,test/counting_and_probability/25149.json,-4.0,correct,1.0,1.0,0.0
tsae_last,42,test/counting_and_probability/508.json,-4.0,correct,0.0,0.0,0.0
tsae_last,42,test/counting_and_probability/525.json,-4.0,correct,0.0,0.0,0.0
tsae_last,42,test/counting_and_probability/894.json,-4.0,correct,1.0,0.0,-1.0
tsae_last,42,test/geometry/1140.json,-4.0,correct,0.0,0.0,0.0
tsae_last,42,test/geometry/254.json,-4.0,correct,0.0,1.0,1.0
tsae_last,42,test/geometry/456.json,-4.0,correct,1.0,1.0,0.0
tsae_last,42,test/geometry/465.json,-4.0,correct,0.0,0.0,0.0
tsae_last,42,test/geometry/538.json,-4.0,correct,0.0,0.0,0.0
tsae_last,42,test/geometry/561.json,-4.0,correct,0.0,0.0,0.0
tsae_last,42,test/geometry/615.json,-4.0,correct,0.0,0.0,0.0
tsae_last,42,test/geometry/711.json,-4.0,correct,0.0,0.0,0.0
tsae_last,42,test/geometry/795.json,-4.0,correct,0.0,0.0,0.0
tsae_last,42,test/geometry/843.json,-4.0,correct,1.0,1.0,0.0
tsae_last,42,test/geometry/846.json,-4.0,correct,0.0,0.0,0.0
tsae_last,42,test/intermediate_algebra/101.json,-4.0,correct,0.0,0.0,0.0
tsae_last,42,test/intermediate_algebra/102.json,-4.0,correct,0.0,0.0,0.0
tsae_last,42,test/intermediate_algebra/1354.json,-4.0,correct,0.0,0.0,0.0
tsae_last,42,test/intermediate_algebra/1467.json,-4.0,correct,0.0,0.0,0.0
tsae_last,42,test/intermediate_algebra/1555.json,-4.0,correct,0.0,0.0,0.0
tsae_last,42,test/intermediate_algebra/1714.json,-4.0,correct,1.0,1.0,0.0
tsae_last,42,test/intermediate_algebra/1779.json,-4.0,correct,0.0,0.0,0.0
tsae_last,42,test/intermediate_algebra/199.json,-4.0,correct,0.0,0.0,0.0
tsae_last,42,test/intermediate_algebra/1994.json,-4.0,correct,0.0,0.0,0.0
tsae_last,42,test/intermediate_algebra/2046.json,-4.0,correct,0.0,0.0,0.0
tsae_last,42,test/intermediate_algebra/345.json,-4.0,correct,0.0,0.0,0.0
tsae_last,42,test/intermediate_algebra/446.json,-4.0,correct,0.0,0.0,0.0
tsae_last,42,test/intermediate_algebra/47.json,-4.0,correct,0.0,0.0,0.0
tsae_last,42,test/intermediate_algebra/607.json,-4.0,correct,0.0,0.0,0.0
tsae_last,42,test/intermediate_algebra/690.json,-4.0,correct,0.0,1.0,1.0
tsae_last,42,test/intermediate_algebra/752.json,-4.0,correct,0.0,0.0,0.0
tsae_last,42,test/intermediate_algebra/894.json,-4.0,correct,0.0,0.0,0.0
tsae_last,42,test/number_theory/1002.json,-4.0,correct,0.0,0.0,0.0
tsae_last,42,test/number_theory/149.json,-4.0,correct,0.0,0.0,0.0
tsae_last,42,test/number_theory/515.json,-4.0,correct,1.0,1.0,0.0
tsae_last,42,test/prealgebra/1113.json,-4.0,correct,1.0,1.0,0.0
tsae_last,42,test/prealgebra/1128.json,-4.0,correct,0.0,1.0,1.0
tsae_last,42,test/prealgebra/1139.json,-4.0,correct,0.0,0.0,0.0
tsae_last,42,test/prealgebra/1238.json,-4.0,correct,1.0,1.0,0.0
tsae_last,42,test/prealgebra/1251.json,-4.0,correct,0.0,1.0,1.0
tsae_last,42,test/prealgebra/1252.json,-4.0,correct,1.0,1.0,0.0
tsae_last,42,test/prealgebra/1272.json,-4.0,correct,1.0,1.0,0.0
tsae_last,42,test/prealgebra/1423.json,-4.0,correct,0.0,0.0,0.0
tsae_last,42,test/prealgebra/1622.json,-4.0,correct,0.0,0.0,0.0
tsae_last,42,test/prealgebra/1646.json,-4.0,correct,0.0,0.0,0.0
tsae_last,42,test/prealgebra/1787.json,-4.0,correct,1.0,0.0,-1.0
tsae_last,42,test/prealgebra/1834.json,-4.0,correct,0.0,0.0,0.0
tsae_last,42,test/prealgebra/1922.json,-4.0,correct,0.0,0.0,0.0
tsae_last,42,test/prealgebra/1961.json,-4.0,correct,0.0,0.0,0.0
tsae_last,42,test/prealgebra/2019.json,-4.0,correct,1.0,0.0,-1.0
tsae_last,42,test/prealgebra/2066.json,-4.0,correct,0.0,0.0,0.0
tsae_last,42,test/prealgebra/505.json,-4.0,correct,1.0,1.0,0.0
tsae_last,42,test/prealgebra/65.json,-4.0,correct,0.0,0.0,0.0
tsae_last,42,test/prealgebra/996.json,-4.0,correct,0.0,0.0,0.0
tsae_last,42,test/precalculus/1082.json,-4.0,correct,0.0,0.0,0.0
tsae_last,42,test/precalculus/1105.json,-4.0,correct,0.0,0.0,0.0
tsae_last,42,test/precalculus/1199.json,-4.0,correct,0.0,0.0,0.0
tsae_last,42,test/precalculus/1303.json,-4.0,correct,0.0,1.0,1.0
tsae_last,42,test/precalculus/398.json,-4.0,correct,0.0,0.0,0.0
tsae_last,42,test/precalculus/43.json,-4.0,correct,0.0,0.0,0.0
tsae_last,42,test/precalculus/541.json,-4.0,correct,0.0,0.0,0.0
tsae_last,42,test/precalculus/580.json,-4.0,correct,0.0,0.0,0.0
tsae_last,42,test/precalculus/779.json,-4.0,correct,1.0,1.0,0.0
tsae_last,42,test/precalculus/927.json,-4.0,correct,0.0,0.0,0.0
tsae_last,42,test/precalculus/96.json,-4.0,correct,0.0,0.0,0.0
tsae_last,42,test/precalculus/986.json,-4.0,correct,0.0,0.0,0.0
tsae_mean,1,test/algebra/1082.json,-4.0,gc,0.0,0.0,0.0
tsae_mean,1,test/algebra/109.json,-4.0,gc,0.0,0.0,0.0
tsae_mean,1,test/algebra/1098.json,-4.0,gc,0.0,0.0,0.0
tsae_mean,1,test/algebra/1214.json,-4.0,gc,0.0,0.0,0.0
tsae_mean,1,test/algebra/1265.json,-4.0,gc,0.0,0.0,0.0
tsae_mean,1,test/algebra/1282.json,-4.0,gc,0.0,2.0,2.0
tsae_mean,1,test/algebra/1338.json,-4.0,gc,0.0,0.0,0.0
tsae_mean,1,test/algebra/1349.json,-4.0,gc,0.0,0.0,0.0
tsae_mean,1,test/algebra/1553.json,-4.0,gc,0.0,0.0,0.0
tsae_mean,1,test/algebra/1934.json,-4.0,gc,0.0,0.0,0.0
tsae_mean,1,test/algebra/1960.json,-4.0,gc,0.0,0.0,0.0
tsae_mean,1,test/algebra/2043.json,-4.0,gc,1.0,1.0,0.0
tsae_mean,1,test/algebra/2046.json,-4.0,gc,0.0,0.0,0.0
tsae_mean,1,test/algebra/2159.json,-4.0,gc,1.0,1.0,0.0
tsae_mean,1,test/algebra/2264.json,-4.0,gc,0.0,0.0,0.0
tsae_mean,1,test/algebra/2427.json,-4.0,gc,0.0,0.0,0.0
tsae_mean,1,test/algebra/2430.json,-4.0,gc,1.0,0.0,-1.0
tsae_mean,1,test/algebra/2476.json,-4.0,gc,0.0,0.0,0.0
tsae_mean,1,test/algebra/2486.json,-4.0,gc,0.0,0.0,0.0
tsae_mean,1,test/algebra/2570.json,-4.0,gc,1.0,0.0,-1.0
tsae_mean,1,test/algebra/2593.json,-4.0,gc,0.0,0.0,0.0
tsae_mean,1,test/algebra/2735.json,-4.0,gc,0.0,0.0,0.0
tsae_mean,1,test/algebra/2779.json,-4.0,gc,0.0,0.0,0.0
tsae_mean,1,test/algebra/297.json,-4.0,gc,0.0,0.0,0.0
tsae_mean,1,test/algebra/425.json,-4.0,gc,0.0,0.0,0.0
tsae_mean,1,test/algebra/634.json,-4.0,gc,0.0,1.0,1.0
tsae_mean,1,test/algebra/661.json,-4.0,gc,0.0,0.0,0.0
tsae_mean,1,test/algebra/769.json,-4.0,gc,0.0,0.0,0.0
tsae_mean,1,test/algebra/824.json,-4.0,gc,0.0,0.0,0.0
tsae_mean,1,test/algebra/892.json,-4.0,gc,1.0,2.0,1.0
tsae_mean,1,test/counting_and_probability/1009.json,-4.0,gc,0.0,0.0,0.0
tsae_mean,1,test/counting_and_probability/1014.json,-4.0,gc,0.0,0.0,0.0
tsae_mean,1,test/counting_and_probability/1060.json,-4.0,gc,0.0,0.0,0.0
tsae_mean,1,test/counting_and_probability/119.json,-4.0,gc,0.0,0.0,0.0
tsae_mean,1,test/counting_and_probability/25149.json,-4.0,gc,0.0,1.0,1.0
tsae_mean,1,test/counting_and_probability/508.json,-4.0,gc,0.0,0.0,0.0
tsae_mean,1,test/counting_and_probability/525.json,-4.0,gc,0.0,2.0,2.0
tsae_mean,1,test/counting_and_probability/894.json,-4.0,gc,0.0,0.0,0.0
tsae_mean,1,test/geometry/1140.json,-4.0,gc,1.0,0.0,-1.0
tsae_mean,1,test/geometry/254.json,-4.0,gc,0.0,0.0,0.0
tsae_mean,1,test/geometry/456.json,-4.0,gc,0.0,0.0,0.0
tsae_mean,1,test/geometry/465.json,-4.0,gc,1.0,3.0,2.0
tsae_mean,1,test/geometry/538.json,-4.0,gc,0.0,0.0,0.0
tsae_mean,1,test/geometry/561.json,-4.0,gc,0.0,2.0,2.0
tsae_mean,1,test/geometry/615.json,-4.0,gc,1.0,0.0,-1.0
tsae_mean,1,test/geometry/711.json,-4.0,gc,1.0,2.0,1.0
tsae_mean,1,test/geometry/795.json,-4.0,gc,0.0,0.0,0.0
tsae_mean,1,test/geometry/843.json,-4.0,gc,0.0,0.0,0.0
tsae_mean,1,test/geometry/846.json,-4.0,gc,1.0,2.0,1.0
tsae_mean,1,test/intermediate_algebra/101.json,-4.0,gc,0.0,0.0,0.0
tsae_mean,1,test/intermediate_algebra/102.json,-4.0,gc,0.0,0.0,0.0
tsae_mean,1,test/intermediate_algebra/1354.json,-4.0,gc,0.0,0.0,0.0
tsae_mean,1,test/intermediate_algebra/1467.json,-4.0,gc,1.0,1.0,0.0
tsae_mean,1,test/intermediate_algebra/1555.json,-4.0,gc,0.0,0.0,0.0
tsae_mean,1,test/intermediate_algebra/1714.json,-4.0,gc,0.0,0.0,0.0
tsae_mean,1,test/intermediate_algebra/1779.json,-4.0,gc,0.0,2.0,2.0
tsae_mean,1,test/intermediate_algebra/199.json,-4.0,gc,1.0,1.0,0.0
tsae_mean,1,test/intermediate_algebra/1994.json,-4.0,gc,0.0,1.0,1.0
tsae_mean,1,test/intermediate_algebra/2046.json,-4.0,gc,0.0,1.0,1.0
tsae_mean,1,test/intermediate_algebra/345.json,-4.0,gc,0.0,0.0,0.0
tsae_mean,1,test/intermediate_algebra/446.json,-4.0,gc,0.0,0.0,0.0
tsae_mean,1,test/intermediate_algebra/47.json,-4.0,gc,0.0,0.0,0.0
tsae_mean,1,test/intermediate_algebra/607.json,-4.0,gc,1.0,0.0,-1.0
tsae_mean,1,test/intermediate_algebra/690.json,-4.0,gc,1.0,1.0,0.0
tsae_mean,1,test/intermediate_algebra/752.json,-4.0,gc,0.0,0.0,0.0
tsae_mean,1,test/intermediate_algebra/894.json,-4.0,gc,1.0,1.0,0.0
tsae_mean,1,test/number_theory/1002.json,-4.0,gc,0.0,0.0,0.0
tsae_mean,1,test/number_theory/149.json,-4.0,gc,0.0,0.0,0.0
tsae_mean,1,test/number_theory/515.json,-4.0,gc,0.0,0.0,0.0
tsae_mean,1,test/prealgebra/1113.json,-4.0,gc,0.0,0.0,0.0
tsae_mean,1,test/prealgebra/1128.json,-4.0,gc,0.0,0.0,0.0
tsae_mean,1,test/prealgebra/1139.json,-4.0,gc,0.0,2.0,2.0
tsae_mean,1,test/prealgebra/1238.json,-4.0,gc,0.0,0.0,0.0
tsae_mean,1,test/prealgebra/1251.json,-4.0,gc,0.0,0.0,0.0
tsae_mean,1,test/prealgebra/1252.json,-4.0,gc,0.0,0.0,0.0
tsae_mean,1,test/prealgebra/1272.json,-4.0,gc,0.0,0.0,0.0
tsae_mean,1,test/prealgebra/1423.json,-4.0,gc,0.0,0.0,0.0
tsae_mean,1,test/prealgebra/1622.json,-4.0,gc,0.0,0.0,0.0
tsae_mean,1,test/prealgebra/1646.json,-4.0,gc,0.0,0.0,0.0
tsae_mean,1,test/prealgebra/1787.json,-4.0,gc,0.0,0.0,0.0
tsae_mean,1,test/prealgebra/1834.json,-4.0,gc,0.0,0.0,0.0
tsae_mean,1,test/prealgebra/1922.json,-4.0,gc,0.0,0.0,0.0
tsae_mean,1,test/prealgebra/1961.json,-4.0,gc,0.0,0.0,0.0
tsae_mean,1,test/prealgebra/2019.json,-4.0,gc,0.0,0.0,0.0
tsae_mean,1,test/prealgebra/2066.json,-4.0,gc,0.0,0.0,0.0
tsae_mean,1,test/prealgebra/505.json,-4.0,gc,0.0,0.0,0.0
tsae_mean,1,test/prealgebra/65.json,-4.0,gc,0.0,0.0,0.0
tsae_mean,1,test/prealgebra/996.json,-4.0,gc,0.0,0.0,0.0
tsae_mean,1,test/precalculus/1082.json,-4.0,gc,1.0,0.0,-1.0
tsae_mean,1,test/precalculus/1105.json,-4.0,gc,0.0,0.0,0.0
tsae_mean,1,test/precalculus/1199.json,-4.0,gc,1.0,1.0,0.0
tsae_mean,1,test/precalculus/1303.json,-4.0,gc,0.0,0.0,0.0
tsae_mean,1,test/precalculus/398.json,-4.0,gc,1.0,1.0,0.0
tsae_mean,1,test/precalculus/43.json,-4.0,gc,0.0,0.0,0.0
tsae_mean,1,test/precalculus/541.json,-4.0,gc,0.0,0.0,0.0
tsae_mean,1,test/precalculus/580.json,-4.0,gc,0.0,0.0,0.0
tsae_mean,1,test/precalculus/779.json,-4.0,gc,0.0,0.0,0.0
tsae_mean,1,test/precalculus/927.json,-4.0,gc,2.0,1.0,-1.0
tsae_mean,1,test/precalculus/96.json,-4.0,gc,1.0,0.0,-1.0
tsae_mean,1,test/precalculus/986.json,-4.0,gc,0.0,1.0,1.0
tsae_mean,1,test/algebra/1082.json,-4.0,coherent_gc,0.0,0.0,0.0
tsae_mean,1,test/algebra/109.json,-4.0,coherent_gc,0.0,0.0,0.0
tsae_mean,1,test/algebra/1098.json,-4.0,coherent_gc,0.0,0.0,0.0
tsae_mean,1,test/algebra/1214.json,-4.0,coherent_gc,0.0,0.0,0.0
tsae_mean,1,test/algebra/1265.json,-4.0,coherent_gc,0.0,0.0,0.0
tsae_mean,1,test/algebra/1282.json,-4.0,coherent_gc,0.0,2.0,2.0
tsae_mean,1,test/algebra/1338.json,-4.0,coherent_gc,0.0,0.0,0.0
tsae_mean,1,test/algebra/1349.json,-4.0,coherent_gc,0.0,0.0,0.0
tsae_mean,1,test/algebra/1553.json,-4.0,coherent_gc,0.0,0.0,0.0
tsae_mean,1,test/algebra/1934.json,-4.0,coherent_gc,0.0,0.0,0.0
tsae_mean,1,test/algebra/1960.json,-4.0,coherent_gc,0.0,0.0,0.0
tsae_mean,1,test/algebra/2043.json,-4.0,coherent_gc,1.0,1.0,0.0
tsae_mean,1,test/algebra/2046.json,-4.0,coherent_gc,0.0,0.0,0.0
tsae_mean,1,test/algebra/2159.json,-4.0,coherent_gc,1.0,1.0,0.0
tsae_mean,1,test/algebra/2264.json,-4.0,coherent_gc,0.0,0.0,0.0
tsae_mean,1,test/algebra/2427.json,-4.0,coherent_gc,0.0,0.0,0.0
tsae_mean,1,test/algebra/2430.json,-4.0,coherent_gc,1.0,0.0,-1.0
tsae_mean,1,test/algebra/2476.json,-4.0,coherent_gc,0.0,0.0,0.0
tsae_mean,1,test/algebra/2486.json,-4.0,coherent_gc,0.0,0.0,0.0
tsae_mean,1,test/algebra/2570.json,-4.0,coherent_gc,1.0,0.0,-1.0
tsae_mean,1,test/algebra/2593.json,-4.0,coherent_gc,0.0,0.0,0.0
tsae_mean,1,test/algebra/2735.json,-4.0,coherent_gc,0.0,0.0,0.0
tsae_mean,1,test/algebra/2779.json,-4.0,coherent_gc,0.0,0.0,0.0
tsae_mean,1,test/algebra/297.json,-4.0,coherent_gc,0.0,0.0,0.0
tsae_mean,1,test/algebra/425.json,-4.0,coherent_gc,0.0,0.0,0.0
tsae_mean,1,test/algebra/634.json,-4.0,coherent_gc,0.0,1.0,1.0
tsae_mean,1,test/algebra/661.json,-4.0,coherent_gc,0.0,0.0,0.0
tsae_mean,1,test/algebra/769.json,-4.0,coherent_gc,0.0,0.0,0.0
tsae_mean,1,test/algebra/824.json,-4.0,coherent_gc,0.0,0.0,0.0
tsae_mean,1,test/algebra/892.json,-4.0,coherent_gc,1.0,2.0,1.0
tsae_mean,1,test/counting_and_probability/1009.json,-4.0,coherent_gc,0.0,0.0,0.0
tsae_mean,1,test/counting_and_probability/1014.json,-4.0,coherent_gc,0.0,0.0,0.0
tsae_mean,1,test/counting_and_probability/1060.json,-4.0,coherent_gc,0.0,0.0,0.0
tsae_mean,1,test/counting_and_probability/119.json,-4.0,coherent_gc,0.0,0.0,0.0
tsae_mean,1,test/counting_and_probability/25149.json,-4.0,coherent_gc,0.0,1.0,1.0
tsae_mean,1,test/counting_and_probability/508.json,-4.0,coherent_gc,0.0,0.0,0.0
tsae_mean,1,test/counting_and_probability/525.json,-4.0,coherent_gc,0.0,2.0,2.0
tsae_mean,1,test/counting_and_probability/894.json,-4.0,coherent_gc,0.0,0.0,0.0
tsae_mean,1,test/geometry/1140.json,-4.0,coherent_gc,1.0,0.0,-1.0
tsae_mean,1,test/geometry/254.json,-4.0,coherent_gc,0.0,0.0,0.0
tsae_mean,1,test/geometry/456.json,-4.0,coherent_gc,0.0,0.0,0.0
tsae_mean,1,test/geometry/465.json,-4.0,coherent_gc,1.0,3.0,2.0
tsae_mean,1,test/geometry/538.json,-4.0,coherent_gc,0.0,0.0,0.0
tsae_mean,1,test/geometry/561.json,-4.0,coherent_gc,0.0,2.0,2.0
tsae_mean,1,test/geometry/615.json,-4.0,coherent_gc,1.0,0.0,-1.0
tsae_mean,1,test/geometry/711.json,-4.0,coherent_gc,1.0,2.0,1.0
tsae_mean,1,test/geometry/795.json,-4.0,coherent_gc,0.0,0.0,0.0
tsae_mean,1,test/geometry/843.json,-4.0,coherent_gc,0.0,0.0,0.0
tsae_mean,1,test/geometry/846.json,-4.0,coherent_gc,1.0,2.0,1.0
tsae_mean,1,test/intermediate_algebra/101.json,-4.0,coherent_gc,0.0,0.0,0.0
tsae_mean,1,test/intermediate_algebra/102.json,-4.0,coherent_gc,0.0,0.0,0.0
tsae_mean,1,test/intermediate_algebra/1354.json,-4.0,coherent_gc,0.0,0.0,0.0
tsae_mean,1,test/intermediate_algebra/1467.json,-4.0,coherent_gc,1.0,1.0,0.0
tsae_mean,1,test/intermediate_algebra/1555.json,-4.0,coherent_gc,0.0,0.0,0.0
tsae_mean,1,test/intermediate_algebra/1714.json,-4.0,coherent_gc,0.0,0.0,0.0
tsae_mean,1,test/intermediate_algebra/1779.json,-4.0,coherent_gc,0.0,2.0,2.0
tsae_mean,1,test/intermediate_algebra/199.json,-4.0,coherent_gc,1.0,1.0,0.0
tsae_mean,1,test/intermediate_algebra/1994.json,-4.0,coherent_gc,0.0,1.0,1.0
tsae_mean,1,test/intermediate_algebra/2046.json,-4.0,coherent_gc,0.0,1.0,1.0
tsae_mean,1,test/intermediate_algebra/345.json,-4.0,coherent_gc,0.0,0.0,0.0
tsae_mean,1,test/intermediate_algebra/446.json,-4.0,coherent_gc,0.0,0.0,0.0
tsae_mean,1,test/intermediate_algebra/47.json,-4.0,coherent_gc,0.0,0.0,0.0
tsae_mean,1,test/intermediate_algebra/607.json,-4.0,coherent_gc,1.0,0.0,-1.0
tsae_mean,1,test/intermediate_algebra/690.json,-4.0,coherent_gc,1.0,1.0,0.0
tsae_mean,1,test/intermediate_algebra/752.json,-4.0,coherent_gc,0.0,0.0,0.0
tsae_mean,1,test/intermediate_algebra/894.json,-4.0,coherent_gc,1.0,1.0,0.0
tsae_mean,1,test/number_theory/1002.json,-4.0,coherent_gc,0.0,0.0,0.0
tsae_mean,1,test/number_theory/149.json,-4.0,coherent_gc,0.0,0.0,0.0
tsae_mean,1,test/number_theory/515.json,-4.0,coherent_gc,0.0,0.0,0.0
tsae_mean,1,test/prealgebra/1113.json,-4.0,coherent_gc,0.0,0.0,0.0
tsae_mean,1,test/prealgebra/1128.json,-4.0,coherent_gc,0.0,0.0,0.0
tsae_mean,1,test/prealgebra/1139.json,-4.0,coherent_gc,0.0,2.0,2.0
tsae_mean,1,test/prealgebra/1238.json,-4.0,coherent_gc,0.0,0.0,0.0
tsae_mean,1,test/prealgebra/1251.json,-4.0,coherent_gc,0.0,0.0,0.0
tsae_mean,1,test/prealgebra/1252.json,-4.0,coherent_gc,0.0,0.0,0.0
tsae_mean,1,test/prealgebra/1272.json,-4.0,coherent_gc,0.0,0.0,0.0
tsae_mean,1,test/prealgebra/1423.json,-4.0,coherent_gc,0.0,0.0,0.0
tsae_mean,1,test/prealgebra/1622.json,-4.0,coherent_gc,0.0,0.0,0.0
tsae_mean,1,test/prealgebra/1646.json,-4.0,coherent_gc,0.0,0.0,0.0
tsae_mean,1,test/prealgebra/1787.json,-4.0,coherent_gc,0.0,0.0,0.0
tsae_mean,1,test/prealgebra/1834.json,-4.0,coherent_gc,0.0,0.0,0.0
tsae_mean,1,test/prealgebra/1922.json,-4.0,coherent_gc,0.0,0.0,0.0
tsae_mean,1,test/prealgebra/1961.json,-4.0,coherent_gc,0.0,0.0,0.0
tsae_mean,1,test/prealgebra/2019.json,-4.0,coherent_gc,0.0,0.0,0.0
tsae_mean,1,test/prealgebra/2066.json,-4.0,coherent_gc,0.0,0.0,0.0
tsae_mean,1,test/prealgebra/505.json,-4.0,coherent_gc,0.0,0.0,0.0
tsae_mean,1,test/prealgebra/65.json,-4.0,coherent_gc,0.0,0.0,0.0
tsae_mean,1,test/prealgebra/996.json,-4.0,coherent_gc,0.0,0.0,0.0
tsae_mean,1,test/precalculus/1082.json,-4.0,coherent_gc,1.0,0.0,-1.0
tsae_mean,1,test/precalculus/1105.json,-4.0,coherent_gc,0.0,0.0,0.0
tsae_mean,1,test/precalculus/1199.json,-4.0,coherent_gc,1.0,1.0,0.0
tsae_mean,1,test/precalculus/1303.json,-4.0,coherent_gc,0.0,0.0,0.0
tsae_mean,1,test/precalculus/398.json,-4.0,coherent_gc,1.0,1.0,0.0
tsae_mean,1,test/precalculus/43.json,-4.0,coherent_gc,0.0,0.0,0.0
tsae_mean,1,test/precalculus/541.json,-4.0,coherent_gc,0.0,0.0,0.0
tsae_mean,1,test/precalculus/580.json,-4.0,coherent_gc,0.0,0.0,0.0
tsae_mean,1,test/precalculus/779.json,-4.0,coherent_gc,0.0,0.0,0.0
tsae_mean,1,test/precalculus/927.json,-4.0,coherent_gc,2.0,1.0,-1.0
tsae_mean,1,test/precalculus/96.json,-4.0,coherent_gc,1.0,0.0,-1.0
tsae_mean,1,test/precalculus/986.json,-4.0,coherent_gc,0.0,1.0,1.0
tsae_mean,1,test/algebra/1082.json,-4.0,coherent_bt,0.0,0.0,0.0
tsae_mean,1,test/algebra/109.json,-4.0,coherent_bt,0.0,0.0,0.0
tsae_mean,1,test/algebra/1098.json,-4.0,coherent_bt,0.0,0.0,0.0
tsae_mean,1,test/algebra/1214.json,-4.0,coherent_bt,0.0,0.0,0.0
tsae_mean,1,test/algebra/1265.json,-4.0,coherent_bt,0.0,0.0,0.0
tsae_mean,1,test/algebra/1282.json,-4.0,coherent_bt,0.0,1.0,1.0
tsae_mean,1,test/algebra/1338.json,-4.0,coherent_bt,0.0,0.0,0.0
tsae_mean,1,test/algebra/1349.json,-4.0,coherent_bt,0.0,0.0,0.0
tsae_mean,1,test/algebra/1553.json,-4.0,coherent_bt,0.0,0.0,0.0
tsae_mean,1,test/algebra/1934.json,-4.0,coherent_bt,0.0,0.0,0.0
tsae_mean,1,test/algebra/1960.json,-4.0,coherent_bt,0.0,0.0,0.0
tsae_mean,1,test/algebra/2043.json,-4.0,coherent_bt,1.0,1.0,0.0
tsae_mean,1,test/algebra/2046.json,-4.0,coherent_bt,0.0,0.0,0.0
tsae_mean,1,test/algebra/2159.json,-4.0,coherent_bt,1.0,1.0,0.0
tsae_mean,1,test/algebra/2264.json,-4.0,coherent_bt,0.0,0.0,0.0
tsae_mean,1,test/algebra/2427.json,-4.0,coherent_bt,0.0,0.0,0.0
tsae_mean,1,test/algebra/2430.json,-4.0,coherent_bt,1.0,0.0,-1.0
tsae_mean,1,test/algebra/2476.json,-4.0,coherent_bt,0.0,0.0,0.0
tsae_mean,1,test/algebra/2486.json,-4.0,coherent_bt,0.0,0.0,0.0
tsae_mean,1,test/algebra/2570.json,-4.0,coherent_bt,1.0,0.0,-1.0
tsae_mean,1,test/algebra/2593.json,-4.0,coherent_bt,0.0,0.0,0.0
tsae_mean,1,test/algebra/2735.json,-4.0,coherent_bt,0.0,0.0,0.0
tsae_mean,1,test/algebra/2779.json,-4.0,coherent_bt,0.0,0.0,0.0
tsae_mean,1,test/algebra/297.json,-4.0,coherent_bt,0.0,0.0,0.0
tsae_mean,1,test/algebra/425.json,-4.0,coherent_bt,0.0,0.0,0.0
tsae_mean,1,test/algebra/634.json,-4.0,coherent_bt,0.0,1.0,1.0
tsae_mean,1,test/algebra/661.json,-4.0,coherent_bt,0.0,0.0,0.0
tsae_mean,1,test/algebra/769.json,-4.0,coherent_bt,0.0,0.0,0.0
tsae_mean,1,test/algebra/824.json,-4.0,coherent_bt,0.0,0.0,0.0
tsae_mean,1,test/algebra/892.json,-4.0,coherent_bt,1.0,1.0,0.0
tsae_mean,1,test/counting_and_probability/1009.json,-4.0,coherent_bt,0.0,0.0,0.0
tsae_mean,1,test/counting_and_probability/1014.json,-4.0,coherent_bt,0.0,0.0,0.0
tsae_mean,1,test/counting_and_probability/1060.json,-4.0,coherent_bt,0.0,0.0,0.0
tsae_mean,1,test/counting_and_probability/119.json,-4.0,coherent_bt,0.0,0.0,0.0
tsae_mean,1,test/counting_and_probability/25149.json,-4.0,coherent_bt,0.0,1.0,1.0
tsae_mean,1,test/counting_and_probability/508.json,-4.0,coherent_bt,0.0,0.0,0.0
tsae_mean,1,test/counting_and_probability/525.json,-4.0,coherent_bt,0.0,1.0,1.0
tsae_mean,1,test/counting_and_probability/894.json,-4.0,coherent_bt,0.0,0.0,0.0
tsae_mean,1,test/geometry/1140.json,-4.0,coherent_bt,1.0,0.0,-1.0
tsae_mean,1,test/geometry/254.json,-4.0,coherent_bt,0.0,0.0,0.0
tsae_mean,1,test/geometry/456.json,-4.0,coherent_bt,0.0,0.0,0.0
tsae_mean,1,test/geometry/465.json,-4.0,coherent_bt,1.0,1.0,0.0
tsae_mean,1,test/geometry/538.json,-4.0,coherent_bt,0.0,0.0,0.0
tsae_mean,1,test/geometry/561.json,-4.0,coherent_bt,0.0,1.0,1.0
tsae_mean,1,test/geometry/615.json,-4.0,coherent_bt,1.0,0.0,-1.0
tsae_mean,1,test/geometry/711.json,-4.0,coherent_bt,1.0,1.0,0.0
tsae_mean,1,test/geometry/795.json,-4.0,coherent_bt,0.0,0.0,0.0
tsae_mean,1,test/geometry/843.json,-4.0,coherent_bt,0.0,0.0,0.0
tsae_mean,1,test/geometry/846.json,-4.0,coherent_bt,1.0,1.0,0.0
tsae_mean,1,test/intermediate_algebra/101.json,-4.0,coherent_bt,0.0,0.0,0.0
tsae_mean,1,test/intermediate_algebra/102.json,-4.0,coherent_bt,0.0,0.0,0.0
tsae_mean,1,test/intermediate_algebra/1354.json,-4.0,coherent_bt,0.0,0.0,0.0
tsae_mean,1,test/intermediate_algebra/1467.json,-4.0,coherent_bt,1.0,1.0,0.0
tsae_mean,1,test/intermediate_algebra/1555.json,-4.0,coherent_bt,0.0,0.0,0.0
tsae_mean,1,test/intermediate_algebra/1714.json,-4.0,coherent_bt,0.0,0.0,0.0
tsae_mean,1,test/intermediate_algebra/1779.json,-4.0,coherent_bt,0.0,1.0,1.0
tsae_mean,1,test/intermediate_algebra/199.json,-4.0,coherent_bt,1.0,1.0,0.0
tsae_mean,1,test/intermediate_algebra/1994.json,-4.0,coherent_bt,0.0,1.0,1.0
tsae_mean,1,test/intermediate_algebra/2046.json,-4.0,coherent_bt,0.0,1.0,1.0
tsae_mean,1,test/intermediate_algebra/345.json,-4.0,coherent_bt,0.0,0.0,0.0
tsae_mean,1,test/intermediate_algebra/446.json,-4.0,coherent_bt,0.0,0.0,0.0
tsae_mean,1,test/intermediate_algebra/47.json,-4.0,coherent_bt,0.0,0.0,0.0
tsae_mean,1,test/intermediate_algebra/607.json,-4.0,coherent_bt,1.0,0.0,-1.0
tsae_mean,1,test/intermediate_algebra/690.json,-4.0,coherent_bt,1.0,1.0,0.0
tsae_mean,1,test/intermediate_algebra/752.json,-4.0,coherent_bt,0.0,0.0,0.0
tsae_mean,1,test/intermediate_algebra/894.json,-4.0,coherent_bt,1.0,1.0,0.0
tsae_mean,1,test/number_theory/1002.json,-4.0,coherent_bt,0.0,0.0,0.0
tsae_mean,1,test/number_theory/149.json,-4.0,coherent_bt,0.0,0.0,0.0
tsae_mean,1,test/number_theory/515.json,-4.0,coherent_bt,0.0,0.0,0.0
tsae_mean,1,test/prealgebra/1113.json,-4.0,coherent_bt,0.0,0.0,0.0
tsae_mean,1,test/prealgebra/1128.json,-4.0,coherent_bt,0.0,0.0,0.0
tsae_mean,1,test/prealgebra/1139.json,-4.0,coherent_bt,0.0,1.0,1.0
tsae_mean,1,test/prealgebra/1238.json,-4.0,coherent_bt,0.0,0.0,0.0
tsae_mean,1,test/prealgebra/1251.json,-4.0,coherent_bt,0.0,0.0,0.0
tsae_mean,1,test/prealgebra/1252.json,-4.0,coherent_bt,0.0,0.0,0.0
tsae_mean,1,test/prealgebra/1272.json,-4.0,coherent_bt,0.0,0.0,0.0
tsae_mean,1,test/prealgebra/1423.json,-4.0,coherent_bt,0.0,0.0,0.0
tsae_mean,1,test/prealgebra/1622.json,-4.0,coherent_bt,0.0,0.0,0.0
tsae_mean,1,test/prealgebra/1646.json,-4.0,coherent_bt,0.0,0.0,0.0
tsae_mean,1,test/prealgebra/1787.json,-4.0,coherent_bt,0.0,0.0,0.0
tsae_mean,1,test/prealgebra/1834.json,-4.0,coherent_bt,0.0,0.0,0.0
tsae_mean,1,test/prealgebra/1922.json,-4.0,coherent_bt,0.0,0.0,0.0
tsae_mean,1,test/prealgebra/1961.json,-4.0,coherent_bt,0.0,0.0,0.0
tsae_mean,1,test/prealgebra/2019.json,-4.0,coherent_bt,0.0,0.0,0.0
tsae_mean,1,test/prealgebra/2066.json,-4.0,coherent_bt,0.0,0.0,0.0
tsae_mean,1,test/prealgebra/505.json,-4.0,coherent_bt,0.0,0.0,0.0
tsae_mean,1,test/prealgebra/65.json,-4.0,coherent_bt,0.0,0.0,0.0
tsae_mean,1,test/prealgebra/996.json,-4.0,coherent_bt,0.0,0.0,0.0
tsae_mean,1,test/precalculus/1082.json,-4.0,coherent_bt,1.0,0.0,-1.0
tsae_mean,1,test/precalculus/1105.json,-4.0,coherent_bt,0.0,0.0,0.0
tsae_mean,1,test/precalculus/1199.json,-4.0,coherent_bt,1.0,1.0,0.0
tsae_mean,1,test/precalculus/1303.json,-4.0,coherent_bt,0.0,0.0,0.0
tsae_mean,1,test/precalculus/398.json,-4.0,coherent_bt,1.0,1.0,0.0
tsae_mean,1,test/precalculus/43.json,-4.0,coherent_bt,0.0,0.0,0.0
tsae_mean,1,test/precalculus/541.json,-4.0,coherent_bt,0.0,0.0,0.0
tsae_mean,1,test/precalculus/580.json,-4.0,coherent_bt,0.0,0.0,0.0
tsae_mean,1,test/precalculus/779.json,-4.0,coherent_bt,0.0,0.0,0.0
tsae_mean,1,test/precalculus/927.json,-4.0,coherent_bt,1.0,1.0,0.0
tsae_mean,1,test/precalculus/96.json,-4.0,coherent_bt,1.0,0.0,-1.0
tsae_mean,1,test/precalculus/986.json,-4.0,coherent_bt,0.0,1.0,1.0
tsae_mean,1,test/algebra/1082.json,-4.0,incoherent,0.0,0.0,0.0
tsae_mean,1,test/algebra/109.json,-4.0,incoherent,0.0,0.0,0.0
tsae_mean,1,test/algebra/1098.json,-4.0,incoherent,0.0,0.0,0.0
tsae_mean,1,test/algebra/1214.json,-4.0,incoherent,0.0,0.0,0.0
tsae_mean,1,test/algebra/1265.json,-4.0,incoherent,0.0,0.0,0.0
tsae_mean,1,test/algebra/1282.json,-4.0,incoherent,0.0,0.0,0.0
tsae_mean,1,test/algebra/1338.json,-4.0,incoherent,0.0,0.0,0.0
tsae_mean,1,test/algebra/1349.json,-4.0,incoherent,0.0,0.0,0.0
tsae_mean,1,test/algebra/1553.json,-4.0,incoherent,0.0,0.0,0.0
tsae_mean,1,test/algebra/1934.json,-4.0,incoherent,0.0,0.0,0.0
tsae_mean,1,test/algebra/1960.json,-4.0,incoherent,0.0,0.0,0.0
tsae_mean,1,test/algebra/2043.json,-4.0,incoherent,0.0,0.0,0.0
tsae_mean,1,test/algebra/2046.json,-4.0,incoherent,0.0,0.0,0.0
tsae_mean,1,test/algebra/2159.json,-4.0,incoherent,0.0,0.0,0.0
tsae_mean,1,test/algebra/2264.json,-4.0,incoherent,0.0,0.0,0.0
tsae_mean,1,test/algebra/2427.json,-4.0,incoherent,0.0,0.0,0.0
tsae_mean,1,test/algebra/2430.json,-4.0,incoherent,0.0,0.0,0.0
tsae_mean,1,test/algebra/2476.json,-4.0,incoherent,0.0,0.0,0.0
tsae_mean,1,test/algebra/2486.json,-4.0,incoherent,0.0,0.0,0.0
tsae_mean,1,test/algebra/2570.json,-4.0,incoherent,0.0,0.0,0.0
tsae_mean,1,test/algebra/2593.json,-4.0,incoherent,0.0,0.0,0.0
tsae_mean,1,test/algebra/2735.json,-4.0,incoherent,0.0,0.0,0.0
tsae_mean,1,test/algebra/2779.json,-4.0,incoherent,0.0,0.0,0.0
tsae_mean,1,test/algebra/297.json,-4.0,incoherent,0.0,0.0,0.0
tsae_mean,1,test/algebra/425.json,-4.0,incoherent,0.0,0.0,0.0
tsae_mean,1,test/algebra/634.json,-4.0,incoherent,0.0,0.0,0.0
tsae_mean,1,test/algebra/661.json,-4.0,incoherent,0.0,0.0,0.0
tsae_mean,1,test/algebra/769.json,-4.0,incoherent,0.0,0.0,0.0
tsae_mean,1,test/algebra/824.json,-4.0,incoherent,0.0,0.0,0.0
tsae_mean,1,test/algebra/892.json,-4.0,incoherent,0.0,0.0,0.0
tsae_mean,1,test/counting_and_probability/1009.json,-4.0,incoherent,0.0,0.0,0.0
tsae_mean,1,test/counting_and_probability/1014.json,-4.0,incoherent,0.0,0.0,0.0
tsae_mean,1,test/counting_and_probability/1060.json,-4.0,incoherent,0.0,0.0,0.0
tsae_mean,1,test/counting_and_probability/119.json,-4.0,incoherent,0.0,0.0,0.0
tsae_mean,1,test/counting_and_probability/25149.json,-4.0,incoherent,0.0,0.0,0.0
tsae_mean,1,test/counting_and_probability/508.json,-4.0,incoherent,0.0,0.0,0.0
tsae_mean,1,test/counting_and_probability/525.json,-4.0,incoherent,0.0,0.0,0.0
tsae_mean,1,test/counting_and_probability/894.json,-4.0,incoherent,0.0,0.0,0.0
tsae_mean,1,test/geometry/1140.json,-4.0,incoherent,0.0,0.0,0.0
tsae_mean,1,test/geometry/254.json,-4.0,incoherent,0.0,0.0,0.0
tsae_mean,1,test/geometry/456.json,-4.0,incoherent,0.0,0.0,0.0
tsae_mean,1,test/geometry/465.json,-4.0,incoherent,0.0,0.0,0.0
tsae_mean,1,test/geometry/538.json,-4.0,incoherent,0.0,0.0,0.0
tsae_mean,1,test/geometry/561.json,-4.0,incoherent,0.0,0.0,0.0
tsae_mean,1,test/geometry/615.json,-4.0,incoherent,0.0,0.0,0.0
tsae_mean,1,test/geometry/711.json,-4.0,incoherent,0.0,0.0,0.0
tsae_mean,1,test/geometry/795.json,-4.0,incoherent,0.0,0.0,0.0
tsae_mean,1,test/geometry/843.json,-4.0,incoherent,0.0,0.0,0.0
tsae_mean,1,test/geometry/846.json,-4.0,incoherent,0.0,0.0,0.0
tsae_mean,1,test/intermediate_algebra/101.json,-4.0,incoherent,0.0,0.0,0.0
tsae_mean,1,test/intermediate_algebra/102.json,-4.0,incoherent,0.0,0.0,0.0
tsae_mean,1,test/intermediate_algebra/1354.json,-4.0,incoherent,0.0,0.0,0.0
tsae_mean,1,test/intermediate_algebra/1467.json,-4.0,incoherent,0.0,0.0,0.0
tsae_mean,1,test/intermediate_algebra/1555.json,-4.0,incoherent,0.0,0.0,0.0
tsae_mean,1,test/intermediate_algebra/1714.json,-4.0,incoherent,0.0,0.0,0.0
tsae_mean,1,test/intermediate_algebra/1779.json,-4.0,incoherent,0.0,0.0,0.0
tsae_mean,1,test/intermediate_algebra/199.json,-4.0,incoherent,0.0,0.0,0.0
tsae_mean,1,test/intermediate_algebra/1994.json,-4.0,incoherent,0.0,0.0,0.0
tsae_mean,1,test/intermediate_algebra/2046.json,-4.0,incoherent,0.0,0.0,0.0
tsae_mean,1,test/intermediate_algebra/345.json,-4.0,incoherent,0.0,0.0,0.0
tsae_mean,1,test/intermediate_algebra/446.json,-4.0,incoherent,0.0,0.0,0.0
tsae_mean,1,test/intermediate_algebra/47.json,-4.0,incoherent,0.0,0.0,0.0
tsae_mean,1,test/intermediate_algebra/607.json,-4.0,incoherent,0.0,0.0,0.0
tsae_mean,1,test/intermediate_algebra/690.json,-4.0,incoherent,0.0,0.0,0.0
tsae_mean,1,test/intermediate_algebra/752.json,-4.0,incoherent,0.0,0.0,0.0
tsae_mean,1,test/intermediate_algebra/894.json,-4.0,incoherent,0.0,0.0,0.0
tsae_mean,1,test/number_theory/1002.json,-4.0,incoherent,0.0,0.0,0.0
tsae_mean,1,test/number_theory/149.json,-4.0,incoherent,0.0,0.0,0.0
tsae_mean,1,test/number_theory/515.json,-4.0,incoherent,0.0,0.0,0.0
tsae_mean,1,test/prealgebra/1113.json,-4.0,incoherent,0.0,0.0,0.0
tsae_mean,1,test/prealgebra/1128.json,-4.0,incoherent,0.0,0.0,0.0
tsae_mean,1,test/prealgebra/1139.json,-4.0,incoherent,0.0,0.0,0.0
tsae_mean,1,test/prealgebra/1238.json,-4.0,incoherent,0.0,0.0,0.0
tsae_mean,1,test/prealgebra/1251.json,-4.0,incoherent,0.0,0.0,0.0
tsae_mean,1,test/prealgebra/1252.json,-4.0,incoherent,0.0,0.0,0.0
tsae_mean,1,test/prealgebra/1272.json,-4.0,incoherent,0.0,0.0,0.0
tsae_mean,1,test/prealgebra/1423.json,-4.0,incoherent,0.0,0.0,0.0
tsae_mean,1,test/prealgebra/1622.json,-4.0,incoherent,0.0,0.0,0.0
tsae_mean,1,test/prealgebra/1646.json,-4.0,incoherent,0.0,0.0,0.0
tsae_mean,1,test/prealgebra/1787.json,-4.0,incoherent,0.0,0.0,0.0
tsae_mean,1,test/prealgebra/1834.json,-4.0,incoherent,0.0,0.0,0.0
tsae_mean,1,test/prealgebra/1922.json,-4.0,incoherent,0.0,0.0,0.0
tsae_mean,1,test/prealgebra/1961.json,-4.0,incoherent,0.0,0.0,0.0
tsae_mean,1,test/prealgebra/2019.json,-4.0,incoherent,0.0,0.0,0.0
tsae_mean,1,test/prealgebra/2066.json,-4.0,incoherent,0.0,0.0,0.0
tsae_mean,1,test/prealgebra/505.json,-4.0,incoherent,0.0,0.0,0.0
tsae_mean,1,test/prealgebra/65.json,-4.0,incoherent,0.0,0.0,0.0
tsae_mean,1,test/prealgebra/996.json,-4.0,incoherent,0.0,0.0,0.0
tsae_mean,1,test/precalculus/1082.json,-4.0,incoherent,0.0,0.0,0.0
tsae_mean,1,test/precalculus/1105.json,-4.0,incoherent,0.0,0.0,0.0
tsae_mean,1,test/precalculus/1199.json,-4.0,incoherent,0.0,0.0,0.0
tsae_mean,1,test/precalculus/1303.json,-4.0,incoherent,0.0,0.0,0.0
tsae_mean,1,test/precalculus/398.json,-4.0,incoherent,0.0,0.0,0.0
tsae_mean,1,test/precalculus/43.json,-4.0,incoherent,0.0,0.0,0.0
tsae_mean,1,test/precalculus/541.json,-4.0,incoherent,0.0,0.0,0.0
tsae_mean,1,test/precalculus/580.json,-4.0,incoherent,0.0,0.0,0.0
tsae_mean,1,test/precalculus/779.json,-4.0,incoherent,0.0,0.0,0.0
tsae_mean,1,test/precalculus/927.json,-4.0,incoherent,0.0,0.0,0.0
tsae_mean,1,test/precalculus/96.json,-4.0,incoherent,0.0,0.0,0.0
tsae_mean,1,test/precalculus/986.json,-4.0,incoherent,0.0,0.0,0.0
tsae_mean,1,test/algebra/1082.json,-4.0,correct,0.0,0.0,0.0
tsae_mean,1,test/algebra/109.json,-4.0,correct,1.0,1.0,0.0
tsae_mean,1,test/algebra/1098.json,-4.0,correct,1.0,1.0,0.0
tsae_mean,1,test/algebra/1214.json,-4.0,correct,1.0,0.0,-1.0
tsae_mean,1,test/algebra/1265.json,-4.0,correct,1.0,1.0,0.0
tsae_mean,1,test/algebra/1282.json,-4.0,correct,0.0,0.0,0.0
tsae_mean,1,test/algebra/1338.json,-4.0,correct,1.0,1.0,0.0
tsae_mean,1,test/algebra/1349.json,-4.0,correct,0.0,0.0,0.0
tsae_mean,1,test/algebra/1553.json,-4.0,correct,0.0,0.0,0.0
tsae_mean,1,test/algebra/1934.json,-4.0,correct,1.0,0.0,-1.0
tsae_mean,1,test/algebra/1960.json,-4.0,correct,1.0,0.0,-1.0
tsae_mean,1,test/algebra/2043.json,-4.0,correct,1.0,1.0,0.0
tsae_mean,1,test/algebra/2046.json,-4.0,correct,1.0,1.0,0.0
tsae_mean,1,test/algebra/2159.json,-4.0,correct,0.0,0.0,0.0
tsae_mean,1,test/algebra/2264.json,-4.0,correct,1.0,0.0,-1.0
tsae_mean,1,test/algebra/2427.json,-4.0,correct,0.0,0.0,0.0
tsae_mean,1,test/algebra/2430.json,-4.0,correct,0.0,0.0,0.0
tsae_mean,1,test/algebra/2476.json,-4.0,correct,0.0,1.0,1.0
tsae_mean,1,test/algebra/2486.json,-4.0,correct,1.0,0.0,-1.0
tsae_mean,1,test/algebra/2570.json,-4.0,correct,1.0,1.0,0.0
tsae_mean,1,test/algebra/2593.json,-4.0,correct,1.0,1.0,0.0
tsae_mean,1,test/algebra/2735.json,-4.0,correct,0.0,0.0,0.0
tsae_mean,1,test/algebra/2779.json,-4.0,correct,1.0,1.0,0.0
tsae_mean,1,test/algebra/297.json,-4.0,correct,0.0,0.0,0.0
tsae_mean,1,test/algebra/425.json,-4.0,correct,1.0,1.0,0.0
tsae_mean,1,test/algebra/634.json,-4.0,correct,0.0,0.0,0.0
tsae_mean,1,test/algebra/661.json,-4.0,correct,1.0,1.0,0.0
tsae_mean,1,test/algebra/769.json,-4.0,correct,1.0,1.0,0.0
tsae_mean,1,test/algebra/824.json,-4.0,correct,1.0,1.0,0.0
tsae_mean,1,test/algebra/892.json,-4.0,correct,0.0,0.0,0.0
tsae_mean,1,test/counting_and_probability/1009.json,-4.0,correct,1.0,1.0,0.0
tsae_mean,1,test/counting_and_probability/1014.json,-4.0,correct,1.0,1.0,0.0
tsae_mean,1,test/counting_and_probability/1060.json,-4.0,correct,0.0,0.0,0.0
tsae_mean,1,test/counting_and_probability/119.json,-4.0,correct,0.0,0.0,0.0
tsae_mean,1,test/counting_and_probability/25149.json,-4.0,correct,1.0,1.0,0.0
tsae_mean,1,test/counting_and_probability/508.json,-4.0,correct,0.0,0.0,0.0
tsae_mean,1,test/counting_and_probability/525.json,-4.0,correct,0.0,0.0,0.0
tsae_mean,1,test/counting_and_probability/894.json,-4.0,correct,1.0,0.0,-1.0
tsae_mean,1,test/geometry/1140.json,-4.0,correct,0.0,0.0,0.0
tsae_mean,1,test/geometry/254.json,-4.0,correct,0.0,1.0,1.0
tsae_mean,1,test/geometry/456.json,-4.0,correct,1.0,1.0,0.0
tsae_mean,1,test/geometry/465.json,-4.0,correct,0.0,0.0,0.0
tsae_mean,1,test/geometry/538.json,-4.0,correct,0.0,0.0,0.0
tsae_mean,1,test/geometry/561.json,-4.0,correct,0.0,0.0,0.0
tsae_mean,1,test/geometry/615.json,-4.0,correct,0.0,0.0,0.0
tsae_mean,1,test/geometry/711.json,-4.0,correct,0.0,0.0,0.0
tsae_mean,1,test/geometry/795.json,-4.0,correct,0.0,0.0,0.0
tsae_mean,1,test/geometry/843.json,-4.0,correct,1.0,1.0,0.0
tsae_mean,1,test/geometry/846.json,-4.0,correct,0.0,0.0,0.0
tsae_mean,1,test/intermediate_algebra/101.json,-4.0,correct,0.0,0.0,0.0
tsae_mean,1,test/intermediate_algebra/102.json,-4.0,correct,0.0,0.0,0.0
tsae_mean,1,test/intermediate_algebra/1354.json,-4.0,correct,0.0,0.0,0.0
tsae_mean,1,test/intermediate_algebra/1467.json,-4.0,correct,0.0,0.0,0.0
tsae_mean,1,test/intermediate_algebra/1555.json,-4.0,correct,0.0,0.0,0.0
tsae_mean,1,test/intermediate_algebra/1714.json,-4.0,correct,1.0,1.0,0.0
tsae_mean,1,test/intermediate_algebra/1779.json,-4.0,correct,0.0,0.0,0.0
tsae_mean,1,test/intermediate_algebra/199.json,-4.0,correct,0.0,0.0,0.0
tsae_mean,1,test/intermediate_algebra/1994.json,-4.0,correct,0.0,0.0,0.0
tsae_mean,1,test/intermediate_algebra/2046.json,-4.0,correct,0.0,0.0,0.0
tsae_mean,1,test/intermediate_algebra/345.json,-4.0,correct,0.0,0.0,0.0
tsae_mean,1,test/intermediate_algebra/446.json,-4.0,correct,0.0,0.0,0.0
tsae_mean,1,test/intermediate_algebra/47.json,-4.0,correct,0.0,0.0,0.0
tsae_mean,1,test/intermediate_algebra/607.json,-4.0,correct,0.0,0.0,0.0
tsae_mean,1,test/intermediate_algebra/690.json,-4.0,correct,0.0,0.0,0.0
tsae_mean,1,test/intermediate_algebra/752.json,-4.0,correct,0.0,0.0,0.0
tsae_mean,1,test/intermediate_algebra/894.json,-4.0,correct,0.0,0.0,0.0
tsae_mean,1,test/number_theory/1002.json,-4.0,correct,0.0,0.0,0.0
tsae_mean,1,test/number_theory/149.json,-4.0,correct,0.0,0.0,0.0
tsae_mean,1,test/number_theory/515.json,-4.0,correct,1.0,1.0,0.0
tsae_mean,1,test/prealgebra/1113.json,-4.0,correct,1.0,0.0,-1.0
tsae_mean,1,test/prealgebra/1128.json,-4.0,correct,0.0,1.0,1.0
tsae_mean,1,test/prealgebra/1139.json,-4.0,correct,0.0,0.0,0.0
tsae_mean,1,test/prealgebra/1238.json,-4.0,correct,1.0,1.0,0.0
tsae_mean,1,test/prealgebra/1251.json,-4.0,correct,0.0,0.0,0.0
tsae_mean,1,test/prealgebra/1252.json,-4.0,correct,1.0,0.0,-1.0
tsae_mean,1,test/prealgebra/1272.json,-4.0,correct,1.0,1.0,0.0
tsae_mean,1,test/prealgebra/1423.json,-4.0,correct,0.0,0.0,0.0
tsae_mean,1,test/prealgebra/1622.json,-4.0,correct,0.0,0.0,0.0
tsae_mean,1,test/prealgebra/1646.json,-4.0,correct,0.0,0.0,0.0
tsae_mean,1,test/prealgebra/1787.json,-4.0,correct,1.0,0.0,-1.0
tsae_mean,1,test/prealgebra/1834.json,-4.0,correct,0.0,1.0,1.0
tsae_mean,1,test/prealgebra/1922.json,-4.0,correct,0.0,0.0,0.0
tsae_mean,1,test/prealgebra/1961.json,-4.0,correct,0.0,0.0,0.0
tsae_mean,1,test/prealgebra/2019.json,-4.0,correct,1.0,0.0,-1.0
tsae_mean,1,test/prealgebra/2066.json,-4.0,correct,0.0,0.0,0.0
tsae_mean,1,test/prealgebra/505.json,-4.0,correct,1.0,1.0,0.0
tsae_mean,1,test/prealgebra/65.json,-4.0,correct,0.0,0.0,0.0
tsae_mean,1,test/prealgebra/996.json,-4.0,correct,0.0,0.0,0.0
tsae_mean,1,test/precalculus/1082.json,-4.0,correct,0.0,0.0,0.0
tsae_mean,1,test/precalculus/1105.json,-4.0,correct,0.0,1.0,1.0
tsae_mean,1,test/precalculus/1199.json,-4.0,correct,0.0,0.0,0.0
tsae_mean,1,test/precalculus/1303.json,-4.0,correct,0.0,0.0,0.0
tsae_mean,1,test/precalculus/398.json,-4.0,correct,0.0,0.0,0.0
tsae_mean,1,test/precalculus/43.json,-4.0,correct,0.0,1.0,1.0
tsae_mean,1,test/precalculus/541.json,-4.0,correct,0.0,0.0,0.0
tsae_mean,1,test/precalculus/580.json,-4.0,correct,0.0,0.0,0.0
tsae_mean,1,test/precalculus/779.json,-4.0,correct,1.0,1.0,0.0
tsae_mean,1,test/precalculus/927.json,-4.0,correct,0.0,0.0,0.0
tsae_mean,1,test/precalculus/96.json,-4.0,correct,0.0,0.0,0.0
tsae_mean,1,test/precalculus/986.json,-4.0,correct,0.0,0.0,0.0
tsae_mean,2,test/algebra/1082.json,-4.0,gc,0.0,0.0,0.0
tsae_mean,2,test/algebra/109.json,-4.0,gc,0.0,0.0,0.0
tsae_mean,2,test/algebra/1098.json,-4.0,gc,0.0,0.0,0.0
tsae_mean,2,test/algebra/1214.json,-4.0,gc,0.0,0.0,0.0
tsae_mean,2,test/algebra/1265.json,-4.0,gc,0.0,0.0,0.0
tsae_mean,2,test/algebra/1282.json,-4.0,gc,0.0,2.0,2.0
tsae_mean,2,test/algebra/1338.json,-4.0,gc,0.0,0.0,0.0
tsae_mean,2,test/algebra/1349.json,-4.0,gc,0.0,0.0,0.0
tsae_mean,2,test/algebra/1553.json,-4.0,gc,0.0,0.0,0.0
tsae_mean,2,test/algebra/1934.json,-4.0,gc,0.0,0.0,0.0
tsae_mean,2,test/algebra/1960.json,-4.0,gc,0.0,0.0,0.0
tsae_mean,2,test/algebra/2043.json,-4.0,gc,1.0,1.0,0.0
tsae_mean,2,test/algebra/2046.json,-4.0,gc,0.0,0.0,0.0
tsae_mean,2,test/algebra/2159.json,-4.0,gc,1.0,1.0,0.0
tsae_mean,2,test/algebra/2264.json,-4.0,gc,0.0,0.0,0.0
tsae_mean,2,test/algebra/2427.json,-4.0,gc,0.0,0.0,0.0
tsae_mean,2,test/algebra/2430.json,-4.0,gc,1.0,0.0,-1.0
tsae_mean,2,test/algebra/2476.json,-4.0,gc,0.0,0.0,0.0
tsae_mean,2,test/algebra/2486.json,-4.0,gc,0.0,0.0,0.0
tsae_mean,2,test/algebra/2570.json,-4.0,gc,1.0,0.0,-1.0
tsae_mean,2,test/algebra/2593.json,-4.0,gc,0.0,0.0,0.0
tsae_mean,2,test/algebra/2735.json,-4.0,gc,0.0,0.0,0.0
tsae_mean,2,test/algebra/2779.json,-4.0,gc,0.0,0.0,0.0
tsae_mean,2,test/algebra/297.json,-4.0,gc,0.0,0.0,0.0
tsae_mean,2,test/algebra/425.json,-4.0,gc,0.0,0.0,0.0
tsae_mean,2,test/algebra/634.json,-4.0,gc,0.0,1.0,1.0
tsae_mean,2,test/algebra/661.json,-4.0,gc,0.0,0.0,0.0
tsae_mean,2,test/algebra/769.json,-4.0,gc,0.0,0.0,0.0
tsae_mean,2,test/algebra/824.json,-4.0,gc,0.0,0.0,0.0
tsae_mean,2,test/algebra/892.json,-4.0,gc,1.0,1.0,0.0
tsae_mean,2,test/counting_and_probability/1009.json,-4.0,gc,0.0,0.0,0.0
tsae_mean,2,test/counting_and_probability/1014.json,-4.0,gc,0.0,0.0,0.0
tsae_mean,2,test/counting_and_probability/1060.json,-4.0,gc,0.0,0.0,0.0
tsae_mean,2,test/counting_and_probability/119.json,-4.0,gc,0.0,0.0,0.0
tsae_mean,2,test/counting_and_probability/25149.json,-4.0,gc,0.0,0.0,0.0
tsae_mean,2,test/counting_and_probability/508.json,-4.0,gc,0.0,0.0,0.0
tsae_mean,2,test/counting_and_probability/525.json,-4.0,gc,0.0,1.0,1.0
tsae_mean,2,test/counting_and_probability/894.json,-4.0,gc,0.0,0.0,0.0
tsae_mean,2,test/geometry/1140.json,-4.0,gc,1.0,0.0,-1.0
tsae_mean,2,test/geometry/254.json,-4.0,gc,0.0,0.0,0.0
tsae_mean,2,test/geometry/456.json,-4.0,gc,0.0,0.0,0.0
tsae_mean,2,test/geometry/465.json,-4.0,gc,1.0,1.0,0.0
tsae_mean,2,test/geometry/538.json,-4.0,gc,0.0,0.0,0.0
tsae_mean,2,test/geometry/561.json,-4.0,gc,0.0,1.0,1.0
tsae_mean,2,test/geometry/615.json,-4.0,gc,1.0,0.0,-1.0
tsae_mean,2,test/geometry/711.json,-4.0,gc,1.0,0.0,-1.0
tsae_mean,2,test/geometry/795.json,-4.0,gc,0.0,0.0,0.0
tsae_mean,2,test/geometry/843.json,-4.0,gc,0.0,0.0,0.0
tsae_mean,2,test/geometry/846.json,-4.0,gc,1.0,2.0,1.0
tsae_mean,2,test/intermediate_algebra/101.json,-4.0,gc,0.0,0.0,0.0
tsae_mean,2,test/intermediate_algebra/102.json,-4.0,gc,0.0,0.0,0.0
tsae_mean,2,test/intermediate_algebra/1354.json,-4.0,gc,0.0,0.0,0.0
tsae_mean,2,test/intermediate_algebra/1467.json,-4.0,gc,1.0,1.0,0.0
tsae_mean,2,test/intermediate_algebra/1555.json,-4.0,gc,0.0,0.0,0.0
tsae_mean,2,test/intermediate_algebra/1714.json,-4.0,gc,0.0,0.0,0.0
tsae_mean,2,test/intermediate_algebra/1779.json,-4.0,gc,0.0,0.0,0.0
tsae_mean,2,test/intermediate_algebra/199.json,-4.0,gc,1.0,1.0,0.0
tsae_mean,2,test/intermediate_algebra/1994.json,-4.0,gc,0.0,0.0,0.0
tsae_mean,2,test/intermediate_algebra/2046.json,-4.0,gc,0.0,1.0,1.0
tsae_mean,2,test/intermediate_algebra/345.json,-4.0,gc,0.0,0.0,0.0
tsae_mean,2,test/intermediate_algebra/446.json,-4.0,gc,0.0,0.0,0.0
tsae_mean,2,test/intermediate_algebra/47.json,-4.0,gc,0.0,0.0,0.0
tsae_mean,2,test/intermediate_algebra/607.json,-4.0,gc,1.0,0.0,-1.0
tsae_mean,2,test/intermediate_algebra/690.json,-4.0,gc,1.0,0.0,-1.0
tsae_mean,2,test/intermediate_algebra/752.json,-4.0,gc,0.0,0.0,0.0
tsae_mean,2,test/intermediate_algebra/894.json,-4.0,gc,1.0,1.0,0.0
tsae_mean,2,test/number_theory/1002.json,-4.0,gc,0.0,0.0,0.0
tsae_mean,2,test/number_theory/149.json,-4.0,gc,0.0,0.0,0.0
tsae_mean,2,test/number_theory/515.json,-4.0,gc,0.0,0.0,0.0
tsae_mean,2,test/prealgebra/1113.json,-4.0,gc,0.0,0.0,0.0
tsae_mean,2,test/prealgebra/1128.json,-4.0,gc,0.0,0.0,0.0
tsae_mean,2,test/prealgebra/1139.json,-4.0,gc,0.0,1.0,1.0
tsae_mean,2,test/prealgebra/1238.json,-4.0,gc,0.0,0.0,0.0
tsae_mean,2,test/prealgebra/1251.json,-4.0,gc,0.0,0.0,0.0
tsae_mean,2,test/prealgebra/1252.json,-4.0,gc,0.0,0.0,0.0
tsae_mean,2,test/prealgebra/1272.json,-4.0,gc,0.0,0.0,0.0
tsae_mean,2,test/prealgebra/1423.json,-4.0,gc,0.0,0.0,0.0
tsae_mean,2,test/prealgebra/1622.json,-4.0,gc,0.0,0.0,0.0
tsae_mean,2,test/prealgebra/1646.json,-4.0,gc,0.0,1.0,1.0
tsae_mean,2,test/prealgebra/1787.json,-4.0,gc,0.0,0.0,0.0
tsae_mean,2,test/prealgebra/1834.json,-4.0,gc,0.0,0.0,0.0
tsae_mean,2,test/prealgebra/1922.json,-4.0,gc,0.0,0.0,0.0
tsae_mean,2,test/prealgebra/1961.json,-4.0,gc,0.0,0.0,0.0
tsae_mean,2,test/prealgebra/2019.json,-4.0,gc,0.0,0.0,0.0
tsae_mean,2,test/prealgebra/2066.json,-4.0,gc,0.0,0.0,0.0
tsae_mean,2,test/prealgebra/505.json,-4.0,gc,0.0,0.0,0.0
tsae_mean,2,test/prealgebra/65.json,-4.0,gc,0.0,0.0,0.0
tsae_mean,2,test/prealgebra/996.json,-4.0,gc,0.0,0.0,0.0
tsae_mean,2,test/precalculus/1082.json,-4.0,gc,1.0,0.0,-1.0
tsae_mean,2,test/precalculus/1105.json,-4.0,gc,0.0,0.0,0.0
tsae_mean,2,test/precalculus/1199.json,-4.0,gc,1.0,1.0,0.0
tsae_mean,2,test/precalculus/1303.json,-4.0,gc,0.0,0.0,0.0
tsae_mean,2,test/precalculus/398.json,-4.0,gc,1.0,1.0,0.0
tsae_mean,2,test/precalculus/43.json,-4.0,gc,0.0,0.0,0.0
tsae_mean,2,test/precalculus/541.json,-4.0,gc,0.0,0.0,0.0
tsae_mean,2,test/precalculus/580.json,-4.0,gc,0.0,0.0,0.0
tsae_mean,2,test/precalculus/779.json,-4.0,gc,0.0,0.0,0.0
tsae_mean,2,test/precalculus/927.json,-4.0,gc,2.0,2.0,0.0
tsae_mean,2,test/precalculus/96.json,-4.0,gc,1.0,0.0,-1.0
tsae_mean,2,test/precalculus/986.json,-4.0,gc,0.0,1.0,1.0
tsae_mean,2,test/algebra/1082.json,-4.0,coherent_gc,0.0,0.0,0.0
tsae_mean,2,test/algebra/109.json,-4.0,coherent_gc,0.0,0.0,0.0
tsae_mean,2,test/algebra/1098.json,-4.0,coherent_gc,0.0,0.0,0.0
tsae_mean,2,test/algebra/1214.json,-4.0,coherent_gc,0.0,0.0,0.0
tsae_mean,2,test/algebra/1265.json,-4.0,coherent_gc,0.0,0.0,0.0
tsae_mean,2,test/algebra/1282.json,-4.0,coherent_gc,0.0,2.0,2.0
tsae_mean,2,test/algebra/1338.json,-4.0,coherent_gc,0.0,0.0,0.0
tsae_mean,2,test/algebra/1349.json,-4.0,coherent_gc,0.0,0.0,0.0
tsae_mean,2,test/algebra/1553.json,-4.0,coherent_gc,0.0,0.0,0.0
tsae_mean,2,test/algebra/1934.json,-4.0,coherent_gc,0.0,0.0,0.0
tsae_mean,2,test/algebra/1960.json,-4.0,coherent_gc,0.0,0.0,0.0
tsae_mean,2,test/algebra/2043.json,-4.0,coherent_gc,1.0,1.0,0.0
tsae_mean,2,test/algebra/2046.json,-4.0,coherent_gc,0.0,0.0,0.0
tsae_mean,2,test/algebra/2159.json,-4.0,coherent_gc,1.0,1.0,0.0
tsae_mean,2,test/algebra/2264.json,-4.0,coherent_gc,0.0,0.0,0.0
tsae_mean,2,test/algebra/2427.json,-4.0,coherent_gc,0.0,0.0,0.0
tsae_mean,2,test/algebra/2430.json,-4.0,coherent_gc,1.0,0.0,-1.0
tsae_mean,2,test/algebra/2476.json,-4.0,coherent_gc,0.0,0.0,0.0
tsae_mean,2,test/algebra/2486.json,-4.0,coherent_gc,0.0,0.0,0.0
tsae_mean,2,test/algebra/2570.json,-4.0,coherent_gc,1.0,0.0,-1.0
tsae_mean,2,test/algebra/2593.json,-4.0,coherent_gc,0.0,0.0,0.0
tsae_mean,2,test/algebra/2735.json,-4.0,coherent_gc,0.0,0.0,0.0
tsae_mean,2,test/algebra/2779.json,-4.0,coherent_gc,0.0,0.0,0.0
tsae_mean,2,test/algebra/297.json,-4.0,coherent_gc,0.0,0.0,0.0
tsae_mean,2,test/algebra/425.json,-4.0,coherent_gc,0.0,0.0,0.0
tsae_mean,2,test/algebra/634.json,-4.0,coherent_gc,0.0,1.0,1.0
tsae_mean,2,test/algebra/661.json,-4.0,coherent_gc,0.0,0.0,0.0
tsae_mean,2,test/algebra/769.json,-4.0,coherent_gc,0.0,0.0,0.0
tsae_mean,2,test/algebra/824.json,-4.0,coherent_gc,0.0,0.0,0.0
tsae_mean,2,test/algebra/892.json,-4.0,coherent_gc,1.0,1.0,0.0
tsae_mean,2,test/counting_and_probability/1009.json,-4.0,coherent_gc,0.0,0.0,0.0
tsae_mean,2,test/counting_and_probability/1014.json,-4.0,coherent_gc,0.0,0.0,0.0
tsae_mean,2,test/counting_and_probability/1060.json,-4.0,coherent_gc,0.0,0.0,0.0
tsae_mean,2,test/counting_and_probability/119.json,-4.0,coherent_gc,0.0,0.0,0.0
tsae_mean,2,test/counting_and_probability/25149.json,-4.0,coherent_gc,0.0,0.0,0.0
tsae_mean,2,test/counting_and_probability/508.json,-4.0,coherent_gc,0.0,0.0,0.0
tsae_mean,2,test/counting_and_probability/525.json,-4.0,coherent_gc,0.0,1.0,1.0
tsae_mean,2,test/counting_and_probability/894.json,-4.0,coherent_gc,0.0,0.0,0.0
tsae_mean,2,test/geometry/1140.json,-4.0,coherent_gc,1.0,0.0,-1.0
tsae_mean,2,test/geometry/254.json,-4.0,coherent_gc,0.0,0.0,0.0
tsae_mean,2,test/geometry/456.json,-4.0,coherent_gc,0.0,0.0,0.0
tsae_mean,2,test/geometry/465.json,-4.0,coherent_gc,1.0,1.0,0.0
tsae_mean,2,test/geometry/538.json,-4.0,coherent_gc,0.0,0.0,0.0
tsae_mean,2,test/geometry/561.json,-4.0,coherent_gc,0.0,1.0,1.0
tsae_mean,2,test/geometry/615.json,-4.0,coherent_gc,1.0,0.0,-1.0
tsae_mean,2,test/geometry/711.json,-4.0,coherent_gc,1.0,0.0,-1.0
tsae_mean,2,test/geometry/795.json,-4.0,coherent_gc,0.0,0.0,0.0
tsae_mean,2,test/geometry/843.json,-4.0,coherent_gc,0.0,0.0,0.0
tsae_mean,2,test/geometry/846.json,-4.0,coherent_gc,1.0,2.0,1.0
tsae_mean,2,test/intermediate_algebra/101.json,-4.0,coherent_gc,0.0,0.0,0.0
tsae_mean,2,test/intermediate_algebra/102.json,-4.0,coherent_gc,0.0,0.0,0.0
tsae_mean,2,test/intermediate_algebra/1354.json,-4.0,coherent_gc,0.0,0.0,0.0
tsae_mean,2,test/intermediate_algebra/1467.json,-4.0,coherent_gc,1.0,1.0,0.0
tsae_mean,2,test/intermediate_algebra/1555.json,-4.0,coherent_gc,0.0,0.0,0.0
tsae_mean,2,test/intermediate_algebra/1714.json,-4.0,coherent_gc,0.0,0.0,0.0
tsae_mean,2,test/intermediate_algebra/1779.json,-4.0,coherent_gc,0.0,0.0,0.0
tsae_mean,2,test/intermediate_algebra/199.json,-4.0,coherent_gc,1.0,1.0,0.0
tsae_mean,2,test/intermediate_algebra/1994.json,-4.0,coherent_gc,0.0,0.0,0.0
tsae_mean,2,test/intermediate_algebra/2046.json,-4.0,coherent_gc,0.0,1.0,1.0
tsae_mean,2,test/intermediate_algebra/345.json,-4.0,coherent_gc,0.0,0.0,0.0
tsae_mean,2,test/intermediate_algebra/446.json,-4.0,coherent_gc,0.0,0.0,0.0
tsae_mean,2,test/intermediate_algebra/47.json,-4.0,coherent_gc,0.0,0.0,0.0
tsae_mean,2,test/intermediate_algebra/607.json,-4.0,coherent_gc,1.0,0.0,-1.0
tsae_mean,2,test/intermediate_algebra/690.json,-4.0,coherent_gc,1.0,0.0,-1.0
tsae_mean,2,test/intermediate_algebra/752.json,-4.0,coherent_gc,0.0,0.0,0.0
tsae_mean,2,test/intermediate_algebra/894.json,-4.0,coherent_gc,1.0,1.0,0.0
tsae_mean,2,test/number_theory/1002.json,-4.0,coherent_gc,0.0,0.0,0.0
tsae_mean,2,test/number_theory/149.json,-4.0,coherent_gc,0.0,0.0,0.0
tsae_mean,2,test/number_theory/515.json,-4.0,coherent_gc,0.0,0.0,0.0
tsae_mean,2,test/prealgebra/1113.json,-4.0,coherent_gc,0.0,0.0,0.0
tsae_mean,2,test/prealgebra/1128.json,-4.0,coherent_gc,0.0,0.0,0.0
tsae_mean,2,test/prealgebra/1139.json,-4.0,coherent_gc,0.0,1.0,1.0
tsae_mean,2,test/prealgebra/1238.json,-4.0,coherent_gc,0.0,0.0,0.0
tsae_mean,2,test/prealgebra/1251.json,-4.0,coherent_gc,0.0,0.0,0.0
tsae_mean,2,test/prealgebra/1252.json,-4.0,coherent_gc,0.0,0.0,0.0
tsae_mean,2,test/prealgebra/1272.json,-4.0,coherent_gc,0.0,0.0,0.0
tsae_mean,2,test/prealgebra/1423.json,-4.0,coherent_gc,0.0,0.0,0.0
tsae_mean,2,test/prealgebra/1622.json,-4.0,coherent_gc,0.0,0.0,0.0
tsae_mean,2,test/prealgebra/1646.json,-4.0,coherent_gc,0.0,1.0,1.0
tsae_mean,2,test/prealgebra/1787.json,-4.0,coherent_gc,0.0,0.0,0.0
tsae_mean,2,test/prealgebra/1834.json,-4.0,coherent_gc,0.0,0.0,0.0
tsae_mean,2,test/prealgebra/1922.json,-4.0,coherent_gc,0.0,0.0,0.0
tsae_mean,2,test/prealgebra/1961.json,-4.0,coherent_gc,0.0,0.0,0.0
tsae_mean,2,test/prealgebra/2019.json,-4.0,coherent_gc,0.0,0.0,0.0
tsae_mean,2,test/prealgebra/2066.json,-4.0,coherent_gc,0.0,0.0,0.0
tsae_mean,2,test/prealgebra/505.json,-4.0,coherent_gc,0.0,0.0,0.0
tsae_mean,2,test/prealgebra/65.json,-4.0,coherent_gc,0.0,0.0,0.0
tsae_mean,2,test/prealgebra/996.json,-4.0,coherent_gc,0.0,0.0,0.0
tsae_mean,2,test/precalculus/1082.json,-4.0,coherent_gc,1.0,0.0,-1.0
tsae_mean,2,test/precalculus/1105.json,-4.0,coherent_gc,0.0,0.0,0.0
tsae_mean,2,test/precalculus/1199.json,-4.0,coherent_gc,1.0,1.0,0.0
tsae_mean,2,test/precalculus/1303.json,-4.0,coherent_gc,0.0,0.0,0.0
tsae_mean,2,test/precalculus/398.json,-4.0,coherent_gc,1.0,1.0,0.0
tsae_mean,2,test/precalculus/43.json,-4.0,coherent_gc,0.0,0.0,0.0
tsae_mean,2,test/precalculus/541.json,-4.0,coherent_gc,0.0,0.0,0.0
tsae_mean,2,test/precalculus/580.json,-4.0,coherent_gc,0.0,0.0,0.0
tsae_mean,2,test/precalculus/779.json,-4.0,coherent_gc,0.0,0.0,0.0
tsae_mean,2,test/precalculus/927.json,-4.0,coherent_gc,2.0,2.0,0.0
tsae_mean,2,test/precalculus/96.json,-4.0,coherent_gc,1.0,0.0,-1.0
tsae_mean,2,test/precalculus/986.json,-4.0,coherent_gc,0.0,1.0,1.0
tsae_mean,2,test/algebra/1082.json,-4.0,coherent_bt,0.0,0.0,0.0
tsae_mean,2,test/algebra/109.json,-4.0,coherent_bt,0.0,0.0,0.0
tsae_mean,2,test/algebra/1098.json,-4.0,coherent_bt,0.0,0.0,0.0
tsae_mean,2,test/algebra/1214.json,-4.0,coherent_bt,0.0,0.0,0.0
tsae_mean,2,test/algebra/1265.json,-4.0,coherent_bt,0.0,0.0,0.0
tsae_mean,2,test/algebra/1282.json,-4.0,coherent_bt,0.0,1.0,1.0
tsae_mean,2,test/algebra/1338.json,-4.0,coherent_bt,0.0,0.0,0.0
tsae_mean,2,test/algebra/1349.json,-4.0,coherent_bt,0.0,0.0,0.0
tsae_mean,2,test/algebra/1553.json,-4.0,coherent_bt,0.0,0.0,0.0
tsae_mean,2,test/algebra/1934.json,-4.0,coherent_bt,0.0,0.0,0.0
tsae_mean,2,test/algebra/1960.json,-4.0,coherent_bt,0.0,0.0,0.0
tsae_mean,2,test/algebra/2043.json,-4.0,coherent_bt,1.0,1.0,0.0
tsae_mean,2,test/algebra/2046.json,-4.0,coherent_bt,0.0,0.0,0.0
tsae_mean,2,test/algebra/2159.json,-4.0,coherent_bt,1.0,1.0,0.0
tsae_mean,2,test/algebra/2264.json,-4.0,coherent_bt,0.0,0.0,0.0
tsae_mean,2,test/algebra/2427.json,-4.0,coherent_bt,0.0,0.0,0.0
tsae_mean,2,test/algebra/2430.json,-4.0,coherent_bt,1.0,0.0,-1.0
tsae_mean,2,test/algebra/2476.json,-4.0,coherent_bt,0.0,0.0,0.0
tsae_mean,2,test/algebra/2486.json,-4.0,coherent_bt,0.0,0.0,0.0
tsae_mean,2,test/algebra/2570.json,-4.0,coherent_bt,1.0,0.0,-1.0
tsae_mean,2,test/algebra/2593.json,-4.0,coherent_bt,0.0,0.0,0.0
tsae_mean,2,test/algebra/2735.json,-4.0,coherent_bt,0.0,0.0,0.0
tsae_mean,2,test/algebra/2779.json,-4.0,coherent_bt,0.0,0.0,0.0
tsae_mean,2,test/algebra/297.json,-4.0,coherent_bt,0.0,0.0,0.0
tsae_mean,2,test/algebra/425.json,-4.0,coherent_bt,0.0,0.0,0.0
tsae_mean,2,test/algebra/634.json,-4.0,coherent_bt,0.0,1.0,1.0
tsae_mean,2,test/algebra/661.json,-4.0,coherent_bt,0.0,0.0,0.0
tsae_mean,2,test/algebra/769.json,-4.0,coherent_bt,0.0,0.0,0.0
tsae_mean,2,test/algebra/824.json,-4.0,coherent_bt,0.0,0.0,0.0
tsae_mean,2,test/algebra/892.json,-4.0,coherent_bt,1.0,1.0,0.0
tsae_mean,2,test/counting_and_probability/1009.json,-4.0,coherent_bt,0.0,0.0,0.0
tsae_mean,2,test/counting_and_probability/1014.json,-4.0,coherent_bt,0.0,0.0,0.0
tsae_mean,2,test/counting_and_probability/1060.json,-4.0,coherent_bt,0.0,0.0,0.0
tsae_mean,2,test/counting_and_probability/119.json,-4.0,coherent_bt,0.0,0.0,0.0
tsae_mean,2,test/counting_and_probability/25149.json,-4.0,coherent_bt,0.0,0.0,0.0
tsae_mean,2,test/counting_and_probability/508.json,-4.0,coherent_bt,0.0,0.0,0.0
tsae_mean,2,test/counting_and_probability/525.json,-4.0,coherent_bt,0.0,1.0,1.0
tsae_mean,2,test/counting_and_probability/894.json,-4.0,coherent_bt,0.0,0.0,0.0
tsae_mean,2,test/geometry/1140.json,-4.0,coherent_bt,1.0,0.0,-1.0
tsae_mean,2,test/geometry/254.json,-4.0,coherent_bt,0.0,0.0,0.0
tsae_mean,2,test/geometry/456.json,-4.0,coherent_bt,0.0,0.0,0.0
tsae_mean,2,test/geometry/465.json,-4.0,coherent_bt,1.0,1.0,0.0
tsae_mean,2,test/geometry/538.json,-4.0,coherent_bt,0.0,0.0,0.0
tsae_mean,2,test/geometry/561.json,-4.0,coherent_bt,0.0,1.0,1.0
tsae_mean,2,test/geometry/615.json,-4.0,coherent_bt,1.0,0.0,-1.0
tsae_mean,2,test/geometry/711.json,-4.0,coherent_bt,1.0,0.0,-1.0
tsae_mean,2,test/geometry/795.json,-4.0,coherent_bt,0.0,0.0,0.0
tsae_mean,2,test/geometry/843.json,-4.0,coherent_bt,0.0,0.0,0.0
tsae_mean,2,test/geometry/846.json,-4.0,coherent_bt,1.0,1.0,0.0
tsae_mean,2,test/intermediate_algebra/101.json,-4.0,coherent_bt,0.0,0.0,0.0
tsae_mean,2,test/intermediate_algebra/102.json,-4.0,coherent_bt,0.0,0.0,0.0
tsae_mean,2,test/intermediate_algebra/1354.json,-4.0,coherent_bt,0.0,0.0,0.0
tsae_mean,2,test/intermediate_algebra/1467.json,-4.0,coherent_bt,1.0,1.0,0.0
tsae_mean,2,test/intermediate_algebra/1555.json,-4.0,coherent_bt,0.0,0.0,0.0
tsae_mean,2,test/intermediate_algebra/1714.json,-4.0,coherent_bt,0.0,0.0,0.0
tsae_mean,2,test/intermediate_algebra/1779.json,-4.0,coherent_bt,0.0,0.0,0.0
tsae_mean,2,test/intermediate_algebra/199.json,-4.0,coherent_bt,1.0,1.0,0.0
tsae_mean,2,test/intermediate_algebra/1994.json,-4.0,coherent_bt,0.0,0.0,0.0
tsae_mean,2,test/intermediate_algebra/2046.json,-4.0,coherent_bt,0.0,1.0,1.0
tsae_mean,2,test/intermediate_algebra/345.json,-4.0,coherent_bt,0.0,0.0,0.0
tsae_mean,2,test/intermediate_algebra/446.json,-4.0,coherent_bt,0.0,0.0,0.0
tsae_mean,2,test/intermediate_algebra/47.json,-4.0,coherent_bt,0.0,0.0,0.0
tsae_mean,2,test/intermediate_algebra/607.json,-4.0,coherent_bt,1.0,0.0,-1.0
tsae_mean,2,test/intermediate_algebra/690.json,-4.0,coherent_bt,1.0,0.0,-1.0
tsae_mean,2,test/intermediate_algebra/752.json,-4.0,coherent_bt,0.0,0.0,0.0
tsae_mean,2,test/intermediate_algebra/894.json,-4.0,coherent_bt,1.0,1.0,0.0
tsae_mean,2,test/number_theory/1002.json,-4.0,coherent_bt,0.0,0.0,0.0
tsae_mean,2,test/number_theory/149.json,-4.0,coherent_bt,0.0,0.0,0.0
tsae_mean,2,test/number_theory/515.json,-4.0,coherent_bt,0.0,0.0,0.0
tsae_mean,2,test/prealgebra/1113.json,-4.0,coherent_bt,0.0,0.0,0.0
tsae_mean,2,test/prealgebra/1128.json,-4.0,coherent_bt,0.0,0.0,0.0
tsae_mean,2,test/prealgebra/1139.json,-4.0,coherent_bt,0.0,1.0,1.0
tsae_mean,2,test/prealgebra/1238.json,-4.0,coherent_bt,0.0,0.0,0.0
tsae_mean,2,test/prealgebra/1251.json,-4.0,coherent_bt,0.0,0.0,0.0
tsae_mean,2,test/prealgebra/1252.json,-4.0,coherent_bt,0.0,0.0,0.0
tsae_mean,2,test/prealgebra/1272.json,-4.0,coherent_bt,0.0,0.0,0.0
tsae_mean,2,test/prealgebra/1423.json,-4.0,coherent_bt,0.0,0.0,0.0
tsae_mean,2,test/prealgebra/1622.json,-4.0,coherent_bt,0.0,0.0,0.0
tsae_mean,2,test/prealgebra/1646.json,-4.0,coherent_bt,0.0,1.0,1.0
tsae_mean,2,test/prealgebra/1787.json,-4.0,coherent_bt,0.0,0.0,0.0
tsae_mean,2,test/prealgebra/1834.json,-4.0,coherent_bt,0.0,0.0,0.0
tsae_mean,2,test/prealgebra/1922.json,-4.0,coherent_bt,0.0,0.0,0.0
tsae_mean,2,test/prealgebra/1961.json,-4.0,coherent_bt,0.0,0.0,0.0
tsae_mean,2,test/prealgebra/2019.json,-4.0,coherent_bt,0.0,0.0,0.0
tsae_mean,2,test/prealgebra/2066.json,-4.0,coherent_bt,0.0,0.0,0.0
tsae_mean,2,test/prealgebra/505.json,-4.0,coherent_bt,0.0,0.0,0.0
tsae_mean,2,test/prealgebra/65.json,-4.0,coherent_bt,0.0,0.0,0.0
tsae_mean,2,test/prealgebra/996.json,-4.0,coherent_bt,0.0,0.0,0.0
tsae_mean,2,test/precalculus/1082.json,-4.0,coherent_bt,1.0,0.0,-1.0
tsae_mean,2,test/precalculus/1105.json,-4.0,coherent_bt,0.0,0.0,0.0
tsae_mean,2,test/precalculus/1199.json,-4.0,coherent_bt,1.0,1.0,0.0
tsae_mean,2,test/precalculus/1303.json,-4.0,coherent_bt,0.0,0.0,0.0
tsae_mean,2,test/precalculus/398.json,-4.0,coherent_bt,1.0,1.0,0.0
tsae_mean,2,test/precalculus/43.json,-4.0,coherent_bt,0.0,0.0,0.0
tsae_mean,2,test/precalculus/541.json,-4.0,coherent_bt,0.0,0.0,0.0
tsae_mean,2,test/precalculus/580.json,-4.0,coherent_bt,0.0,0.0,0.0
tsae_mean,2,test/precalculus/779.json,-4.0,coherent_bt,0.0,0.0,0.0
tsae_mean,2,test/precalculus/927.json,-4.0,coherent_bt,1.0,1.0,0.0
tsae_mean,2,test/precalculus/96.json,-4.0,coherent_bt,1.0,0.0,-1.0
tsae_mean,2,test/precalculus/986.json,-4.0,coherent_bt,0.0,1.0,1.0
tsae_mean,2,test/algebra/1082.json,-4.0,incoherent,0.0,0.0,0.0
tsae_mean,2,test/algebra/109.json,-4.0,incoherent,0.0,0.0,0.0
tsae_mean,2,test/algebra/1098.json,-4.0,incoherent,0.0,0.0,0.0
tsae_mean,2,test/algebra/1214.json,-4.0,incoherent,0.0,0.0,0.0
tsae_mean,2,test/algebra/1265.json,-4.0,incoherent,0.0,0.0,0.0
tsae_mean,2,test/algebra/1282.json,-4.0,incoherent,0.0,0.0,0.0
tsae_mean,2,test/algebra/1338.json,-4.0,incoherent,0.0,0.0,0.0
tsae_mean,2,test/algebra/1349.json,-4.0,incoherent,0.0,0.0,0.0
tsae_mean,2,test/algebra/1553.json,-4.0,incoherent,0.0,0.0,0.0
tsae_mean,2,test/algebra/1934.json,-4.0,incoherent,0.0,0.0,0.0
tsae_mean,2,test/algebra/1960.json,-4.0,incoherent,0.0,0.0,0.0
tsae_mean,2,test/algebra/2043.json,-4.0,incoherent,0.0,0.0,0.0
tsae_mean,2,test/algebra/2046.json,-4.0,incoherent,0.0,0.0,0.0
tsae_mean,2,test/algebra/2159.json,-4.0,incoherent,0.0,0.0,0.0
tsae_mean,2,test/algebra/2264.json,-4.0,incoherent,0.0,0.0,0.0
tsae_mean,2,test/algebra/2427.json,-4.0,incoherent,0.0,0.0,0.0
tsae_mean,2,test/algebra/2430.json,-4.0,incoherent,0.0,0.0,0.0
tsae_mean,2,test/algebra/2476.json,-4.0,incoherent,0.0,0.0,0.0
tsae_mean,2,test/algebra/2486.json,-4.0,incoherent,0.0,0.0,0.0
tsae_mean,2,test/algebra/2570.json,-4.0,incoherent,0.0,0.0,0.0
tsae_mean,2,test/algebra/2593.json,-4.0,incoherent,0.0,0.0,0.0
tsae_mean,2,test/algebra/2735.json,-4.0,incoherent,0.0,0.0,0.0
tsae_mean,2,test/algebra/2779.json,-4.0,incoherent,0.0,0.0,0.0
tsae_mean,2,test/algebra/297.json,-4.0,incoherent,0.0,0.0,0.0
tsae_mean,2,test/algebra/425.json,-4.0,incoherent,0.0,0.0,0.0
tsae_mean,2,test/algebra/634.json,-4.0,incoherent,0.0,0.0,0.0
tsae_mean,2,test/algebra/661.json,-4.0,incoherent,0.0,0.0,0.0
tsae_mean,2,test/algebra/769.json,-4.0,incoherent,0.0,0.0,0.0
tsae_mean,2,test/algebra/824.json,-4.0,incoherent,0.0,0.0,0.0
tsae_mean,2,test/algebra/892.json,-4.0,incoherent,0.0,0.0,0.0
tsae_mean,2,test/counting_and_probability/1009.json,-4.0,incoherent,0.0,0.0,0.0
tsae_mean,2,test/counting_and_probability/1014.json,-4.0,incoherent,0.0,0.0,0.0
tsae_mean,2,test/counting_and_probability/1060.json,-4.0,incoherent,0.0,0.0,0.0
tsae_mean,2,test/counting_and_probability/119.json,-4.0,incoherent,0.0,0.0,0.0
tsae_mean,2,test/counting_and_probability/25149.json,-4.0,incoherent,0.0,0.0,0.0
tsae_mean,2,test/counting_and_probability/508.json,-4.0,incoherent,0.0,0.0,0.0
tsae_mean,2,test/counting_and_probability/525.json,-4.0,incoherent,0.0,0.0,0.0
tsae_mean,2,test/counting_and_probability/894.json,-4.0,incoherent,0.0,0.0,0.0
tsae_mean,2,test/geometry/1140.json,-4.0,incoherent,0.0,0.0,0.0
tsae_mean,2,test/geometry/254.json,-4.0,incoherent,0.0,0.0,0.0
tsae_mean,2,test/geometry/456.json,-4.0,incoherent,0.0,0.0,0.0
tsae_mean,2,test/geometry/465.json,-4.0,incoherent,0.0,0.0,0.0
tsae_mean,2,test/geometry/538.json,-4.0,incoherent,0.0,0.0,0.0
tsae_mean,2,test/geometry/561.json,-4.0,incoherent,0.0,0.0,0.0
tsae_mean,2,test/geometry/615.json,-4.0,incoherent,0.0,0.0,0.0
tsae_mean,2,test/geometry/711.json,-4.0,incoherent,0.0,0.0,0.0
tsae_mean,2,test/geometry/795.json,-4.0,incoherent,0.0,0.0,0.0
tsae_mean,2,test/geometry/843.json,-4.0,incoherent,0.0,0.0,0.0
tsae_mean,2,test/geometry/846.json,-4.0,incoherent,0.0,0.0,0.0
tsae_mean,2,test/intermediate_algebra/101.json,-4.0,incoherent,0.0,0.0,0.0
tsae_mean,2,test/intermediate_algebra/102.json,-4.0,incoherent,0.0,0.0,0.0
tsae_mean,2,test/intermediate_algebra/1354.json,-4.0,incoherent,0.0,0.0,0.0
tsae_mean,2,test/intermediate_algebra/1467.json,-4.0,incoherent,0.0,0.0,0.0
tsae_mean,2,test/intermediate_algebra/1555.json,-4.0,incoherent,0.0,0.0,0.0
tsae_mean,2,test/intermediate_algebra/1714.json,-4.0,incoherent,0.0,0.0,0.0
tsae_mean,2,test/intermediate_algebra/1779.json,-4.0,incoherent,0.0,0.0,0.0
tsae_mean,2,test/intermediate_algebra/199.json,-4.0,incoherent,0.0,0.0,0.0
tsae_mean,2,test/intermediate_algebra/1994.json,-4.0,incoherent,0.0,0.0,0.0
tsae_mean,2,test/intermediate_algebra/2046.json,-4.0,incoherent,0.0,0.0,0.0
tsae_mean,2,test/intermediate_algebra/345.json,-4.0,incoherent,0.0,0.0,0.0
tsae_mean,2,test/intermediate_algebra/446.json,-4.0,incoherent,0.0,0.0,0.0
tsae_mean,2,test/intermediate_algebra/47.json,-4.0,incoherent,0.0,0.0,0.0
tsae_mean,2,test/intermediate_algebra/607.json,-4.0,incoherent,0.0,0.0,0.0
tsae_mean,2,test/intermediate_algebra/690.json,-4.0,incoherent,0.0,0.0,0.0
tsae_mean,2,test/intermediate_algebra/752.json,-4.0,incoherent,0.0,0.0,0.0
tsae_mean,2,test/intermediate_algebra/894.json,-4.0,incoherent,0.0,0.0,0.0
tsae_mean,2,test/number_theory/1002.json,-4.0,incoherent,0.0,0.0,0.0
tsae_mean,2,test/number_theory/149.json,-4.0,incoherent,0.0,0.0,0.0
tsae_mean,2,test/number_theory/515.json,-4.0,incoherent,0.0,0.0,0.0
tsae_mean,2,test/prealgebra/1113.json,-4.0,incoherent,0.0,0.0,0.0
tsae_mean,2,test/prealgebra/1128.json,-4.0,incoherent,0.0,0.0,0.0
tsae_mean,2,test/prealgebra/1139.json,-4.0,incoherent,0.0,0.0,0.0
tsae_mean,2,test/prealgebra/1238.json,-4.0,incoherent,0.0,0.0,0.0
tsae_mean,2,test/prealgebra/1251.json,-4.0,incoherent,0.0,0.0,0.0
tsae_mean,2,test/prealgebra/1252.json,-4.0,incoherent,0.0,0.0,0.0
tsae_mean,2,test/prealgebra/1272.json,-4.0,incoherent,0.0,0.0,0.0
tsae_mean,2,test/prealgebra/1423.json,-4.0,incoherent,0.0,0.0,0.0
tsae_mean,2,test/prealgebra/1622.json,-4.0,incoherent,0.0,0.0,0.0
tsae_mean,2,test/prealgebra/1646.json,-4.0,incoherent,0.0,0.0,0.0
tsae_mean,2,test/prealgebra/1787.json,-4.0,incoherent,0.0,0.0,0.0
tsae_mean,2,test/prealgebra/1834.json,-4.0,incoherent,0.0,0.0,0.0
tsae_mean,2,test/prealgebra/1922.json,-4.0,incoherent,0.0,0.0,0.0
tsae_mean,2,test/prealgebra/1961.json,-4.0,incoherent,0.0,0.0,0.0
tsae_mean,2,test/prealgebra/2019.json,-4.0,incoherent,0.0,0.0,0.0
tsae_mean,2,test/prealgebra/2066.json,-4.0,incoherent,0.0,0.0,0.0
tsae_mean,2,test/prealgebra/505.json,-4.0,incoherent,0.0,0.0,0.0
tsae_mean,2,test/prealgebra/65.json,-4.0,incoherent,0.0,0.0,0.0
tsae_mean,2,test/prealgebra/996.json,-4.0,incoherent,0.0,0.0,0.0
tsae_mean,2,test/precalculus/1082.json,-4.0,incoherent,0.0,0.0,0.0
tsae_mean,2,test/precalculus/1105.json,-4.0,incoherent,0.0,0.0,0.0
tsae_mean,2,test/precalculus/1199.json,-4.0,incoherent,0.0,0.0,0.0
tsae_mean,2,test/precalculus/1303.json,-4.0,incoherent,0.0,0.0,0.0
tsae_mean,2,test/precalculus/398.json,-4.0,incoherent,0.0,0.0,0.0
tsae_mean,2,test/precalculus/43.json,-4.0,incoherent,0.0,0.0,0.0
tsae_mean,2,test/precalculus/541.json,-4.0,incoherent,0.0,0.0,0.0
tsae_mean,2,test/precalculus/580.json,-4.0,incoherent,0.0,0.0,0.0
tsae_mean,2,test/precalculus/779.json,-4.0,incoherent,0.0,0.0,0.0
tsae_mean,2,test/precalculus/927.json,-4.0,incoherent,0.0,0.0,0.0
tsae_mean,2,test/precalculus/96.json,-4.0,incoherent,0.0,0.0,0.0
tsae_mean,2,test/precalculus/986.json,-4.0,incoherent,0.0,0.0,0.0
tsae_mean,2,test/algebra/1082.json,-4.0,correct,0.0,0.0,0.0
tsae_mean,2,test/algebra/109.json,-4.0,correct,1.0,1.0,0.0
tsae_mean,2,test/algebra/1098.json,-4.0,correct,1.0,1.0,0.0
tsae_mean,2,test/algebra/1214.json,-4.0,correct,1.0,0.0,-1.0
tsae_mean,2,test/algebra/1265.json,-4.0,correct,1.0,1.0,0.0
tsae_mean,2,test/algebra/1282.json,-4.0,correct,0.0,0.0,0.0
tsae_mean,2,test/algebra/1338.json,-4.0,correct,1.0,0.0,-1.0
tsae_mean,2,test/algebra/1349.json,-4.0,correct,0.0,0.0,0.0
tsae_mean,2,test/algebra/1553.json,-4.0,correct,0.0,1.0,1.0
tsae_mean,2,test/algebra/1934.json,-4.0,correct,1.0,0.0,-1.0
tsae_mean,2,test/algebra/1960.json,-4.0,correct,1.0,0.0,-1.0
tsae_mean,2,test/algebra/2043.json,-4.0,correct,1.0,1.0,0.0
tsae_mean,2,test/algebra/2046.json,-4.0,correct,1.0,0.0,-1.0
tsae_mean,2,test/algebra/2159.json,-4.0,correct,0.0,0.0,0.0
tsae_mean,2,test/algebra/2264.json,-4.0,correct,1.0,0.0,-1.0
tsae_mean,2,test/algebra/2427.json,-4.0,correct,0.0,0.0,0.0
tsae_mean,2,test/algebra/2430.json,-4.0,correct,0.0,0.0,0.0
tsae_mean,2,test/algebra/2476.json,-4.0,correct,0.0,1.0,1.0
tsae_mean,2,test/algebra/2486.json,-4.0,correct,1.0,0.0,-1.0
tsae_mean,2,test/algebra/2570.json,-4.0,correct,1.0,0.0,-1.0
tsae_mean,2,test/algebra/2593.json,-4.0,correct,1.0,1.0,0.0
tsae_mean,2,test/algebra/2735.json,-4.0,correct,0.0,0.0,0.0
tsae_mean,2,test/algebra/2779.json,-4.0,correct,1.0,1.0,0.0
tsae_mean,2,test/algebra/297.json,-4.0,correct,0.0,0.0,0.0
tsae_mean,2,test/algebra/425.json,-4.0,correct,1.0,1.0,0.0
tsae_mean,2,test/algebra/634.json,-4.0,correct,0.0,0.0,0.0
tsae_mean,2,test/algebra/661.json,-4.0,correct,1.0,1.0,0.0
tsae_mean,2,test/algebra/769.json,-4.0,correct,1.0,1.0,0.0
tsae_mean,2,test/algebra/824.json,-4.0,correct,1.0,1.0,0.0
tsae_mean,2,test/algebra/892.json,-4.0,correct,0.0,0.0,0.0
tsae_mean,2,test/counting_and_probability/1009.json,-4.0,correct,1.0,1.0,0.0
tsae_mean,2,test/counting_and_probability/1014.json,-4.0,correct,1.0,1.0,0.0
tsae_mean,2,test/counting_and_probability/1060.json,-4.0,correct,0.0,0.0,0.0
tsae_mean,2,test/counting_and_probability/119.json,-4.0,correct,0.0,0.0,0.0
tsae_mean,2,test/counting_and_probability/25149.json,-4.0,correct,1.0,0.0,-1.0
tsae_mean,2,test/counting_and_probability/508.json,-4.0,correct,0.0,0.0,0.0
tsae_mean,2,test/counting_and_probability/525.json,-4.0,correct,0.0,0.0,0.0
tsae_mean,2,test/counting_and_probability/894.json,-4.0,correct,1.0,0.0,-1.0
tsae_mean,2,test/geometry/1140.json,-4.0,correct,0.0,0.0,0.0
tsae_mean,2,test/geometry/254.json,-4.0,correct,0.0,1.0,1.0
tsae_mean,2,test/geometry/456.json,-4.0,correct,1.0,1.0,0.0
tsae_mean,2,test/geometry/465.json,-4.0,correct,0.0,0.0,0.0
tsae_mean,2,test/geometry/538.json,-4.0,correct,0.0,0.0,0.0
tsae_mean,2,test/geometry/561.json,-4.0,correct,0.0,0.0,0.0
tsae_mean,2,test/geometry/615.json,-4.0,correct,0.0,0.0,0.0
tsae_mean,2,test/geometry/711.json,-4.0,correct,0.0,0.0,0.0
tsae_mean,2,test/geometry/795.json,-4.0,correct,0.0,0.0,0.0
tsae_mean,2,test/geometry/843.json,-4.0,correct,1.0,1.0,0.0
tsae_mean,2,test/geometry/846.json,-4.0,correct,0.0,0.0,0.0
tsae_mean,2,test/intermediate_algebra/101.json,-4.0,correct,0.0,0.0,0.0
tsae_mean,2,test/intermediate_algebra/102.json,-4.0,correct,0.0,0.0,0.0
tsae_mean,2,test/intermediate_algebra/1354.json,-4.0,correct,0.0,0.0,0.0
tsae_mean,2,test/intermediate_algebra/1467.json,-4.0,correct,0.0,0.0,0.0
tsae_mean,2,test/intermediate_algebra/1555.json,-4.0,correct,0.0,0.0,0.0
tsae_mean,2,test/intermediate_algebra/1714.json,-4.0,correct,1.0,1.0,0.0
tsae_mean,2,test/intermediate_algebra/1779.json,-4.0,correct,0.0,0.0,0.0
tsae_mean,2,test/intermediate_algebra/199.json,-4.0,correct,0.0,0.0,0.0
tsae_mean,2,test/intermediate_algebra/1994.json,-4.0,correct,0.0,0.0,0.0
tsae_mean,2,test/intermediate_algebra/2046.json,-4.0,correct,0.0,0.0,0.0
tsae_mean,2,test/intermediate_algebra/345.json,-4.0,correct,0.0,0.0,0.0
tsae_mean,2,test/intermediate_algebra/446.json,-4.0,correct,0.0,0.0,0.0
tsae_mean,2,test/intermediate_algebra/47.json,-4.0,correct,0.0,0.0,0.0
tsae_mean,2,test/intermediate_algebra/607.json,-4.0,correct,0.0,0.0,0.0
tsae_mean,2,test/intermediate_algebra/690.json,-4.0,correct,0.0,1.0,1.0
tsae_mean,2,test/intermediate_algebra/752.json,-4.0,correct,0.0,0.0,0.0
tsae_mean,2,test/intermediate_algebra/894.json,-4.0,correct,0.0,0.0,0.0
tsae_mean,2,test/number_theory/1002.json,-4.0,correct,0.0,0.0,0.0
tsae_mean,2,test/number_theory/149.json,-4.0,correct,0.0,0.0,0.0
tsae_mean,2,test/number_theory/515.json,-4.0,correct,1.0,1.0,0.0
tsae_mean,2,test/prealgebra/1113.json,-4.0,correct,1.0,1.0,0.0
tsae_mean,2,test/prealgebra/1128.json,-4.0,correct,0.0,1.0,1.0
tsae_mean,2,test/prealgebra/1139.json,-4.0,correct,0.0,0.0,0.0
tsae_mean,2,test/prealgebra/1238.json,-4.0,correct,1.0,1.0,0.0
tsae_mean,2,test/prealgebra/1251.json,-4.0,correct,0.0,0.0,0.0
tsae_mean,2,test/prealgebra/1252.json,-4.0,correct,1.0,1.0,0.0
tsae_mean,2,test/prealgebra/1272.json,-4.0,correct,1.0,1.0,0.0
tsae_mean,2,test/prealgebra/1423.json,-4.0,correct,0.0,0.0,0.0
tsae_mean,2,test/prealgebra/1622.json,-4.0,correct,0.0,0.0,0.0
tsae_mean,2,test/prealgebra/1646.json,-4.0,correct,0.0,0.0,0.0
tsae_mean,2,test/prealgebra/1787.json,-4.0,correct,1.0,0.0,-1.0
tsae_mean,2,test/prealgebra/1834.json,-4.0,correct,0.0,1.0,1.0
tsae_mean,2,test/prealgebra/1922.json,-4.0,correct,0.0,0.0,0.0
tsae_mean,2,test/prealgebra/1961.json,-4.0,correct,0.0,0.0,0.0
tsae_mean,2,test/prealgebra/2019.json,-4.0,correct,1.0,0.0,-1.0
tsae_mean,2,test/prealgebra/2066.json,-4.0,correct,0.0,0.0,0.0
tsae_mean,2,test/prealgebra/505.json,-4.0,correct,1.0,1.0,0.0
tsae_mean,2,test/prealgebra/65.json,-4.0,correct,0.0,0.0,0.0
tsae_mean,2,test/prealgebra/996.json,-4.0,correct,0.0,1.0,1.0
tsae_mean,2,test/precalculus/1082.json,-4.0,correct,0.0,0.0,0.0
tsae_mean,2,test/precalculus/1105.json,-4.0,correct,0.0,0.0,0.0
tsae_mean,2,test/precalculus/1199.json,-4.0,correct,0.0,0.0,0.0
tsae_mean,2,test/precalculus/1303.json,-4.0,correct,0.0,0.0,0.0
tsae_mean,2,test/precalculus/398.json,-4.0,correct,0.0,0.0,0.0
tsae_mean,2,test/precalculus/43.json,-4.0,correct,0.0,1.0,1.0
tsae_mean,2,test/precalculus/541.json,-4.0,correct,0.0,0.0,0.0
tsae_mean,2,test/precalculus/580.json,-4.0,correct,0.0,0.0,0.0
tsae_mean,2,test/precalculus/779.json,-4.0,correct,1.0,1.0,0.0
tsae_mean,2,test/precalculus/927.json,-4.0,correct,0.0,0.0,0.0
tsae_mean,2,test/precalculus/96.json,-4.0,correct,0.0,0.0,0.0
tsae_mean,2,test/precalculus/986.json,-4.0,correct,0.0,0.0,0.0
tsae_mean,42,test/algebra/1082.json,-4.0,gc,0.0,0.0,0.0
tsae_mean,42,test/algebra/109.json,-4.0,gc,0.0,0.0,0.0
tsae_mean,42,test/algebra/1098.json,-4.0,gc,0.0,0.0,0.0
tsae_mean,42,test/algebra/1214.json,-4.0,gc,0.0,0.0,0.0
tsae_mean,42,test/algebra/1265.json,-4.0,gc,0.0,0.0,0.0
tsae_mean,42,test/algebra/1282.json,-4.0,gc,0.0,2.0,2.0
tsae_mean,42,test/algebra/1338.json,-4.0,gc,0.0,0.0,0.0
tsae_mean,42,test/algebra/1349.json,-4.0,gc,0.0,0.0,0.0
tsae_mean,42,test/algebra/1553.json,-4.0,gc,0.0,0.0,0.0
tsae_mean,42,test/algebra/1934.json,-4.0,gc,0.0,0.0,0.0
tsae_mean,42,test/algebra/1960.json,-4.0,gc,0.0,0.0,0.0
tsae_mean,42,test/algebra/2043.json,-4.0,gc,1.0,1.0,0.0
tsae_mean,42,test/algebra/2046.json,-4.0,gc,0.0,0.0,0.0
tsae_mean,42,test/algebra/2159.json,-4.0,gc,1.0,1.0,0.0
tsae_mean,42,test/algebra/2264.json,-4.0,gc,0.0,0.0,0.0
tsae_mean,42,test/algebra/2427.json,-4.0,gc,0.0,0.0,0.0
tsae_mean,42,test/algebra/2430.json,-4.0,gc,1.0,0.0,-1.0
tsae_mean,42,test/algebra/2476.json,-4.0,gc,0.0,0.0,0.0
tsae_mean,42,test/algebra/2486.json,-4.0,gc,0.0,0.0,0.0
tsae_mean,42,test/algebra/2570.json,-4.0,gc,1.0,0.0,-1.0
tsae_mean,42,test/algebra/2593.json,-4.0,gc,0.0,0.0,0.0
tsae_mean,42,test/algebra/2735.json,-4.0,gc,0.0,0.0,0.0
tsae_mean,42,test/algebra/2779.json,-4.0,gc,0.0,0.0,0.0
tsae_mean,42,test/algebra/297.json,-4.0,gc,0.0,0.0,0.0
tsae_mean,42,test/algebra/425.json,-4.0,gc,0.0,0.0,0.0
tsae_mean,42,test/algebra/634.json,-4.0,gc,0.0,1.0,1.0
tsae_mean,42,test/algebra/661.json,-4.0,gc,0.0,0.0,0.0
tsae_mean,42,test/algebra/769.json,-4.0,gc,0.0,0.0,0.0
tsae_mean,42,test/algebra/824.json,-4.0,gc,0.0,0.0,0.0
tsae_mean,42,test/algebra/892.json,-4.0,gc,1.0,0.0,-1.0
tsae_mean,42,test/counting_and_probability/1009.json,-4.0,gc,0.0,0.0,0.0
tsae_mean,42,test/counting_and_probability/1014.json,-4.0,gc,0.0,0.0,0.0
tsae_mean,42,test/counting_and_probability/1060.json,-4.0,gc,0.0,0.0,0.0
tsae_mean,42,test/counting_and_probability/119.json,-4.0,gc,0.0,0.0,0.0
tsae_mean,42,test/counting_and_probability/25149.json,-4.0,gc,0.0,1.0,1.0
tsae_mean,42,test/counting_and_probability/508.json,-4.0,gc,0.0,0.0,0.0
tsae_mean,42,test/counting_and_probability/525.json,-4.0,gc,0.0,1.0,1.0
tsae_mean,42,test/counting_and_probability/894.json,-4.0,gc,0.0,0.0,0.0
tsae_mean,42,test/geometry/1140.json,-4.0,gc,1.0,1.0,0.0
tsae_mean,42,test/geometry/254.json,-4.0,gc,0.0,0.0,0.0
tsae_mean,42,test/geometry/456.json,-4.0,gc,0.0,0.0,0.0
tsae_mean,42,test/geometry/465.json,-4.0,gc,1.0,1.0,0.0
tsae_mean,42,test/geometry/538.json,-4.0,gc,0.0,0.0,0.0
tsae_mean,42,test/geometry/561.json,-4.0,gc,0.0,0.0,0.0
tsae_mean,42,test/geometry/615.json,-4.0,gc,1.0,1.0,0.0
tsae_mean,42,test/geometry/711.json,-4.0,gc,1.0,2.0,1.0
tsae_mean,42,test/geometry/795.json,-4.0,gc,0.0,0.0,0.0
tsae_mean,42,test/geometry/843.json,-4.0,gc,0.0,0.0,0.0
tsae_mean,42,test/geometry/846.json,-4.0,gc,1.0,1.0,0.0
tsae_mean,42,test/intermediate_algebra/101.json,-4.0,gc,0.0,0.0,0.0
tsae_mean,42,test/intermediate_algebra/102.json,-4.0,gc,0.0,1.0,1.0
tsae_mean,42,test/intermediate_algebra/1354.json,-4.0,gc,0.0,0.0,0.0
tsae_mean,42,test/intermediate_algebra/1467.json,-4.0,gc,1.0,1.0,0.0
tsae_mean,42,test/intermediate_algebra/1555.json,-4.0,gc,0.0,0.0,0.0
tsae_mean,42,test/intermediate_algebra/1714.json,-4.0,gc,0.0,0.0,0.0
tsae_mean,42,test/intermediate_algebra/1779.json,-4.0,gc,0.0,1.0,1.0
tsae_mean,42,test/intermediate_algebra/199.json,-4.0,gc,1.0,1.0,0.0
tsae_mean,42,test/intermediate_algebra/1994.json,-4.0,gc,0.0,0.0,0.0
tsae_mean,42,test/intermediate_algebra/2046.json,-4.0,gc,0.0,1.0,1.0
tsae_mean,42,test/intermediate_algebra/345.json,-4.0,gc,0.0,0.0,0.0
tsae_mean,42,test/intermediate_algebra/446.json,-4.0,gc,0.0,0.0,0.0
tsae_mean,42,test/intermediate_algebra/47.json,-4.0,gc,0.0,0.0,0.0
tsae_mean,42,test/intermediate_algebra/607.json,-4.0,gc,1.0,1.0,0.0
tsae_mean,42,test/intermediate_algebra/690.json,-4.0,gc,1.0,0.0,-1.0
tsae_mean,42,test/intermediate_algebra/752.json,-4.0,gc,0.0,0.0,0.0
tsae_mean,42,test/intermediate_algebra/894.json,-4.0,gc,1.0,1.0,0.0
tsae_mean,42,test/number_theory/1002.json,-4.0,gc,0.0,0.0,0.0
tsae_mean,42,test/number_theory/149.json,-4.0,gc,0.0,0.0,0.0
tsae_mean,42,test/number_theory/515.json,-4.0,gc,0.0,0.0,0.0
tsae_mean,42,test/prealgebra/1113.json,-4.0,gc,0.0,0.0,0.0
tsae_mean,42,test/prealgebra/1128.json,-4.0,gc,0.0,0.0,0.0
tsae_mean,42,test/prealgebra/1139.json,-4.0,gc,0.0,0.0,0.0
tsae_mean,42,test/prealgebra/1238.json,-4.0,gc,0.0,0.0,0.0
tsae_mean,42,test/prealgebra/1251.json,-4.0,gc,0.0,0.0,0.0
tsae_mean,42,test/prealgebra/1252.json,-4.0,gc,0.0,0.0,0.0
tsae_mean,42,test/prealgebra/1272.json,-4.0,gc,0.0,0.0,0.0
tsae_mean,42,test/prealgebra/1423.json,-4.0,gc,0.0,0.0,0.0
tsae_mean,42,test/prealgebra/1622.json,-4.0,gc,0.0,0.0,0.0
tsae_mean,42,test/prealgebra/1646.json,-4.0,gc,0.0,0.0,0.0
tsae_mean,42,test/prealgebra/1787.json,-4.0,gc,0.0,0.0,0.0
tsae_mean,42,test/prealgebra/1834.json,-4.0,gc,0.0,0.0,0.0
tsae_mean,42,test/prealgebra/1922.json,-4.0,gc,0.0,0.0,0.0
tsae_mean,42,test/prealgebra/1961.json,-4.0,gc,0.0,0.0,0.0
tsae_mean,42,test/prealgebra/2019.json,-4.0,gc,0.0,0.0,0.0
tsae_mean,42,test/prealgebra/2066.json,-4.0,gc,0.0,0.0,0.0
tsae_mean,42,test/prealgebra/505.json,-4.0,gc,0.0,0.0,0.0
tsae_mean,42,test/prealgebra/65.json,-4.0,gc,0.0,0.0,0.0
tsae_mean,42,test/prealgebra/996.json,-4.0,gc,0.0,0.0,0.0
tsae_mean,42,test/precalculus/1082.json,-4.0,gc,1.0,0.0,-1.0
tsae_mean,42,test/precalculus/1105.json,-4.0,gc,0.0,0.0,0.0
tsae_mean,42,test/precalculus/1199.json,-4.0,gc,1.0,2.0,1.0
tsae_mean,42,test/precalculus/1303.json,-4.0,gc,0.0,0.0,0.0
tsae_mean,42,test/precalculus/398.json,-4.0,gc,1.0,1.0,0.0
tsae_mean,42,test/precalculus/43.json,-4.0,gc,0.0,0.0,0.0
tsae_mean,42,test/precalculus/541.json,-4.0,gc,0.0,0.0,0.0
tsae_mean,42,test/precalculus/580.json,-4.0,gc,0.0,0.0,0.0
tsae_mean,42,test/precalculus/779.json,-4.0,gc,0.0,0.0,0.0
tsae_mean,42,test/precalculus/927.json,-4.0,gc,2.0,2.0,0.0
tsae_mean,42,test/precalculus/96.json,-4.0,gc,1.0,0.0,-1.0
tsae_mean,42,test/precalculus/986.json,-4.0,gc,0.0,1.0,1.0
tsae_mean,42,test/algebra/1082.json,-4.0,coherent_gc,0.0,0.0,0.0
tsae_mean,42,test/algebra/109.json,-4.0,coherent_gc,0.0,0.0,0.0
tsae_mean,42,test/algebra/1098.json,-4.0,coherent_gc,0.0,0.0,0.0
tsae_mean,42,test/algebra/1214.json,-4.0,coherent_gc,0.0,0.0,0.0
tsae_mean,42,test/algebra/1265.json,-4.0,coherent_gc,0.0,0.0,0.0
tsae_mean,42,test/algebra/1282.json,-4.0,coherent_gc,0.0,2.0,2.0
tsae_mean,42,test/algebra/1338.json,-4.0,coherent_gc,0.0,0.0,0.0
tsae_mean,42,test/algebra/1349.json,-4.0,coherent_gc,0.0,0.0,0.0
tsae_mean,42,test/algebra/1553.json,-4.0,coherent_gc,0.0,0.0,0.0
tsae_mean,42,test/algebra/1934.json,-4.0,coherent_gc,0.0,0.0,0.0
tsae_mean,42,test/algebra/1960.json,-4.0,coherent_gc,0.0,0.0,0.0
tsae_mean,42,test/algebra/2043.json,-4.0,coherent_gc,1.0,1.0,0.0
tsae_mean,42,test/algebra/2046.json,-4.0,coherent_gc,0.0,0.0,0.0
tsae_mean,42,test/algebra/2159.json,-4.0,coherent_gc,1.0,1.0,0.0
tsae_mean,42,test/algebra/2264.json,-4.0,coherent_gc,0.0,0.0,0.0
tsae_mean,42,test/algebra/2427.json,-4.0,coherent_gc,0.0,0.0,0.0
tsae_mean,42,test/algebra/2430.json,-4.0,coherent_gc,1.0,0.0,-1.0
tsae_mean,42,test/algebra/2476.json,-4.0,coherent_gc,0.0,0.0,0.0
tsae_mean,42,test/algebra/2486.json,-4.0,coherent_gc,0.0,0.0,0.0
tsae_mean,42,test/algebra/2570.json,-4.0,coherent_gc,1.0,0.0,-1.0
tsae_mean,42,test/algebra/2593.json,-4.0,coherent_gc,0.0,0.0,0.0
tsae_mean,42,test/algebra/2735.json,-4.0,coherent_gc,0.0,0.0,0.0
tsae_mean,42,test/algebra/2779.json,-4.0,coherent_gc,0.0,0.0,0.0
tsae_mean,42,test/algebra/297.json,-4.0,coherent_gc,0.0,0.0,0.0
tsae_mean,42,test/algebra/425.json,-4.0,coherent_gc,0.0,0.0,0.0
tsae_mean,42,test/algebra/634.json,-4.0,coherent_gc,0.0,1.0,1.0
tsae_mean,42,test/algebra/661.json,-4.0,coherent_gc,0.0,0.0,0.0
tsae_mean,42,test/algebra/769.json,-4.0,coherent_gc,0.0,0.0,0.0
tsae_mean,42,test/algebra/824.json,-4.0,coherent_gc,0.0,0.0,0.0
tsae_mean,42,test/algebra/892.json,-4.0,coherent_gc,1.0,0.0,-1.0
tsae_mean,42,test/counting_and_probability/1009.json,-4.0,coherent_gc,0.0,0.0,0.0
tsae_mean,42,test/counting_and_probability/1014.json,-4.0,coherent_gc,0.0,0.0,0.0
tsae_mean,42,test/counting_and_probability/1060.json,-4.0,coherent_gc,0.0,0.0,0.0
tsae_mean,42,test/counting_and_probability/119.json,-4.0,coherent_gc,0.0,0.0,0.0
tsae_mean,42,test/counting_and_probability/25149.json,-4.0,coherent_gc,0.0,1.0,1.0
tsae_mean,42,test/counting_and_probability/508.json,-4.0,coherent_gc,0.0,0.0,0.0
tsae_mean,42,test/counting_and_probability/525.json,-4.0,coherent_gc,0.0,1.0,1.0
tsae_mean,42,test/counting_and_probability/894.json,-4.0,coherent_gc,0.0,0.0,0.0
tsae_mean,42,test/geometry/1140.json,-4.0,coherent_gc,1.0,1.0,0.0
tsae_mean,42,test/geometry/254.json,-4.0,coherent_gc,0.0,0.0,0.0
tsae_mean,42,test/geometry/456.json,-4.0,coherent_gc,0.0,0.0,0.0
tsae_mean,42,test/geometry/465.json,-4.0,coherent_gc,1.0,1.0,0.0
tsae_mean,42,test/geometry/538.json,-4.0,coherent_gc,0.0,0.0,0.0
tsae_mean,42,test/geometry/561.json,-4.0,coherent_gc,0.0,0.0,0.0
tsae_mean,42,test/geometry/615.json,-4.0,coherent_gc,1.0,1.0,0.0
tsae_mean,42,test/geometry/711.json,-4.0,coherent_gc,1.0,2.0,1.0
tsae_mean,42,test/geometry/795.json,-4.0,coherent_gc,0.0,0.0,0.0
tsae_mean,42,test/geometry/843.json,-4.0,coherent_gc,0.0,0.0,0.0
tsae_mean,42,test/geometry/846.json,-4.0,coherent_gc,1.0,0.0,-1.0
tsae_mean,42,test/intermediate_algebra/101.json,-4.0,coherent_gc,0.0,0.0,0.0
tsae_mean,42,test/intermediate_algebra/102.json,-4.0,coherent_gc,0.0,1.0,1.0
tsae_mean,42,test/intermediate_algebra/1354.json,-4.0,coherent_gc,0.0,0.0,0.0
tsae_mean,42,test/intermediate_algebra/1467.json,-4.0,coherent_gc,1.0,1.0,0.0
tsae_mean,42,test/intermediate_algebra/1555.json,-4.0,coherent_gc,0.0,0.0,0.0
tsae_mean,42,test/intermediate_algebra/1714.json,-4.0,coherent_gc,0.0,0.0,0.0
tsae_mean,42,test/intermediate_algebra/1779.json,-4.0,coherent_gc,0.0,1.0,1.0
tsae_mean,42,test/intermediate_algebra/199.json,-4.0,coherent_gc,1.0,1.0,0.0
tsae_mean,42,test/intermediate_algebra/1994.json,-4.0,coherent_gc,0.0,0.0,0.0
tsae_mean,42,test/intermediate_algebra/2046.json,-4.0,coherent_gc,0.0,1.0,1.0
tsae_mean,42,test/intermediate_algebra/345.json,-4.0,coherent_gc,0.0,0.0,0.0
tsae_mean,42,test/intermediate_algebra/446.json,-4.0,coherent_gc,0.0,0.0,0.0
tsae_mean,42,test/intermediate_algebra/47.json,-4.0,coherent_gc,0.0,0.0,0.0
tsae_mean,42,test/intermediate_algebra/607.json,-4.0,coherent_gc,1.0,1.0,0.0
tsae_mean,42,test/intermediate_algebra/690.json,-4.0,coherent_gc,1.0,0.0,-1.0
tsae_mean,42,test/intermediate_algebra/752.json,-4.0,coherent_gc,0.0,0.0,0.0
tsae_mean,42,test/intermediate_algebra/894.json,-4.0,coherent_gc,1.0,1.0,0.0
tsae_mean,42,test/number_theory/1002.json,-4.0,coherent_gc,0.0,0.0,0.0
tsae_mean,42,test/number_theory/149.json,-4.0,coherent_gc,0.0,0.0,0.0
tsae_mean,42,test/number_theory/515.json,-4.0,coherent_gc,0.0,0.0,0.0
tsae_mean,42,test/prealgebra/1113.json,-4.0,coherent_gc,0.0,0.0,0.0
tsae_mean,42,test/prealgebra/1128.json,-4.0,coherent_gc,0.0,0.0,0.0
tsae_mean,42,test/prealgebra/1139.json,-4.0,coherent_gc,0.0,0.0,0.0
tsae_mean,42,test/prealgebra/1238.json,-4.0,coherent_gc,0.0,0.0,0.0
tsae_mean,42,test/prealgebra/1251.json,-4.0,coherent_gc,0.0,0.0,0.0
tsae_mean,42,test/prealgebra/1252.json,-4.0,coherent_gc,0.0,0.0,0.0
tsae_mean,42,test/prealgebra/1272.json,-4.0,coherent_gc,0.0,0.0,0.0
tsae_mean,42,test/prealgebra/1423.json,-4.0,coherent_gc,0.0,0.0,0.0
tsae_mean,42,test/prealgebra/1622.json,-4.0,coherent_gc,0.0,0.0,0.0
tsae_mean,42,test/prealgebra/1646.json,-4.0,coherent_gc,0.0,0.0,0.0
tsae_mean,42,test/prealgebra/1787.json,-4.0,coherent_gc,0.0,0.0,0.0
tsae_mean,42,test/prealgebra/1834.json,-4.0,coherent_gc,0.0,0.0,0.0
tsae_mean,42,test/prealgebra/1922.json,-4.0,coherent_gc,0.0,0.0,0.0
tsae_mean,42,test/prealgebra/1961.json,-4.0,coherent_gc,0.0,0.0,0.0
tsae_mean,42,test/prealgebra/2019.json,-4.0,coherent_gc,0.0,0.0,0.0
tsae_mean,42,test/prealgebra/2066.json,-4.0,coherent_gc,0.0,0.0,0.0
tsae_mean,42,test/prealgebra/505.json,-4.0,coherent_gc,0.0,0.0,0.0
tsae_mean,42,test/prealgebra/65.json,-4.0,coherent_gc,0.0,0.0,0.0
tsae_mean,42,test/prealgebra/996.json,-4.0,coherent_gc,0.0,0.0,0.0
tsae_mean,42,test/precalculus/1082.json,-4.0,coherent_gc,1.0,0.0,-1.0
tsae_mean,42,test/precalculus/1105.json,-4.0,coherent_gc,0.0,0.0,0.0
tsae_mean,42,test/precalculus/1199.json,-4.0,coherent_gc,1.0,2.0,1.0
tsae_mean,42,test/precalculus/1303.json,-4.0,coherent_gc,0.0,0.0,0.0
tsae_mean,42,test/precalculus/398.json,-4.0,coherent_gc,1.0,1.0,0.0
tsae_mean,42,test/precalculus/43.json,-4.0,coherent_gc,0.0,0.0,0.0
tsae_mean,42,test/precalculus/541.json,-4.0,coherent_gc,0.0,0.0,0.0
tsae_mean,42,test/precalculus/580.json,-4.0,coherent_gc,0.0,0.0,0.0
tsae_mean,42,test/precalculus/779.json,-4.0,coherent_gc,0.0,0.0,0.0
tsae_mean,42,test/precalculus/927.json,-4.0,coherent_gc,2.0,2.0,0.0
tsae_mean,42,test/precalculus/96.json,-4.0,coherent_gc,1.0,0.0,-1.0
tsae_mean,42,test/precalculus/986.json,-4.0,coherent_gc,0.0,1.0,1.0
tsae_mean,42,test/algebra/1082.json,-4.0,coherent_bt,0.0,0.0,0.0
tsae_mean,42,test/algebra/109.json,-4.0,coherent_bt,0.0,0.0,0.0
tsae_mean,42,test/algebra/1098.json,-4.0,coherent_bt,0.0,0.0,0.0
tsae_mean,42,test/algebra/1214.json,-4.0,coherent_bt,0.0,0.0,0.0
tsae_mean,42,test/algebra/1265.json,-4.0,coherent_bt,0.0,0.0,0.0
tsae_mean,42,test/algebra/1282.json,-4.0,coherent_bt,0.0,1.0,1.0
tsae_mean,42,test/algebra/1338.json,-4.0,coherent_bt,0.0,0.0,0.0
tsae_mean,42,test/algebra/1349.json,-4.0,coherent_bt,0.0,0.0,0.0
tsae_mean,42,test/algebra/1553.json,-4.0,coherent_bt,0.0,0.0,0.0
tsae_mean,42,test/algebra/1934.json,-4.0,coherent_bt,0.0,0.0,0.0
tsae_mean,42,test/algebra/1960.json,-4.0,coherent_bt,0.0,0.0,0.0
tsae_mean,42,test/algebra/2043.json,-4.0,coherent_bt,1.0,1.0,0.0
tsae_mean,42,test/algebra/2046.json,-4.0,coherent_bt,0.0,0.0,0.0
tsae_mean,42,test/algebra/2159.json,-4.0,coherent_bt,1.0,1.0,0.0
tsae_mean,42,test/algebra/2264.json,-4.0,coherent_bt,0.0,0.0,0.0
tsae_mean,42,test/algebra/2427.json,-4.0,coherent_bt,0.0,0.0,0.0
tsae_mean,42,test/algebra/2430.json,-4.0,coherent_bt,1.0,0.0,-1.0
tsae_mean,42,test/algebra/2476.json,-4.0,coherent_bt,0.0,0.0,0.0
tsae_mean,42,test/algebra/2486.json,-4.0,coherent_bt,0.0,0.0,0.0
tsae_mean,42,test/algebra/2570.json,-4.0,coherent_bt,1.0,0.0,-1.0
tsae_mean,42,test/algebra/2593.json,-4.0,coherent_bt,0.0,0.0,0.0
tsae_mean,42,test/algebra/2735.json,-4.0,coherent_bt,0.0,0.0,0.0
tsae_mean,42,test/algebra/2779.json,-4.0,coherent_bt,0.0,0.0,0.0
tsae_mean,42,test/algebra/297.json,-4.0,coherent_bt,0.0,0.0,0.0
tsae_mean,42,test/algebra/425.json,-4.0,coherent_bt,0.0,0.0,0.0
tsae_mean,42,test/algebra/634.json,-4.0,coherent_bt,0.0,1.0,1.0
tsae_mean,42,test/algebra/661.json,-4.0,coherent_bt,0.0,0.0,0.0
tsae_mean,42,test/algebra/769.json,-4.0,coherent_bt,0.0,0.0,0.0
tsae_mean,42,test/algebra/824.json,-4.0,coherent_bt,0.0,0.0,0.0
tsae_mean,42,test/algebra/892.json,-4.0,coherent_bt,1.0,0.0,-1.0
tsae_mean,42,test/counting_and_probability/1009.json,-4.0,coherent_bt,0.0,0.0,0.0
tsae_mean,42,test/counting_and_probability/1014.json,-4.0,coherent_bt,0.0,0.0,0.0
tsae_mean,42,test/counting_and_probability/1060.json,-4.0,coherent_bt,0.0,0.0,0.0
tsae_mean,42,test/counting_and_probability/119.json,-4.0,coherent_bt,0.0,0.0,0.0
tsae_mean,42,test/counting_and_probability/25149.json,-4.0,coherent_bt,0.0,1.0,1.0
tsae_mean,42,test/counting_and_probability/508.json,-4.0,coherent_bt,0.0,0.0,0.0
tsae_mean,42,test/counting_and_probability/525.json,-4.0,coherent_bt,0.0,1.0,1.0
tsae_mean,42,test/counting_and_probability/894.json,-4.0,coherent_bt,0.0,0.0,0.0
tsae_mean,42,test/geometry/1140.json,-4.0,coherent_bt,1.0,1.0,0.0
tsae_mean,42,test/geometry/254.json,-4.0,coherent_bt,0.0,0.0,0.0
tsae_mean,42,test/geometry/456.json,-4.0,coherent_bt,0.0,0.0,0.0
tsae_mean,42,test/geometry/465.json,-4.0,coherent_bt,1.0,1.0,0.0
tsae_mean,42,test/geometry/538.json,-4.0,coherent_bt,0.0,0.0,0.0
tsae_mean,42,test/geometry/561.json,-4.0,coherent_bt,0.0,0.0,0.0
tsae_mean,42,test/geometry/615.json,-4.0,coherent_bt,1.0,1.0,0.0
tsae_mean,42,test/geometry/711.json,-4.0,coherent_bt,1.0,1.0,0.0
tsae_mean,42,test/geometry/795.json,-4.0,coherent_bt,0.0,0.0,0.0
tsae_mean,42,test/geometry/843.json,-4.0,coherent_bt,0.0,0.0,0.0
tsae_mean,42,test/geometry/846.json,-4.0,coherent_bt,1.0,0.0,-1.0
tsae_mean,42,test/intermediate_algebra/101.json,-4.0,coherent_bt,0.0,0.0,0.0
tsae_mean,42,test/intermediate_algebra/102.json,-4.0,coherent_bt,0.0,1.0,1.0
tsae_mean,42,test/intermediate_algebra/1354.json,-4.0,coherent_bt,0.0,0.0,0.0
tsae_mean,42,test/intermediate_algebra/1467.json,-4.0,coherent_bt,1.0,1.0,0.0
tsae_mean,42,test/intermediate_algebra/1555.json,-4.0,coherent_bt,0.0,0.0,0.0
tsae_mean,42,test/intermediate_algebra/1714.json,-4.0,coherent_bt,0.0,0.0,0.0
tsae_mean,42,test/intermediate_algebra/1779.json,-4.0,coherent_bt,0.0,1.0,1.0
tsae_mean,42,test/intermediate_algebra/199.json,-4.0,coherent_bt,1.0,1.0,0.0
tsae_mean,42,test/intermediate_algebra/1994.json,-4.0,coherent_bt,0.0,0.0,0.0
tsae_mean,42,test/intermediate_algebra/2046.json,-4.0,coherent_bt,0.0,1.0,1.0
tsae_mean,42,test/intermediate_algebra/345.json,-4.0,coherent_bt,0.0,0.0,0.0
tsae_mean,42,test/intermediate_algebra/446.json,-4.0,coherent_bt,0.0,0.0,0.0
tsae_mean,42,test/intermediate_algebra/47.json,-4.0,coherent_bt,0.0,0.0,0.0
tsae_mean,42,test/intermediate_algebra/607.json,-4.0,coherent_bt,1.0,1.0,0.0
tsae_mean,42,test/intermediate_algebra/690.json,-4.0,coherent_bt,1.0,0.0,-1.0
tsae_mean,42,test/intermediate_algebra/752.json,-4.0,coherent_bt,0.0,0.0,0.0
tsae_mean,42,test/intermediate_algebra/894.json,-4.0,coherent_bt,1.0,1.0,0.0
tsae_mean,42,test/number_theory/1002.json,-4.0,coherent_bt,0.0,0.0,0.0
tsae_mean,42,test/number_theory/149.json,-4.0,coherent_bt,0.0,0.0,0.0
tsae_mean,42,test/number_theory/515.json,-4.0,coherent_bt,0.0,0.0,0.0
tsae_mean,42,test/prealgebra/1113.json,-4.0,coherent_bt,0.0,0.0,0.0
tsae_mean,42,test/prealgebra/1128.json,-4.0,coherent_bt,0.0,0.0,0.0
tsae_mean,42,test/prealgebra/1139.json,-4.0,coherent_bt,0.0,0.0,0.0
tsae_mean,42,test/prealgebra/1238.json,-4.0,coherent_bt,0.0,0.0,0.0
tsae_mean,42,test/prealgebra/1251.json,-4.0,coherent_bt,0.0,0.0,0.0
tsae_mean,42,test/prealgebra/1252.json,-4.0,coherent_bt,0.0,0.0,0.0
tsae_mean,42,test/prealgebra/1272.json,-4.0,coherent_bt,0.0,0.0,0.0
tsae_mean,42,test/prealgebra/1423.json,-4.0,coherent_bt,0.0,0.0,0.0
tsae_mean,42,test/prealgebra/1622.json,-4.0,coherent_bt,0.0,0.0,0.0
tsae_mean,42,test/prealgebra/1646.json,-4.0,coherent_bt,0.0,0.0,0.0
tsae_mean,42,test/prealgebra/1787.json,-4.0,coherent_bt,0.0,0.0,0.0
tsae_mean,42,test/prealgebra/1834.json,-4.0,coherent_bt,0.0,0.0,0.0
tsae_mean,42,test/prealgebra/1922.json,-4.0,coherent_bt,0.0,0.0,0.0
tsae_mean,42,test/prealgebra/1961.json,-4.0,coherent_bt,0.0,0.0,0.0
tsae_mean,42,test/prealgebra/2019.json,-4.0,coherent_bt,0.0,0.0,0.0
tsae_mean,42,test/prealgebra/2066.json,-4.0,coherent_bt,0.0,0.0,0.0
tsae_mean,42,test/prealgebra/505.json,-4.0,coherent_bt,0.0,0.0,0.0
tsae_mean,42,test/prealgebra/65.json,-4.0,coherent_bt,0.0,0.0,0.0
tsae_mean,42,test/prealgebra/996.json,-4.0,coherent_bt,0.0,0.0,0.0
tsae_mean,42,test/precalculus/1082.json,-4.0,coherent_bt,1.0,0.0,-1.0
tsae_mean,42,test/precalculus/1105.json,-4.0,coherent_bt,0.0,0.0,0.0
tsae_mean,42,test/precalculus/1199.json,-4.0,coherent_bt,1.0,1.0,0.0
tsae_mean,42,test/precalculus/1303.json,-4.0,coherent_bt,0.0,0.0,0.0
tsae_mean,42,test/precalculus/398.json,-4.0,coherent_bt,1.0,1.0,0.0
tsae_mean,42,test/precalculus/43.json,-4.0,coherent_bt,0.0,0.0,0.0
tsae_mean,42,test/precalculus/541.json,-4.0,coherent_bt,0.0,0.0,0.0
tsae_mean,42,test/precalculus/580.json,-4.0,coherent_bt,0.0,0.0,0.0
tsae_mean,42,test/precalculus/779.json,-4.0,coherent_bt,0.0,0.0,0.0
tsae_mean,42,test/precalculus/927.json,-4.0,coherent_bt,1.0,1.0,0.0
tsae_mean,42,test/precalculus/96.json,-4.0,coherent_bt,1.0,0.0,-1.0
tsae_mean,42,test/precalculus/986.json,-4.0,coherent_bt,0.0,1.0,1.0
tsae_mean,42,test/algebra/1082.json,-4.0,incoherent,0.0,0.0,0.0
tsae_mean,42,test/algebra/109.json,-4.0,incoherent,0.0,0.0,0.0
tsae_mean,42,test/algebra/1098.json,-4.0,incoherent,0.0,0.0,0.0
tsae_mean,42,test/algebra/1214.json,-4.0,incoherent,0.0,0.0,0.0
tsae_mean,42,test/algebra/1265.json,-4.0,incoherent,0.0,0.0,0.0
tsae_mean,42,test/algebra/1282.json,-4.0,incoherent,0.0,0.0,0.0
tsae_mean,42,test/algebra/1338.json,-4.0,incoherent,0.0,0.0,0.0
tsae_mean,42,test/algebra/1349.json,-4.0,incoherent,0.0,0.0,0.0
tsae_mean,42,test/algebra/1553.json,-4.0,incoherent,0.0,0.0,0.0
tsae_mean,42,test/algebra/1934.json,-4.0,incoherent,0.0,0.0,0.0
tsae_mean,42,test/algebra/1960.json,-4.0,incoherent,0.0,0.0,0.0
tsae_mean,42,test/algebra/2043.json,-4.0,incoherent,0.0,0.0,0.0
tsae_mean,42,test/algebra/2046.json,-4.0,incoherent,0.0,0.0,0.0
tsae_mean,42,test/algebra/2159.json,-4.0,incoherent,0.0,0.0,0.0
tsae_mean,42,test/algebra/2264.json,-4.0,incoherent,0.0,0.0,0.0
tsae_mean,42,test/algebra/2427.json,-4.0,incoherent,0.0,0.0,0.0
tsae_mean,42,test/algebra/2430.json,-4.0,incoherent,0.0,0.0,0.0
tsae_mean,42,test/algebra/2476.json,-4.0,incoherent,0.0,0.0,0.0
tsae_mean,42,test/algebra/2486.json,-4.0,incoherent,0.0,0.0,0.0
tsae_mean,42,test/algebra/2570.json,-4.0,incoherent,0.0,0.0,0.0
tsae_mean,42,test/algebra/2593.json,-4.0,incoherent,0.0,0.0,0.0
tsae_mean,42,test/algebra/2735.json,-4.0,incoherent,0.0,0.0,0.0
tsae_mean,42,test/algebra/2779.json,-4.0,incoherent,0.0,0.0,0.0
tsae_mean,42,test/algebra/297.json,-4.0,incoherent,0.0,0.0,0.0
tsae_mean,42,test/algebra/425.json,-4.0,incoherent,0.0,0.0,0.0
tsae_mean,42,test/algebra/634.json,-4.0,incoherent,0.0,0.0,0.0
tsae_mean,42,test/algebra/661.json,-4.0,incoherent,0.0,0.0,0.0
tsae_mean,42,test/algebra/769.json,-4.0,incoherent,0.0,0.0,0.0
tsae_mean,42,test/algebra/824.json,-4.0,incoherent,0.0,0.0,0.0
tsae_mean,42,test/algebra/892.json,-4.0,incoherent,0.0,0.0,0.0
tsae_mean,42,test/counting_and_probability/1009.json,-4.0,incoherent,0.0,0.0,0.0
tsae_mean,42,test/counting_and_probability/1014.json,-4.0,incoherent,0.0,0.0,0.0
tsae_mean,42,test/counting_and_probability/1060.json,-4.0,incoherent,0.0,0.0,0.0
tsae_mean,42,test/counting_and_probability/119.json,-4.0,incoherent,0.0,0.0,0.0
tsae_mean,42,test/counting_and_probability/25149.json,-4.0,incoherent,0.0,0.0,0.0
tsae_mean,42,test/counting_and_probability/508.json,-4.0,incoherent,0.0,0.0,0.0
tsae_mean,42,test/counting_and_probability/525.json,-4.0,incoherent,0.0,0.0,0.0
tsae_mean,42,test/counting_and_probability/894.json,-4.0,incoherent,0.0,0.0,0.0
tsae_mean,42,test/geometry/1140.json,-4.0,incoherent,0.0,0.0,0.0
tsae_mean,42,test/geometry/254.json,-4.0,incoherent,0.0,0.0,0.0
tsae_mean,42,test/geometry/456.json,-4.0,incoherent,0.0,0.0,0.0
tsae_mean,42,test/geometry/465.json,-4.0,incoherent,0.0,0.0,0.0
tsae_mean,42,test/geometry/538.json,-4.0,incoherent,0.0,0.0,0.0
tsae_mean,42,test/geometry/561.json,-4.0,incoherent,0.0,0.0,0.0
tsae_mean,42,test/geometry/615.json,-4.0,incoherent,0.0,0.0,0.0
tsae_mean,42,test/geometry/711.json,-4.0,incoherent,0.0,0.0,0.0
tsae_mean,42,test/geometry/795.json,-4.0,incoherent,0.0,0.0,0.0
tsae_mean,42,test/geometry/843.json,-4.0,incoherent,0.0,0.0,0.0
tsae_mean,42,test/geometry/846.json,-4.0,incoherent,0.0,1.0,1.0
tsae_mean,42,test/intermediate_algebra/101.json,-4.0,incoherent,0.0,0.0,0.0
tsae_mean,42,test/intermediate_algebra/102.json,-4.0,incoherent,0.0,0.0,0.0
tsae_mean,42,test/intermediate_algebra/1354.json,-4.0,incoherent,0.0,0.0,0.0
tsae_mean,42,test/intermediate_algebra/1467.json,-4.0,incoherent,0.0,0.0,0.0
tsae_mean,42,test/intermediate_algebra/1555.json,-4.0,incoherent,0.0,0.0,0.0
tsae_mean,42,test/intermediate_algebra/1714.json,-4.0,incoherent,0.0,0.0,0.0
tsae_mean,42,test/intermediate_algebra/1779.json,-4.0,incoherent,0.0,0.0,0.0
tsae_mean,42,test/intermediate_algebra/199.json,-4.0,incoherent,0.0,0.0,0.0
tsae_mean,42,test/intermediate_algebra/1994.json,-4.0,incoherent,0.0,0.0,0.0
tsae_mean,42,test/intermediate_algebra/2046.json,-4.0,incoherent,0.0,0.0,0.0
tsae_mean,42,test/intermediate_algebra/345.json,-4.0,incoherent,0.0,0.0,0.0
tsae_mean,42,test/intermediate_algebra/446.json,-4.0,incoherent,0.0,0.0,0.0
tsae_mean,42,test/intermediate_algebra/47.json,-4.0,incoherent,0.0,0.0,0.0
tsae_mean,42,test/intermediate_algebra/607.json,-4.0,incoherent,0.0,0.0,0.0
tsae_mean,42,test/intermediate_algebra/690.json,-4.0,incoherent,0.0,0.0,0.0
tsae_mean,42,test/intermediate_algebra/752.json,-4.0,incoherent,0.0,0.0,0.0
tsae_mean,42,test/intermediate_algebra/894.json,-4.0,incoherent,0.0,0.0,0.0
tsae_mean,42,test/number_theory/1002.json,-4.0,incoherent,0.0,0.0,0.0
tsae_mean,42,test/number_theory/149.json,-4.0,incoherent,0.0,0.0,0.0
tsae_mean,42,test/number_theory/515.json,-4.0,incoherent,0.0,0.0,0.0
tsae_mean,42,test/prealgebra/1113.json,-4.0,incoherent,0.0,0.0,0.0
tsae_mean,42,test/prealgebra/1128.json,-4.0,incoherent,0.0,0.0,0.0
tsae_mean,42,test/prealgebra/1139.json,-4.0,incoherent,0.0,0.0,0.0
tsae_mean,42,test/prealgebra/1238.json,-4.0,incoherent,0.0,0.0,0.0
tsae_mean,42,test/prealgebra/1251.json,-4.0,incoherent,0.0,0.0,0.0
tsae_mean,42,test/prealgebra/1252.json,-4.0,incoherent,0.0,0.0,0.0
tsae_mean,42,test/prealgebra/1272.json,-4.0,incoherent,0.0,0.0,0.0
tsae_mean,42,test/prealgebra/1423.json,-4.0,incoherent,0.0,0.0,0.0
tsae_mean,42,test/prealgebra/1622.json,-4.0,incoherent,0.0,0.0,0.0
tsae_mean,42,test/prealgebra/1646.json,-4.0,incoherent,0.0,0.0,0.0
tsae_mean,42,test/prealgebra/1787.json,-4.0,incoherent,0.0,0.0,0.0
tsae_mean,42,test/prealgebra/1834.json,-4.0,incoherent,0.0,0.0,0.0
tsae_mean,42,test/prealgebra/1922.json,-4.0,incoherent,0.0,0.0,0.0
tsae_mean,42,test/prealgebra/1961.json,-4.0,incoherent,0.0,0.0,0.0
tsae_mean,42,test/prealgebra/2019.json,-4.0,incoherent,0.0,0.0,0.0
tsae_mean,42,test/prealgebra/2066.json,-4.0,incoherent,0.0,0.0,0.0
tsae_mean,42,test/prealgebra/505.json,-4.0,incoherent,0.0,0.0,0.0
tsae_mean,42,test/prealgebra/65.json,-4.0,incoherent,0.0,0.0,0.0
tsae_mean,42,test/prealgebra/996.json,-4.0,incoherent,0.0,0.0,0.0
tsae_mean,42,test/precalculus/1082.json,-4.0,incoherent,0.0,0.0,0.0
tsae_mean,42,test/precalculus/1105.json,-4.0,incoherent,0.0,0.0,0.0
tsae_mean,42,test/precalculus/1199.json,-4.0,incoherent,0.0,0.0,0.0
tsae_mean,42,test/precalculus/1303.json,-4.0,incoherent,0.0,0.0,0.0
tsae_mean,42,test/precalculus/398.json,-4.0,incoherent,0.0,0.0,0.0
tsae_mean,42,test/precalculus/43.json,-4.0,incoherent,0.0,0.0,0.0
tsae_mean,42,test/precalculus/541.json,-4.0,incoherent,0.0,0.0,0.0
tsae_mean,42,test/precalculus/580.json,-4.0,incoherent,0.0,0.0,0.0
tsae_mean,42,test/precalculus/779.json,-4.0,incoherent,0.0,0.0,0.0
tsae_mean,42,test/precalculus/927.json,-4.0,incoherent,0.0,0.0,0.0
tsae_mean,42,test/precalculus/96.json,-4.0,incoherent,0.0,0.0,0.0
tsae_mean,42,test/precalculus/986.json,-4.0,incoherent,0.0,0.0,0.0
tsae_mean,42,test/algebra/1082.json,-4.0,correct,0.0,0.0,0.0
tsae_mean,42,test/algebra/109.json,-4.0,correct,1.0,1.0,0.0
tsae_mean,42,test/algebra/1098.json,-4.0,correct,1.0,1.0,0.0
tsae_mean,42,test/algebra/1214.json,-4.0,correct,1.0,0.0,-1.0
tsae_mean,42,test/algebra/1265.json,-4.0,correct,1.0,0.0,-1.0
tsae_mean,42,test/algebra/1282.json,-4.0,correct,0.0,0.0,0.0
tsae_mean,42,test/algebra/1338.json,-4.0,correct,1.0,1.0,0.0
tsae_mean,42,test/algebra/1349.json,-4.0,correct,0.0,0.0,0.0
tsae_mean,42,test/algebra/1553.json,-4.0,correct,0.0,0.0,0.0
tsae_mean,42,test/algebra/1934.json,-4.0,correct,1.0,0.0,-1.0
tsae_mean,42,test/algebra/1960.json,-4.0,correct,1.0,0.0,-1.0
tsae_mean,42,test/algebra/2043.json,-4.0,correct,1.0,1.0,0.0
tsae_mean,42,test/algebra/2046.json,-4.0,correct,1.0,0.0,-1.0
tsae_mean,42,test/algebra/2159.json,-4.0,correct,0.0,0.0,0.0
tsae_mean,42,test/algebra/2264.json,-4.0,correct,1.0,0.0,-1.0
tsae_mean,42,test/algebra/2427.json,-4.0,correct,0.0,0.0,0.0
tsae_mean,42,test/algebra/2430.json,-4.0,correct,0.0,0.0,0.0
tsae_mean,42,test/algebra/2476.json,-4.0,correct,0.0,1.0,1.0
tsae_mean,42,test/algebra/2486.json,-4.0,correct,1.0,1.0,0.0
tsae_mean,42,test/algebra/2570.json,-4.0,correct,1.0,0.0,-1.0
tsae_mean,42,test/algebra/2593.json,-4.0,correct,1.0,1.0,0.0
tsae_mean,42,test/algebra/2735.json,-4.0,correct,0.0,0.0,0.0
tsae_mean,42,test/algebra/2779.json,-4.0,correct,1.0,1.0,0.0
tsae_mean,42,test/algebra/297.json,-4.0,correct,0.0,0.0,0.0
tsae_mean,42,test/algebra/425.json,-4.0,correct,1.0,1.0,0.0
tsae_mean,42,test/algebra/634.json,-4.0,correct,0.0,0.0,0.0
tsae_mean,42,test/algebra/661.json,-4.0,correct,1.0,0.0,-1.0
tsae_mean,42,test/algebra/769.json,-4.0,correct,1.0,1.0,0.0
tsae_mean,42,test/algebra/824.json,-4.0,correct,1.0,1.0,0.0
tsae_mean,42,test/algebra/892.json,-4.0,correct,0.0,0.0,0.0
tsae_mean,42,test/counting_and_probability/1009.json,-4.0,correct,1.0,1.0,0.0
tsae_mean,42,test/counting_and_probability/1014.json,-4.0,correct,1.0,1.0,0.0
tsae_mean,42,test/counting_and_probability/1060.json,-4.0,correct,0.0,0.0,0.0
tsae_mean,42,test/counting_and_probability/119.json,-4.0,correct,0.0,0.0,0.0
tsae_mean,42,test/counting_and_probability/25149.json,-4.0,correct,1.0,1.0,0.0
tsae_mean,42,test/counting_and_probability/508.json,-4.0,correct,0.0,0.0,0.0
tsae_mean,42,test/counting_and_probability/525.json,-4.0,correct,0.0,0.0,0.0
tsae_mean,42,test/counting_and_probability/894.json,-4.0,correct,1.0,0.0,-1.0
tsae_mean,42,test/geometry/1140.json,-4.0,correct,0.0,0.0,0.0
tsae_mean,42,test/geometry/254.json,-4.0,correct,0.0,1.0,1.0
tsae_mean,42,test/geometry/456.json,-4.0,correct,1.0,1.0,0.0
tsae_mean,42,test/geometry/465.json,-4.0,correct,0.0,0.0,0.0
tsae_mean,42,test/geometry/538.json,-4.0,correct,0.0,0.0,0.0
tsae_mean,42,test/geometry/561.json,-4.0,correct,0.0,0.0,0.0
tsae_mean,42,test/geometry/615.json,-4.0,correct,0.0,0.0,0.0
tsae_mean,42,test/geometry/711.json,-4.0,correct,0.0,0.0,0.0
tsae_mean,42,test/geometry/795.json,-4.0,correct,0.0,0.0,0.0
tsae_mean,42,test/geometry/843.json,-4.0,correct,1.0,1.0,0.0
tsae_mean,42,test/geometry/846.json,-4.0,correct,0.0,0.0,0.0
tsae_mean,42,test/intermediate_algebra/101.json,-4.0,correct,0.0,0.0,0.0
tsae_mean,42,test/intermediate_algebra/102.json,-4.0,correct,0.0,0.0,0.0
tsae_mean,42,test/intermediate_algebra/1354.json,-4.0,correct,0.0,0.0,0.0
tsae_mean,42,test/intermediate_algebra/1467.json,-4.0,correct,0.0,0.0,0.0
tsae_mean,42,test/intermediate_algebra/1555.json,-4.0,correct,0.0,0.0,0.0
tsae_mean,42,test/intermediate_algebra/1714.json,-4.0,correct,1.0,1.0,0.0
tsae_mean,42,test/intermediate_algebra/1779.json,-4.0,correct,0.0,0.0,0.0
tsae_mean,42,test/intermediate_algebra/199.json,-4.0,correct,0.0,0.0,0.0
tsae_mean,42,test/intermediate_algebra/1994.json,-4.0,correct,0.0,0.0,0.0
tsae_mean,42,test/intermediate_algebra/2046.json,-4.0,correct,0.0,0.0,0.0
tsae_mean,42,test/intermediate_algebra/345.json,-4.0,correct,0.0,0.0,0.0
tsae_mean,42,test/intermediate_algebra/446.json,-4.0,correct,0.0,0.0,0.0
tsae_mean,42,test/intermediate_algebra/47.json,-4.0,correct,0.0,0.0,0.0
tsae_mean,42,test/intermediate_algebra/607.json,-4.0,correct,0.0,0.0,0.0
tsae_mean,42,test/intermediate_algebra/690.json,-4.0,correct,0.0,1.0,1.0
tsae_mean,42,test/intermediate_algebra/752.json,-4.0,correct,0.0,0.0,0.0
tsae_mean,42,test/intermediate_algebra/894.json,-4.0,correct,0.0,0.0,0.0
tsae_mean,42,test/number_theory/1002.json,-4.0,correct,0.0,0.0,0.0
tsae_mean,42,test/number_theory/149.json,-4.0,correct,0.0,0.0,0.0
tsae_mean,42,test/number_theory/515.json,-4.0,correct,1.0,1.0,0.0
tsae_mean,42,test/prealgebra/1113.json,-4.0,correct,1.0,1.0,0.0
tsae_mean,42,test/prealgebra/1128.json,-4.0,correct,0.0,1.0,1.0
tsae_mean,42,test/prealgebra/1139.json,-4.0,correct,0.0,0.0,0.0
tsae_mean,42,test/prealgebra/1238.json,-4.0,correct,1.0,1.0,0.0
tsae_mean,42,test/prealgebra/1251.json,-4.0,correct,0.0,1.0,1.0
tsae_mean,42,test/prealgebra/1252.json,-4.0,correct,1.0,1.0,0.0
tsae_mean,42,test/prealgebra/1272.json,-4.0,correct,1.0,1.0,0.0
tsae_mean,42,test/prealgebra/1423.json,-4.0,correct,0.0,0.0,0.0
tsae_mean,42,test/prealgebra/1622.json,-4.0,correct,0.0,0.0,0.0
tsae_mean,42,test/prealgebra/1646.json,-4.0,correct,0.0,0.0,0.0
tsae_mean,42,test/prealgebra/1787.json,-4.0,correct,1.0,0.0,-1.0
tsae_mean,42,test/prealgebra/1834.json,-4.0,correct,0.0,0.0,0.0
tsae_mean,42,test/prealgebra/1922.json,-4.0,correct,0.0,0.0,0.0
tsae_mean,42,test/prealgebra/1961.json,-4.0,correct,0.0,0.0,0.0
tsae_mean,42,test/prealgebra/2019.json,-4.0,correct,1.0,0.0,-1.0
tsae_mean,42,test/prealgebra/2066.json,-4.0,correct,0.0,0.0,0.0
tsae_mean,42,test/prealgebra/505.json,-4.0,correct,1.0,1.0,0.0
tsae_mean,42,test/prealgebra/65.json,-4.0,correct,0.0,0.0,0.0
tsae_mean,42,test/prealgebra/996.json,-4.0,correct,0.0,0.0,0.0
tsae_mean,42,test/precalculus/1082.json,-4.0,correct,0.0,0.0,0.0
tsae_mean,42,test/precalculus/1105.json,-4.0,correct,0.0,0.0,0.0
tsae_mean,42,test/precalculus/1199.json,-4.0,correct,0.0,0.0,0.0
tsae_mean,42,test/precalculus/1303.json,-4.0,correct,0.0,1.0,1.0
tsae_mean,42,test/precalculus/398.json,-4.0,correct,0.0,0.0,0.0
tsae_mean,42,test/precalculus/43.json,-4.0,correct,0.0,0.0,0.0
tsae_mean,42,test/precalculus/541.json,-4.0,correct,0.0,0.0,0.0
tsae_mean,42,test/precalculus/580.json,-4.0,correct,0.0,0.0,0.0
tsae_mean,42,test/precalculus/779.json,-4.0,correct,1.0,1.0,0.0
tsae_mean,42,test/precalculus/927.json,-4.0,correct,0.0,0.0,0.0
tsae_mean,42,test/precalculus/96.json,-4.0,correct,0.0,0.0,0.0
tsae_mean,42,test/precalculus/986.json,-4.0,correct,0.0,0.0,0.0
tsae_max,1,test/algebra/1082.json,8.0,gc,0.0,0.0,0.0
tsae_max,1,test/algebra/109.json,8.0,gc,0.0,0.0,0.0
tsae_max,1,test/algebra/1098.json,8.0,gc,0.0,0.0,0.0
tsae_max,1,test/algebra/1214.json,8.0,gc,0.0,0.0,0.0
tsae_max,1,test/algebra/1265.json,8.0,gc,0.0,0.0,0.0
tsae_max,1,test/algebra/1282.json,8.0,gc,0.0,1.0,1.0
tsae_max,1,test/algebra/1338.json,8.0,gc,0.0,0.0,0.0
tsae_max,1,test/algebra/1349.json,8.0,gc,0.0,0.0,0.0
tsae_max,1,test/algebra/1553.json,8.0,gc,0.0,0.0,0.0
tsae_max,1,test/algebra/1934.json,8.0,gc,0.0,0.0,0.0
tsae_max,1,test/algebra/1960.json,8.0,gc,0.0,0.0,0.0
tsae_max,1,test/algebra/2043.json,8.0,gc,1.0,0.0,-1.0
tsae_max,1,test/algebra/2046.json,8.0,gc,0.0,0.0,0.0
tsae_max,1,test/algebra/2159.json,8.0,gc,1.0,0.0,-1.0
tsae_max,1,test/algebra/2264.json,8.0,gc,0.0,0.0,0.0
tsae_max,1,test/algebra/2427.json,8.0,gc,0.0,0.0,0.0
tsae_max,1,test/algebra/2430.json,8.0,gc,1.0,0.0,-1.0
tsae_max,1,test/algebra/2476.json,8.0,gc,0.0,0.0,0.0
tsae_max,1,test/algebra/2486.json,8.0,gc,0.0,0.0,0.0
tsae_max,1,test/algebra/2570.json,8.0,gc,1.0,1.0,0.0
tsae_max,1,test/algebra/2593.json,8.0,gc,0.0,0.0,0.0
tsae_max,1,test/algebra/2735.json,8.0,gc,0.0,0.0,0.0
tsae_max,1,test/algebra/2779.json,8.0,gc,0.0,0.0,0.0
tsae_max,1,test/algebra/297.json,8.0,gc,0.0,1.0,1.0
tsae_max,1,test/algebra/425.json,8.0,gc,0.0,0.0,0.0
tsae_max,1,test/algebra/634.json,8.0,gc,0.0,0.0,0.0
tsae_max,1,test/algebra/661.json,8.0,gc,0.0,0.0,0.0
tsae_max,1,test/algebra/769.json,8.0,gc,0.0,0.0,0.0
tsae_max,1,test/algebra/824.json,8.0,gc,0.0,0.0,0.0
tsae_max,1,test/algebra/892.json,8.0,gc,1.0,2.0,1.0
tsae_max,1,test/counting_and_probability/1009.json,8.0,gc,0.0,0.0,0.0
tsae_max,1,test/counting_and_probability/1014.json,8.0,gc,0.0,0.0,0.0
tsae_max,1,test/counting_and_probability/1060.json,8.0,gc,0.0,0.0,0.0
tsae_max,1,test/counting_and_probability/119.json,8.0,gc,0.0,0.0,0.0
tsae_max,1,test/counting_and_probability/25149.json,8.0,gc,0.0,0.0,0.0
tsae_max,1,test/counting_and_probability/508.json,8.0,gc,0.0,0.0,0.0
tsae_max,1,test/counting_and_probability/525.json,8.0,gc,0.0,1.0,1.0
tsae_max,1,test/counting_and_probability/894.json,8.0,gc,0.0,0.0,0.0
tsae_max,1,test/geometry/1140.json,8.0,gc,1.0,0.0,-1.0
tsae_max,1,test/geometry/254.json,8.0,gc,0.0,0.0,0.0
tsae_max,1,test/geometry/456.json,8.0,gc,0.0,0.0,0.0
tsae_max,1,test/geometry/465.json,8.0,gc,1.0,1.0,0.0
tsae_max,1,test/geometry/538.json,8.0,gc,0.0,0.0,0.0
tsae_max,1,test/geometry/561.json,8.0,gc,0.0,1.0,1.0
tsae_max,1,test/geometry/615.json,8.0,gc,1.0,1.0,0.0
tsae_max,1,test/geometry/711.json,8.0,gc,1.0,1.0,0.0
tsae_max,1,test/geometry/795.json,8.0,gc,0.0,0.0,0.0
tsae_max,1,test/geometry/843.json,8.0,gc,0.0,0.0,0.0
tsae_max,1,test/geometry/846.json,8.0,gc,1.0,1.0,0.0
tsae_max,1,test/intermediate_algebra/101.json,8.0,gc,0.0,0.0,0.0
tsae_max,1,test/intermediate_algebra/102.json,8.0,gc,0.0,0.0,0.0
tsae_max,1,test/intermediate_algebra/1354.json,8.0,gc,0.0,1.0,1.0
tsae_max,1,test/intermediate_algebra/1467.json,8.0,gc,1.0,0.0,-1.0
tsae_max,1,test/intermediate_algebra/1555.json,8.0,gc,0.0,0.0,0.0
tsae_max,1,test/intermediate_algebra/1714.json,8.0,gc,0.0,0.0,0.0
tsae_max,1,test/intermediate_algebra/1779.json,8.0,gc,0.0,1.0,1.0
tsae_max,1,test/intermediate_algebra/199.json,8.0,gc,1.0,1.0,0.0
tsae_max,1,test/intermediate_algebra/1994.json,8.0,gc,0.0,0.0,0.0
tsae_max,1,test/intermediate_algebra/2046.json,8.0,gc,0.0,0.0,0.0
tsae_max,1,test/intermediate_algebra/345.json,8.0,gc,0.0,0.0,0.0
tsae_max,1,test/intermediate_algebra/446.json,8.0,gc,0.0,0.0,0.0
tsae_max,1,test/intermediate_algebra/47.json,8.0,gc,0.0,0.0,0.0
tsae_max,1,test/intermediate_algebra/607.json,8.0,gc,1.0,0.0,-1.0
tsae_max,1,test/intermediate_algebra/690.json,8.0,gc,1.0,1.0,0.0
tsae_max,1,test/intermediate_algebra/752.json,8.0,gc,0.0,1.0,1.0
tsae_max,1,test/intermediate_algebra/894.json,8.0,gc,1.0,0.0,-1.0
tsae_max,1,test/number_theory/1002.json,8.0,gc,0.0,0.0,0.0
tsae_max,1,test/number_theory/149.json,8.0,gc,0.0,0.0,0.0
tsae_max,1,test/number_theory/515.json,8.0,gc,0.0,0.0,0.0
tsae_max,1,test/prealgebra/1113.json,8.0,gc,0.0,0.0,0.0
tsae_max,1,test/prealgebra/1128.json,8.0,gc,0.0,0.0,0.0
tsae_max,1,test/prealgebra/1139.json,8.0,gc,0.0,4.0,4.0
tsae_max,1,test/prealgebra/1238.json,8.0,gc,0.0,0.0,0.0
tsae_max,1,test/prealgebra/1251.json,8.0,gc,0.0,0.0,0.0
tsae_max,1,test/prealgebra/1252.json,8.0,gc,0.0,0.0,0.0
tsae_max,1,test/prealgebra/1272.json,8.0,gc,0.0,0.0,0.0
tsae_max,1,test/prealgebra/1423.json,8.0,gc,0.0,0.0,0.0
tsae_max,1,test/prealgebra/1622.json,8.0,gc,0.0,0.0,0.0
tsae_max,1,test/prealgebra/1646.json,8.0,gc,0.0,0.0,0.0
tsae_max,1,test/prealgebra/1787.json,8.0,gc,0.0,0.0,0.0
tsae_max,1,test/prealgebra/1834.json,8.0,gc,0.0,0.0,0.0
tsae_max,1,test/prealgebra/1922.json,8.0,gc,0.0,0.0,0.0
tsae_max,1,test/prealgebra/1961.json,8.0,gc,0.0,0.0,0.0
tsae_max,1,test/prealgebra/2019.json,8.0,gc,0.0,0.0,0.0
tsae_max,1,test/prealgebra/2066.json,8.0,gc,0.0,0.0,0.0
tsae_max,1,test/prealgebra/505.json,8.0,gc,0.0,0.0,0.0
tsae_max,1,test/prealgebra/65.json,8.0,gc,0.0,0.0,0.0
tsae_max,1,test/prealgebra/996.json,8.0,gc,0.0,0.0,0.0
tsae_max,1,test/precalculus/1082.json,8.0,gc,1.0,1.0,0.0
tsae_max,1,test/precalculus/1105.json,8.0,gc,0.0,1.0,1.0
tsae_max,1,test/precalculus/1199.json,8.0,gc,1.0,1.0,0.0
tsae_max,1,test/precalculus/1303.json,8.0,gc,0.0,0.0,0.0
tsae_max,1,test/precalculus/398.json,8.0,gc,1.0,1.0,0.0
tsae_max,1,test/precalculus/43.json,8.0,gc,0.0,0.0,0.0
tsae_max,1,test/precalculus/541.json,8.0,gc,0.0,0.0,0.0
tsae_max,1,test/precalculus/580.json,8.0,gc,0.0,0.0,0.0
tsae_max,1,test/precalculus/779.json,8.0,gc,0.0,0.0,0.0
tsae_max,1,test/precalculus/927.json,8.0,gc,2.0,2.0,0.0
tsae_max,1,test/precalculus/96.json,8.0,gc,1.0,0.0,-1.0
tsae_max,1,test/precalculus/986.json,8.0,gc,0.0,0.0,0.0
tsae_max,1,test/algebra/1082.json,8.0,coherent_gc,0.0,0.0,0.0
tsae_max,1,test/algebra/109.json,8.0,coherent_gc,0.0,0.0,0.0
tsae_max,1,test/algebra/1098.json,8.0,coherent_gc,0.0,0.0,0.0
tsae_max,1,test/algebra/1214.json,8.0,coherent_gc,0.0,0.0,0.0
tsae_max,1,test/algebra/1265.json,8.0,coherent_gc,0.0,0.0,0.0
tsae_max,1,test/algebra/1282.json,8.0,coherent_gc,0.0,1.0,1.0
tsae_max,1,test/algebra/1338.json,8.0,coherent_gc,0.0,0.0,0.0
tsae_max,1,test/algebra/1349.json,8.0,coherent_gc,0.0,0.0,0.0
tsae_max,1,test/algebra/1553.json,8.0,coherent_gc,0.0,0.0,0.0
tsae_max,1,test/algebra/1934.json,8.0,coherent_gc,0.0,0.0,0.0
tsae_max,1,test/algebra/1960.json,8.0,coherent_gc,0.0,0.0,0.0
tsae_max,1,test/algebra/2043.json,8.0,coherent_gc,1.0,0.0,-1.0
tsae_max,1,test/algebra/2046.json,8.0,coherent_gc,0.0,0.0,0.0
tsae_max,1,test/algebra/2159.json,8.0,coherent_gc,1.0,0.0,-1.0
tsae_max,1,test/algebra/2264.json,8.0,coherent_gc,0.0,0.0,0.0
tsae_max,1,test/algebra/2427.json,8.0,coherent_gc,0.0,0.0,0.0
tsae_max,1,test/algebra/2430.json,8.0,coherent_gc,1.0,0.0,-1.0
tsae_max,1,test/algebra/2476.json,8.0,coherent_gc,0.0,0.0,0.0
tsae_max,1,test/algebra/2486.json,8.0,coherent_gc,0.0,0.0,0.0
tsae_max,1,test/algebra/2570.json,8.0,coherent_gc,1.0,1.0,0.0
tsae_max,1,test/algebra/2593.json,8.0,coherent_gc,0.0,0.0,0.0
tsae_max,1,test/algebra/2735.json,8.0,coherent_gc,0.0,0.0,0.0
tsae_max,1,test/algebra/2779.json,8.0,coherent_gc,0.0,0.0,0.0
tsae_max,1,test/algebra/297.json,8.0,coherent_gc,0.0,1.0,1.0
tsae_max,1,test/algebra/425.json,8.0,coherent_gc,0.0,0.0,0.0
tsae_max,1,test/algebra/634.json,8.0,coherent_gc,0.0,0.0,0.0
tsae_max,1,test/algebra/661.json,8.0,coherent_gc,0.0,0.0,0.0
tsae_max,1,test/algebra/769.json,8.0,coherent_gc,0.0,0.0,0.0
tsae_max,1,test/algebra/824.json,8.0,coherent_gc,0.0,0.0,0.0
tsae_max,1,test/algebra/892.json,8.0,coherent_gc,1.0,2.0,1.0
tsae_max,1,test/counting_and_probability/1009.json,8.0,coherent_gc,0.0,0.0,0.0
tsae_max,1,test/counting_and_probability/1014.json,8.0,coherent_gc,0.0,0.0,0.0
tsae_max,1,test/counting_and_probability/1060.json,8.0,coherent_gc,0.0,0.0,0.0
tsae_max,1,test/counting_and_probability/119.json,8.0,coherent_gc,0.0,0.0,0.0
tsae_max,1,test/counting_and_probability/25149.json,8.0,coherent_gc,0.0,0.0,0.0
tsae_max,1,test/counting_and_probability/508.json,8.0,coherent_gc,0.0,0.0,0.0
tsae_max,1,test/counting_and_probability/525.json,8.0,coherent_gc,0.0,1.0,1.0
tsae_max,1,test/counting_and_probability/894.json,8.0,coherent_gc,0.0,0.0,0.0
tsae_max,1,test/geometry/1140.json,8.0,coherent_gc,1.0,0.0,-1.0
tsae_max,1,test/geometry/254.json,8.0,coherent_gc,0.0,0.0,0.0
tsae_max,1,test/geometry/456.json,8.0,coherent_gc,0.0,0.0,0.0
tsae_max,1,test/geometry/465.json,8.0,coherent_gc,1.0,1.0,0.0
tsae_max,1,test/geometry/538.json,8.0,coherent_gc,0.0,0.0,0.0
tsae_max,1,test/geometry/561.json,8.0,coherent_gc,0.0,1.0,1.0
tsae_max,1,test/geometry/615.json,8.0,coherent_gc,1.0,1.0,0.0
tsae_max,1,test/geometry/711.json,8.0,coherent_gc,1.0,1.0,0.0
tsae_max,1,test/geometry/795.json,8.0,coherent_gc,0.0,0.0,0.0
tsae_max,1,test/geometry/843.json,8.0,coherent_gc,0.0,0.0,0.0
tsae_max,1,test/geometry/846.json,8.0,coherent_gc,1.0,1.0,0.0
tsae_max,1,test/intermediate_algebra/101.json,8.0,coherent_gc,0.0,0.0,0.0
tsae_max,1,test/intermediate_algebra/102.json,8.0,coherent_gc,0.0,0.0,0.0
tsae_max,1,test/intermediate_algebra/1354.json,8.0,coherent_gc,0.0,1.0,1.0
tsae_max,1,test/intermediate_algebra/1467.json,8.0,coherent_gc,1.0,0.0,-1.0
tsae_max,1,test/intermediate_algebra/1555.json,8.0,coherent_gc,0.0,0.0,0.0
tsae_max,1,test/intermediate_algebra/1714.json,8.0,coherent_gc,0.0,0.0,0.0
tsae_max,1,test/intermediate_algebra/1779.json,8.0,coherent_gc,0.0,1.0,1.0
tsae_max,1,test/intermediate_algebra/199.json,8.0,coherent_gc,1.0,1.0,0.0
tsae_max,1,test/intermediate_algebra/1994.json,8.0,coherent_gc,0.0,0.0,0.0
tsae_max,1,test/intermediate_algebra/2046.json,8.0,coherent_gc,0.0,0.0,0.0
tsae_max,1,test/intermediate_algebra/345.json,8.0,coherent_gc,0.0,0.0,0.0
tsae_max,1,test/intermediate_algebra/446.json,8.0,coherent_gc,0.0,0.0,0.0
tsae_max,1,test/intermediate_algebra/47.json,8.0,coherent_gc,0.0,0.0,0.0
tsae_max,1,test/intermediate_algebra/607.json,8.0,coherent_gc,1.0,0.0,-1.0
tsae_max,1,test/intermediate_algebra/690.json,8.0,coherent_gc,1.0,1.0,0.0
tsae_max,1,test/intermediate_algebra/752.json,8.0,coherent_gc,0.0,1.0,1.0
tsae_max,1,test/intermediate_algebra/894.json,8.0,coherent_gc,1.0,0.0,-1.0
tsae_max,1,test/number_theory/1002.json,8.0,coherent_gc,0.0,0.0,0.0
tsae_max,1,test/number_theory/149.json,8.0,coherent_gc,0.0,0.0,0.0
tsae_max,1,test/number_theory/515.json,8.0,coherent_gc,0.0,0.0,0.0
tsae_max,1,test/prealgebra/1113.json,8.0,coherent_gc,0.0,0.0,0.0
tsae_max,1,test/prealgebra/1128.json,8.0,coherent_gc,0.0,0.0,0.0
tsae_max,1,test/prealgebra/1139.json,8.0,coherent_gc,0.0,4.0,4.0
tsae_max,1,test/prealgebra/1238.json,8.0,coherent_gc,0.0,0.0,0.0
tsae_max,1,test/prealgebra/1251.json,8.0,coherent_gc,0.0,0.0,0.0
tsae_max,1,test/prealgebra/1252.json,8.0,coherent_gc,0.0,0.0,0.0
tsae_max,1,test/prealgebra/1272.json,8.0,coherent_gc,0.0,0.0,0.0
tsae_max,1,test/prealgebra/1423.json,8.0,coherent_gc,0.0,0.0,0.0
tsae_max,1,test/prealgebra/1622.json,8.0,coherent_gc,0.0,0.0,0.0
tsae_max,1,test/prealgebra/1646.json,8.0,coherent_gc,0.0,0.0,0.0
tsae_max,1,test/prealgebra/1787.json,8.0,coherent_gc,0.0,0.0,0.0
tsae_max,1,test/prealgebra/1834.json,8.0,coherent_gc,0.0,0.0,0.0
tsae_max,1,test/prealgebra/1922.json,8.0,coherent_gc,0.0,0.0,0.0
tsae_max,1,test/prealgebra/1961.json,8.0,coherent_gc,0.0,0.0,0.0
tsae_max,1,test/prealgebra/2019.json,8.0,coherent_gc,0.0,0.0,0.0
tsae_max,1,test/prealgebra/2066.json,8.0,coherent_gc,0.0,0.0,0.0
tsae_max,1,test/prealgebra/505.json,8.0,coherent_gc,0.0,0.0,0.0
tsae_max,1,test/prealgebra/65.json,8.0,coherent_gc,0.0,0.0,0.0
tsae_max,1,test/prealgebra/996.json,8.0,coherent_gc,0.0,0.0,0.0
tsae_max,1,test/precalculus/1082.json,8.0,coherent_gc,1.0,1.0,0.0
tsae_max,1,test/precalculus/1105.json,8.0,coherent_gc,0.0,1.0,1.0
tsae_max,1,test/precalculus/1199.json,8.0,coherent_gc,1.0,1.0,0.0
tsae_max,1,test/precalculus/1303.json,8.0,coherent_gc,0.0,0.0,0.0
tsae_max,1,test/precalculus/398.json,8.0,coherent_gc,1.0,1.0,0.0
tsae_max,1,test/precalculus/43.json,8.0,coherent_gc,0.0,0.0,0.0
tsae_max,1,test/precalculus/541.json,8.0,coherent_gc,0.0,0.0,0.0
tsae_max,1,test/precalculus/580.json,8.0,coherent_gc,0.0,0.0,0.0
tsae_max,1,test/precalculus/779.json,8.0,coherent_gc,0.0,0.0,0.0
tsae_max,1,test/precalculus/927.json,8.0,coherent_gc,2.0,2.0,0.0
tsae_max,1,test/precalculus/96.json,8.0,coherent_gc,1.0,0.0,-1.0
tsae_max,1,test/precalculus/986.json,8.0,coherent_gc,0.0,0.0,0.0
tsae_max,1,test/algebra/1082.json,8.0,coherent_bt,0.0,0.0,0.0
tsae_max,1,test/algebra/109.json,8.0,coherent_bt,0.0,0.0,0.0
tsae_max,1,test/algebra/1098.json,8.0,coherent_bt,0.0,0.0,0.0
tsae_max,1,test/algebra/1214.json,8.0,coherent_bt,0.0,0.0,0.0
tsae_max,1,test/algebra/1265.json,8.0,coherent_bt,0.0,0.0,0.0
tsae_max,1,test/algebra/1282.json,8.0,coherent_bt,0.0,1.0,1.0
tsae_max,1,test/algebra/1338.json,8.0,coherent_bt,0.0,0.0,0.0
tsae_max,1,test/algebra/1349.json,8.0,coherent_bt,0.0,0.0,0.0
tsae_max,1,test/algebra/1553.json,8.0,coherent_bt,0.0,0.0,0.0
tsae_max,1,test/algebra/1934.json,8.0,coherent_bt,0.0,0.0,0.0
tsae_max,1,test/algebra/1960.json,8.0,coherent_bt,0.0,0.0,0.0
tsae_max,1,test/algebra/2043.json,8.0,coherent_bt,1.0,0.0,-1.0
tsae_max,1,test/algebra/2046.json,8.0,coherent_bt,0.0,0.0,0.0
tsae_max,1,test/algebra/2159.json,8.0,coherent_bt,1.0,0.0,-1.0
tsae_max,1,test/algebra/2264.json,8.0,coherent_bt,0.0,0.0,0.0
tsae_max,1,test/algebra/2427.json,8.0,coherent_bt,0.0,0.0,0.0
tsae_max,1,test/algebra/2430.json,8.0,coherent_bt,1.0,0.0,-1.0
tsae_max,1,test/algebra/2476.json,8.0,coherent_bt,0.0,0.0,0.0
tsae_max,1,test/algebra/2486.json,8.0,coherent_bt,0.0,0.0,0.0
tsae_max,1,test/algebra/2570.json,8.0,coherent_bt,1.0,1.0,0.0
tsae_max,1,test/algebra/2593.json,8.0,coherent_bt,0.0,0.0,0.0
tsae_max,1,test/algebra/2735.json,8.0,coherent_bt,0.0,0.0,0.0
tsae_max,1,test/algebra/2779.json,8.0,coherent_bt,0.0,0.0,0.0
tsae_max,1,test/algebra/297.json,8.0,coherent_bt,0.0,1.0,1.0
tsae_max,1,test/algebra/425.json,8.0,coherent_bt,0.0,0.0,0.0
tsae_max,1,test/algebra/634.json,8.0,coherent_bt,0.0,0.0,0.0
tsae_max,1,test/algebra/661.json,8.0,coherent_bt,0.0,0.0,0.0
tsae_max,1,test/algebra/769.json,8.0,coherent_bt,0.0,0.0,0.0
tsae_max,1,test/algebra/824.json,8.0,coherent_bt,0.0,0.0,0.0
tsae_max,1,test/algebra/892.json,8.0,coherent_bt,1.0,1.0,0.0
tsae_max,1,test/counting_and_probability/1009.json,8.0,coherent_bt,0.0,0.0,0.0
tsae_max,1,test/counting_and_probability/1014.json,8.0,coherent_bt,0.0,0.0,0.0
tsae_max,1,test/counting_and_probability/1060.json,8.0,coherent_bt,0.0,0.0,0.0
tsae_max,1,test/counting_and_probability/119.json,8.0,coherent_bt,0.0,0.0,0.0
tsae_max,1,test/counting_and_probability/25149.json,8.0,coherent_bt,0.0,0.0,0.0
tsae_max,1,test/counting_and_probability/508.json,8.0,coherent_bt,0.0,0.0,0.0
tsae_max,1,test/counting_and_probability/525.json,8.0,coherent_bt,0.0,1.0,1.0
tsae_max,1,test/counting_and_probability/894.json,8.0,coherent_bt,0.0,0.0,0.0
tsae_max,1,test/geometry/1140.json,8.0,coherent_bt,1.0,0.0,-1.0
tsae_max,1,test/geometry/254.json,8.0,coherent_bt,0.0,0.0,0.0
tsae_max,1,test/geometry/456.json,8.0,coherent_bt,0.0,0.0,0.0
tsae_max,1,test/geometry/465.json,8.0,coherent_bt,1.0,1.0,0.0
tsae_max,1,test/geometry/538.json,8.0,coherent_bt,0.0,0.0,0.0
tsae_max,1,test/geometry/561.json,8.0,coherent_bt,0.0,1.0,1.0
tsae_max,1,test/geometry/615.json,8.0,coherent_bt,1.0,1.0,0.0
tsae_max,1,test/geometry/711.json,8.0,coherent_bt,1.0,1.0,0.0
tsae_max,1,test/geometry/795.json,8.0,coherent_bt,0.0,0.0,0.0
tsae_max,1,test/geometry/843.json,8.0,coherent_bt,0.0,0.0,0.0
tsae_max,1,test/geometry/846.json,8.0,coherent_bt,1.0,1.0,0.0
tsae_max,1,test/intermediate_algebra/101.json,8.0,coherent_bt,0.0,0.0,0.0
tsae_max,1,test/intermediate_algebra/102.json,8.0,coherent_bt,0.0,0.0,0.0
tsae_max,1,test/intermediate_algebra/1354.json,8.0,coherent_bt,0.0,1.0,1.0
tsae_max,1,test/intermediate_algebra/1467.json,8.0,coherent_bt,1.0,0.0,-1.0
tsae_max,1,test/intermediate_algebra/1555.json,8.0,coherent_bt,0.0,0.0,0.0
tsae_max,1,test/intermediate_algebra/1714.json,8.0,coherent_bt,0.0,0.0,0.0
tsae_max,1,test/intermediate_algebra/1779.json,8.0,coherent_bt,0.0,1.0,1.0
tsae_max,1,test/intermediate_algebra/199.json,8.0,coherent_bt,1.0,1.0,0.0
tsae_max,1,test/intermediate_algebra/1994.json,8.0,coherent_bt,0.0,0.0,0.0
tsae_max,1,test/intermediate_algebra/2046.json,8.0,coherent_bt,0.0,0.0,0.0
tsae_max,1,test/intermediate_algebra/345.json,8.0,coherent_bt,0.0,0.0,0.0
tsae_max,1,test/intermediate_algebra/446.json,8.0,coherent_bt,0.0,0.0,0.0
tsae_max,1,test/intermediate_algebra/47.json,8.0,coherent_bt,0.0,0.0,0.0
tsae_max,1,test/intermediate_algebra/607.json,8.0,coherent_bt,1.0,0.0,-1.0
tsae_max,1,test/intermediate_algebra/690.json,8.0,coherent_bt,1.0,1.0,0.0
tsae_max,1,test/intermediate_algebra/752.json,8.0,coherent_bt,0.0,1.0,1.0
tsae_max,1,test/intermediate_algebra/894.json,8.0,coherent_bt,1.0,0.0,-1.0
tsae_max,1,test/number_theory/1002.json,8.0,coherent_bt,0.0,0.0,0.0
tsae_max,1,test/number_theory/149.json,8.0,coherent_bt,0.0,0.0,0.0
tsae_max,1,test/number_theory/515.json,8.0,coherent_bt,0.0,0.0,0.0
tsae_max,1,test/prealgebra/1113.json,8.0,coherent_bt,0.0,0.0,0.0
tsae_max,1,test/prealgebra/1128.json,8.0,coherent_bt,0.0,0.0,0.0
tsae_max,1,test/prealgebra/1139.json,8.0,coherent_bt,0.0,1.0,1.0
tsae_max,1,test/prealgebra/1238.json,8.0,coherent_bt,0.0,0.0,0.0
tsae_max,1,test/prealgebra/1251.json,8.0,coherent_bt,0.0,0.0,0.0
tsae_max,1,test/prealgebra/1252.json,8.0,coherent_bt,0.0,0.0,0.0
tsae_max,1,test/prealgebra/1272.json,8.0,coherent_bt,0.0,0.0,0.0
tsae_max,1,test/prealgebra/1423.json,8.0,coherent_bt,0.0,0.0,0.0
tsae_max,1,test/prealgebra/1622.json,8.0,coherent_bt,0.0,0.0,0.0
tsae_max,1,test/prealgebra/1646.json,8.0,coherent_bt,0.0,0.0,0.0
tsae_max,1,test/prealgebra/1787.json,8.0,coherent_bt,0.0,0.0,0.0
tsae_max,1,test/prealgebra/1834.json,8.0,coherent_bt,0.0,0.0,0.0
tsae_max,1,test/prealgebra/1922.json,8.0,coherent_bt,0.0,0.0,0.0
tsae_max,1,test/prealgebra/1961.json,8.0,coherent_bt,0.0,0.0,0.0
tsae_max,1,test/prealgebra/2019.json,8.0,coherent_bt,0.0,0.0,0.0
tsae_max,1,test/prealgebra/2066.json,8.0,coherent_bt,0.0,0.0,0.0
tsae_max,1,test/prealgebra/505.json,8.0,coherent_bt,0.0,0.0,0.0
tsae_max,1,test/prealgebra/65.json,8.0,coherent_bt,0.0,0.0,0.0
tsae_max,1,test/prealgebra/996.json,8.0,coherent_bt,0.0,0.0,0.0
tsae_max,1,test/precalculus/1082.json,8.0,coherent_bt,1.0,1.0,0.0
tsae_max,1,test/precalculus/1105.json,8.0,coherent_bt,0.0,1.0,1.0
tsae_max,1,test/precalculus/1199.json,8.0,coherent_bt,1.0,1.0,0.0
tsae_max,1,test/precalculus/1303.json,8.0,coherent_bt,0.0,0.0,0.0
tsae_max,1,test/precalculus/398.json,8.0,coherent_bt,1.0,1.0,0.0
tsae_max,1,test/precalculus/43.json,8.0,coherent_bt,0.0,0.0,0.0
tsae_max,1,test/precalculus/541.json,8.0,coherent_bt,0.0,0.0,0.0
tsae_max,1,test/precalculus/580.json,8.0,coherent_bt,0.0,0.0,0.0
tsae_max,1,test/precalculus/779.json,8.0,coherent_bt,0.0,0.0,0.0
tsae_max,1,test/precalculus/927.json,8.0,coherent_bt,1.0,1.0,0.0
tsae_max,1,test/precalculus/96.json,8.0,coherent_bt,1.0,0.0,-1.0
tsae_max,1,test/precalculus/986.json,8.0,coherent_bt,0.0,0.0,0.0
tsae_max,1,test/algebra/1082.json,8.0,incoherent,0.0,0.0,0.0
tsae_max,1,test/algebra/109.json,8.0,incoherent,0.0,0.0,0.0
tsae_max,1,test/algebra/1098.json,8.0,incoherent,0.0,0.0,0.0
tsae_max,1,test/algebra/1214.json,8.0,incoherent,0.0,0.0,0.0
tsae_max,1,test/algebra/1265.json,8.0,incoherent,0.0,0.0,0.0
tsae_max,1,test/algebra/1282.json,8.0,incoherent,0.0,0.0,0.0
tsae_max,1,test/algebra/1338.json,8.0,incoherent,0.0,0.0,0.0
tsae_max,1,test/algebra/1349.json,8.0,incoherent,0.0,0.0,0.0
tsae_max,1,test/algebra/1553.json,8.0,incoherent,0.0,0.0,0.0
tsae_max,1,test/algebra/1934.json,8.0,incoherent,0.0,0.0,0.0
tsae_max,1,test/algebra/1960.json,8.0,incoherent,0.0,0.0,0.0
tsae_max,1,test/algebra/2043.json,8.0,incoherent,0.0,0.0,0.0
tsae_max,1,test/algebra/2046.json,8.0,incoherent,0.0,0.0,0.0
tsae_max,1,test/algebra/2159.json,8.0,incoherent,0.0,0.0,0.0
tsae_max,1,test/algebra/2264.json,8.0,incoherent,0.0,0.0,0.0
tsae_max,1,test/algebra/2427.json,8.0,incoherent,0.0,0.0,0.0
tsae_max,1,test/algebra/2430.json,8.0,incoherent,0.0,0.0,0.0
tsae_max,1,test/algebra/2476.json,8.0,incoherent,0.0,0.0,0.0
tsae_max,1,test/algebra/2486.json,8.0,incoherent,0.0,0.0,0.0
tsae_max,1,test/algebra/2570.json,8.0,incoherent,0.0,0.0,0.0
tsae_max,1,test/algebra/2593.json,8.0,incoherent,0.0,0.0,0.0
tsae_max,1,test/algebra/2735.json,8.0,incoherent,0.0,0.0,0.0
tsae_max,1,test/algebra/2779.json,8.0,incoherent,0.0,0.0,0.0
tsae_max,1,test/algebra/297.json,8.0,incoherent,0.0,0.0,0.0
tsae_max,1,test/algebra/425.json,8.0,incoherent,0.0,0.0,0.0
tsae_max,1,test/algebra/634.json,8.0,incoherent,0.0,0.0,0.0
tsae_max,1,test/algebra/661.json,8.0,incoherent,0.0,0.0,0.0
tsae_max,1,test/algebra/769.json,8.0,incoherent,0.0,0.0,0.0
tsae_max,1,test/algebra/824.json,8.0,incoherent,0.0,0.0,0.0
tsae_max,1,test/algebra/892.json,8.0,incoherent,0.0,0.0,0.0
tsae_max,1,test/counting_and_probability/1009.json,8.0,incoherent,0.0,0.0,0.0
tsae_max,1,test/counting_and_probability/1014.json,8.0,incoherent,0.0,0.0,0.0
tsae_max,1,test/counting_and_probability/1060.json,8.0,incoherent,0.0,0.0,0.0
tsae_max,1,test/counting_and_probability/119.json,8.0,incoherent,0.0,0.0,0.0
tsae_max,1,test/counting_and_probability/25149.json,8.0,incoherent,0.0,0.0,0.0
tsae_max,1,test/counting_and_probability/508.json,8.0,incoherent,0.0,0.0,0.0
tsae_max,1,test/counting_and_probability/525.json,8.0,incoherent,0.0,0.0,0.0
tsae_max,1,test/counting_and_probability/894.json,8.0,incoherent,0.0,0.0,0.0
tsae_max,1,test/geometry/1140.json,8.0,incoherent,0.0,0.0,0.0
tsae_max,1,test/geometry/254.json,8.0,incoherent,0.0,0.0,0.0
tsae_max,1,test/geometry/456.json,8.0,incoherent,0.0,0.0,0.0
tsae_max,1,test/geometry/465.json,8.0,incoherent,0.0,0.0,0.0
tsae_max,1,test/geometry/538.json,8.0,incoherent,0.0,0.0,0.0
tsae_max,1,test/geometry/561.json,8.0,incoherent,0.0,0.0,0.0
tsae_max,1,test/geometry/615.json,8.0,incoherent,0.0,0.0,0.0
tsae_max,1,test/geometry/711.json,8.0,incoherent,0.0,0.0,0.0
tsae_max,1,test/geometry/795.json,8.0,incoherent,0.0,0.0,0.0
tsae_max,1,test/geometry/843.json,8.0,incoherent,0.0,0.0,0.0
tsae_max,1,test/geometry/846.json,8.0,incoherent,0.0,0.0,0.0
tsae_max,1,test/intermediate_algebra/101.json,8.0,incoherent,0.0,0.0,0.0
tsae_max,1,test/intermediate_algebra/102.json,8.0,incoherent,0.0,0.0,0.0
tsae_max,1,test/intermediate_algebra/1354.json,8.0,incoherent,0.0,0.0,0.0
tsae_max,1,test/intermediate_algebra/1467.json,8.0,incoherent,0.0,0.0,0.0
tsae_max,1,test/intermediate_algebra/1555.json,8.0,incoherent,0.0,0.0,0.0
tsae_max,1,test/intermediate_algebra/1714.json,8.0,incoherent,0.0,0.0,0.0
tsae_max,1,test/intermediate_algebra/1779.json,8.0,incoherent,0.0,0.0,0.0
tsae_max,1,test/intermediate_algebra/199.json,8.0,incoherent,0.0,0.0,0.0
tsae_max,1,test/intermediate_algebra/1994.json,8.0,incoherent,0.0,0.0,0.0
tsae_max,1,test/intermediate_algebra/2046.json,8.0,incoherent,0.0,0.0,0.0
tsae_max,1,test/intermediate_algebra/345.json,8.0,incoherent,0.0,0.0,0.0
tsae_max,1,test/intermediate_algebra/446.json,8.0,incoherent,0.0,0.0,0.0
tsae_max,1,test/intermediate_algebra/47.json,8.0,incoherent,0.0,0.0,0.0
tsae_max,1,test/intermediate_algebra/607.json,8.0,incoherent,0.0,0.0,0.0
tsae_max,1,test/intermediate_algebra/690.json,8.0,incoherent,0.0,0.0,0.0
tsae_max,1,test/intermediate_algebra/752.json,8.0,incoherent,0.0,0.0,0.0
tsae_max,1,test/intermediate_algebra/894.json,8.0,incoherent,0.0,0.0,0.0
tsae_max,1,test/number_theory/1002.json,8.0,incoherent,0.0,0.0,0.0
tsae_max,1,test/number_theory/149.json,8.0,incoherent,0.0,0.0,0.0
tsae_max,1,test/number_theory/515.json,8.0,incoherent,0.0,0.0,0.0
tsae_max,1,test/prealgebra/1113.json,8.0,incoherent,0.0,0.0,0.0
tsae_max,1,test/prealgebra/1128.json,8.0,incoherent,0.0,0.0,0.0
tsae_max,1,test/prealgebra/1139.json,8.0,incoherent,0.0,0.0,0.0
tsae_max,1,test/prealgebra/1238.json,8.0,incoherent,0.0,0.0,0.0
tsae_max,1,test/prealgebra/1251.json,8.0,incoherent,0.0,0.0,0.0
tsae_max,1,test/prealgebra/1252.json,8.0,incoherent,0.0,0.0,0.0
tsae_max,1,test/prealgebra/1272.json,8.0,incoherent,0.0,0.0,0.0
tsae_max,1,test/prealgebra/1423.json,8.0,incoherent,0.0,0.0,0.0
tsae_max,1,test/prealgebra/1622.json,8.0,incoherent,0.0,0.0,0.0
tsae_max,1,test/prealgebra/1646.json,8.0,incoherent,0.0,0.0,0.0
tsae_max,1,test/prealgebra/1787.json,8.0,incoherent,0.0,0.0,0.0
tsae_max,1,test/prealgebra/1834.json,8.0,incoherent,0.0,0.0,0.0
tsae_max,1,test/prealgebra/1922.json,8.0,incoherent,0.0,0.0,0.0
tsae_max,1,test/prealgebra/1961.json,8.0,incoherent,0.0,0.0,0.0
tsae_max,1,test/prealgebra/2019.json,8.0,incoherent,0.0,0.0,0.0
tsae_max,1,test/prealgebra/2066.json,8.0,incoherent,0.0,0.0,0.0
tsae_max,1,test/prealgebra/505.json,8.0,incoherent,0.0,0.0,0.0
tsae_max,1,test/prealgebra/65.json,8.0,incoherent,0.0,0.0,0.0
tsae_max,1,test/prealgebra/996.json,8.0,incoherent,0.0,0.0,0.0
tsae_max,1,test/precalculus/1082.json,8.0,incoherent,0.0,0.0,0.0
tsae_max,1,test/precalculus/1105.json,8.0,incoherent,0.0,0.0,0.0
tsae_max,1,test/precalculus/1199.json,8.0,incoherent,0.0,0.0,0.0
tsae_max,1,test/precalculus/1303.json,8.0,incoherent,0.0,0.0,0.0
tsae_max,1,test/precalculus/398.json,8.0,incoherent,0.0,0.0,0.0
tsae_max,1,test/precalculus/43.json,8.0,incoherent,0.0,0.0,0.0
tsae_max,1,test/precalculus/541.json,8.0,incoherent,0.0,0.0,0.0
tsae_max,1,test/precalculus/580.json,8.0,incoherent,0.0,0.0,0.0
tsae_max,1,test/precalculus/779.json,8.0,incoherent,0.0,0.0,0.0
tsae_max,1,test/precalculus/927.json,8.0,incoherent,0.0,0.0,0.0
tsae_max,1,test/precalculus/96.json,8.0,incoherent,0.0,0.0,0.0
tsae_max,1,test/precalculus/986.json,8.0,incoherent,0.0,0.0,0.0
tsae_max,1,test/algebra/1082.json,8.0,correct,0.0,1.0,1.0
tsae_max,1,test/algebra/109.json,8.0,correct,1.0,1.0,0.0
tsae_max,1,test/algebra/1098.json,8.0,correct,1.0,1.0,0.0
tsae_max,1,test/algebra/1214.json,8.0,correct,1.0,0.0,-1.0
tsae_max,1,test/algebra/1265.json,8.0,correct,1.0,0.0,-1.0
tsae_max,1,test/algebra/1282.json,8.0,correct,0.0,0.0,0.0
tsae_max,1,test/algebra/1338.json,8.0,correct,1.0,1.0,0.0
tsae_max,1,test/algebra/1349.json,8.0,correct,0.0,0.0,0.0
tsae_max,1,test/algebra/1553.json,8.0,correct,0.0,0.0,0.0
tsae_max,1,test/algebra/1934.json,8.0,correct,1.0,1.0,0.0
tsae_max,1,test/algebra/1960.json,8.0,correct,1.0,0.0,-1.0
tsae_max,1,test/algebra/2043.json,8.0,correct,1.0,1.0,0.0
tsae_max,1,test/algebra/2046.json,8.0,correct,1.0,0.0,-1.0
tsae_max,1,test/algebra/2159.json,8.0,correct,0.0,0.0,0.0
tsae_max,1,test/algebra/2264.json,8.0,correct,1.0,0.0,-1.0
tsae_max,1,test/algebra/2427.json,8.0,correct,0.0,0.0,0.0
tsae_max,1,test/algebra/2430.json,8.0,correct,0.0,0.0,0.0
tsae_max,1,test/algebra/2476.json,8.0,correct,0.0,0.0,0.0
tsae_max,1,test/algebra/2486.json,8.0,correct,1.0,1.0,0.0
tsae_max,1,test/algebra/2570.json,8.0,correct,1.0,1.0,0.0
tsae_max,1,test/algebra/2593.json,8.0,correct,1.0,0.0,-1.0
tsae_max,1,test/algebra/2735.json,8.0,correct,0.0,0.0,0.0
tsae_max,1,test/algebra/2779.json,8.0,correct,1.0,0.0,-1.0
tsae_max,1,test/algebra/297.json,8.0,correct,0.0,0.0,0.0
tsae_max,1,test/algebra/425.json,8.0,correct,1.0,0.0,-1.0
tsae_max,1,test/algebra/634.json,8.0,correct,0.0,0.0,0.0
tsae_max,1,test/algebra/661.json,8.0,correct,1.0,0.0,-1.0
tsae_max,1,test/algebra/769.json,8.0,correct,1.0,1.0,0.0
tsae_max,1,test/algebra/824.json,8.0,correct,1.0,1.0,0.0
tsae_max,1,test/algebra/892.json,8.0,correct,0.0,0.0,0.0
tsae_max,1,test/counting_and_probability/1009.json,8.0,correct,1.0,0.0,-1.0
tsae_max,1,test/counting_and_probability/1014.json,8.0,correct,1.0,0.0,-1.0
tsae_max,1,test/counting_and_probability/1060.json,8.0,correct,0.0,0.0,0.0
tsae_max,1,test/counting_and_probability/119.json,8.0,correct,0.0,0.0,0.0
tsae_max,1,test/counting_and_probability/25149.json,8.0,correct,1.0,0.0,-1.0
tsae_max,1,test/counting_and_probability/508.json,8.0,correct,0.0,0.0,0.0
tsae_max,1,test/counting_and_probability/525.json,8.0,correct,0.0,0.0,0.0
tsae_max,1,test/counting_and_probability/894.json,8.0,correct,1.0,0.0,-1.0
tsae_max,1,test/geometry/1140.json,8.0,correct,0.0,0.0,0.0
tsae_max,1,test/geometry/254.json,8.0,correct,0.0,0.0,0.0
tsae_max,1,test/geometry/456.json,8.0,correct,1.0,1.0,0.0
tsae_max,1,test/geometry/465.json,8.0,correct,0.0,0.0,0.0
tsae_max,1,test/geometry/538.json,8.0,correct,0.0,0.0,0.0
tsae_max,1,test/geometry/561.json,8.0,correct,0.0,0.0,0.0
tsae_max,1,test/geometry/615.json,8.0,correct,0.0,0.0,0.0
tsae_max,1,test/geometry/711.json,8.0,correct,0.0,0.0,0.0
tsae_max,1,test/geometry/795.json,8.0,correct,0.0,0.0,0.0
tsae_max,1,test/geometry/843.json,8.0,correct,1.0,0.0,-1.0
tsae_max,1,test/geometry/846.json,8.0,correct,0.0,0.0,0.0
tsae_max,1,test/intermediate_algebra/101.json,8.0,correct,0.0,0.0,0.0
tsae_max,1,test/intermediate_algebra/102.json,8.0,correct,0.0,0.0,0.0
tsae_max,1,test/intermediate_algebra/1354.json,8.0,correct,0.0,0.0,0.0
tsae_max,1,test/intermediate_algebra/1467.json,8.0,correct,0.0,0.0,0.0
tsae_max,1,test/intermediate_algebra/1555.json,8.0,correct,0.0,0.0,0.0
tsae_max,1,test/intermediate_algebra/1714.json,8.0,correct,1.0,1.0,0.0
tsae_max,1,test/intermediate_algebra/1779.json,8.0,correct,0.0,0.0,0.0
tsae_max,1,test/intermediate_algebra/199.json,8.0,correct,0.0,0.0,0.0
tsae_max,1,test/intermediate_algebra/1994.json,8.0,correct,0.0,0.0,0.0
tsae_max,1,test/intermediate_algebra/2046.json,8.0,correct,0.0,0.0,0.0
tsae_max,1,test/intermediate_algebra/345.json,8.0,correct,0.0,0.0,0.0
tsae_max,1,test/intermediate_algebra/446.json,8.0,correct,0.0,0.0,0.0
tsae_max,1,test/intermediate_algebra/47.json,8.0,correct,0.0,0.0,0.0
tsae_max,1,test/intermediate_algebra/607.json,8.0,correct,0.0,0.0,0.0
tsae_max,1,test/intermediate_algebra/690.json,8.0,correct,0.0,0.0,0.0
tsae_max,1,test/intermediate_algebra/752.json,8.0,correct,0.0,0.0,0.0
tsae_max,1,test/intermediate_algebra/894.json,8.0,correct,0.0,0.0,0.0
tsae_max,1,test/number_theory/1002.json,8.0,correct,0.0,0.0,0.0
tsae_max,1,test/number_theory/149.json,8.0,correct,0.0,0.0,0.0
tsae_max,1,test/number_theory/515.json,8.0,correct,1.0,0.0,-1.0
tsae_max,1,test/prealgebra/1113.json,8.0,correct,1.0,1.0,0.0
tsae_max,1,test/prealgebra/1128.json,8.0,correct,0.0,0.0,0.0
tsae_max,1,test/prealgebra/1139.json,8.0,correct,0.0,0.0,0.0
tsae_max,1,test/prealgebra/1238.json,8.0,correct,1.0,1.0,0.0
tsae_max,1,test/prealgebra/1251.json,8.0,correct,0.0,1.0,1.0
tsae_max,1,test/prealgebra/1252.json,8.0,correct,1.0,0.0,-1.0
tsae_max,1,test/prealgebra/1272.json,8.0,correct,1.0,1.0,0.0
tsae_max,1,test/prealgebra/1423.json,8.0,correct,0.0,0.0,0.0
tsae_max,1,test/prealgebra/1622.json,8.0,correct,0.0,0.0,0.0
tsae_max,1,test/prealgebra/1646.json,8.0,correct,0.0,0.0,0.0
tsae_max,1,test/prealgebra/1787.json,8.0,correct,1.0,0.0,-1.0
tsae_max,1,test/prealgebra/1834.json,8.0,correct,0.0,0.0,0.0
tsae_max,1,test/prealgebra/1922.json,8.0,correct,0.0,0.0,0.0
tsae_max,1,test/prealgebra/1961.json,8.0,correct,0.0,1.0,1.0
tsae_max,1,test/prealgebra/2019.json,8.0,correct,1.0,0.0,-1.0
tsae_max,1,test/prealgebra/2066.json,8.0,correct,0.0,1.0,1.0
tsae_max,1,test/prealgebra/505.json,8.0,correct,1.0,0.0,-1.0
tsae_max,1,test/prealgebra/65.json,8.0,correct,0.0,0.0,0.0
tsae_max,1,test/prealgebra/996.json,8.0,correct,0.0,0.0,0.0
tsae_max,1,test/precalculus/1082.json,8.0,correct,0.0,0.0,0.0
tsae_max,1,test/precalculus/1105.json,8.0,correct,0.0,0.0,0.0
tsae_max,1,test/precalculus/1199.json,8.0,correct,0.0,0.0,0.0
tsae_max,1,test/precalculus/1303.json,8.0,correct,0.0,0.0,0.0
tsae_max,1,test/precalculus/398.json,8.0,correct,0.0,0.0,0.0
tsae_max,1,test/precalculus/43.json,8.0,correct,0.0,0.0,0.0
tsae_max,1,test/precalculus/541.json,8.0,correct,0.0,0.0,0.0
tsae_max,1,test/precalculus/580.json,8.0,correct,0.0,0.0,0.0
tsae_max,1,test/precalculus/779.json,8.0,correct,1.0,1.0,0.0
tsae_max,1,test/precalculus/927.json,8.0,correct,0.0,0.0,0.0
tsae_max,1,test/precalculus/96.json,8.0,correct,0.0,0.0,0.0
tsae_max,1,test/precalculus/986.json,8.0,correct,0.0,0.0,0.0
tsae_max,2,test/algebra/1082.json,-4.0,gc,0.0,0.0,0.0
tsae_max,2,test/algebra/109.json,-4.0,gc,0.0,0.0,0.0
tsae_max,2,test/algebra/1098.json,-4.0,gc,0.0,0.0,0.0
tsae_max,2,test/algebra/1214.json,-4.0,gc,0.0,0.0,0.0
tsae_max,2,test/algebra/1265.json,-4.0,gc,0.0,0.0,0.0
tsae_max,2,test/algebra/1282.json,-4.0,gc,0.0,2.0,2.0
tsae_max,2,test/algebra/1338.json,-4.0,gc,0.0,0.0,0.0
tsae_max,2,test/algebra/1349.json,-4.0,gc,0.0,0.0,0.0
tsae_max,2,test/algebra/1553.json,-4.0,gc,0.0,0.0,0.0
tsae_max,2,test/algebra/1934.json,-4.0,gc,0.0,0.0,0.0
tsae_max,2,test/algebra/1960.json,-4.0,gc,0.0,0.0,0.0
tsae_max,2,test/algebra/2043.json,-4.0,gc,1.0,1.0,0.0
tsae_max,2,test/algebra/2046.json,-4.0,gc,0.0,0.0,0.0
tsae_max,2,test/algebra/2159.json,-4.0,gc,1.0,1.0,0.0
tsae_max,2,test/algebra/2264.json,-4.0,gc,0.0,0.0,0.0
tsae_max,2,test/algebra/2427.json,-4.0,gc,0.0,0.0,0.0
tsae_max,2,test/algebra/2430.json,-4.0,gc,1.0,0.0,-1.0
tsae_max,2,test/algebra/2476.json,-4.0,gc,0.0,0.0,0.0
tsae_max,2,test/algebra/2486.json,-4.0,gc,0.0,0.0,0.0
tsae_max,2,test/algebra/2570.json,-4.0,gc,1.0,0.0,-1.0
tsae_max,2,test/algebra/2593.json,-4.0,gc,0.0,0.0,0.0
tsae_max,2,test/algebra/2735.json,-4.0,gc,0.0,0.0,0.0
tsae_max,2,test/algebra/2779.json,-4.0,gc,0.0,0.0,0.0
tsae_max,2,test/algebra/297.json,-4.0,gc,0.0,0.0,0.0
tsae_max,2,test/algebra/425.json,-4.0,gc,0.0,0.0,0.0
tsae_max,2,test/algebra/634.json,-4.0,gc,0.0,1.0,1.0
tsae_max,2,test/algebra/661.json,-4.0,gc,0.0,0.0,0.0
tsae_max,2,test/algebra/769.json,-4.0,gc,0.0,0.0,0.0
tsae_max,2,test/algebra/824.json,-4.0,gc,0.0,0.0,0.0
tsae_max,2,test/algebra/892.json,-4.0,gc,1.0,1.0,0.0
tsae_max,2,test/counting_and_probability/1009.json,-4.0,gc,0.0,0.0,0.0
tsae_max,2,test/counting_and_probability/1014.json,-4.0,gc,0.0,0.0,0.0
tsae_max,2,test/counting_and_probability/1060.json,-4.0,gc,0.0,0.0,0.0
tsae_max,2,test/counting_and_probability/119.json,-4.0,gc,0.0,0.0,0.0
tsae_max,2,test/counting_and_probability/25149.json,-4.0,gc,0.0,0.0,0.0
tsae_max,2,test/counting_and_probability/508.json,-4.0,gc,0.0,0.0,0.0
tsae_max,2,test/counting_and_probability/525.json,-4.0,gc,0.0,1.0,1.0
tsae_max,2,test/counting_and_probability/894.json,-4.0,gc,0.0,0.0,0.0
tsae_max,2,test/geometry/1140.json,-4.0,gc,1.0,0.0,-1.0
tsae_max,2,test/geometry/254.json,-4.0,gc,0.0,0.0,0.0
tsae_max,2,test/geometry/456.json,-4.0,gc,0.0,0.0,0.0
tsae_max,2,test/geometry/465.json,-4.0,gc,1.0,1.0,0.0
tsae_max,2,test/geometry/538.json,-4.0,gc,0.0,0.0,0.0
tsae_max,2,test/geometry/561.json,-4.0,gc,0.0,1.0,1.0
tsae_max,2,test/geometry/615.json,-4.0,gc,1.0,0.0,-1.0
tsae_max,2,test/geometry/711.json,-4.0,gc,1.0,0.0,-1.0
tsae_max,2,test/geometry/795.json,-4.0,gc,0.0,0.0,0.0
tsae_max,2,test/geometry/843.json,-4.0,gc,0.0,0.0,0.0
tsae_max,2,test/geometry/846.json,-4.0,gc,1.0,2.0,1.0
tsae_max,2,test/intermediate_algebra/101.json,-4.0,gc,0.0,0.0,0.0
tsae_max,2,test/intermediate_algebra/102.json,-4.0,gc,0.0,0.0,0.0
tsae_max,2,test/intermediate_algebra/1354.json,-4.0,gc,0.0,0.0,0.0
tsae_max,2,test/intermediate_algebra/1467.json,-4.0,gc,1.0,1.0,0.0
tsae_max,2,test/intermediate_algebra/1555.json,-4.0,gc,0.0,0.0,0.0
tsae_max,2,test/intermediate_algebra/1714.json,-4.0,gc,0.0,0.0,0.0
tsae_max,2,test/intermediate_algebra/1779.json,-4.0,gc,0.0,0.0,0.0
tsae_max,2,test/intermediate_algebra/199.json,-4.0,gc,1.0,1.0,0.0
tsae_max,2,test/intermediate_algebra/1994.json,-4.0,gc,0.0,0.0,0.0
tsae_max,2,test/intermediate_algebra/2046.json,-4.0,gc,0.0,1.0,1.0
tsae_max,2,test/intermediate_algebra/345.json,-4.0,gc,0.0,0.0,0.0
tsae_max,2,test/intermediate_algebra/446.json,-4.0,gc,0.0,0.0,0.0
tsae_max,2,test/intermediate_algebra/47.json,-4.0,gc,0.0,0.0,0.0
tsae_max,2,test/intermediate_algebra/607.json,-4.0,gc,1.0,0.0,-1.0
tsae_max,2,test/intermediate_algebra/690.json,-4.0,gc,1.0,0.0,-1.0
tsae_max,2,test/intermediate_algebra/752.json,-4.0,gc,0.0,0.0,0.0
tsae_max,2,test/intermediate_algebra/894.json,-4.0,gc,1.0,1.0,0.0
tsae_max,2,test/number_theory/1002.json,-4.0,gc,0.0,0.0,0.0
tsae_max,2,test/number_theory/149.json,-4.0,gc,0.0,0.0,0.0
tsae_max,2,test/number_theory/515.json,-4.0,gc,0.0,0.0,0.0
tsae_max,2,test/prealgebra/1113.json,-4.0,gc,0.0,0.0,0.0
tsae_max,2,test/prealgebra/1128.json,-4.0,gc,0.0,0.0,0.0
tsae_max,2,test/prealgebra/1139.json,-4.0,gc,0.0,1.0,1.0
tsae_max,2,test/prealgebra/1238.json,-4.0,gc,0.0,0.0,0.0
tsae_max,2,test/prealgebra/1251.json,-4.0,gc,0.0,0.0,0.0
tsae_max,2,test/prealgebra/1252.json,-4.0,gc,0.0,0.0,0.0
tsae_max,2,test/prealgebra/1272.json,-4.0,gc,0.0,0.0,0.0
tsae_max,2,test/prealgebra/1423.json,-4.0,gc,0.0,0.0,0.0
tsae_max,2,test/prealgebra/1622.json,-4.0,gc,0.0,0.0,0.0
tsae_max,2,test/prealgebra/1646.json,-4.0,gc,0.0,1.0,1.0
tsae_max,2,test/prealgebra/1787.json,-4.0,gc,0.0,0.0,0.0
tsae_max,2,test/prealgebra/1834.json,-4.0,gc,0.0,0.0,0.0
tsae_max,2,test/prealgebra/1922.json,-4.0,gc,0.0,0.0,0.0
tsae_max,2,test/prealgebra/1961.json,-4.0,gc,0.0,0.0,0.0
tsae_max,2,test/prealgebra/2019.json,-4.0,gc,0.0,0.0,0.0
tsae_max,2,test/prealgebra/2066.json,-4.0,gc,0.0,0.0,0.0
tsae_max,2,test/prealgebra/505.json,-4.0,gc,0.0,0.0,0.0
tsae_max,2,test/prealgebra/65.json,-4.0,gc,0.0,0.0,0.0
tsae_max,2,test/prealgebra/996.json,-4.0,gc,0.0,0.0,0.0
tsae_max,2,test/precalculus/1082.json,-4.0,gc,1.0,0.0,-1.0
tsae_max,2,test/precalculus/1105.json,-4.0,gc,0.0,0.0,0.0
tsae_max,2,test/precalculus/1199.json,-4.0,gc,1.0,1.0,0.0
tsae_max,2,test/precalculus/1303.json,-4.0,gc,0.0,0.0,0.0
tsae_max,2,test/precalculus/398.json,-4.0,gc,1.0,1.0,0.0
tsae_max,2,test/precalculus/43.json,-4.0,gc,0.0,0.0,0.0
tsae_max,2,test/precalculus/541.json,-4.0,gc,0.0,0.0,0.0
tsae_max,2,test/precalculus/580.json,-4.0,gc,0.0,0.0,0.0
tsae_max,2,test/precalculus/779.json,-4.0,gc,0.0,0.0,0.0
tsae_max,2,test/precalculus/927.json,-4.0,gc,2.0,2.0,0.0
tsae_max,2,test/precalculus/96.json,-4.0,gc,1.0,0.0,-1.0
tsae_max,2,test/precalculus/986.json,-4.0,gc,0.0,1.0,1.0
tsae_max,2,test/algebra/1082.json,-4.0,coherent_gc,0.0,0.0,0.0
tsae_max,2,test/algebra/109.json,-4.0,coherent_gc,0.0,0.0,0.0
tsae_max,2,test/algebra/1098.json,-4.0,coherent_gc,0.0,0.0,0.0
tsae_max,2,test/algebra/1214.json,-4.0,coherent_gc,0.0,0.0,0.0
tsae_max,2,test/algebra/1265.json,-4.0,coherent_gc,0.0,0.0,0.0
tsae_max,2,test/algebra/1282.json,-4.0,coherent_gc,0.0,2.0,2.0
tsae_max,2,test/algebra/1338.json,-4.0,coherent_gc,0.0,0.0,0.0
tsae_max,2,test/algebra/1349.json,-4.0,coherent_gc,0.0,0.0,0.0
tsae_max,2,test/algebra/1553.json,-4.0,coherent_gc,0.0,0.0,0.0
tsae_max,2,test/algebra/1934.json,-4.0,coherent_gc,0.0,0.0,0.0
tsae_max,2,test/algebra/1960.json,-4.0,coherent_gc,0.0,0.0,0.0
tsae_max,2,test/algebra/2043.json,-4.0,coherent_gc,1.0,1.0,0.0
tsae_max,2,test/algebra/2046.json,-4.0,coherent_gc,0.0,0.0,0.0
tsae_max,2,test/algebra/2159.json,-4.0,coherent_gc,1.0,1.0,0.0
tsae_max,2,test/algebra/2264.json,-4.0,coherent_gc,0.0,0.0,0.0
tsae_max,2,test/algebra/2427.json,-4.0,coherent_gc,0.0,0.0,0.0
tsae_max,2,test/algebra/2430.json,-4.0,coherent_gc,1.0,0.0,-1.0
tsae_max,2,test/algebra/2476.json,-4.0,coherent_gc,0.0,0.0,0.0
tsae_max,2,test/algebra/2486.json,-4.0,coherent_gc,0.0,0.0,0.0
tsae_max,2,test/algebra/2570.json,-4.0,coherent_gc,1.0,0.0,-1.0
tsae_max,2,test/algebra/2593.json,-4.0,coherent_gc,0.0,0.0,0.0
tsae_max,2,test/algebra/2735.json,-4.0,coherent_gc,0.0,0.0,0.0
tsae_max,2,test/algebra/2779.json,-4.0,coherent_gc,0.0,0.0,0.0
tsae_max,2,test/algebra/297.json,-4.0,coherent_gc,0.0,0.0,0.0
tsae_max,2,test/algebra/425.json,-4.0,coherent_gc,0.0,0.0,0.0
tsae_max,2,test/algebra/634.json,-4.0,coherent_gc,0.0,1.0,1.0
tsae_max,2,test/algebra/661.json,-4.0,coherent_gc,0.0,0.0,0.0
tsae_max,2,test/algebra/769.json,-4.0,coherent_gc,0.0,0.0,0.0
tsae_max,2,test/algebra/824.json,-4.0,coherent_gc,0.0,0.0,0.0
tsae_max,2,test/algebra/892.json,-4.0,coherent_gc,1.0,1.0,0.0
tsae_max,2,test/counting_and_probability/1009.json,-4.0,coherent_gc,0.0,0.0,0.0
tsae_max,2,test/counting_and_probability/1014.json,-4.0,coherent_gc,0.0,0.0,0.0
tsae_max,2,test/counting_and_probability/1060.json,-4.0,coherent_gc,0.0,0.0,0.0
tsae_max,2,test/counting_and_probability/119.json,-4.0,coherent_gc,0.0,0.0,0.0
tsae_max,2,test/counting_and_probability/25149.json,-4.0,coherent_gc,0.0,0.0,0.0
tsae_max,2,test/counting_and_probability/508.json,-4.0,coherent_gc,0.0,0.0,0.0
tsae_max,2,test/counting_and_probability/525.json,-4.0,coherent_gc,0.0,1.0,1.0
tsae_max,2,test/counting_and_probability/894.json,-4.0,coherent_gc,0.0,0.0,0.0
tsae_max,2,test/geometry/1140.json,-4.0,coherent_gc,1.0,0.0,-1.0
tsae_max,2,test/geometry/254.json,-4.0,coherent_gc,0.0,0.0,0.0
tsae_max,2,test/geometry/456.json,-4.0,coherent_gc,0.0,0.0,0.0
tsae_max,2,test/geometry/465.json,-4.0,coherent_gc,1.0,1.0,0.0
tsae_max,2,test/geometry/538.json,-4.0,coherent_gc,0.0,0.0,0.0
tsae_max,2,test/geometry/561.json,-4.0,coherent_gc,0.0,1.0,1.0
tsae_max,2,test/geometry/615.json,-4.0,coherent_gc,1.0,0.0,-1.0
tsae_max,2,test/geometry/711.json,-4.0,coherent_gc,1.0,0.0,-1.0
tsae_max,2,test/geometry/795.json,-4.0,coherent_gc,0.0,0.0,0.0
tsae_max,2,test/geometry/843.json,-4.0,coherent_gc,0.0,0.0,0.0
tsae_max,2,test/geometry/846.json,-4.0,coherent_gc,1.0,2.0,1.0
tsae_max,2,test/intermediate_algebra/101.json,-4.0,coherent_gc,0.0,0.0,0.0
tsae_max,2,test/intermediate_algebra/102.json,-4.0,coherent_gc,0.0,0.0,0.0
tsae_max,2,test/intermediate_algebra/1354.json,-4.0,coherent_gc,0.0,0.0,0.0
tsae_max,2,test/intermediate_algebra/1467.json,-4.0,coherent_gc,1.0,1.0,0.0
tsae_max,2,test/intermediate_algebra/1555.json,-4.0,coherent_gc,0.0,0.0,0.0
tsae_max,2,test/intermediate_algebra/1714.json,-4.0,coherent_gc,0.0,0.0,0.0
tsae_max,2,test/intermediate_algebra/1779.json,-4.0,coherent_gc,0.0,0.0,0.0
tsae_max,2,test/intermediate_algebra/199.json,-4.0,coherent_gc,1.0,1.0,0.0
tsae_max,2,test/intermediate_algebra/1994.json,-4.0,coherent_gc,0.0,0.0,0.0
tsae_max,2,test/intermediate_algebra/2046.json,-4.0,coherent_gc,0.0,1.0,1.0
tsae_max,2,test/intermediate_algebra/345.json,-4.0,coherent_gc,0.0,0.0,0.0
tsae_max,2,test/intermediate_algebra/446.json,-4.0,coherent_gc,0.0,0.0,0.0
tsae_max,2,test/intermediate_algebra/47.json,-4.0,coherent_gc,0.0,0.0,0.0
tsae_max,2,test/intermediate_algebra/607.json,-4.0,coherent_gc,1.0,0.0,-1.0
tsae_max,2,test/intermediate_algebra/690.json,-4.0,coherent_gc,1.0,0.0,-1.0
tsae_max,2,test/intermediate_algebra/752.json,-4.0,coherent_gc,0.0,0.0,0.0
tsae_max,2,test/intermediate_algebra/894.json,-4.0,coherent_gc,1.0,1.0,0.0
tsae_max,2,test/number_theory/1002.json,-4.0,coherent_gc,0.0,0.0,0.0
tsae_max,2,test/number_theory/149.json,-4.0,coherent_gc,0.0,0.0,0.0
tsae_max,2,test/number_theory/515.json,-4.0,coherent_gc,0.0,0.0,0.0
tsae_max,2,test/prealgebra/1113.json,-4.0,coherent_gc,0.0,0.0,0.0
tsae_max,2,test/prealgebra/1128.json,-4.0,coherent_gc,0.0,0.0,0.0
tsae_max,2,test/prealgebra/1139.json,-4.0,coherent_gc,0.0,1.0,1.0
tsae_max,2,test/prealgebra/1238.json,-4.0,coherent_gc,0.0,0.0,0.0
tsae_max,2,test/prealgebra/1251.json,-4.0,coherent_gc,0.0,0.0,0.0
tsae_max,2,test/prealgebra/1252.json,-4.0,coherent_gc,0.0,0.0,0.0
tsae_max,2,test/prealgebra/1272.json,-4.0,coherent_gc,0.0,0.0,0.0
tsae_max,2,test/prealgebra/1423.json,-4.0,coherent_gc,0.0,0.0,0.0
tsae_max,2,test/prealgebra/1622.json,-4.0,coherent_gc,0.0,0.0,0.0
tsae_max,2,test/prealgebra/1646.json,-4.0,coherent_gc,0.0,1.0,1.0
tsae_max,2,test/prealgebra/1787.json,-4.0,coherent_gc,0.0,0.0,0.0
tsae_max,2,test/prealgebra/1834.json,-4.0,coherent_gc,0.0,0.0,0.0
tsae_max,2,test/prealgebra/1922.json,-4.0,coherent_gc,0.0,0.0,0.0
tsae_max,2,test/prealgebra/1961.json,-4.0,coherent_gc,0.0,0.0,0.0
tsae_max,2,test/prealgebra/2019.json,-4.0,coherent_gc,0.0,0.0,0.0
tsae_max,2,test/prealgebra/2066.json,-4.0,coherent_gc,0.0,0.0,0.0
tsae_max,2,test/prealgebra/505.json,-4.0,coherent_gc,0.0,0.0,0.0
tsae_max,2,test/prealgebra/65.json,-4.0,coherent_gc,0.0,0.0,0.0
tsae_max,2,test/prealgebra/996.json,-4.0,coherent_gc,0.0,0.0,0.0
tsae_max,2,test/precalculus/1082.json,-4.0,coherent_gc,1.0,0.0,-1.0
tsae_max,2,test/precalculus/1105.json,-4.0,coherent_gc,0.0,0.0,0.0
tsae_max,2,test/precalculus/1199.json,-4.0,coherent_gc,1.0,1.0,0.0
tsae_max,2,test/precalculus/1303.json,-4.0,coherent_gc,0.0,0.0,0.0
tsae_max,2,test/precalculus/398.json,-4.0,coherent_gc,1.0,1.0,0.0
tsae_max,2,test/precalculus/43.json,-4.0,coherent_gc,0.0,0.0,0.0
tsae_max,2,test/precalculus/541.json,-4.0,coherent_gc,0.0,0.0,0.0
tsae_max,2,test/precalculus/580.json,-4.0,coherent_gc,0.0,0.0,0.0
tsae_max,2,test/precalculus/779.json,-4.0,coherent_gc,0.0,0.0,0.0
tsae_max,2,test/precalculus/927.json,-4.0,coherent_gc,2.0,2.0,0.0
tsae_max,2,test/precalculus/96.json,-4.0,coherent_gc,1.0,0.0,-1.0
tsae_max,2,test/precalculus/986.json,-4.0,coherent_gc,0.0,1.0,1.0
tsae_max,2,test/algebra/1082.json,-4.0,coherent_bt,0.0,0.0,0.0
tsae_max,2,test/algebra/109.json,-4.0,coherent_bt,0.0,0.0,0.0
tsae_max,2,test/algebra/1098.json,-4.0,coherent_bt,0.0,0.0,0.0
tsae_max,2,test/algebra/1214.json,-4.0,coherent_bt,0.0,0.0,0.0
tsae_max,2,test/algebra/1265.json,-4.0,coherent_bt,0.0,0.0,0.0
tsae_max,2,test/algebra/1282.json,-4.0,coherent_bt,0.0,1.0,1.0
tsae_max,2,test/algebra/1338.json,-4.0,coherent_bt,0.0,0.0,0.0
tsae_max,2,test/algebra/1349.json,-4.0,coherent_bt,0.0,0.0,0.0
tsae_max,2,test/algebra/1553.json,-4.0,coherent_bt,0.0,0.0,0.0
tsae_max,2,test/algebra/1934.json,-4.0,coherent_bt,0.0,0.0,0.0
tsae_max,2,test/algebra/1960.json,-4.0,coherent_bt,0.0,0.0,0.0
tsae_max,2,test/algebra/2043.json,-4.0,coherent_bt,1.0,1.0,0.0
tsae_max,2,test/algebra/2046.json,-4.0,coherent_bt,0.0,0.0,0.0
tsae_max,2,test/algebra/2159.json,-4.0,coherent_bt,1.0,1.0,0.0
tsae_max,2,test/algebra/2264.json,-4.0,coherent_bt,0.0,0.0,0.0
tsae_max,2,test/algebra/2427.json,-4.0,coherent_bt,0.0,0.0,0.0
tsae_max,2,test/algebra/2430.json,-4.0,coherent_bt,1.0,0.0,-1.0
tsae_max,2,test/algebra/2476.json,-4.0,coherent_bt,0.0,0.0,0.0
tsae_max,2,test/algebra/2486.json,-4.0,coherent_bt,0.0,0.0,0.0
tsae_max,2,test/algebra/2570.json,-4.0,coherent_bt,1.0,0.0,-1.0
tsae_max,2,test/algebra/2593.json,-4.0,coherent_bt,0.0,0.0,0.0
tsae_max,2,test/algebra/2735.json,-4.0,coherent_bt,0.0,0.0,0.0
tsae_max,2,test/algebra/2779.json,-4.0,coherent_bt,0.0,0.0,0.0
tsae_max,2,test/algebra/297.json,-4.0,coherent_bt,0.0,0.0,0.0
tsae_max,2,test/algebra/425.json,-4.0,coherent_bt,0.0,0.0,0.0
tsae_max,2,test/algebra/634.json,-4.0,coherent_bt,0.0,1.0,1.0
tsae_max,2,test/algebra/661.json,-4.0,coherent_bt,0.0,0.0,0.0
tsae_max,2,test/algebra/769.json,-4.0,coherent_bt,0.0,0.0,0.0
tsae_max,2,test/algebra/824.json,-4.0,coherent_bt,0.0,0.0,0.0
tsae_max,2,test/algebra/892.json,-4.0,coherent_bt,1.0,1.0,0.0
tsae_max,2,test/counting_and_probability/1009.json,-4.0,coherent_bt,0.0,0.0,0.0
tsae_max,2,test/counting_and_probability/1014.json,-4.0,coherent_bt,0.0,0.0,0.0
tsae_max,2,test/counting_and_probability/1060.json,-4.0,coherent_bt,0.0,0.0,0.0
tsae_max,2,test/counting_and_probability/119.json,-4.0,coherent_bt,0.0,0.0,0.0
tsae_max,2,test/counting_and_probability/25149.json,-4.0,coherent_bt,0.0,0.0,0.0
tsae_max,2,test/counting_and_probability/508.json,-4.0,coherent_bt,0.0,0.0,0.0
tsae_max,2,test/counting_and_probability/525.json,-4.0,coherent_bt,0.0,1.0,1.0
tsae_max,2,test/counting_and_probability/894.json,-4.0,coherent_bt,0.0,0.0,0.0
tsae_max,2,test/geometry/1140.json,-4.0,coherent_bt,1.0,0.0,-1.0
tsae_max,2,test/geometry/254.json,-4.0,coherent_bt,0.0,0.0,0.0
tsae_max,2,test/geometry/456.json,-4.0,coherent_bt,0.0,0.0,0.0
tsae_max,2,test/geometry/465.json,-4.0,coherent_bt,1.0,1.0,0.0
tsae_max,2,test/geometry/538.json,-4.0,coherent_bt,0.0,0.0,0.0
tsae_max,2,test/geometry/561.json,-4.0,coherent_bt,0.0,1.0,1.0
tsae_max,2,test/geometry/615.json,-4.0,coherent_bt,1.0,0.0,-1.0
tsae_max,2,test/geometry/711.json,-4.0,coherent_bt,1.0,0.0,-1.0
tsae_max,2,test/geometry/795.json,-4.0,coherent_bt,0.0,0.0,0.0
tsae_max,2,test/geometry/843.json,-4.0,coherent_bt,0.0,0.0,0.0
tsae_max,2,test/geometry/846.json,-4.0,coherent_bt,1.0,1.0,0.0
tsae_max,2,test/intermediate_algebra/101.json,-4.0,coherent_bt,0.0,0.0,0.0
tsae_max,2,test/intermediate_algebra/102.json,-4.0,coherent_bt,0.0,0.0,0.0
tsae_max,2,test/intermediate_algebra/1354.json,-4.0,coherent_bt,0.0,0.0,0.0
tsae_max,2,test/intermediate_algebra/1467.json,-4.0,coherent_bt,1.0,1.0,0.0
tsae_max,2,test/intermediate_algebra/1555.json,-4.0,coherent_bt,0.0,0.0,0.0
tsae_max,2,test/intermediate_algebra/1714.json,-4.0,coherent_bt,0.0,0.0,0.0
tsae_max,2,test/intermediate_algebra/1779.json,-4.0,coherent_bt,0.0,0.0,0.0
tsae_max,2,test/intermediate_algebra/199.json,-4.0,coherent_bt,1.0,1.0,0.0
tsae_max,2,test/intermediate_algebra/1994.json,-4.0,coherent_bt,0.0,0.0,0.0
tsae_max,2,test/intermediate_algebra/2046.json,-4.0,coherent_bt,0.0,1.0,1.0
tsae_max,2,test/intermediate_algebra/345.json,-4.0,coherent_bt,0.0,0.0,0.0
tsae_max,2,test/intermediate_algebra/446.json,-4.0,coherent_bt,0.0,0.0,0.0
tsae_max,2,test/intermediate_algebra/47.json,-4.0,coherent_bt,0.0,0.0,0.0
tsae_max,2,test/intermediate_algebra/607.json,-4.0,coherent_bt,1.0,0.0,-1.0
tsae_max,2,test/intermediate_algebra/690.json,-4.0,coherent_bt,1.0,0.0,-1.0
tsae_max,2,test/intermediate_algebra/752.json,-4.0,coherent_bt,0.0,0.0,0.0
tsae_max,2,test/intermediate_algebra/894.json,-4.0,coherent_bt,1.0,1.0,0.0
tsae_max,2,test/number_theory/1002.json,-4.0,coherent_bt,0.0,0.0,0.0
tsae_max,2,test/number_theory/149.json,-4.0,coherent_bt,0.0,0.0,0.0
tsae_max,2,test/number_theory/515.json,-4.0,coherent_bt,0.0,0.0,0.0
tsae_max,2,test/prealgebra/1113.json,-4.0,coherent_bt,0.0,0.0,0.0
tsae_max,2,test/prealgebra/1128.json,-4.0,coherent_bt,0.0,0.0,0.0
tsae_max,2,test/prealgebra/1139.json,-4.0,coherent_bt,0.0,1.0,1.0
tsae_max,2,test/prealgebra/1238.json,-4.0,coherent_bt,0.0,0.0,0.0
tsae_max,2,test/prealgebra/1251.json,-4.0,coherent_bt,0.0,0.0,0.0
tsae_max,2,test/prealgebra/1252.json,-4.0,coherent_bt,0.0,0.0,0.0
tsae_max,2,test/prealgebra/1272.json,-4.0,coherent_bt,0.0,0.0,0.0
tsae_max,2,test/prealgebra/1423.json,-4.0,coherent_bt,0.0,0.0,0.0
tsae_max,2,test/prealgebra/1622.json,-4.0,coherent_bt,0.0,0.0,0.0
tsae_max,2,test/prealgebra/1646.json,-4.0,coherent_bt,0.0,1.0,1.0
tsae_max,2,test/prealgebra/1787.json,-4.0,coherent_bt,0.0,0.0,0.0
tsae_max,2,test/prealgebra/1834.json,-4.0,coherent_bt,0.0,0.0,0.0
tsae_max,2,test/prealgebra/1922.json,-4.0,coherent_bt,0.0,0.0,0.0
tsae_max,2,test/prealgebra/1961.json,-4.0,coherent_bt,0.0,0.0,0.0
tsae_max,2,test/prealgebra/2019.json,-4.0,coherent_bt,0.0,0.0,0.0
tsae_max,2,test/prealgebra/2066.json,-4.0,coherent_bt,0.0,0.0,0.0
tsae_max,2,test/prealgebra/505.json,-4.0,coherent_bt,0.0,0.0,0.0
tsae_max,2,test/prealgebra/65.json,-4.0,coherent_bt,0.0,0.0,0.0
tsae_max,2,test/prealgebra/996.json,-4.0,coherent_bt,0.0,0.0,0.0
tsae_max,2,test/precalculus/1082.json,-4.0,coherent_bt,1.0,0.0,-1.0
tsae_max,2,test/precalculus/1105.json,-4.0,coherent_bt,0.0,0.0,0.0
tsae_max,2,test/precalculus/1199.json,-4.0,coherent_bt,1.0,1.0,0.0
tsae_max,2,test/precalculus/1303.json,-4.0,coherent_bt,0.0,0.0,0.0
tsae_max,2,test/precalculus/398.json,-4.0,coherent_bt,1.0,1.0,0.0
tsae_max,2,test/precalculus/43.json,-4.0,coherent_bt,0.0,0.0,0.0
tsae_max,2,test/precalculus/541.json,-4.0,coherent_bt,0.0,0.0,0.0
tsae_max,2,test/precalculus/580.json,-4.0,coherent_bt,0.0,0.0,0.0
tsae_max,2,test/precalculus/779.json,-4.0,coherent_bt,0.0,0.0,0.0
tsae_max,2,test/precalculus/927.json,-4.0,coherent_bt,1.0,1.0,0.0
tsae_max,2,test/precalculus/96.json,-4.0,coherent_bt,1.0,0.0,-1.0
tsae_max,2,test/precalculus/986.json,-4.0,coherent_bt,0.0,1.0,1.0
tsae_max,2,test/algebra/1082.json,-4.0,incoherent,0.0,0.0,0.0
tsae_max,2,test/algebra/109.json,-4.0,incoherent,0.0,0.0,0.0
tsae_max,2,test/algebra/1098.json,-4.0,incoherent,0.0,0.0,0.0
tsae_max,2,test/algebra/1214.json,-4.0,incoherent,0.0,0.0,0.0
tsae_max,2,test/algebra/1265.json,-4.0,incoherent,0.0,0.0,0.0
tsae_max,2,test/algebra/1282.json,-4.0,incoherent,0.0,0.0,0.0
tsae_max,2,test/algebra/1338.json,-4.0,incoherent,0.0,0.0,0.0
tsae_max,2,test/algebra/1349.json,-4.0,incoherent,0.0,0.0,0.0
tsae_max,2,test/algebra/1553.json,-4.0,incoherent,0.0,0.0,0.0
tsae_max,2,test/algebra/1934.json,-4.0,incoherent,0.0,0.0,0.0
tsae_max,2,test/algebra/1960.json,-4.0,incoherent,0.0,0.0,0.0
tsae_max,2,test/algebra/2043.json,-4.0,incoherent,0.0,0.0,0.0
tsae_max,2,test/algebra/2046.json,-4.0,incoherent,0.0,0.0,0.0
tsae_max,2,test/algebra/2159.json,-4.0,incoherent,0.0,0.0,0.0
tsae_max,2,test/algebra/2264.json,-4.0,incoherent,0.0,0.0,0.0
tsae_max,2,test/algebra/2427.json,-4.0,incoherent,0.0,0.0,0.0
tsae_max,2,test/algebra/2430.json,-4.0,incoherent,0.0,0.0,0.0
tsae_max,2,test/algebra/2476.json,-4.0,incoherent,0.0,0.0,0.0
tsae_max,2,test/algebra/2486.json,-4.0,incoherent,0.0,0.0,0.0
tsae_max,2,test/algebra/2570.json,-4.0,incoherent,0.0,0.0,0.0
tsae_max,2,test/algebra/2593.json,-4.0,incoherent,0.0,0.0,0.0
tsae_max,2,test/algebra/2735.json,-4.0,incoherent,0.0,0.0,0.0
tsae_max,2,test/algebra/2779.json,-4.0,incoherent,0.0,0.0,0.0
tsae_max,2,test/algebra/297.json,-4.0,incoherent,0.0,0.0,0.0
tsae_max,2,test/algebra/425.json,-4.0,incoherent,0.0,0.0,0.0
tsae_max,2,test/algebra/634.json,-4.0,incoherent,0.0,0.0,0.0
tsae_max,2,test/algebra/661.json,-4.0,incoherent,0.0,0.0,0.0
tsae_max,2,test/algebra/769.json,-4.0,incoherent,0.0,0.0,0.0
tsae_max,2,test/algebra/824.json,-4.0,incoherent,0.0,0.0,0.0
tsae_max,2,test/algebra/892.json,-4.0,incoherent,0.0,0.0,0.0
tsae_max,2,test/counting_and_probability/1009.json,-4.0,incoherent,0.0,0.0,0.0
tsae_max,2,test/counting_and_probability/1014.json,-4.0,incoherent,0.0,0.0,0.0
tsae_max,2,test/counting_and_probability/1060.json,-4.0,incoherent,0.0,0.0,0.0
tsae_max,2,test/counting_and_probability/119.json,-4.0,incoherent,0.0,0.0,0.0
tsae_max,2,test/counting_and_probability/25149.json,-4.0,incoherent,0.0,0.0,0.0
tsae_max,2,test/counting_and_probability/508.json,-4.0,incoherent,0.0,0.0,0.0
tsae_max,2,test/counting_and_probability/525.json,-4.0,incoherent,0.0,0.0,0.0
tsae_max,2,test/counting_and_probability/894.json,-4.0,incoherent,0.0,0.0,0.0
tsae_max,2,test/geometry/1140.json,-4.0,incoherent,0.0,0.0,0.0
tsae_max,2,test/geometry/254.json,-4.0,incoherent,0.0,0.0,0.0
tsae_max,2,test/geometry/456.json,-4.0,incoherent,0.0,0.0,0.0
tsae_max,2,test/geometry/465.json,-4.0,incoherent,0.0,0.0,0.0
tsae_max,2,test/geometry/538.json,-4.0,incoherent,0.0,0.0,0.0
tsae_max,2,test/geometry/561.json,-4.0,incoherent,0.0,0.0,0.0
tsae_max,2,test/geometry/615.json,-4.0,incoherent,0.0,0.0,0.0
tsae_max,2,test/geometry/711.json,-4.0,incoherent,0.0,0.0,0.0
tsae_max,2,test/geometry/795.json,-4.0,incoherent,0.0,0.0,0.0
tsae_max,2,test/geometry/843.json,-4.0,incoherent,0.0,0.0,0.0
tsae_max,2,test/geometry/846.json,-4.0,incoherent,0.0,0.0,0.0
tsae_max,2,test/intermediate_algebra/101.json,-4.0,incoherent,0.0,0.0,0.0
tsae_max,2,test/intermediate_algebra/102.json,-4.0,incoherent,0.0,0.0,0.0
tsae_max,2,test/intermediate_algebra/1354.json,-4.0,incoherent,0.0,0.0,0.0
tsae_max,2,test/intermediate_algebra/1467.json,-4.0,incoherent,0.0,0.0,0.0
tsae_max,2,test/intermediate_algebra/1555.json,-4.0,incoherent,0.0,0.0,0.0
tsae_max,2,test/intermediate_algebra/1714.json,-4.0,incoherent,0.0,0.0,0.0
tsae_max,2,test/intermediate_algebra/1779.json,-4.0,incoherent,0.0,0.0,0.0
tsae_max,2,test/intermediate_algebra/199.json,-4.0,incoherent,0.0,0.0,0.0
tsae_max,2,test/intermediate_algebra/1994.json,-4.0,incoherent,0.0,0.0,0.0
tsae_max,2,test/intermediate_algebra/2046.json,-4.0,incoherent,0.0,0.0,0.0
tsae_max,2,test/intermediate_algebra/345.json,-4.0,incoherent,0.0,0.0,0.0
tsae_max,2,test/intermediate_algebra/446.json,-4.0,incoherent,0.0,0.0,0.0
tsae_max,2,test/intermediate_algebra/47.json,-4.0,incoherent,0.0,0.0,0.0
tsae_max,2,test/intermediate_algebra/607.json,-4.0,incoherent,0.0,0.0,0.0
tsae_max,2,test/intermediate_algebra/690.json,-4.0,incoherent,0.0,0.0,0.0
tsae_max,2,test/intermediate_algebra/752.json,-4.0,incoherent,0.0,0.0,0.0
tsae_max,2,test/intermediate_algebra/894.json,-4.0,incoherent,0.0,0.0,0.0
tsae_max,2,test/number_theory/1002.json,-4.0,incoherent,0.0,0.0,0.0
tsae_max,2,test/number_theory/149.json,-4.0,incoherent,0.0,0.0,0.0
tsae_max,2,test/number_theory/515.json,-4.0,incoherent,0.0,0.0,0.0
tsae_max,2,test/prealgebra/1113.json,-4.0,incoherent,0.0,0.0,0.0
tsae_max,2,test/prealgebra/1128.json,-4.0,incoherent,0.0,0.0,0.0
tsae_max,2,test/prealgebra/1139.json,-4.0,incoherent,0.0,0.0,0.0
tsae_max,2,test/prealgebra/1238.json,-4.0,incoherent,0.0,0.0,0.0
tsae_max,2,test/prealgebra/1251.json,-4.0,incoherent,0.0,0.0,0.0
tsae_max,2,test/prealgebra/1252.json,-4.0,incoherent,0.0,0.0,0.0
tsae_max,2,test/prealgebra/1272.json,-4.0,incoherent,0.0,0.0,0.0
tsae_max,2,test/prealgebra/1423.json,-4.0,incoherent,0.0,0.0,0.0
tsae_max,2,test/prealgebra/1622.json,-4.0,incoherent,0.0,0.0,0.0
tsae_max,2,test/prealgebra/1646.json,-4.0,incoherent,0.0,0.0,0.0
tsae_max,2,test/prealgebra/1787.json,-4.0,incoherent,0.0,0.0,0.0
tsae_max,2,test/prealgebra/1834.json,-4.0,incoherent,0.0,0.0,0.0
tsae_max,2,test/prealgebra/1922.json,-4.0,incoherent,0.0,0.0,0.0
tsae_max,2,test/prealgebra/1961.json,-4.0,incoherent,0.0,0.0,0.0
tsae_max,2,test/prealgebra/2019.json,-4.0,incoherent,0.0,0.0,0.0
tsae_max,2,test/prealgebra/2066.json,-4.0,incoherent,0.0,0.0,0.0
tsae_max,2,test/prealgebra/505.json,-4.0,incoherent,0.0,0.0,0.0
tsae_max,2,test/prealgebra/65.json,-4.0,incoherent,0.0,0.0,0.0
tsae_max,2,test/prealgebra/996.json,-4.0,incoherent,0.0,0.0,0.0
tsae_max,2,test/precalculus/1082.json,-4.0,incoherent,0.0,0.0,0.0
tsae_max,2,test/precalculus/1105.json,-4.0,incoherent,0.0,0.0,0.0
tsae_max,2,test/precalculus/1199.json,-4.0,incoherent,0.0,0.0,0.0
tsae_max,2,test/precalculus/1303.json,-4.0,incoherent,0.0,0.0,0.0
tsae_max,2,test/precalculus/398.json,-4.0,incoherent,0.0,0.0,0.0
tsae_max,2,test/precalculus/43.json,-4.0,incoherent,0.0,0.0,0.0
tsae_max,2,test/precalculus/541.json,-4.0,incoherent,0.0,0.0,0.0
tsae_max,2,test/precalculus/580.json,-4.0,incoherent,0.0,0.0,0.0
tsae_max,2,test/precalculus/779.json,-4.0,incoherent,0.0,0.0,0.0
tsae_max,2,test/precalculus/927.json,-4.0,incoherent,0.0,0.0,0.0
tsae_max,2,test/precalculus/96.json,-4.0,incoherent,0.0,0.0,0.0
tsae_max,2,test/precalculus/986.json,-4.0,incoherent,0.0,0.0,0.0
tsae_max,2,test/algebra/1082.json,-4.0,correct,0.0,0.0,0.0
tsae_max,2,test/algebra/109.json,-4.0,correct,1.0,1.0,0.0
tsae_max,2,test/algebra/1098.json,-4.0,correct,1.0,1.0,0.0
tsae_max,2,test/algebra/1214.json,-4.0,correct,1.0,0.0,-1.0
tsae_max,2,test/algebra/1265.json,-4.0,correct,1.0,1.0,0.0
tsae_max,2,test/algebra/1282.json,-4.0,correct,0.0,0.0,0.0
tsae_max,2,test/algebra/1338.json,-4.0,correct,1.0,0.0,-1.0
tsae_max,2,test/algebra/1349.json,-4.0,correct,0.0,0.0,0.0
tsae_max,2,test/algebra/1553.json,-4.0,correct,0.0,1.0,1.0
tsae_max,2,test/algebra/1934.json,-4.0,correct,1.0,0.0,-1.0
tsae_max,2,test/algebra/1960.json,-4.0,correct,1.0,0.0,-1.0
tsae_max,2,test/algebra/2043.json,-4.0,correct,1.0,1.0,0.0
tsae_max,2,test/algebra/2046.json,-4.0,correct,1.0,0.0,-1.0
tsae_max,2,test/algebra/2159.json,-4.0,correct,0.0,0.0,0.0
tsae_max,2,test/algebra/2264.json,-4.0,correct,1.0,0.0,-1.0
tsae_max,2,test/algebra/2427.json,-4.0,correct,0.0,0.0,0.0
tsae_max,2,test/algebra/2430.json,-4.0,correct,0.0,0.0,0.0
tsae_max,2,test/algebra/2476.json,-4.0,correct,0.0,1.0,1.0
tsae_max,2,test/algebra/2486.json,-4.0,correct,1.0,0.0,-1.0
tsae_max,2,test/algebra/2570.json,-4.0,correct,1.0,0.0,-1.0
tsae_max,2,test/algebra/2593.json,-4.0,correct,1.0,1.0,0.0
tsae_max,2,test/algebra/2735.json,-4.0,correct,0.0,0.0,0.0
tsae_max,2,test/algebra/2779.json,-4.0,correct,1.0,1.0,0.0
tsae_max,2,test/algebra/297.json,-4.0,correct,0.0,0.0,0.0
tsae_max,2,test/algebra/425.json,-4.0,correct,1.0,1.0,0.0
tsae_max,2,test/algebra/634.json,-4.0,correct,0.0,0.0,0.0
tsae_max,2,test/algebra/661.json,-4.0,correct,1.0,1.0,0.0
tsae_max,2,test/algebra/769.json,-4.0,correct,1.0,1.0,0.0
tsae_max,2,test/algebra/824.json,-4.0,correct,1.0,1.0,0.0
tsae_max,2,test/algebra/892.json,-4.0,correct,0.0,0.0,0.0
tsae_max,2,test/counting_and_probability/1009.json,-4.0,correct,1.0,1.0,0.0
tsae_max,2,test/counting_and_probability/1014.json,-4.0,correct,1.0,1.0,0.0
tsae_max,2,test/counting_and_probability/1060.json,-4.0,correct,0.0,0.0,0.0
tsae_max,2,test/counting_and_probability/119.json,-4.0,correct,0.0,0.0,0.0
tsae_max,2,test/counting_and_probability/25149.json,-4.0,correct,1.0,0.0,-1.0
tsae_max,2,test/counting_and_probability/508.json,-4.0,correct,0.0,0.0,0.0
tsae_max,2,test/counting_and_probability/525.json,-4.0,correct,0.0,0.0,0.0
tsae_max,2,test/counting_and_probability/894.json,-4.0,correct,1.0,0.0,-1.0
tsae_max,2,test/geometry/1140.json,-4.0,correct,0.0,0.0,0.0
tsae_max,2,test/geometry/254.json,-4.0,correct,0.0,1.0,1.0
tsae_max,2,test/geometry/456.json,-4.0,correct,1.0,1.0,0.0
tsae_max,2,test/geometry/465.json,-4.0,correct,0.0,0.0,0.0
tsae_max,2,test/geometry/538.json,-4.0,correct,0.0,0.0,0.0
tsae_max,2,test/geometry/561.json,-4.0,correct,0.0,0.0,0.0
tsae_max,2,test/geometry/615.json,-4.0,correct,0.0,0.0,0.0
tsae_max,2,test/geometry/711.json,-4.0,correct,0.0,0.0,0.0
tsae_max,2,test/geometry/795.json,-4.0,correct,0.0,0.0,0.0
tsae_max,2,test/geometry/843.json,-4.0,correct,1.0,1.0,0.0
tsae_max,2,test/geometry/846.json,-4.0,correct,0.0,0.0,0.0
tsae_max,2,test/intermediate_algebra/101.json,-4.0,correct,0.0,0.0,0.0
tsae_max,2,test/intermediate_algebra/102.json,-4.0,correct,0.0,0.0,0.0
tsae_max,2,test/intermediate_algebra/1354.json,-4.0,correct,0.0,0.0,0.0
tsae_max,2,test/intermediate_algebra/1467.json,-4.0,correct,0.0,0.0,0.0
tsae_max,2,test/intermediate_algebra/1555.json,-4.0,correct,0.0,0.0,0.0
tsae_max,2,test/intermediate_algebra/1714.json,-4.0,correct,1.0,1.0,0.0
tsae_max,2,test/intermediate_algebra/1779.json,-4.0,correct,0.0,0.0,0.0
tsae_max,2,test/intermediate_algebra/199.json,-4.0,correct,0.0,0.0,0.0
tsae_max,2,test/intermediate_algebra/1994.json,-4.0,correct,0.0,0.0,0.0
tsae_max,2,test/intermediate_algebra/2046.json,-4.0,correct,0.0,0.0,0.0
tsae_max,2,test/intermediate_algebra/345.json,-4.0,correct,0.0,0.0,0.0
tsae_max,2,test/intermediate_algebra/446.json,-4.0,correct,0.0,0.0,0.0
tsae_max,2,test/intermediate_algebra/47.json,-4.0,correct,0.0,0.0,0.0
tsae_max,2,test/intermediate_algebra/607.json,-4.0,correct,0.0,0.0,0.0
tsae_max,2,test/intermediate_algebra/690.json,-4.0,correct,0.0,1.0,1.0
tsae_max,2,test/intermediate_algebra/752.json,-4.0,correct,0.0,0.0,0.0
tsae_max,2,test/intermediate_algebra/894.json,-4.0,correct,0.0,0.0,0.0
tsae_max,2,test/number_theory/1002.json,-4.0,correct,0.0,0.0,0.0
tsae_max,2,test/number_theory/149.json,-4.0,correct,0.0,0.0,0.0
tsae_max,2,test/number_theory/515.json,-4.0,correct,1.0,1.0,0.0
tsae_max,2,test/prealgebra/1113.json,-4.0,correct,1.0,1.0,0.0
tsae_max,2,test/prealgebra/1128.json,-4.0,correct,0.0,1.0,1.0
tsae_max,2,test/prealgebra/1139.json,-4.0,correct,0.0,0.0,0.0
tsae_max,2,test/prealgebra/1238.json,-4.0,correct,1.0,1.0,0.0
tsae_max,2,test/prealgebra/1251.json,-4.0,correct,0.0,0.0,0.0
tsae_max,2,test/prealgebra/1252.json,-4.0,correct,1.0,1.0,0.0
tsae_max,2,test/prealgebra/1272.json,-4.0,correct,1.0,1.0,0.0
tsae_max,2,test/prealgebra/1423.json,-4.0,correct,0.0,0.0,0.0
tsae_max,2,test/prealgebra/1622.json,-4.0,correct,0.0,0.0,0.0
tsae_max,2,test/prealgebra/1646.json,-4.0,correct,0.0,0.0,0.0
tsae_max,2,test/prealgebra/1787.json,-4.0,correct,1.0,0.0,-1.0
tsae_max,2,test/prealgebra/1834.json,-4.0,correct,0.0,1.0,1.0
tsae_max,2,test/prealgebra/1922.json,-4.0,correct,0.0,0.0,0.0
tsae_max,2,test/prealgebra/1961.json,-4.0,correct,0.0,0.0,0.0
tsae_max,2,test/prealgebra/2019.json,-4.0,correct,1.0,0.0,-1.0
tsae_max,2,test/prealgebra/2066.json,-4.0,correct,0.0,0.0,0.0
tsae_max,2,test/prealgebra/505.json,-4.0,correct,1.0,1.0,0.0
tsae_max,2,test/prealgebra/65.json,-4.0,correct,0.0,0.0,0.0
tsae_max,2,test/prealgebra/996.json,-4.0,correct,0.0,1.0,1.0
tsae_max,2,test/precalculus/1082.json,-4.0,correct,0.0,0.0,0.0
tsae_max,2,test/precalculus/1105.json,-4.0,correct,0.0,0.0,0.0
tsae_max,2,test/precalculus/1199.json,-4.0,correct,0.0,0.0,0.0
tsae_max,2,test/precalculus/1303.json,-4.0,correct,0.0,0.0,0.0
tsae_max,2,test/precalculus/398.json,-4.0,correct,0.0,0.0,0.0
tsae_max,2,test/precalculus/43.json,-4.0,correct,0.0,1.0,1.0
tsae_max,2,test/precalculus/541.json,-4.0,correct,0.0,0.0,0.0
tsae_max,2,test/precalculus/580.json,-4.0,correct,0.0,0.0,0.0
tsae_max,2,test/precalculus/779.json,-4.0,correct,1.0,1.0,0.0
tsae_max,2,test/precalculus/927.json,-4.0,correct,0.0,0.0,0.0
tsae_max,2,test/precalculus/96.json,-4.0,correct,0.0,0.0,0.0
tsae_max,2,test/precalculus/986.json,-4.0,correct,0.0,0.0,0.0
tsae_max,42,test/algebra/1082.json,-4.0,gc,0.0,0.0,0.0
tsae_max,42,test/algebra/109.json,-4.0,gc,0.0,0.0,0.0
tsae_max,42,test/algebra/1098.json,-4.0,gc,0.0,0.0,0.0
tsae_max,42,test/algebra/1214.json,-4.0,gc,0.0,0.0,0.0
tsae_max,42,test/algebra/1265.json,-4.0,gc,0.0,0.0,0.0
tsae_max,42,test/algebra/1282.json,-4.0,gc,0.0,2.0,2.0
tsae_max,42,test/algebra/1338.json,-4.0,gc,0.0,0.0,0.0
tsae_max,42,test/algebra/1349.json,-4.0,gc,0.0,0.0,0.0
tsae_max,42,test/algebra/1553.json,-4.0,gc,0.0,0.0,0.0
tsae_max,42,test/algebra/1934.json,-4.0,gc,0.0,0.0,0.0
tsae_max,42,test/algebra/1960.json,-4.0,gc,0.0,0.0,0.0
tsae_max,42,test/algebra/2043.json,-4.0,gc,1.0,1.0,0.0
tsae_max,42,test/algebra/2046.json,-4.0,gc,0.0,0.0,0.0
tsae_max,42,test/algebra/2159.json,-4.0,gc,1.0,1.0,0.0
tsae_max,42,test/algebra/2264.json,-4.0,gc,0.0,0.0,0.0
tsae_max,42,test/algebra/2427.json,-4.0,gc,0.0,0.0,0.0
tsae_max,42,test/algebra/2430.json,-4.0,gc,1.0,0.0,-1.0
tsae_max,42,test/algebra/2476.json,-4.0,gc,0.0,0.0,0.0
tsae_max,42,test/algebra/2486.json,-4.0,gc,0.0,0.0,0.0
tsae_max,42,test/algebra/2570.json,-4.0,gc,1.0,0.0,-1.0
tsae_max,42,test/algebra/2593.json,-4.0,gc,0.0,0.0,0.0
tsae_max,42,test/algebra/2735.json,-4.0,gc,0.0,0.0,0.0
tsae_max,42,test/algebra/2779.json,-4.0,gc,0.0,0.0,0.0
tsae_max,42,test/algebra/297.json,-4.0,gc,0.0,0.0,0.0
tsae_max,42,test/algebra/425.json,-4.0,gc,0.0,0.0,0.0
tsae_max,42,test/algebra/634.json,-4.0,gc,0.0,1.0,1.0
tsae_max,42,test/algebra/661.json,-4.0,gc,0.0,0.0,0.0
tsae_max,42,test/algebra/769.json,-4.0,gc,0.0,0.0,0.0
tsae_max,42,test/algebra/824.json,-4.0,gc,0.0,0.0,0.0
tsae_max,42,test/algebra/892.json,-4.0,gc,1.0,0.0,-1.0
tsae_max,42,test/counting_and_probability/1009.json,-4.0,gc,0.0,0.0,0.0
tsae_max,42,test/counting_and_probability/1014.json,-4.0,gc,0.0,0.0,0.0
tsae_max,42,test/counting_and_probability/1060.json,-4.0,gc,0.0,0.0,0.0
tsae_max,42,test/counting_and_probability/119.json,-4.0,gc,0.0,0.0,0.0
tsae_max,42,test/counting_and_probability/25149.json,-4.0,gc,0.0,1.0,1.0
tsae_max,42,test/counting_and_probability/508.json,-4.0,gc,0.0,0.0,0.0
tsae_max,42,test/counting_and_probability/525.json,-4.0,gc,0.0,1.0,1.0
tsae_max,42,test/counting_and_probability/894.json,-4.0,gc,0.0,0.0,0.0
tsae_max,42,test/geometry/1140.json,-4.0,gc,1.0,1.0,0.0
tsae_max,42,test/geometry/254.json,-4.0,gc,0.0,0.0,0.0
tsae_max,42,test/geometry/456.json,-4.0,gc,0.0,0.0,0.0
tsae_max,42,test/geometry/465.json,-4.0,gc,1.0,1.0,0.0
tsae_max,42,test/geometry/538.json,-4.0,gc,0.0,0.0,0.0
tsae_max,42,test/geometry/561.json,-4.0,gc,0.0,0.0,0.0
tsae_max,42,test/geometry/615.json,-4.0,gc,1.0,1.0,0.0
tsae_max,42,test/geometry/711.json,-4.0,gc,1.0,2.0,1.0
tsae_max,42,test/geometry/795.json,-4.0,gc,0.0,0.0,0.0
tsae_max,42,test/geometry/843.json,-4.0,gc,0.0,0.0,0.0
tsae_max,42,test/geometry/846.json,-4.0,gc,1.0,1.0,0.0
tsae_max,42,test/intermediate_algebra/101.json,-4.0,gc,0.0,0.0,0.0
tsae_max,42,test/intermediate_algebra/102.json,-4.0,gc,0.0,1.0,1.0
tsae_max,42,test/intermediate_algebra/1354.json,-4.0,gc,0.0,0.0,0.0
tsae_max,42,test/intermediate_algebra/1467.json,-4.0,gc,1.0,1.0,0.0
tsae_max,42,test/intermediate_algebra/1555.json,-4.0,gc,0.0,0.0,0.0
tsae_max,42,test/intermediate_algebra/1714.json,-4.0,gc,0.0,0.0,0.0
tsae_max,42,test/intermediate_algebra/1779.json,-4.0,gc,0.0,1.0,1.0
tsae_max,42,test/intermediate_algebra/199.json,-4.0,gc,1.0,1.0,0.0
tsae_max,42,test/intermediate_algebra/1994.json,-4.0,gc,0.0,0.0,0.0
tsae_max,42,test/intermediate_algebra/2046.json,-4.0,gc,0.0,1.0,1.0
tsae_max,42,test/intermediate_algebra/345.json,-4.0,gc,0.0,0.0,0.0
tsae_max,42,test/intermediate_algebra/446.json,-4.0,gc,0.0,0.0,0.0
tsae_max,42,test/intermediate_algebra/47.json,-4.0,gc,0.0,0.0,0.0
tsae_max,42,test/intermediate_algebra/607.json,-4.0,gc,1.0,1.0,0.0
tsae_max,42,test/intermediate_algebra/690.json,-4.0,gc,1.0,0.0,-1.0
tsae_max,42,test/intermediate_algebra/752.json,-4.0,gc,0.0,0.0,0.0
tsae_max,42,test/intermediate_algebra/894.json,-4.0,gc,1.0,1.0,0.0
tsae_max,42,test/number_theory/1002.json,-4.0,gc,0.0,0.0,0.0
tsae_max,42,test/number_theory/149.json,-4.0,gc,0.0,0.0,0.0
tsae_max,42,test/number_theory/515.json,-4.0,gc,0.0,0.0,0.0
tsae_max,42,test/prealgebra/1113.json,-4.0,gc,0.0,0.0,0.0
tsae_max,42,test/prealgebra/1128.json,-4.0,gc,0.0,0.0,0.0
tsae_max,42,test/prealgebra/1139.json,-4.0,gc,0.0,0.0,0.0
tsae_max,42,test/prealgebra/1238.json,-4.0,gc,0.0,0.0,0.0
tsae_max,42,test/prealgebra/1251.json,-4.0,gc,0.0,0.0,0.0
tsae_max,42,test/prealgebra/1252.json,-4.0,gc,0.0,0.0,0.0
tsae_max,42,test/prealgebra/1272.json,-4.0,gc,0.0,0.0,0.0
tsae_max,42,test/prealgebra/1423.json,-4.0,gc,0.0,0.0,0.0
tsae_max,42,test/prealgebra/1622.json,-4.0,gc,0.0,0.0,0.0
tsae_max,42,test/prealgebra/1646.json,-4.0,gc,0.0,0.0,0.0
tsae_max,42,test/prealgebra/1787.json,-4.0,gc,0.0,0.0,0.0
tsae_max,42,test/prealgebra/1834.json,-4.0,gc,0.0,0.0,0.0
tsae_max,42,test/prealgebra/1922.json,-4.0,gc,0.0,0.0,0.0
tsae_max,42,test/prealgebra/1961.json,-4.0,gc,0.0,0.0,0.0
tsae_max,42,test/prealgebra/2019.json,-4.0,gc,0.0,0.0,0.0
tsae_max,42,test/prealgebra/2066.json,-4.0,gc,0.0,0.0,0.0
tsae_max,42,test/prealgebra/505.json,-4.0,gc,0.0,0.0,0.0
tsae_max,42,test/prealgebra/65.json,-4.0,gc,0.0,0.0,0.0
tsae_max,42,test/prealgebra/996.json,-4.0,gc,0.0,0.0,0.0
tsae_max,42,test/precalculus/1082.json,-4.0,gc,1.0,0.0,-1.0
tsae_max,42,test/precalculus/1105.json,-4.0,gc,0.0,0.0,0.0
tsae_max,42,test/precalculus/1199.json,-4.0,gc,1.0,2.0,1.0
tsae_max,42,test/precalculus/1303.json,-4.0,gc,0.0,0.0,0.0
tsae_max,42,test/precalculus/398.json,-4.0,gc,1.0,1.0,0.0
tsae_max,42,test/precalculus/43.json,-4.0,gc,0.0,0.0,0.0
tsae_max,42,test/precalculus/541.json,-4.0,gc,0.0,0.0,0.0
tsae_max,42,test/precalculus/580.json,-4.0,gc,0.0,0.0,0.0
tsae_max,42,test/precalculus/779.json,-4.0,gc,0.0,0.0,0.0
tsae_max,42,test/precalculus/927.json,-4.0,gc,2.0,2.0,0.0
tsae_max,42,test/precalculus/96.json,-4.0,gc,1.0,0.0,-1.0
tsae_max,42,test/precalculus/986.json,-4.0,gc,0.0,1.0,1.0
tsae_max,42,test/algebra/1082.json,-4.0,coherent_gc,0.0,0.0,0.0
tsae_max,42,test/algebra/109.json,-4.0,coherent_gc,0.0,0.0,0.0
tsae_max,42,test/algebra/1098.json,-4.0,coherent_gc,0.0,0.0,0.0
tsae_max,42,test/algebra/1214.json,-4.0,coherent_gc,0.0,0.0,0.0
tsae_max,42,test/algebra/1265.json,-4.0,coherent_gc,0.0,0.0,0.0
tsae_max,42,test/algebra/1282.json,-4.0,coherent_gc,0.0,2.0,2.0
tsae_max,42,test/algebra/1338.json,-4.0,coherent_gc,0.0,0.0,0.0
tsae_max,42,test/algebra/1349.json,-4.0,coherent_gc,0.0,0.0,0.0
tsae_max,42,test/algebra/1553.json,-4.0,coherent_gc,0.0,0.0,0.0
tsae_max,42,test/algebra/1934.json,-4.0,coherent_gc,0.0,0.0,0.0
tsae_max,42,test/algebra/1960.json,-4.0,coherent_gc,0.0,0.0,0.0
tsae_max,42,test/algebra/2043.json,-4.0,coherent_gc,1.0,1.0,0.0
tsae_max,42,test/algebra/2046.json,-4.0,coherent_gc,0.0,0.0,0.0
tsae_max,42,test/algebra/2159.json,-4.0,coherent_gc,1.0,1.0,0.0
tsae_max,42,test/algebra/2264.json,-4.0,coherent_gc,0.0,0.0,0.0
tsae_max,42,test/algebra/2427.json,-4.0,coherent_gc,0.0,0.0,0.0
tsae_max,42,test/algebra/2430.json,-4.0,coherent_gc,1.0,0.0,-1.0
tsae_max,42,test/algebra/2476.json,-4.0,coherent_gc,0.0,0.0,0.0
tsae_max,42,test/algebra/2486.json,-4.0,coherent_gc,0.0,0.0,0.0
tsae_max,42,test/algebra/2570.json,-4.0,coherent_gc,1.0,0.0,-1.0
tsae_max,42,test/algebra/2593.json,-4.0,coherent_gc,0.0,0.0,0.0
tsae_max,42,test/algebra/2735.json,-4.0,coherent_gc,0.0,0.0,0.0
tsae_max,42,test/algebra/2779.json,-4.0,coherent_gc,0.0,0.0,0.0
tsae_max,42,test/algebra/297.json,-4.0,coherent_gc,0.0,0.0,0.0
tsae_max,42,test/algebra/425.json,-4.0,coherent_gc,0.0,0.0,0.0
tsae_max,42,test/algebra/634.json,-4.0,coherent_gc,0.0,1.0,1.0
tsae_max,42,test/algebra/661.json,-4.0,coherent_gc,0.0,0.0,0.0
tsae_max,42,test/algebra/769.json,-4.0,coherent_gc,0.0,0.0,0.0
tsae_max,42,test/algebra/824.json,-4.0,coherent_gc,0.0,0.0,0.0
tsae_max,42,test/algebra/892.json,-4.0,coherent_gc,1.0,0.0,-1.0
tsae_max,42,test/counting_and_probability/1009.json,-4.0,coherent_gc,0.0,0.0,0.0
tsae_max,42,test/counting_and_probability/1014.json,-4.0,coherent_gc,0.0,0.0,0.0
tsae_max,42,test/counting_and_probability/1060.json,-4.0,coherent_gc,0.0,0.0,0.0
tsae_max,42,test/counting_and_probability/119.json,-4.0,coherent_gc,0.0,0.0,0.0
tsae_max,42,test/counting_and_probability/25149.json,-4.0,coherent_gc,0.0,1.0,1.0
tsae_max,42,test/counting_and_probability/508.json,-4.0,coherent_gc,0.0,0.0,0.0
tsae_max,42,test/counting_and_probability/525.json,-4.0,coherent_gc,0.0,1.0,1.0
tsae_max,42,test/counting_and_probability/894.json,-4.0,coherent_gc,0.0,0.0,0.0
tsae_max,42,test/geometry/1140.json,-4.0,coherent_gc,1.0,1.0,0.0
tsae_max,42,test/geometry/254.json,-4.0,coherent_gc,0.0,0.0,0.0
tsae_max,42,test/geometry/456.json,-4.0,coherent_gc,0.0,0.0,0.0
tsae_max,42,test/geometry/465.json,-4.0,coherent_gc,1.0,1.0,0.0
tsae_max,42,test/geometry/538.json,-4.0,coherent_gc,0.0,0.0,0.0
tsae_max,42,test/geometry/561.json,-4.0,coherent_gc,0.0,0.0,0.0
tsae_max,42,test/geometry/615.json,-4.0,coherent_gc,1.0,1.0,0.0
tsae_max,42,test/geometry/711.json,-4.0,coherent_gc,1.0,2.0,1.0
tsae_max,42,test/geometry/795.json,-4.0,coherent_gc,0.0,0.0,0.0
tsae_max,42,test/geometry/843.json,-4.0,coherent_gc,0.0,0.0,0.0
tsae_max,42,test/geometry/846.json,-4.0,coherent_gc,1.0,0.0,-1.0
tsae_max,42,test/intermediate_algebra/101.json,-4.0,coherent_gc,0.0,0.0,0.0
tsae_max,42,test/intermediate_algebra/102.json,-4.0,coherent_gc,0.0,1.0,1.0
tsae_max,42,test/intermediate_algebra/1354.json,-4.0,coherent_gc,0.0,0.0,0.0
tsae_max,42,test/intermediate_algebra/1467.json,-4.0,coherent_gc,1.0,1.0,0.0
tsae_max,42,test/intermediate_algebra/1555.json,-4.0,coherent_gc,0.0,0.0,0.0
tsae_max,42,test/intermediate_algebra/1714.json,-4.0,coherent_gc,0.0,0.0,0.0
tsae_max,42,test/intermediate_algebra/1779.json,-4.0,coherent_gc,0.0,1.0,1.0
tsae_max,42,test/intermediate_algebra/199.json,-4.0,coherent_gc,1.0,1.0,0.0
tsae_max,42,test/intermediate_algebra/1994.json,-4.0,coherent_gc,0.0,0.0,0.0
tsae_max,42,test/intermediate_algebra/2046.json,-4.0,coherent_gc,0.0,1.0,1.0
tsae_max,42,test/intermediate_algebra/345.json,-4.0,coherent_gc,0.0,0.0,0.0
tsae_max,42,test/intermediate_algebra/446.json,-4.0,coherent_gc,0.0,0.0,0.0
tsae_max,42,test/intermediate_algebra/47.json,-4.0,coherent_gc,0.0,0.0,0.0
tsae_max,42,test/intermediate_algebra/607.json,-4.0,coherent_gc,1.0,1.0,0.0
tsae_max,42,test/intermediate_algebra/690.json,-4.0,coherent_gc,1.0,0.0,-1.0
tsae_max,42,test/intermediate_algebra/752.json,-4.0,coherent_gc,0.0,0.0,0.0
tsae_max,42,test/intermediate_algebra/894.json,-4.0,coherent_gc,1.0,1.0,0.0
tsae_max,42,test/number_theory/1002.json,-4.0,coherent_gc,0.0,0.0,0.0
tsae_max,42,test/number_theory/149.json,-4.0,coherent_gc,0.0,0.0,0.0
tsae_max,42,test/number_theory/515.json,-4.0,coherent_gc,0.0,0.0,0.0
tsae_max,42,test/prealgebra/1113.json,-4.0,coherent_gc,0.0,0.0,0.0
tsae_max,42,test/prealgebra/1128.json,-4.0,coherent_gc,0.0,0.0,0.0
tsae_max,42,test/prealgebra/1139.json,-4.0,coherent_gc,0.0,0.0,0.0
tsae_max,42,test/prealgebra/1238.json,-4.0,coherent_gc,0.0,0.0,0.0
tsae_max,42,test/prealgebra/1251.json,-4.0,coherent_gc,0.0,0.0,0.0
tsae_max,42,test/prealgebra/1252.json,-4.0,coherent_gc,0.0,0.0,0.0
tsae_max,42,test/prealgebra/1272.json,-4.0,coherent_gc,0.0,0.0,0.0
tsae_max,42,test/prealgebra/1423.json,-4.0,coherent_gc,0.0,0.0,0.0
tsae_max,42,test/prealgebra/1622.json,-4.0,coherent_gc,0.0,0.0,0.0
tsae_max,42,test/prealgebra/1646.json,-4.0,coherent_gc,0.0,0.0,0.0
tsae_max,42,test/prealgebra/1787.json,-4.0,coherent_gc,0.0,0.0,0.0
tsae_max,42,test/prealgebra/1834.json,-4.0,coherent_gc,0.0,0.0,0.0
tsae_max,42,test/prealgebra/1922.json,-4.0,coherent_gc,0.0,0.0,0.0
tsae_max,42,test/prealgebra/1961.json,-4.0,coherent_gc,0.0,0.0,0.0
tsae_max,42,test/prealgebra/2019.json,-4.0,coherent_gc,0.0,0.0,0.0
tsae_max,42,test/prealgebra/2066.json,-4.0,coherent_gc,0.0,0.0,0.0
tsae_max,42,test/prealgebra/505.json,-4.0,coherent_gc,0.0,0.0,0.0
tsae_max,42,test/prealgebra/65.json,-4.0,coherent_gc,0.0,0.0,0.0
tsae_max,42,test/prealgebra/996.json,-4.0,coherent_gc,0.0,0.0,0.0
tsae_max,42,test/precalculus/1082.json,-4.0,coherent_gc,1.0,0.0,-1.0
tsae_max,42,test/precalculus/1105.json,-4.0,coherent_gc,0.0,0.0,0.0
tsae_max,42,test/precalculus/1199.json,-4.0,coherent_gc,1.0,2.0,1.0
tsae_max,42,test/precalculus/1303.json,-4.0,coherent_gc,0.0,0.0,0.0
tsae_max,42,test/precalculus/398.json,-4.0,coherent_gc,1.0,1.0,0.0
tsae_max,42,test/precalculus/43.json,-4.0,coherent_gc,0.0,0.0,0.0
tsae_max,42,test/precalculus/541.json,-4.0,coherent_gc,0.0,0.0,0.0
tsae_max,42,test/precalculus/580.json,-4.0,coherent_gc,0.0,0.0,0.0
tsae_max,42,test/precalculus/779.json,-4.0,coherent_gc,0.0,0.0,0.0
tsae_max,42,test/precalculus/927.json,-4.0,coherent_gc,2.0,2.0,0.0
tsae_max,42,test/precalculus/96.json,-4.0,coherent_gc,1.0,0.0,-1.0
tsae_max,42,test/precalculus/986.json,-4.0,coherent_gc,0.0,1.0,1.0
tsae_max,42,test/algebra/1082.json,-4.0,coherent_bt,0.0,0.0,0.0
tsae_max,42,test/algebra/109.json,-4.0,coherent_bt,0.0,0.0,0.0
tsae_max,42,test/algebra/1098.json,-4.0,coherent_bt,0.0,0.0,0.0
tsae_max,42,test/algebra/1214.json,-4.0,coherent_bt,0.0,0.0,0.0
tsae_max,42,test/algebra/1265.json,-4.0,coherent_bt,0.0,0.0,0.0
tsae_max,42,test/algebra/1282.json,-4.0,coherent_bt,0.0,1.0,1.0
tsae_max,42,test/algebra/1338.json,-4.0,coherent_bt,0.0,0.0,0.0
tsae_max,42,test/algebra/1349.json,-4.0,coherent_bt,0.0,0.0,0.0
tsae_max,42,test/algebra/1553.json,-4.0,coherent_bt,0.0,0.0,0.0
tsae_max,42,test/algebra/1934.json,-4.0,coherent_bt,0.0,0.0,0.0
tsae_max,42,test/algebra/1960.json,-4.0,coherent_bt,0.0,0.0,0.0
tsae_max,42,test/algebra/2043.json,-4.0,coherent_bt,1.0,1.0,0.0
tsae_max,42,test/algebra/2046.json,-4.0,coherent_bt,0.0,0.0,0.0
tsae_max,42,test/algebra/2159.json,-4.0,coherent_bt,1.0,1.0,0.0
tsae_max,42,test/algebra/2264.json,-4.0,coherent_bt,0.0,0.0,0.0
tsae_max,42,test/algebra/2427.json,-4.0,coherent_bt,0.0,0.0,0.0
tsae_max,42,test/algebra/2430.json,-4.0,coherent_bt,1.0,0.0,-1.0
tsae_max,42,test/algebra/2476.json,-4.0,coherent_bt,0.0,0.0,0.0
tsae_max,42,test/algebra/2486.json,-4.0,coherent_bt,0.0,0.0,0.0
tsae_max,42,test/algebra/2570.json,-4.0,coherent_bt,1.0,0.0,-1.0
tsae_max,42,test/algebra/2593.json,-4.0,coherent_bt,0.0,0.0,0.0
tsae_max,42,test/algebra/2735.json,-4.0,coherent_bt,0.0,0.0,0.0
tsae_max,42,test/algebra/2779.json,-4.0,coherent_bt,0.0,0.0,0.0
tsae_max,42,test/algebra/297.json,-4.0,coherent_bt,0.0,0.0,0.0
tsae_max,42,test/algebra/425.json,-4.0,coherent_bt,0.0,0.0,0.0
tsae_max,42,test/algebra/634.json,-4.0,coherent_bt,0.0,1.0,1.0
tsae_max,42,test/algebra/661.json,-4.0,coherent_bt,0.0,0.0,0.0
tsae_max,42,test/algebra/769.json,-4.0,coherent_bt,0.0,0.0,0.0
tsae_max,42,test/algebra/824.json,-4.0,coherent_bt,0.0,0.0,0.0
tsae_max,42,test/algebra/892.json,-4.0,coherent_bt,1.0,0.0,-1.0
tsae_max,42,test/counting_and_probability/1009.json,-4.0,coherent_bt,0.0,0.0,0.0
tsae_max,42,test/counting_and_probability/1014.json,-4.0,coherent_bt,0.0,0.0,0.0
tsae_max,42,test/counting_and_probability/1060.json,-4.0,coherent_bt,0.0,0.0,0.0
tsae_max,42,test/counting_and_probability/119.json,-4.0,coherent_bt,0.0,0.0,0.0
tsae_max,42,test/counting_and_probability/25149.json,-4.0,coherent_bt,0.0,1.0,1.0
tsae_max,42,test/counting_and_probability/508.json,-4.0,coherent_bt,0.0,0.0,0.0
tsae_max,42,test/counting_and_probability/525.json,-4.0,coherent_bt,0.0,1.0,1.0
tsae_max,42,test/counting_and_probability/894.json,-4.0,coherent_bt,0.0,0.0,0.0
tsae_max,42,test/geometry/1140.json,-4.0,coherent_bt,1.0,1.0,0.0
tsae_max,42,test/geometry/254.json,-4.0,coherent_bt,0.0,0.0,0.0
tsae_max,42,test/geometry/456.json,-4.0,coherent_bt,0.0,0.0,0.0
tsae_max,42,test/geometry/465.json,-4.0,coherent_bt,1.0,1.0,0.0
tsae_max,42,test/geometry/538.json,-4.0,coherent_bt,0.0,0.0,0.0
tsae_max,42,test/geometry/561.json,-4.0,coherent_bt,0.0,0.0,0.0
tsae_max,42,test/geometry/615.json,-4.0,coherent_bt,1.0,1.0,0.0
tsae_max,42,test/geometry/711.json,-4.0,coherent_bt,1.0,1.0,0.0
tsae_max,42,test/geometry/795.json,-4.0,coherent_bt,0.0,0.0,0.0
tsae_max,42,test/geometry/843.json,-4.0,coherent_bt,0.0,0.0,0.0
tsae_max,42,test/geometry/846.json,-4.0,coherent_bt,1.0,0.0,-1.0
tsae_max,42,test/intermediate_algebra/101.json,-4.0,coherent_bt,0.0,0.0,0.0
tsae_max,42,test/intermediate_algebra/102.json,-4.0,coherent_bt,0.0,1.0,1.0
tsae_max,42,test/intermediate_algebra/1354.json,-4.0,coherent_bt,0.0,0.0,0.0
tsae_max,42,test/intermediate_algebra/1467.json,-4.0,coherent_bt,1.0,1.0,0.0
tsae_max,42,test/intermediate_algebra/1555.json,-4.0,coherent_bt,0.0,0.0,0.0
tsae_max,42,test/intermediate_algebra/1714.json,-4.0,coherent_bt,0.0,0.0,0.0
tsae_max,42,test/intermediate_algebra/1779.json,-4.0,coherent_bt,0.0,1.0,1.0
tsae_max,42,test/intermediate_algebra/199.json,-4.0,coherent_bt,1.0,1.0,0.0
tsae_max,42,test/intermediate_algebra/1994.json,-4.0,coherent_bt,0.0,0.0,0.0
tsae_max,42,test/intermediate_algebra/2046.json,-4.0,coherent_bt,0.0,1.0,1.0
tsae_max,42,test/intermediate_algebra/345.json,-4.0,coherent_bt,0.0,0.0,0.0
tsae_max,42,test/intermediate_algebra/446.json,-4.0,coherent_bt,0.0,0.0,0.0
tsae_max,42,test/intermediate_algebra/47.json,-4.0,coherent_bt,0.0,0.0,0.0
tsae_max,42,test/intermediate_algebra/607.json,-4.0,coherent_bt,1.0,1.0,0.0
tsae_max,42,test/intermediate_algebra/690.json,-4.0,coherent_bt,1.0,0.0,-1.0
tsae_max,42,test/intermediate_algebra/752.json,-4.0,coherent_bt,0.0,0.0,0.0
tsae_max,42,test/intermediate_algebra/894.json,-4.0,coherent_bt,1.0,1.0,0.0
tsae_max,42,test/number_theory/1002.json,-4.0,coherent_bt,0.0,0.0,0.0
tsae_max,42,test/number_theory/149.json,-4.0,coherent_bt,0.0,0.0,0.0
tsae_max,42,test/number_theory/515.json,-4.0,coherent_bt,0.0,0.0,0.0
tsae_max,42,test/prealgebra/1113.json,-4.0,coherent_bt,0.0,0.0,0.0
tsae_max,42,test/prealgebra/1128.json,-4.0,coherent_bt,0.0,0.0,0.0
tsae_max,42,test/prealgebra/1139.json,-4.0,coherent_bt,0.0,0.0,0.0
tsae_max,42,test/prealgebra/1238.json,-4.0,coherent_bt,0.0,0.0,0.0
tsae_max,42,test/prealgebra/1251.json,-4.0,coherent_bt,0.0,0.0,0.0
tsae_max,42,test/prealgebra/1252.json,-4.0,coherent_bt,0.0,0.0,0.0
tsae_max,42,test/prealgebra/1272.json,-4.0,coherent_bt,0.0,0.0,0.0
tsae_max,42,test/prealgebra/1423.json,-4.0,coherent_bt,0.0,0.0,0.0
tsae_max,42,test/prealgebra/1622.json,-4.0,coherent_bt,0.0,0.0,0.0
tsae_max,42,test/prealgebra/1646.json,-4.0,coherent_bt,0.0,0.0,0.0
tsae_max,42,test/prealgebra/1787.json,-4.0,coherent_bt,0.0,0.0,0.0
tsae_max,42,test/prealgebra/1834.json,-4.0,coherent_bt,0.0,0.0,0.0
tsae_max,42,test/prealgebra/1922.json,-4.0,coherent_bt,0.0,0.0,0.0
tsae_max,42,test/prealgebra/1961.json,-4.0,coherent_bt,0.0,0.0,0.0
tsae_max,42,test/prealgebra/2019.json,-4.0,coherent_bt,0.0,0.0,0.0
tsae_max,42,test/prealgebra/2066.json,-4.0,coherent_bt,0.0,0.0,0.0
tsae_max,42,test/prealgebra/505.json,-4.0,coherent_bt,0.0,0.0,0.0
tsae_max,42,test/prealgebra/65.json,-4.0,coherent_bt,0.0,0.0,0.0
tsae_max,42,test/prealgebra/996.json,-4.0,coherent_bt,0.0,0.0,0.0
tsae_max,42,test/precalculus/1082.json,-4.0,coherent_bt,1.0,0.0,-1.0
tsae_max,42,test/precalculus/1105.json,-4.0,coherent_bt,0.0,0.0,0.0
tsae_max,42,test/precalculus/1199.json,-4.0,coherent_bt,1.0,1.0,0.0
tsae_max,42,test/precalculus/1303.json,-4.0,coherent_bt,0.0,0.0,0.0
tsae_max,42,test/precalculus/398.json,-4.0,coherent_bt,1.0,1.0,0.0
tsae_max,42,test/precalculus/43.json,-4.0,coherent_bt,0.0,0.0,0.0
tsae_max,42,test/precalculus/541.json,-4.0,coherent_bt,0.0,0.0,0.0
tsae_max,42,test/precalculus/580.json,-4.0,coherent_bt,0.0,0.0,0.0
tsae_max,42,test/precalculus/779.json,-4.0,coherent_bt,0.0,0.0,0.0
tsae_max,42,test/precalculus/927.json,-4.0,coherent_bt,1.0,1.0,0.0
tsae_max,42,test/precalculus/96.json,-4.0,coherent_bt,1.0,0.0,-1.0
tsae_max,42,test/precalculus/986.json,-4.0,coherent_bt,0.0,1.0,1.0
tsae_max,42,test/algebra/1082.json,-4.0,incoherent,0.0,0.0,0.0
tsae_max,42,test/algebra/109.json,-4.0,incoherent,0.0,0.0,0.0
tsae_max,42,test/algebra/1098.json,-4.0,incoherent,0.0,0.0,0.0
tsae_max,42,test/algebra/1214.json,-4.0,incoherent,0.0,0.0,0.0
tsae_max,42,test/algebra/1265.json,-4.0,incoherent,0.0,0.0,0.0
tsae_max,42,test/algebra/1282.json,-4.0,incoherent,0.0,0.0,0.0
tsae_max,42,test/algebra/1338.json,-4.0,incoherent,0.0,0.0,0.0
tsae_max,42,test/algebra/1349.json,-4.0,incoherent,0.0,0.0,0.0
tsae_max,42,test/algebra/1553.json,-4.0,incoherent,0.0,0.0,0.0
tsae_max,42,test/algebra/1934.json,-4.0,incoherent,0.0,0.0,0.0
tsae_max,42,test/algebra/1960.json,-4.0,incoherent,0.0,0.0,0.0
tsae_max,42,test/algebra/2043.json,-4.0,incoherent,0.0,0.0,0.0
tsae_max,42,test/algebra/2046.json,-4.0,incoherent,0.0,0.0,0.0
tsae_max,42,test/algebra/2159.json,-4.0,incoherent,0.0,0.0,0.0
tsae_max,42,test/algebra/2264.json,-4.0,incoherent,0.0,0.0,0.0
tsae_max,42,test/algebra/2427.json,-4.0,incoherent,0.0,0.0,0.0
tsae_max,42,test/algebra/2430.json,-4.0,incoherent,0.0,0.0,0.0
tsae_max,42,test/algebra/2476.json,-4.0,incoherent,0.0,0.0,0.0
tsae_max,42,test/algebra/2486.json,-4.0,incoherent,0.0,0.0,0.0
tsae_max,42,test/algebra/2570.json,-4.0,incoherent,0.0,0.0,0.0
tsae_max,42,test/algebra/2593.json,-4.0,incoherent,0.0,0.0,0.0
tsae_max,42,test/algebra/2735.json,-4.0,incoherent,0.0,0.0,0.0
tsae_max,42,test/algebra/2779.json,-4.0,incoherent,0.0,0.0,0.0
tsae_max,42,test/algebra/297.json,-4.0,incoherent,0.0,0.0,0.0
tsae_max,42,test/algebra/425.json,-4.0,incoherent,0.0,0.0,0.0
tsae_max,42,test/algebra/634.json,-4.0,incoherent,0.0,0.0,0.0
tsae_max,42,test/algebra/661.json,-4.0,incoherent,0.0,0.0,0.0
tsae_max,42,test/algebra/769.json,-4.0,incoherent,0.0,0.0,0.0
tsae_max,42,test/algebra/824.json,-4.0,incoherent,0.0,0.0,0.0
tsae_max,42,test/algebra/892.json,-4.0,incoherent,0.0,0.0,0.0
tsae_max,42,test/counting_and_probability/1009.json,-4.0,incoherent,0.0,0.0,0.0
tsae_max,42,test/counting_and_probability/1014.json,-4.0,incoherent,0.0,0.0,0.0
tsae_max,42,test/counting_and_probability/1060.json,-4.0,incoherent,0.0,0.0,0.0
tsae_max,42,test/counting_and_probability/119.json,-4.0,incoherent,0.0,0.0,0.0
tsae_max,42,test/counting_and_probability/25149.json,-4.0,incoherent,0.0,0.0,0.0
tsae_max,42,test/counting_and_probability/508.json,-4.0,incoherent,0.0,0.0,0.0
tsae_max,42,test/counting_and_probability/525.json,-4.0,incoherent,0.0,0.0,0.0
tsae_max,42,test/counting_and_probability/894.json,-4.0,incoherent,0.0,0.0,0.0
tsae_max,42,test/geometry/1140.json,-4.0,incoherent,0.0,0.0,0.0
tsae_max,42,test/geometry/254.json,-4.0,incoherent,0.0,0.0,0.0
tsae_max,42,test/geometry/456.json,-4.0,incoherent,0.0,0.0,0.0
tsae_max,42,test/geometry/465.json,-4.0,incoherent,0.0,0.0,0.0
tsae_max,42,test/geometry/538.json,-4.0,incoherent,0.0,0.0,0.0
tsae_max,42,test/geometry/561.json,-4.0,incoherent,0.0,0.0,0.0
tsae_max,42,test/geometry/615.json,-4.0,incoherent,0.0,0.0,0.0
tsae_max,42,test/geometry/711.json,-4.0,incoherent,0.0,0.0,0.0
tsae_max,42,test/geometry/795.json,-4.0,incoherent,0.0,0.0,0.0
tsae_max,42,test/geometry/843.json,-4.0,incoherent,0.0,0.0,0.0
tsae_max,42,test/geometry/846.json,-4.0,incoherent,0.0,1.0,1.0
tsae_max,42,test/intermediate_algebra/101.json,-4.0,incoherent,0.0,0.0,0.0
tsae_max,42,test/intermediate_algebra/102.json,-4.0,incoherent,0.0,0.0,0.0
tsae_max,42,test/intermediate_algebra/1354.json,-4.0,incoherent,0.0,0.0,0.0
tsae_max,42,test/intermediate_algebra/1467.json,-4.0,incoherent,0.0,0.0,0.0
tsae_max,42,test/intermediate_algebra/1555.json,-4.0,incoherent,0.0,0.0,0.0
tsae_max,42,test/intermediate_algebra/1714.json,-4.0,incoherent,0.0,0.0,0.0
tsae_max,42,test/intermediate_algebra/1779.json,-4.0,incoherent,0.0,0.0,0.0
tsae_max,42,test/intermediate_algebra/199.json,-4.0,incoherent,0.0,0.0,0.0
tsae_max,42,test/intermediate_algebra/1994.json,-4.0,incoherent,0.0,0.0,0.0
tsae_max,42,test/intermediate_algebra/2046.json,-4.0,incoherent,0.0,0.0,0.0
tsae_max,42,test/intermediate_algebra/345.json,-4.0,incoherent,0.0,0.0,0.0
tsae_max,42,test/intermediate_algebra/446.json,-4.0,incoherent,0.0,0.0,0.0
tsae_max,42,test/intermediate_algebra/47.json,-4.0,incoherent,0.0,0.0,0.0
tsae_max,42,test/intermediate_algebra/607.json,-4.0,incoherent,0.0,0.0,0.0
tsae_max,42,test/intermediate_algebra/690.json,-4.0,incoherent,0.0,0.0,0.0
tsae_max,42,test/intermediate_algebra/752.json,-4.0,incoherent,0.0,0.0,0.0
tsae_max,42,test/intermediate_algebra/894.json,-4.0,incoherent,0.0,0.0,0.0
tsae_max,42,test/number_theory/1002.json,-4.0,incoherent,0.0,0.0,0.0
tsae_max,42,test/number_theory/149.json,-4.0,incoherent,0.0,0.0,0.0
tsae_max,42,test/number_theory/515.json,-4.0,incoherent,0.0,0.0,0.0
tsae_max,42,test/prealgebra/1113.json,-4.0,incoherent,0.0,0.0,0.0
tsae_max,42,test/prealgebra/1128.json,-4.0,incoherent,0.0,0.0,0.0
tsae_max,42,test/prealgebra/1139.json,-4.0,incoherent,0.0,0.0,0.0
tsae_max,42,test/prealgebra/1238.json,-4.0,incoherent,0.0,0.0,0.0
tsae_max,42,test/prealgebra/1251.json,-4.0,incoherent,0.0,0.0,0.0
tsae_max,42,test/prealgebra/1252.json,-4.0,incoherent,0.0,0.0,0.0
tsae_max,42,test/prealgebra/1272.json,-4.0,incoherent,0.0,0.0,0.0
tsae_max,42,test/prealgebra/1423.json,-4.0,incoherent,0.0,0.0,0.0
tsae_max,42,test/prealgebra/1622.json,-4.0,incoherent,0.0,0.0,0.0
tsae_max,42,test/prealgebra/1646.json,-4.0,incoherent,0.0,0.0,0.0
tsae_max,42,test/prealgebra/1787.json,-4.0,incoherent,0.0,0.0,0.0
tsae_max,42,test/prealgebra/1834.json,-4.0,incoherent,0.0,0.0,0.0
tsae_max,42,test/prealgebra/1922.json,-4.0,incoherent,0.0,0.0,0.0
tsae_max,42,test/prealgebra/1961.json,-4.0,incoherent,0.0,0.0,0.0
tsae_max,42,test/prealgebra/2019.json,-4.0,incoherent,0.0,0.0,0.0
tsae_max,42,test/prealgebra/2066.json,-4.0,incoherent,0.0,0.0,0.0
tsae_max,42,test/prealgebra/505.json,-4.0,incoherent,0.0,0.0,0.0
tsae_max,42,test/prealgebra/65.json,-4.0,incoherent,0.0,0.0,0.0
tsae_max,42,test/prealgebra/996.json,-4.0,incoherent,0.0,0.0,0.0
tsae_max,42,test/precalculus/1082.json,-4.0,incoherent,0.0,0.0,0.0
tsae_max,42,test/precalculus/1105.json,-4.0,incoherent,0.0,0.0,0.0
tsae_max,42,test/precalculus/1199.json,-4.0,incoherent,0.0,0.0,0.0
tsae_max,42,test/precalculus/1303.json,-4.0,incoherent,0.0,0.0,0.0
tsae_max,42,test/precalculus/398.json,-4.0,incoherent,0.0,0.0,0.0
tsae_max,42,test/precalculus/43.json,-4.0,incoherent,0.0,0.0,0.0
tsae_max,42,test/precalculus/541.json,-4.0,incoherent,0.0,0.0,0.0
tsae_max,42,test/precalculus/580.json,-4.0,incoherent,0.0,0.0,0.0
tsae_max,42,test/precalculus/779.json,-4.0,incoherent,0.0,0.0,0.0
tsae_max,42,test/precalculus/927.json,-4.0,incoherent,0.0,0.0,0.0
tsae_max,42,test/precalculus/96.json,-4.0,incoherent,0.0,0.0,0.0
tsae_max,42,test/precalculus/986.json,-4.0,incoherent,0.0,0.0,0.0
tsae_max,42,test/algebra/1082.json,-4.0,correct,0.0,0.0,0.0
tsae_max,42,test/algebra/109.json,-4.0,correct,1.0,1.0,0.0
tsae_max,42,test/algebra/1098.json,-4.0,correct,1.0,1.0,0.0
tsae_max,42,test/algebra/1214.json,-4.0,correct,1.0,0.0,-1.0
tsae_max,42,test/algebra/1265.json,-4.0,correct,1.0,0.0,-1.0
tsae_max,42,test/algebra/1282.json,-4.0,correct,0.0,0.0,0.0
tsae_max,42,test/algebra/1338.json,-4.0,correct,1.0,1.0,0.0
tsae_max,42,test/algebra/1349.json,-4.0,correct,0.0,0.0,0.0
tsae_max,42,test/algebra/1553.json,-4.0,correct,0.0,0.0,0.0
tsae_max,42,test/algebra/1934.json,-4.0,correct,1.0,0.0,-1.0
tsae_max,42,test/algebra/1960.json,-4.0,correct,1.0,0.0,-1.0
tsae_max,42,test/algebra/2043.json,-4.0,correct,1.0,1.0,0.0
tsae_max,42,test/algebra/2046.json,-4.0,correct,1.0,0.0,-1.0
tsae_max,42,test/algebra/2159.json,-4.0,correct,0.0,0.0,0.0
tsae_max,42,test/algebra/2264.json,-4.0,correct,1.0,0.0,-1.0
tsae_max,42,test/algebra/2427.json,-4.0,correct,0.0,0.0,0.0
tsae_max,42,test/algebra/2430.json,-4.0,correct,0.0,0.0,0.0
tsae_max,42,test/algebra/2476.json,-4.0,correct,0.0,1.0,1.0
tsae_max,42,test/algebra/2486.json,-4.0,correct,1.0,1.0,0.0
tsae_max,42,test/algebra/2570.json,-4.0,correct,1.0,0.0,-1.0
tsae_max,42,test/algebra/2593.json,-4.0,correct,1.0,1.0,0.0
tsae_max,42,test/algebra/2735.json,-4.0,correct,0.0,0.0,0.0
tsae_max,42,test/algebra/2779.json,-4.0,correct,1.0,1.0,0.0
tsae_max,42,test/algebra/297.json,-4.0,correct,0.0,0.0,0.0
tsae_max,42,test/algebra/425.json,-4.0,correct,1.0,1.0,0.0
tsae_max,42,test/algebra/634.json,-4.0,correct,0.0,0.0,0.0
tsae_max,42,test/algebra/661.json,-4.0,correct,1.0,0.0,-1.0
tsae_max,42,test/algebra/769.json,-4.0,correct,1.0,1.0,0.0
tsae_max,42,test/algebra/824.json,-4.0,correct,1.0,1.0,0.0
tsae_max,42,test/algebra/892.json,-4.0,correct,0.0,0.0,0.0
tsae_max,42,test/counting_and_probability/1009.json,-4.0,correct,1.0,1.0,0.0
tsae_max,42,test/counting_and_probability/1014.json,-4.0,correct,1.0,1.0,0.0
tsae_max,42,test/counting_and_probability/1060.json,-4.0,correct,0.0,0.0,0.0
tsae_max,42,test/counting_and_probability/119.json,-4.0,correct,0.0,0.0,0.0
tsae_max,42,test/counting_and_probability/25149.json,-4.0,correct,1.0,1.0,0.0
tsae_max,42,test/counting_and_probability/508.json,-4.0,correct,0.0,0.0,0.0
tsae_max,42,test/counting_and_probability/525.json,-4.0,correct,0.0,0.0,0.0
tsae_max,42,test/counting_and_probability/894.json,-4.0,correct,1.0,0.0,-1.0
tsae_max,42,test/geometry/1140.json,-4.0,correct,0.0,0.0,0.0
tsae_max,42,test/geometry/254.json,-4.0,correct,0.0,1.0,1.0
tsae_max,42,test/geometry/456.json,-4.0,correct,1.0,1.0,0.0
tsae_max,42,test/geometry/465.json,-4.0,correct,0.0,0.0,0.0
tsae_max,42,test/geometry/538.json,-4.0,correct,0.0,0.0,0.0
tsae_max,42,test/geometry/561.json,-4.0,correct,0.0,0.0,0.0
tsae_max,42,test/geometry/615.json,-4.0,correct,0.0,0.0,0.0
tsae_max,42,test/geometry/711.json,-4.0,correct,0.0,0.0,0.0
tsae_max,42,test/geometry/795.json,-4.0,correct,0.0,0.0,0.0
tsae_max,42,test/geometry/843.json,-4.0,correct,1.0,1.0,0.0
tsae_max,42,test/geometry/846.json,-4.0,correct,0.0,0.0,0.0
tsae_max,42,test/intermediate_algebra/101.json,-4.0,correct,0.0,0.0,0.0
tsae_max,42,test/intermediate_algebra/102.json,-4.0,correct,0.0,0.0,0.0
tsae_max,42,test/intermediate_algebra/1354.json,-4.0,correct,0.0,0.0,0.0
tsae_max,42,test/intermediate_algebra/1467.json,-4.0,correct,0.0,0.0,0.0
tsae_max,42,test/intermediate_algebra/1555.json,-4.0,correct,0.0,0.0,0.0
tsae_max,42,test/intermediate_algebra/1714.json,-4.0,correct,1.0,1.0,0.0
tsae_max,42,test/intermediate_algebra/1779.json,-4.0,correct,0.0,0.0,0.0
tsae_max,42,test/intermediate_algebra/199.json,-4.0,correct,0.0,0.0,0.0
tsae_max,42,test/intermediate_algebra/1994.json,-4.0,correct,0.0,0.0,0.0
tsae_max,42,test/intermediate_algebra/2046.json,-4.0,correct,0.0,0.0,0.0
tsae_max,42,test/intermediate_algebra/345.json,-4.0,correct,0.0,0.0,0.0
tsae_max,42,test/intermediate_algebra/446.json,-4.0,correct,0.0,0.0,0.0
tsae_max,42,test/intermediate_algebra/47.json,-4.0,correct,0.0,0.0,0.0
tsae_max,42,test/intermediate_algebra/607.json,-4.0,correct,0.0,0.0,0.0
tsae_max,42,test/intermediate_algebra/690.json,-4.0,correct,0.0,1.0,1.0
tsae_max,42,test/intermediate_algebra/752.json,-4.0,correct,0.0,0.0,0.0
tsae_max,42,test/intermediate_algebra/894.json,-4.0,correct,0.0,0.0,0.0
tsae_max,42,test/number_theory/1002.json,-4.0,correct,0.0,0.0,0.0
tsae_max,42,test/number_theory/149.json,-4.0,correct,0.0,0.0,0.0
tsae_max,42,test/number_theory/515.json,-4.0,correct,1.0,1.0,0.0
tsae_max,42,test/prealgebra/1113.json,-4.0,correct,1.0,1.0,0.0
tsae_max,42,test/prealgebra/1128.json,-4.0,correct,0.0,1.0,1.0
tsae_max,42,test/prealgebra/1139.json,-4.0,correct,0.0,0.0,0.0
tsae_max,42,test/prealgebra/1238.json,-4.0,correct,1.0,1.0,0.0
tsae_max,42,test/prealgebra/1251.json,-4.0,correct,0.0,1.0,1.0
tsae_max,42,test/prealgebra/1252.json,-4.0,correct,1.0,1.0,0.0
tsae_max,42,test/prealgebra/1272.json,-4.0,correct,1.0,1.0,0.0
tsae_max,42,test/prealgebra/1423.json,-4.0,correct,0.0,0.0,0.0
tsae_max,42,test/prealgebra/1622.json,-4.0,correct,0.0,0.0,0.0
tsae_max,42,test/prealgebra/1646.json,-4.0,correct,0.0,0.0,0.0
tsae_max,42,test/prealgebra/1787.json,-4.0,correct,1.0,0.0,-1.0
tsae_max,42,test/prealgebra/1834.json,-4.0,correct,0.0,0.0,0.0
tsae_max,42,test/prealgebra/1922.json,-4.0,correct,0.0,0.0,0.0
tsae_max,42,test/prealgebra/1961.json,-4.0,correct,0.0,0.0,0.0
tsae_max,42,test/prealgebra/2019.json,-4.0,correct,1.0,0.0,-1.0
tsae_max,42,test/prealgebra/2066.json,-4.0,correct,0.0,0.0,0.0
tsae_max,42,test/prealgebra/505.json,-4.0,correct,1.0,1.0,0.0
tsae_max,42,test/prealgebra/65.json,-4.0,correct,0.0,0.0,0.0
tsae_max,42,test/prealgebra/996.json,-4.0,correct,0.0,0.0,0.0
tsae_max,42,test/precalculus/1082.json,-4.0,correct,0.0,0.0,0.0
tsae_max,42,test/precalculus/1105.json,-4.0,correct,0.0,0.0,0.0
tsae_max,42,test/precalculus/1199.json,-4.0,correct,0.0,0.0,0.0
tsae_max,42,test/precalculus/1303.json,-4.0,correct,0.0,1.0,1.0
tsae_max,42,test/precalculus/398.json,-4.0,correct,0.0,0.0,0.0
tsae_max,42,test/precalculus/43.json,-4.0,correct,0.0,0.0,0.0
tsae_max,42,test/precalculus/541.json,-4.0,correct,0.0,0.0,0.0
tsae_max,42,test/precalculus/580.json,-4.0,correct,0.0,0.0,0.0
tsae_max,42,test/precalculus/779.json,-4.0,correct,1.0,1.0,0.0
tsae_max,42,test/precalculus/927.json,-4.0,correct,0.0,0.0,0.0
tsae_max,42,test/precalculus/96.json,-4.0,correct,0.0,0.0,0.0
tsae_max,42,test/precalculus/986.json,-4.0,correct,0.0,0.0,0.0
stacked_atoms,1,test/algebra/1082.json,8.0,gc,0.0,0.0,0.0
stacked_atoms,1,test/algebra/109.json,8.0,gc,0.0,0.0,0.0
stacked_atoms,1,test/algebra/1098.json,8.0,gc,0.0,0.0,0.0
stacked_atoms,1,test/algebra/1214.json,8.0,gc,0.0,0.0,0.0
stacked_atoms,1,test/algebra/1265.json,8.0,gc,0.0,0.0,0.0
stacked_atoms,1,test/algebra/1282.json,8.0,gc,0.0,1.0,1.0
stacked_atoms,1,test/algebra/1338.json,8.0,gc,0.0,0.0,0.0
stacked_atoms,1,test/algebra/1349.json,8.0,gc,0.0,0.0,0.0
stacked_atoms,1,test/algebra/1553.json,8.0,gc,0.0,0.0,0.0
stacked_atoms,1,test/algebra/1934.json,8.0,gc,0.0,0.0,0.0
stacked_atoms,1,test/algebra/1960.json,8.0,gc,0.0,0.0,0.0
stacked_atoms,1,test/algebra/2043.json,8.0,gc,1.0,1.0,0.0
stacked_atoms,1,test/algebra/2046.json,8.0,gc,0.0,0.0,0.0
stacked_atoms,1,test/algebra/2159.json,8.0,gc,1.0,0.0,-1.0
stacked_atoms,1,test/algebra/2264.json,8.0,gc,0.0,0.0,0.0
stacked_atoms,1,test/algebra/2427.json,8.0,gc,0.0,0.0,0.0
stacked_atoms,1,test/algebra/2430.json,8.0,gc,1.0,0.0,-1.0
stacked_atoms,1,test/algebra/2476.json,8.0,gc,0.0,0.0,0.0
stacked_atoms,1,test/algebra/2486.json,8.0,gc,0.0,0.0,0.0
stacked_atoms,1,test/algebra/2570.json,8.0,gc,1.0,0.0,-1.0
stacked_atoms,1,test/algebra/2593.json,8.0,gc,0.0,0.0,0.0
stacked_atoms,1,test/algebra/2735.json,8.0,gc,0.0,0.0,0.0
stacked_atoms,1,test/algebra/2779.json,8.0,gc,0.0,0.0,0.0
stacked_atoms,1,test/algebra/297.json,8.0,gc,0.0,0.0,0.0
stacked_atoms,1,test/algebra/425.json,8.0,gc,0.0,0.0,0.0
stacked_atoms,1,test/algebra/634.json,8.0,gc,0.0,0.0,0.0
stacked_atoms,1,test/algebra/661.json,8.0,gc,0.0,0.0,0.0
stacked_atoms,1,test/algebra/769.json,8.0,gc,0.0,0.0,0.0
stacked_atoms,1,test/algebra/824.json,8.0,gc,0.0,0.0,0.0
stacked_atoms,1,test/algebra/892.json,8.0,gc,1.0,0.0,-1.0
stacked_atoms,1,test/counting_and_probability/1009.json,8.0,gc,0.0,0.0,0.0
stacked_atoms,1,test/counting_and_probability/1014.json,8.0,gc,0.0,0.0,0.0
stacked_atoms,1,test/counting_and_probability/1060.json,8.0,gc,0.0,0.0,0.0
stacked_atoms,1,test/counting_and_probability/119.json,8.0,gc,0.0,0.0,0.0
stacked_atoms,1,test/counting_and_probability/25149.json,8.0,gc,0.0,0.0,0.0
stacked_atoms,1,test/counting_and_probability/508.json,8.0,gc,0.0,0.0,0.0
stacked_atoms,1,test/counting_and_probability/525.json,8.0,gc,0.0,3.0,3.0
stacked_atoms,1,test/counting_and_probability/894.json,8.0,gc,0.0,0.0,0.0
stacked_atoms,1,test/geometry/1140.json,8.0,gc,1.0,0.0,-1.0
stacked_atoms,1,test/geometry/254.json,8.0,gc,0.0,0.0,0.0
stacked_atoms,1,test/geometry/456.json,8.0,gc,0.0,0.0,0.0
stacked_atoms,1,test/geometry/465.json,8.0,gc,1.0,1.0,0.0
stacked_atoms,1,test/geometry/538.json,8.0,gc,0.0,0.0,0.0
stacked_atoms,1,test/geometry/561.json,8.0,gc,0.0,1.0,1.0
stacked_atoms,1,test/geometry/615.json,8.0,gc,1.0,2.0,1.0
stacked_atoms,1,test/geometry/711.json,8.0,gc,1.0,1.0,0.0
stacked_atoms,1,test/geometry/795.json,8.0,gc,0.0,0.0,0.0
stacked_atoms,1,test/geometry/843.json,8.0,gc,0.0,0.0,0.0
stacked_atoms,1,test/geometry/846.json,8.0,gc,1.0,0.0,-1.0
stacked_atoms,1,test/intermediate_algebra/101.json,8.0,gc,0.0,0.0,0.0
stacked_atoms,1,test/intermediate_algebra/102.json,8.0,gc,0.0,0.0,0.0
stacked_atoms,1,test/intermediate_algebra/1354.json,8.0,gc,0.0,1.0,1.0
stacked_atoms,1,test/intermediate_algebra/1467.json,8.0,gc,1.0,0.0,-1.0
stacked_atoms,1,test/intermediate_algebra/1555.json,8.0,gc,0.0,0.0,0.0
stacked_atoms,1,test/intermediate_algebra/1714.json,8.0,gc,0.0,0.0,0.0
stacked_atoms,1,test/intermediate_algebra/1779.json,8.0,gc,0.0,1.0,1.0
stacked_atoms,1,test/intermediate_algebra/199.json,8.0,gc,1.0,0.0,-1.0
stacked_atoms,1,test/intermediate_algebra/1994.json,8.0,gc,0.0,0.0,0.0
stacked_atoms,1,test/intermediate_algebra/2046.json,8.0,gc,0.0,3.0,3.0
stacked_atoms,1,test/intermediate_algebra/345.json,8.0,gc,0.0,1.0,1.0
stacked_atoms,1,test/intermediate_algebra/446.json,8.0,gc,0.0,0.0,0.0
stacked_atoms,1,test/intermediate_algebra/47.json,8.0,gc,0.0,0.0,0.0
stacked_atoms,1,test/intermediate_algebra/607.json,8.0,gc,1.0,2.0,1.0
stacked_atoms,1,test/intermediate_algebra/690.json,8.0,gc,1.0,1.0,0.0
stacked_atoms,1,test/intermediate_algebra/752.json,8.0,gc,0.0,0.0,0.0
stacked_atoms,1,test/intermediate_algebra/894.json,8.0,gc,1.0,0.0,-1.0
stacked_atoms,1,test/number_theory/1002.json,8.0,gc,0.0,0.0,0.0
stacked_atoms,1,test/number_theory/149.json,8.0,gc,0.0,0.0,0.0
stacked_atoms,1,test/number_theory/515.json,8.0,gc,0.0,0.0,0.0
stacked_atoms,1,test/prealgebra/1113.json,8.0,gc,0.0,0.0,0.0
stacked_atoms,1,test/prealgebra/1128.json,8.0,gc,0.0,1.0,1.0
stacked_atoms,1,test/prealgebra/1139.json,8.0,gc,0.0,0.0,0.0
stacked_atoms,1,test/prealgebra/1238.json,8.0,gc,0.0,0.0,0.0
stacked_atoms,1,test/prealgebra/1251.json,8.0,gc,0.0,0.0,0.0
stacked_atoms,1,test/prealgebra/1252.json,8.0,gc,0.0,0.0,0.0
stacked_atoms,1,test/prealgebra/1272.json,8.0,gc,0.0,0.0,0.0
stacked_atoms,1,test/prealgebra/1423.json,8.0,gc,0.0,0.0,0.0
stacked_atoms,1,test/prealgebra/1622.json,8.0,gc,0.0,0.0,0.0
stacked_atoms,1,test/prealgebra/1646.json,8.0,gc,0.0,0.0,0.0
stacked_atoms,1,test/prealgebra/1787.json,8.0,gc,0.0,0.0,0.0
stacked_atoms,1,test/prealgebra/1834.json,8.0,gc,0.0,0.0,0.0
stacked_atoms,1,test/prealgebra/1922.json,8.0,gc,0.0,0.0,0.0
stacked_atoms,1,test/prealgebra/1961.json,8.0,gc,0.0,0.0,0.0
stacked_atoms,1,test/prealgebra/2019.json,8.0,gc,0.0,0.0,0.0
stacked_atoms,1,test/prealgebra/2066.json,8.0,gc,0.0,0.0,0.0
stacked_atoms,1,test/prealgebra/505.json,8.0,gc,0.0,0.0,0.0
stacked_atoms,1,test/prealgebra/65.json,8.0,gc,0.0,1.0,1.0
stacked_atoms,1,test/prealgebra/996.json,8.0,gc,0.0,0.0,0.0
stacked_atoms,1,test/precalculus/1082.json,8.0,gc,1.0,0.0,-1.0
stacked_atoms,1,test/precalculus/1105.json,8.0,gc,0.0,0.0,0.0
stacked_atoms,1,test/precalculus/1199.json,8.0,gc,1.0,1.0,0.0
stacked_atoms,1,test/precalculus/1303.json,8.0,gc,0.0,0.0,0.0
stacked_atoms,1,test/precalculus/398.json,8.0,gc,1.0,1.0,0.0
stacked_atoms,1,test/precalculus/43.json,8.0,gc,0.0,0.0,0.0
stacked_atoms,1,test/precalculus/541.json,8.0,gc,0.0,0.0,0.0
stacked_atoms,1,test/precalculus/580.json,8.0,gc,0.0,0.0,0.0
stacked_atoms,1,test/precalculus/779.json,8.0,gc,0.0,0.0,0.0
stacked_atoms,1,test/precalculus/927.json,8.0,gc,2.0,0.0,-2.0
stacked_atoms,1,test/precalculus/96.json,8.0,gc,1.0,1.0,0.0
stacked_atoms,1,test/precalculus/986.json,8.0,gc,0.0,1.0,1.0
stacked_atoms,1,test/algebra/1082.json,8.0,coherent_gc,0.0,0.0,0.0
stacked_atoms,1,test/algebra/109.json,8.0,coherent_gc,0.0,0.0,0.0
stacked_atoms,1,test/algebra/1098.json,8.0,coherent_gc,0.0,0.0,0.0
stacked_atoms,1,test/algebra/1214.json,8.0,coherent_gc,0.0,0.0,0.0
stacked_atoms,1,test/algebra/1265.json,8.0,coherent_gc,0.0,0.0,0.0
stacked_atoms,1,test/algebra/1282.json,8.0,coherent_gc,0.0,1.0,1.0
stacked_atoms,1,test/algebra/1338.json,8.0,coherent_gc,0.0,0.0,0.0
stacked_atoms,1,test/algebra/1349.json,8.0,coherent_gc,0.0,0.0,0.0
stacked_atoms,1,test/algebra/1553.json,8.0,coherent_gc,0.0,0.0,0.0
stacked_atoms,1,test/algebra/1934.json,8.0,coherent_gc,0.0,0.0,0.0
stacked_atoms,1,test/algebra/1960.json,8.0,coherent_gc,0.0,0.0,0.0
stacked_atoms,1,test/algebra/2043.json,8.0,coherent_gc,1.0,1.0,0.0
stacked_atoms,1,test/algebra/2046.json,8.0,coherent_gc,0.0,0.0,0.0
stacked_atoms,1,test/algebra/2159.json,8.0,coherent_gc,1.0,0.0,-1.0
stacked_atoms,1,test/algebra/2264.json,8.0,coherent_gc,0.0,0.0,0.0
stacked_atoms,1,test/algebra/2427.json,8.0,coherent_gc,0.0,0.0,0.0
stacked_atoms,1,test/algebra/2430.json,8.0,coherent_gc,1.0,0.0,-1.0
stacked_atoms,1,test/algebra/2476.json,8.0,coherent_gc,0.0,0.0,0.0
stacked_atoms,1,test/algebra/2486.json,8.0,coherent_gc,0.0,0.0,0.0
stacked_atoms,1,test/algebra/2570.json,8.0,coherent_gc,1.0,0.0,-1.0
stacked_atoms,1,test/algebra/2593.json,8.0,coherent_gc,0.0,0.0,0.0
stacked_atoms,1,test/algebra/2735.json,8.0,coherent_gc,0.0,0.0,0.0
stacked_atoms,1,test/algebra/2779.json,8.0,coherent_gc,0.0,0.0,0.0
stacked_atoms,1,test/algebra/297.json,8.0,coherent_gc,0.0,0.0,0.0
stacked_atoms,1,test/algebra/425.json,8.0,coherent_gc,0.0,0.0,0.0
stacked_atoms,1,test/algebra/634.json,8.0,coherent_gc,0.0,0.0,0.0
stacked_atoms,1,test/algebra/661.json,8.0,coherent_gc,0.0,0.0,0.0
stacked_atoms,1,test/algebra/769.json,8.0,coherent_gc,0.0,0.0,0.0
stacked_atoms,1,test/algebra/824.json,8.0,coherent_gc,0.0,0.0,0.0
stacked_atoms,1,test/algebra/892.json,8.0,coherent_gc,1.0,0.0,-1.0
stacked_atoms,1,test/counting_and_probability/1009.json,8.0,coherent_gc,0.0,0.0,0.0
stacked_atoms,1,test/counting_and_probability/1014.json,8.0,coherent_gc,0.0,0.0,0.0
stacked_atoms,1,test/counting_and_probability/1060.json,8.0,coherent_gc,0.0,0.0,0.0
stacked_atoms,1,test/counting_and_probability/119.json,8.0,coherent_gc,0.0,0.0,0.0
stacked_atoms,1,test/counting_and_probability/25149.json,8.0,coherent_gc,0.0,0.0,0.0
stacked_atoms,1,test/counting_and_probability/508.json,8.0,coherent_gc,0.0,0.0,0.0
stacked_atoms,1,test/counting_and_probability/525.json,8.0,coherent_gc,0.0,3.0,3.0
stacked_atoms,1,test/counting_and_probability/894.json,8.0,coherent_gc,0.0,0.0,0.0
stacked_atoms,1,test/geometry/1140.json,8.0,coherent_gc,1.0,0.0,-1.0
stacked_atoms,1,test/geometry/254.json,8.0,coherent_gc,0.0,0.0,0.0
stacked_atoms,1,test/geometry/456.json,8.0,coherent_gc,0.0,0.0,0.0
stacked_atoms,1,test/geometry/465.json,8.0,coherent_gc,1.0,1.0,0.0
stacked_atoms,1,test/geometry/538.json,8.0,coherent_gc,0.0,0.0,0.0
stacked_atoms,1,test/geometry/561.json,8.0,coherent_gc,0.0,1.0,1.0
stacked_atoms,1,test/geometry/615.json,8.0,coherent_gc,1.0,2.0,1.0
stacked_atoms,1,test/geometry/711.json,8.0,coherent_gc,1.0,1.0,0.0
stacked_atoms,1,test/geometry/795.json,8.0,coherent_gc,0.0,0.0,0.0
stacked_atoms,1,test/geometry/843.json,8.0,coherent_gc,0.0,0.0,0.0
stacked_atoms,1,test/geometry/846.json,8.0,coherent_gc,1.0,0.0,-1.0
stacked_atoms,1,test/intermediate_algebra/101.json,8.0,coherent_gc,0.0,0.0,0.0
stacked_atoms,1,test/intermediate_algebra/102.json,8.0,coherent_gc,0.0,0.0,0.0
stacked_atoms,1,test/intermediate_algebra/1354.json,8.0,coherent_gc,0.0,1.0,1.0
stacked_atoms,1,test/intermediate_algebra/1467.json,8.0,coherent_gc,1.0,0.0,-1.0
stacked_atoms,1,test/intermediate_algebra/1555.json,8.0,coherent_gc,0.0,0.0,0.0
stacked_atoms,1,test/intermediate_algebra/1714.json,8.0,coherent_gc,0.0,0.0,0.0
stacked_atoms,1,test/intermediate_algebra/1779.json,8.0,coherent_gc,0.0,1.0,1.0
stacked_atoms,1,test/intermediate_algebra/199.json,8.0,coherent_gc,1.0,0.0,-1.0
stacked_atoms,1,test/intermediate_algebra/1994.json,8.0,coherent_gc,0.0,0.0,0.0
stacked_atoms,1,test/intermediate_algebra/2046.json,8.0,coherent_gc,0.0,3.0,3.0
stacked_atoms,1,test/intermediate_algebra/345.json,8.0,coherent_gc,0.0,1.0,1.0
stacked_atoms,1,test/intermediate_algebra/446.json,8.0,coherent_gc,0.0,0.0,0.0
stacked_atoms,1,test/intermediate_algebra/47.json,8.0,coherent_gc,0.0,0.0,0.0
stacked_atoms,1,test/intermediate_algebra/607.json,8.0,coherent_gc,1.0,2.0,1.0
stacked_atoms,1,test/intermediate_algebra/690.json,8.0,coherent_gc,1.0,1.0,0.0
stacked_atoms,1,test/intermediate_algebra/752.json,8.0,coherent_gc,0.0,0.0,0.0
stacked_atoms,1,test/intermediate_algebra/894.json,8.0,coherent_gc,1.0,0.0,-1.0
stacked_atoms,1,test/number_theory/1002.json,8.0,coherent_gc,0.0,0.0,0.0
stacked_atoms,1,test/number_theory/149.json,8.0,coherent_gc,0.0,0.0,0.0
stacked_atoms,1,test/number_theory/515.json,8.0,coherent_gc,0.0,0.0,0.0
stacked_atoms,1,test/prealgebra/1113.json,8.0,coherent_gc,0.0,0.0,0.0
stacked_atoms,1,test/prealgebra/1128.json,8.0,coherent_gc,0.0,1.0,1.0
stacked_atoms,1,test/prealgebra/1139.json,8.0,coherent_gc,0.0,0.0,0.0
stacked_atoms,1,test/prealgebra/1238.json,8.0,coherent_gc,0.0,0.0,0.0
stacked_atoms,1,test/prealgebra/1251.json,8.0,coherent_gc,0.0,0.0,0.0
stacked_atoms,1,test/prealgebra/1252.json,8.0,coherent_gc,0.0,0.0,0.0
stacked_atoms,1,test/prealgebra/1272.json,8.0,coherent_gc,0.0,0.0,0.0
stacked_atoms,1,test/prealgebra/1423.json,8.0,coherent_gc,0.0,0.0,0.0
stacked_atoms,1,test/prealgebra/1622.json,8.0,coherent_gc,0.0,0.0,0.0
stacked_atoms,1,test/prealgebra/1646.json,8.0,coherent_gc,0.0,0.0,0.0
stacked_atoms,1,test/prealgebra/1787.json,8.0,coherent_gc,0.0,0.0,0.0
stacked_atoms,1,test/prealgebra/1834.json,8.0,coherent_gc,0.0,0.0,0.0
stacked_atoms,1,test/prealgebra/1922.json,8.0,coherent_gc,0.0,0.0,0.0
stacked_atoms,1,test/prealgebra/1961.json,8.0,coherent_gc,0.0,0.0,0.0
stacked_atoms,1,test/prealgebra/2019.json,8.0,coherent_gc,0.0,0.0,0.0
stacked_atoms,1,test/prealgebra/2066.json,8.0,coherent_gc,0.0,0.0,0.0
stacked_atoms,1,test/prealgebra/505.json,8.0,coherent_gc,0.0,0.0,0.0
stacked_atoms,1,test/prealgebra/65.json,8.0,coherent_gc,0.0,1.0,1.0
stacked_atoms,1,test/prealgebra/996.json,8.0,coherent_gc,0.0,0.0,0.0
stacked_atoms,1,test/precalculus/1082.json,8.0,coherent_gc,1.0,0.0,-1.0
stacked_atoms,1,test/precalculus/1105.json,8.0,coherent_gc,0.0,0.0,0.0
stacked_atoms,1,test/precalculus/1199.json,8.0,coherent_gc,1.0,0.0,-1.0
stacked_atoms,1,test/precalculus/1303.json,8.0,coherent_gc,0.0,0.0,0.0
stacked_atoms,1,test/precalculus/398.json,8.0,coherent_gc,1.0,1.0,0.0
stacked_atoms,1,test/precalculus/43.json,8.0,coherent_gc,0.0,0.0,0.0
stacked_atoms,1,test/precalculus/541.json,8.0,coherent_gc,0.0,0.0,0.0
stacked_atoms,1,test/precalculus/580.json,8.0,coherent_gc,0.0,0.0,0.0
stacked_atoms,1,test/precalculus/779.json,8.0,coherent_gc,0.0,0.0,0.0
stacked_atoms,1,test/precalculus/927.json,8.0,coherent_gc,2.0,0.0,-2.0
stacked_atoms,1,test/precalculus/96.json,8.0,coherent_gc,1.0,1.0,0.0
stacked_atoms,1,test/precalculus/986.json,8.0,coherent_gc,0.0,1.0,1.0
stacked_atoms,1,test/algebra/1082.json,8.0,coherent_bt,0.0,0.0,0.0
stacked_atoms,1,test/algebra/109.json,8.0,coherent_bt,0.0,0.0,0.0
stacked_atoms,1,test/algebra/1098.json,8.0,coherent_bt,0.0,0.0,0.0
stacked_atoms,1,test/algebra/1214.json,8.0,coherent_bt,0.0,0.0,0.0
stacked_atoms,1,test/algebra/1265.json,8.0,coherent_bt,0.0,0.0,0.0
stacked_atoms,1,test/algebra/1282.json,8.0,coherent_bt,0.0,1.0,1.0
stacked_atoms,1,test/algebra/1338.json,8.0,coherent_bt,0.0,0.0,0.0
stacked_atoms,1,test/algebra/1349.json,8.0,coherent_bt,0.0,0.0,0.0
stacked_atoms,1,test/algebra/1553.json,8.0,coherent_bt,0.0,0.0,0.0
stacked_atoms,1,test/algebra/1934.json,8.0,coherent_bt,0.0,0.0,0.0
stacked_atoms,1,test/algebra/1960.json,8.0,coherent_bt,0.0,0.0,0.0
stacked_atoms,1,test/algebra/2043.json,8.0,coherent_bt,1.0,1.0,0.0
stacked_atoms,1,test/algebra/2046.json,8.0,coherent_bt,0.0,0.0,0.0
stacked_atoms,1,test/algebra/2159.json,8.0,coherent_bt,1.0,0.0,-1.0
stacked_atoms,1,test/algebra/2264.json,8.0,coherent_bt,0.0,0.0,0.0
stacked_atoms,1,test/algebra/2427.json,8.0,coherent_bt,0.0,0.0,0.0
stacked_atoms,1,test/algebra/2430.json,8.0,coherent_bt,1.0,0.0,-1.0
stacked_atoms,1,test/algebra/2476.json,8.0,coherent_bt,0.0,0.0,0.0
stacked_atoms,1,test/algebra/2486.json,8.0,coherent_bt,0.0,0.0,0.0
stacked_atoms,1,test/algebra/2570.json,8.0,coherent_bt,1.0,0.0,-1.0
stacked_atoms,1,test/algebra/2593.json,8.0,coherent_bt,0.0,0.0,0.0
stacked_atoms,1,test/algebra/2735.json,8.0,coherent_bt,0.0,0.0,0.0
stacked_atoms,1,test/algebra/2779.json,8.0,coherent_bt,0.0,0.0,0.0
stacked_atoms,1,test/algebra/297.json,8.0,coherent_bt,0.0,0.0,0.0
stacked_atoms,1,test/algebra/425.json,8.0,coherent_bt,0.0,0.0,0.0
stacked_atoms,1,test/algebra/634.json,8.0,coherent_bt,0.0,0.0,0.0
stacked_atoms,1,test/algebra/661.json,8.0,coherent_bt,0.0,0.0,0.0
stacked_atoms,1,test/algebra/769.json,8.0,coherent_bt,0.0,0.0,0.0
stacked_atoms,1,test/algebra/824.json,8.0,coherent_bt,0.0,0.0,0.0
stacked_atoms,1,test/algebra/892.json,8.0,coherent_bt,1.0,0.0,-1.0
stacked_atoms,1,test/counting_and_probability/1009.json,8.0,coherent_bt,0.0,0.0,0.0
stacked_atoms,1,test/counting_and_probability/1014.json,8.0,coherent_bt,0.0,0.0,0.0
stacked_atoms,1,test/counting_and_probability/1060.json,8.0,coherent_bt,0.0,0.0,0.0
stacked_atoms,1,test/counting_and_probability/119.json,8.0,coherent_bt,0.0,0.0,0.0
stacked_atoms,1,test/counting_and_probability/25149.json,8.0,coherent_bt,0.0,0.0,0.0
stacked_atoms,1,test/counting_and_probability/508.json,8.0,coherent_bt,0.0,0.0,0.0
stacked_atoms,1,test/counting_and_probability/525.json,8.0,coherent_bt,0.0,1.0,1.0
stacked_atoms,1,test/counting_and_probability/894.json,8.0,coherent_bt,0.0,0.0,0.0
stacked_atoms,1,test/geometry/1140.json,8.0,coherent_bt,1.0,0.0,-1.0
stacked_atoms,1,test/geometry/254.json,8.0,coherent_bt,0.0,0.0,0.0
stacked_atoms,1,test/geometry/456.json,8.0,coherent_bt,0.0,0.0,0.0
stacked_atoms,1,test/geometry/465.json,8.0,coherent_bt,1.0,1.0,0.0
stacked_atoms,1,test/geometry/538.json,8.0,coherent_bt,0.0,0.0,0.0
stacked_atoms,1,test/geometry/561.json,8.0,coherent_bt,0.0,1.0,1.0
stacked_atoms,1,test/geometry/615.json,8.0,coherent_bt,1.0,1.0,0.0
stacked_atoms,1,test/geometry/711.json,8.0,coherent_bt,1.0,1.0,0.0
stacked_atoms,1,test/geometry/795.json,8.0,coherent_bt,0.0,0.0,0.0
stacked_atoms,1,test/geometry/843.json,8.0,coherent_bt,0.0,0.0,0.0
stacked_atoms,1,test/geometry/846.json,8.0,coherent_bt,1.0,0.0,-1.0
stacked_atoms,1,test/intermediate_algebra/101.json,8.0,coherent_bt,0.0,0.0,0.0
stacked_atoms,1,test/intermediate_algebra/102.json,8.0,coherent_bt,0.0,0.0,0.0
stacked_atoms,1,test/intermediate_algebra/1354.json,8.0,coherent_bt,0.0,1.0,1.0
stacked_atoms,1,test/intermediate_algebra/1467.json,8.0,coherent_bt,1.0,0.0,-1.0
stacked_atoms,1,test/intermediate_algebra/1555.json,8.0,coherent_bt,0.0,0.0,0.0
stacked_atoms,1,test/intermediate_algebra/1714.json,8.0,coherent_bt,0.0,0.0,0.0
stacked_atoms,1,test/intermediate_algebra/1779.json,8.0,coherent_bt,0.0,1.0,1.0
stacked_atoms,1,test/intermediate_algebra/199.json,8.0,coherent_bt,1.0,0.0,-1.0
stacked_atoms,1,test/intermediate_algebra/1994.json,8.0,coherent_bt,0.0,0.0,0.0
stacked_atoms,1,test/intermediate_algebra/2046.json,8.0,coherent_bt,0.0,1.0,1.0
stacked_atoms,1,test/intermediate_algebra/345.json,8.0,coherent_bt,0.0,1.0,1.0
stacked_atoms,1,test/intermediate_algebra/446.json,8.0,coherent_bt,0.0,0.0,0.0
stacked_atoms,1,test/intermediate_algebra/47.json,8.0,coherent_bt,0.0,0.0,0.0
stacked_atoms,1,test/intermediate_algebra/607.json,8.0,coherent_bt,1.0,1.0,0.0
stacked_atoms,1,test/intermediate_algebra/690.json,8.0,coherent_bt,1.0,1.0,0.0
stacked_atoms,1,test/intermediate_algebra/752.json,8.0,coherent_bt,0.0,0.0,0.0
stacked_atoms,1,test/intermediate_algebra/894.json,8.0,coherent_bt,1.0,0.0,-1.0
stacked_atoms,1,test/number_theory/1002.json,8.0,coherent_bt,0.0,0.0,0.0
stacked_atoms,1,test/number_theory/149.json,8.0,coherent_bt,0.0,0.0,0.0
stacked_atoms,1,test/number_theory/515.json,8.0,coherent_bt,0.0,0.0,0.0
stacked_atoms,1,test/prealgebra/1113.json,8.0,coherent_bt,0.0,0.0,0.0
stacked_atoms,1,test/prealgebra/1128.json,8.0,coherent_bt,0.0,1.0,1.0
stacked_atoms,1,test/prealgebra/1139.json,8.0,coherent_bt,0.0,0.0,0.0
stacked_atoms,1,test/prealgebra/1238.json,8.0,coherent_bt,0.0,0.0,0.0
stacked_atoms,1,test/prealgebra/1251.json,8.0,coherent_bt,0.0,0.0,0.0
stacked_atoms,1,test/prealgebra/1252.json,8.0,coherent_bt,0.0,0.0,0.0
stacked_atoms,1,test/prealgebra/1272.json,8.0,coherent_bt,0.0,0.0,0.0
stacked_atoms,1,test/prealgebra/1423.json,8.0,coherent_bt,0.0,0.0,0.0
stacked_atoms,1,test/prealgebra/1622.json,8.0,coherent_bt,0.0,0.0,0.0
stacked_atoms,1,test/prealgebra/1646.json,8.0,coherent_bt,0.0,0.0,0.0
stacked_atoms,1,test/prealgebra/1787.json,8.0,coherent_bt,0.0,0.0,0.0
stacked_atoms,1,test/prealgebra/1834.json,8.0,coherent_bt,0.0,0.0,0.0
stacked_atoms,1,test/prealgebra/1922.json,8.0,coherent_bt,0.0,0.0,0.0
stacked_atoms,1,test/prealgebra/1961.json,8.0,coherent_bt,0.0,0.0,0.0
stacked_atoms,1,test/prealgebra/2019.json,8.0,coherent_bt,0.0,0.0,0.0
stacked_atoms,1,test/prealgebra/2066.json,8.0,coherent_bt,0.0,0.0,0.0
stacked_atoms,1,test/prealgebra/505.json,8.0,coherent_bt,0.0,0.0,0.0
stacked_atoms,1,test/prealgebra/65.json,8.0,coherent_bt,0.0,1.0,1.0
stacked_atoms,1,test/prealgebra/996.json,8.0,coherent_bt,0.0,0.0,0.0
stacked_atoms,1,test/precalculus/1082.json,8.0,coherent_bt,1.0,0.0,-1.0
stacked_atoms,1,test/precalculus/1105.json,8.0,coherent_bt,0.0,0.0,0.0
stacked_atoms,1,test/precalculus/1199.json,8.0,coherent_bt,1.0,0.0,-1.0
stacked_atoms,1,test/precalculus/1303.json,8.0,coherent_bt,0.0,0.0,0.0
stacked_atoms,1,test/precalculus/398.json,8.0,coherent_bt,1.0,1.0,0.0
stacked_atoms,1,test/precalculus/43.json,8.0,coherent_bt,0.0,0.0,0.0
stacked_atoms,1,test/precalculus/541.json,8.0,coherent_bt,0.0,0.0,0.0
stacked_atoms,1,test/precalculus/580.json,8.0,coherent_bt,0.0,0.0,0.0
stacked_atoms,1,test/precalculus/779.json,8.0,coherent_bt,0.0,0.0,0.0
stacked_atoms,1,test/precalculus/927.json,8.0,coherent_bt,1.0,0.0,-1.0
stacked_atoms,1,test/precalculus/96.json,8.0,coherent_bt,1.0,1.0,0.0
stacked_atoms,1,test/precalculus/986.json,8.0,coherent_bt,0.0,1.0,1.0
stacked_atoms,1,test/algebra/1082.json,8.0,incoherent,0.0,0.0,0.0
stacked_atoms,1,test/algebra/109.json,8.0,incoherent,0.0,0.0,0.0
stacked_atoms,1,test/algebra/1098.json,8.0,incoherent,0.0,0.0,0.0
stacked_atoms,1,test/algebra/1214.json,8.0,incoherent,0.0,0.0,0.0
stacked_atoms,1,test/algebra/1265.json,8.0,incoherent,0.0,0.0,0.0
stacked_atoms,1,test/algebra/1282.json,8.0,incoherent,0.0,0.0,0.0
stacked_atoms,1,test/algebra/1338.json,8.0,incoherent,0.0,0.0,0.0
stacked_atoms,1,test/algebra/1349.json,8.0,incoherent,0.0,0.0,0.0
stacked_atoms,1,test/algebra/1553.json,8.0,incoherent,0.0,0.0,0.0
stacked_atoms,1,test/algebra/1934.json,8.0,incoherent,0.0,0.0,0.0
stacked_atoms,1,test/algebra/1960.json,8.0,incoherent,0.0,0.0,0.0
stacked_atoms,1,test/algebra/2043.json,8.0,incoherent,0.0,0.0,0.0
stacked_atoms,1,test/algebra/2046.json,8.0,incoherent,0.0,0.0,0.0
stacked_atoms,1,test/algebra/2159.json,8.0,incoherent,0.0,0.0,0.0
stacked_atoms,1,test/algebra/2264.json,8.0,incoherent,0.0,0.0,0.0
stacked_atoms,1,test/algebra/2427.json,8.0,incoherent,0.0,0.0,0.0
stacked_atoms,1,test/algebra/2430.json,8.0,incoherent,0.0,0.0,0.0
stacked_atoms,1,test/algebra/2476.json,8.0,incoherent,0.0,0.0,0.0
stacked_atoms,1,test/algebra/2486.json,8.0,incoherent,0.0,0.0,0.0
stacked_atoms,1,test/algebra/2570.json,8.0,incoherent,0.0,0.0,0.0
stacked_atoms,1,test/algebra/2593.json,8.0,incoherent,0.0,0.0,0.0
stacked_atoms,1,test/algebra/2735.json,8.0,incoherent,0.0,0.0,0.0
stacked_atoms,1,test/algebra/2779.json,8.0,incoherent,0.0,0.0,0.0
stacked_atoms,1,test/algebra/297.json,8.0,incoherent,0.0,0.0,0.0
stacked_atoms,1,test/algebra/425.json,8.0,incoherent,0.0,0.0,0.0
stacked_atoms,1,test/algebra/634.json,8.0,incoherent,0.0,0.0,0.0
stacked_atoms,1,test/algebra/661.json,8.0,incoherent,0.0,0.0,0.0
stacked_atoms,1,test/algebra/769.json,8.0,incoherent,0.0,0.0,0.0
stacked_atoms,1,test/algebra/824.json,8.0,incoherent,0.0,0.0,0.0
stacked_atoms,1,test/algebra/892.json,8.0,incoherent,0.0,0.0,0.0
stacked_atoms,1,test/counting_and_probability/1009.json,8.0,incoherent,0.0,0.0,0.0
stacked_atoms,1,test/counting_and_probability/1014.json,8.0,incoherent,0.0,0.0,0.0
stacked_atoms,1,test/counting_and_probability/1060.json,8.0,incoherent,0.0,0.0,0.0
stacked_atoms,1,test/counting_and_probability/119.json,8.0,incoherent,0.0,1.0,1.0
stacked_atoms,1,test/counting_and_probability/25149.json,8.0,incoherent,0.0,0.0,0.0
stacked_atoms,1,test/counting_and_probability/508.json,8.0,incoherent,0.0,0.0,0.0
stacked_atoms,1,test/counting_and_probability/525.json,8.0,incoherent,0.0,0.0,0.0
stacked_atoms,1,test/counting_and_probability/894.json,8.0,incoherent,0.0,0.0,0.0
stacked_atoms,1,test/geometry/1140.json,8.0,incoherent,0.0,0.0,0.0
stacked_atoms,1,test/geometry/254.json,8.0,incoherent,0.0,0.0,0.0
stacked_atoms,1,test/geometry/456.json,8.0,incoherent,0.0,0.0,0.0
stacked_atoms,1,test/geometry/465.json,8.0,incoherent,0.0,0.0,0.0
stacked_atoms,1,test/geometry/538.json,8.0,incoherent,0.0,0.0,0.0
stacked_atoms,1,test/geometry/561.json,8.0,incoherent,0.0,0.0,0.0
stacked_atoms,1,test/geometry/615.json,8.0,incoherent,0.0,0.0,0.0
stacked_atoms,1,test/geometry/711.json,8.0,incoherent,0.0,0.0,0.0
stacked_atoms,1,test/geometry/795.json,8.0,incoherent,0.0,0.0,0.0
stacked_atoms,1,test/geometry/843.json,8.0,incoherent,0.0,0.0,0.0
stacked_atoms,1,test/geometry/846.json,8.0,incoherent,0.0,0.0,0.0
stacked_atoms,1,test/intermediate_algebra/101.json,8.0,incoherent,0.0,0.0,0.0
stacked_atoms,1,test/intermediate_algebra/102.json,8.0,incoherent,0.0,0.0,0.0
stacked_atoms,1,test/intermediate_algebra/1354.json,8.0,incoherent,0.0,0.0,0.0
stacked_atoms,1,test/intermediate_algebra/1467.json,8.0,incoherent,0.0,0.0,0.0
stacked_atoms,1,test/intermediate_algebra/1555.json,8.0,incoherent,0.0,0.0,0.0
stacked_atoms,1,test/intermediate_algebra/1714.json,8.0,incoherent,0.0,0.0,0.0
stacked_atoms,1,test/intermediate_algebra/1779.json,8.0,incoherent,0.0,0.0,0.0
stacked_atoms,1,test/intermediate_algebra/199.json,8.0,incoherent,0.0,0.0,0.0
stacked_atoms,1,test/intermediate_algebra/1994.json,8.0,incoherent,0.0,0.0,0.0
stacked_atoms,1,test/intermediate_algebra/2046.json,8.0,incoherent,0.0,0.0,0.0
stacked_atoms,1,test/intermediate_algebra/345.json,8.0,incoherent,0.0,0.0,0.0
stacked_atoms,1,test/intermediate_algebra/446.json,8.0,incoherent,0.0,0.0,0.0
stacked_atoms,1,test/intermediate_algebra/47.json,8.0,incoherent,0.0,0.0,0.0
stacked_atoms,1,test/intermediate_algebra/607.json,8.0,incoherent,0.0,0.0,0.0
stacked_atoms,1,test/intermediate_algebra/690.json,8.0,incoherent,0.0,0.0,0.0
stacked_atoms,1,test/intermediate_algebra/752.json,8.0,incoherent,0.0,0.0,0.0
stacked_atoms,1,test/intermediate_algebra/894.json,8.0,incoherent,0.0,0.0,0.0
stacked_atoms,1,test/number_theory/1002.json,8.0,incoherent,0.0,0.0,0.0
stacked_atoms,1,test/number_theory/149.json,8.0,incoherent,0.0,0.0,0.0
stacked_atoms,1,test/number_theory/515.json,8.0,incoherent,0.0,0.0,0.0
stacked_atoms,1,test/prealgebra/1113.json,8.0,incoherent,0.0,0.0,0.0
stacked_atoms,1,test/prealgebra/1128.json,8.0,incoherent,0.0,0.0,0.0
stacked_atoms,1,test/prealgebra/1139.json,8.0,incoherent,0.0,0.0,0.0
stacked_atoms,1,test/prealgebra/1238.json,8.0,incoherent,0.0,0.0,0.0
stacked_atoms,1,test/prealgebra/1251.json,8.0,incoherent,0.0,0.0,0.0
stacked_atoms,1,test/prealgebra/1252.json,8.0,incoherent,0.0,0.0,0.0
stacked_atoms,1,test/prealgebra/1272.json,8.0,incoherent,0.0,0.0,0.0
stacked_atoms,1,test/prealgebra/1423.json,8.0,incoherent,0.0,0.0,0.0
stacked_atoms,1,test/prealgebra/1622.json,8.0,incoherent,0.0,0.0,0.0
stacked_atoms,1,test/prealgebra/1646.json,8.0,incoherent,0.0,0.0,0.0
stacked_atoms,1,test/prealgebra/1787.json,8.0,incoherent,0.0,0.0,0.0
stacked_atoms,1,test/prealgebra/1834.json,8.0,incoherent,0.0,0.0,0.0
stacked_atoms,1,test/prealgebra/1922.json,8.0,incoherent,0.0,0.0,0.0
stacked_atoms,1,test/prealgebra/1961.json,8.0,incoherent,0.0,0.0,0.0
stacked_atoms,1,test/prealgebra/2019.json,8.0,incoherent,0.0,0.0,0.0
stacked_atoms,1,test/prealgebra/2066.json,8.0,incoherent,0.0,0.0,0.0
stacked_atoms,1,test/prealgebra/505.json,8.0,incoherent,0.0,0.0,0.0
stacked_atoms,1,test/prealgebra/65.json,8.0,incoherent,0.0,0.0,0.0
stacked_atoms,1,test/prealgebra/996.json,8.0,incoherent,0.0,0.0,0.0
stacked_atoms,1,test/precalculus/1082.json,8.0,incoherent,0.0,0.0,0.0
stacked_atoms,1,test/precalculus/1105.json,8.0,incoherent,0.0,0.0,0.0
stacked_atoms,1,test/precalculus/1199.json,8.0,incoherent,0.0,1.0,1.0
stacked_atoms,1,test/precalculus/1303.json,8.0,incoherent,0.0,1.0,1.0
stacked_atoms,1,test/precalculus/398.json,8.0,incoherent,0.0,0.0,0.0
stacked_atoms,1,test/precalculus/43.json,8.0,incoherent,0.0,0.0,0.0
stacked_atoms,1,test/precalculus/541.json,8.0,incoherent,0.0,0.0,0.0
stacked_atoms,1,test/precalculus/580.json,8.0,incoherent,0.0,0.0,0.0
stacked_atoms,1,test/precalculus/779.json,8.0,incoherent,0.0,0.0,0.0
stacked_atoms,1,test/precalculus/927.json,8.0,incoherent,0.0,0.0,0.0
stacked_atoms,1,test/precalculus/96.json,8.0,incoherent,0.0,0.0,0.0
stacked_atoms,1,test/precalculus/986.json,8.0,incoherent,0.0,0.0,0.0
stacked_atoms,1,test/algebra/1082.json,8.0,correct,0.0,0.0,0.0
stacked_atoms,1,test/algebra/109.json,8.0,correct,1.0,1.0,0.0
stacked_atoms,1,test/algebra/1098.json,8.0,correct,1.0,0.0,-1.0
stacked_atoms,1,test/algebra/1214.json,8.0,correct,1.0,1.0,0.0
stacked_atoms,1,test/algebra/1265.json,8.0,correct,1.0,1.0,0.0
stacked_atoms,1,test/algebra/1282.json,8.0,correct,0.0,0.0,0.0
stacked_atoms,1,test/algebra/1338.json,8.0,correct,1.0,0.0,-1.0
stacked_atoms,1,test/algebra/1349.json,8.0,correct,0.0,0.0,0.0
stacked_atoms,1,test/algebra/1553.json,8.0,correct,0.0,1.0,1.0
stacked_atoms,1,test/algebra/1934.json,8.0,correct,1.0,1.0,0.0
stacked_atoms,1,test/algebra/1960.json,8.0,correct,1.0,1.0,0.0
stacked_atoms,1,test/algebra/2043.json,8.0,correct,1.0,0.0,-1.0
stacked_atoms,1,test/algebra/2046.json,8.0,correct,1.0,1.0,0.0
stacked_atoms,1,test/algebra/2159.json,8.0,correct,0.0,1.0,1.0
stacked_atoms,1,test/algebra/2264.json,8.0,correct,1.0,1.0,0.0
stacked_atoms,1,test/algebra/2427.json,8.0,correct,0.0,0.0,0.0
stacked_atoms,1,test/algebra/2430.json,8.0,correct,0.0,0.0,0.0
stacked_atoms,1,test/algebra/2476.json,8.0,correct,0.0,1.0,1.0
stacked_atoms,1,test/algebra/2486.json,8.0,correct,1.0,0.0,-1.0
stacked_atoms,1,test/algebra/2570.json,8.0,correct,1.0,1.0,0.0
stacked_atoms,1,test/algebra/2593.json,8.0,correct,1.0,0.0,-1.0
stacked_atoms,1,test/algebra/2735.json,8.0,correct,0.0,0.0,0.0
stacked_atoms,1,test/algebra/2779.json,8.0,correct,1.0,0.0,-1.0
stacked_atoms,1,test/algebra/297.json,8.0,correct,0.0,0.0,0.0
stacked_atoms,1,test/algebra/425.json,8.0,correct,1.0,1.0,0.0
stacked_atoms,1,test/algebra/634.json,8.0,correct,0.0,0.0,0.0
stacked_atoms,1,test/algebra/661.json,8.0,correct,1.0,1.0,0.0
stacked_atoms,1,test/algebra/769.json,8.0,correct,1.0,1.0,0.0
stacked_atoms,1,test/algebra/824.json,8.0,correct,1.0,1.0,0.0
stacked_atoms,1,test/algebra/892.json,8.0,correct,0.0,0.0,0.0
stacked_atoms,1,test/counting_and_probability/1009.json,8.0,correct,1.0,0.0,-1.0
stacked_atoms,1,test/counting_and_probability/1014.json,8.0,correct,1.0,1.0,0.0
stacked_atoms,1,test/counting_and_probability/1060.json,8.0,correct,0.0,0.0,0.0
stacked_atoms,1,test/counting_and_probability/119.json,8.0,correct,0.0,0.0,0.0
stacked_atoms,1,test/counting_and_probability/25149.json,8.0,correct,1.0,0.0,-1.0
stacked_atoms,1,test/counting_and_probability/508.json,8.0,correct,0.0,0.0,0.0
stacked_atoms,1,test/counting_and_probability/525.json,8.0,correct,0.0,0.0,0.0
stacked_atoms,1,test/counting_and_probability/894.json,8.0,correct,1.0,1.0,0.0
stacked_atoms,1,test/geometry/1140.json,8.0,correct,0.0,0.0,0.0
stacked_atoms,1,test/geometry/254.json,8.0,correct,0.0,1.0,1.0
stacked_atoms,1,test/geometry/456.json,8.0,correct,1.0,1.0,0.0
stacked_atoms,1,test/geometry/465.json,8.0,correct,0.0,0.0,0.0
stacked_atoms,1,test/geometry/538.json,8.0,correct,0.0,0.0,0.0
stacked_atoms,1,test/geometry/561.json,8.0,correct,0.0,0.0,0.0
stacked_atoms,1,test/geometry/615.json,8.0,correct,0.0,0.0,0.0
stacked_atoms,1,test/geometry/711.json,8.0,correct,0.0,0.0,0.0
stacked_atoms,1,test/geometry/795.json,8.0,correct,0.0,0.0,0.0
stacked_atoms,1,test/geometry/843.json,8.0,correct,1.0,0.0,-1.0
stacked_atoms,1,test/geometry/846.json,8.0,correct,0.0,0.0,0.0
stacked_atoms,1,test/intermediate_algebra/101.json,8.0,correct,0.0,0.0,0.0
stacked_atoms,1,test/intermediate_algebra/102.json,8.0,correct,0.0,0.0,0.0
stacked_atoms,1,test/intermediate_algebra/1354.json,8.0,correct,0.0,0.0,0.0
stacked_atoms,1,test/intermediate_algebra/1467.json,8.0,correct,0.0,0.0,0.0
stacked_atoms,1,test/intermediate_algebra/1555.json,8.0,correct,0.0,0.0,0.0
stacked_atoms,1,test/intermediate_algebra/1714.json,8.0,correct,1.0,1.0,0.0
stacked_atoms,1,test/intermediate_algebra/1779.json,8.0,correct,0.0,0.0,0.0
stacked_atoms,1,test/intermediate_algebra/199.json,8.0,correct,0.0,0.0,0.0
stacked_atoms,1,test/intermediate_algebra/1994.json,8.0,correct,0.0,0.0,0.0
stacked_atoms,1,test/intermediate_algebra/2046.json,8.0,correct,0.0,0.0,0.0
stacked_atoms,1,test/intermediate_algebra/345.json,8.0,correct,0.0,0.0,0.0
stacked_atoms,1,test/intermediate_algebra/446.json,8.0,correct,0.0,0.0,0.0
stacked_atoms,1,test/intermediate_algebra/47.json,8.0,correct,0.0,0.0,0.0
stacked_atoms,1,test/intermediate_algebra/607.json,8.0,correct,0.0,0.0,0.0
stacked_atoms,1,test/intermediate_algebra/690.json,8.0,correct,0.0,0.0,0.0
stacked_atoms,1,test/intermediate_algebra/752.json,8.0,correct,0.0,1.0,1.0
stacked_atoms,1,test/intermediate_algebra/894.json,8.0,correct,0.0,0.0,0.0
stacked_atoms,1,test/number_theory/1002.json,8.0,correct,0.0,0.0,0.0
stacked_atoms,1,test/number_theory/149.json,8.0,correct,0.0,0.0,0.0
stacked_atoms,1,test/number_theory/515.json,8.0,correct,1.0,1.0,0.0
stacked_atoms,1,test/prealgebra/1113.json,8.0,correct,1.0,1.0,0.0
stacked_atoms,1,test/prealgebra/1128.json,8.0,correct,0.0,0.0,0.0
stacked_atoms,1,test/prealgebra/1139.json,8.0,correct,0.0,0.0,0.0
stacked_atoms,1,test/prealgebra/1238.json,8.0,correct,1.0,1.0,0.0
stacked_atoms,1,test/prealgebra/1251.json,8.0,correct,0.0,0.0,0.0
stacked_atoms,1,test/prealgebra/1252.json,8.0,correct,1.0,0.0,-1.0
stacked_atoms,1,test/prealgebra/1272.json,8.0,correct,1.0,1.0,0.0
stacked_atoms,1,test/prealgebra/1423.json,8.0,correct,0.0,0.0,0.0
stacked_atoms,1,test/prealgebra/1622.json,8.0,correct,0.0,1.0,1.0
stacked_atoms,1,test/prealgebra/1646.json,8.0,correct,0.0,0.0,0.0
stacked_atoms,1,test/prealgebra/1787.json,8.0,correct,1.0,0.0,-1.0
stacked_atoms,1,test/prealgebra/1834.json,8.0,correct,0.0,0.0,0.0
stacked_atoms,1,test/prealgebra/1922.json,8.0,correct,0.0,0.0,0.0
stacked_atoms,1,test/prealgebra/1961.json,8.0,correct,0.0,1.0,1.0
stacked_atoms,1,test/prealgebra/2019.json,8.0,correct,1.0,1.0,0.0
stacked_atoms,1,test/prealgebra/2066.json,8.0,correct,0.0,1.0,1.0
stacked_atoms,1,test/prealgebra/505.json,8.0,correct,1.0,0.0,-1.0
stacked_atoms,1,test/prealgebra/65.json,8.0,correct,0.0,0.0,0.0
stacked_atoms,1,test/prealgebra/996.json,8.0,correct,0.0,0.0,0.0
stacked_atoms,1,test/precalculus/1082.json,8.0,correct,0.0,0.0,0.0
stacked_atoms,1,test/precalculus/1105.json,8.0,correct,0.0,0.0,0.0
stacked_atoms,1,test/precalculus/1199.json,8.0,correct,0.0,0.0,0.0
stacked_atoms,1,test/precalculus/1303.json,8.0,correct,0.0,0.0,0.0
stacked_atoms,1,test/precalculus/398.json,8.0,correct,0.0,0.0,0.0
stacked_atoms,1,test/precalculus/43.json,8.0,correct,0.0,1.0,1.0
stacked_atoms,1,test/precalculus/541.json,8.0,correct,0.0,0.0,0.0
stacked_atoms,1,test/precalculus/580.json,8.0,correct,0.0,0.0,0.0
stacked_atoms,1,test/precalculus/779.json,8.0,correct,1.0,1.0,0.0
stacked_atoms,1,test/precalculus/927.json,8.0,correct,0.0,0.0,0.0
stacked_atoms,1,test/precalculus/96.json,8.0,correct,0.0,0.0,0.0
stacked_atoms,1,test/precalculus/986.json,8.0,correct,0.0,0.0,0.0
stacked_atoms,2,test/algebra/1082.json,8.0,gc,0.0,0.0,0.0
stacked_atoms,2,test/algebra/109.json,8.0,gc,0.0,0.0,0.0
stacked_atoms,2,test/algebra/1098.json,8.0,gc,0.0,0.0,0.0
stacked_atoms,2,test/algebra/1214.json,8.0,gc,0.0,0.0,0.0
stacked_atoms,2,test/algebra/1265.json,8.0,gc,0.0,0.0,0.0
stacked_atoms,2,test/algebra/1282.json,8.0,gc,0.0,1.0,1.0
stacked_atoms,2,test/algebra/1338.json,8.0,gc,0.0,0.0,0.0
stacked_atoms,2,test/algebra/1349.json,8.0,gc,0.0,0.0,0.0
stacked_atoms,2,test/algebra/1553.json,8.0,gc,0.0,0.0,0.0
stacked_atoms,2,test/algebra/1934.json,8.0,gc,0.0,0.0,0.0
stacked_atoms,2,test/algebra/1960.json,8.0,gc,0.0,0.0,0.0
stacked_atoms,2,test/algebra/2043.json,8.0,gc,1.0,1.0,0.0
stacked_atoms,2,test/algebra/2046.json,8.0,gc,0.0,0.0,0.0
stacked_atoms,2,test/algebra/2159.json,8.0,gc,1.0,0.0,-1.0
stacked_atoms,2,test/algebra/2264.json,8.0,gc,0.0,0.0,0.0
stacked_atoms,2,test/algebra/2427.json,8.0,gc,0.0,0.0,0.0
stacked_atoms,2,test/algebra/2430.json,8.0,gc,1.0,1.0,0.0
stacked_atoms,2,test/algebra/2476.json,8.0,gc,0.0,0.0,0.0
stacked_atoms,2,test/algebra/2486.json,8.0,gc,0.0,0.0,0.0
stacked_atoms,2,test/algebra/2570.json,8.0,gc,1.0,0.0,-1.0
stacked_atoms,2,test/algebra/2593.json,8.0,gc,0.0,0.0,0.0
stacked_atoms,2,test/algebra/2735.json,8.0,gc,0.0,0.0,0.0
stacked_atoms,2,test/algebra/2779.json,8.0,gc,0.0,0.0,0.0
stacked_atoms,2,test/algebra/297.json,8.0,gc,0.0,1.0,1.0
stacked_atoms,2,test/algebra/425.json,8.0,gc,0.0,0.0,0.0
stacked_atoms,2,test/algebra/634.json,8.0,gc,0.0,0.0,0.0
stacked_atoms,2,test/algebra/661.json,8.0,gc,0.0,0.0,0.0
stacked_atoms,2,test/algebra/769.json,8.0,gc,0.0,0.0,0.0
stacked_atoms,2,test/algebra/824.json,8.0,gc,0.0,0.0,0.0
stacked_atoms,2,test/algebra/892.json,8.0,gc,1.0,2.0,1.0
stacked_atoms,2,test/counting_and_probability/1009.json,8.0,gc,0.0,0.0,0.0
stacked_atoms,2,test/counting_and_probability/1014.json,8.0,gc,0.0,0.0,0.0
stacked_atoms,2,test/counting_and_probability/1060.json,8.0,gc,0.0,0.0,0.0
stacked_atoms,2,test/counting_and_probability/119.json,8.0,gc,0.0,0.0,0.0
stacked_atoms,2,test/counting_and_probability/25149.json,8.0,gc,0.0,0.0,0.0
stacked_atoms,2,test/counting_and_probability/508.json,8.0,gc,0.0,0.0,0.0
stacked_atoms,2,test/counting_and_probability/525.json,8.0,gc,0.0,2.0,2.0
stacked_atoms,2,test/counting_and_probability/894.json,8.0,gc,0.0,0.0,0.0
stacked_atoms,2,test/geometry/1140.json,8.0,gc,1.0,0.0,-1.0
stacked_atoms,2,test/geometry/254.json,8.0,gc,0.0,0.0,0.0
stacked_atoms,2,test/geometry/456.json,8.0,gc,0.0,0.0,0.0
stacked_atoms,2,test/geometry/465.json,8.0,gc,1.0,2.0,1.0
stacked_atoms,2,test/geometry/538.json,8.0,gc,0.0,0.0,0.0
stacked_atoms,2,test/geometry/561.json,8.0,gc,0.0,1.0,1.0
stacked_atoms,2,test/geometry/615.json,8.0,gc,1.0,1.0,0.0
stacked_atoms,2,test/geometry/711.json,8.0,gc,1.0,1.0,0.0
stacked_atoms,2,test/geometry/795.json,8.0,gc,0.0,0.0,0.0
stacked_atoms,2,test/geometry/843.json,8.0,gc,0.0,0.0,0.0
stacked_atoms,2,test/geometry/846.json,8.0,gc,1.0,1.0,0.0
stacked_atoms,2,test/intermediate_algebra/101.json,8.0,gc,0.0,0.0,0.0
stacked_atoms,2,test/intermediate_algebra/102.json,8.0,gc,0.0,1.0,1.0
stacked_atoms,2,test/intermediate_algebra/1354.json,8.0,gc,0.0,1.0,1.0
stacked_atoms,2,test/intermediate_algebra/1467.json,8.0,gc,1.0,1.0,0.0
stacked_atoms,2,test/intermediate_algebra/1555.json,8.0,gc,0.0,0.0,0.0
stacked_atoms,2,test/intermediate_algebra/1714.json,8.0,gc,0.0,0.0,0.0
stacked_atoms,2,test/intermediate_algebra/1779.json,8.0,gc,0.0,0.0,0.0
stacked_atoms,2,test/intermediate_algebra/199.json,8.0,gc,1.0,1.0,0.0
stacked_atoms,2,test/intermediate_algebra/1994.json,8.0,gc,0.0,1.0,1.0
stacked_atoms,2,test/intermediate_algebra/2046.json,8.0,gc,0.0,1.0,1.0
stacked_atoms,2,test/intermediate_algebra/345.json,8.0,gc,0.0,1.0,1.0
stacked_atoms,2,test/intermediate_algebra/446.json,8.0,gc,0.0,0.0,0.0
stacked_atoms,2,test/intermediate_algebra/47.json,8.0,gc,0.0,0.0,0.0
stacked_atoms,2,test/intermediate_algebra/607.json,8.0,gc,1.0,1.0,0.0
stacked_atoms,2,test/intermediate_algebra/690.json,8.0,gc,1.0,0.0,-1.0
stacked_atoms,2,test/intermediate_algebra/752.json,8.0,gc,0.0,0.0,0.0
stacked_atoms,2,test/intermediate_algebra/894.json,8.0,gc,1.0,1.0,0.0
stacked_atoms,2,test/number_theory/1002.json,8.0,gc,0.0,0.0,0.0
stacked_atoms,2,test/number_theory/149.json,8.0,gc,0.0,0.0,0.0
stacked_atoms,2,test/number_theory/515.json,8.0,gc,0.0,0.0,0.0
stacked_atoms,2,test/prealgebra/1113.json,8.0,gc,0.0,0.0,0.0
stacked_atoms,2,test/prealgebra/1128.json,8.0,gc,0.0,0.0,0.0
stacked_atoms,2,test/prealgebra/1139.json,8.0,gc,0.0,2.0,2.0
stacked_atoms,2,test/prealgebra/1238.json,8.0,gc,0.0,0.0,0.0
stacked_atoms,2,test/prealgebra/1251.json,8.0,gc,0.0,1.0,1.0
stacked_atoms,2,test/prealgebra/1252.json,8.0,gc,0.0,0.0,0.0
stacked_atoms,2,test/prealgebra/1272.json,8.0,gc,0.0,0.0,0.0
stacked_atoms,2,test/prealgebra/1423.json,8.0,gc,0.0,0.0,0.0
stacked_atoms,2,test/prealgebra/1622.json,8.0,gc,0.0,0.0,0.0
stacked_atoms,2,test/prealgebra/1646.json,8.0,gc,0.0,0.0,0.0
stacked_atoms,2,test/prealgebra/1787.json,8.0,gc,0.0,0.0,0.0
stacked_atoms,2,test/prealgebra/1834.json,8.0,gc,0.0,0.0,0.0
stacked_atoms,2,test/prealgebra/1922.json,8.0,gc,0.0,0.0,0.0
stacked_atoms,2,test/prealgebra/1961.json,8.0,gc,0.0,0.0,0.0
stacked_atoms,2,test/prealgebra/2019.json,8.0,gc,0.0,0.0,0.0
stacked_atoms,2,test/prealgebra/2066.json,8.0,gc,0.0,1.0,1.0
stacked_atoms,2,test/prealgebra/505.json,8.0,gc,0.0,0.0,0.0
stacked_atoms,2,test/prealgebra/65.json,8.0,gc,0.0,0.0,0.0
stacked_atoms,2,test/prealgebra/996.json,8.0,gc,0.0,0.0,0.0
stacked_atoms,2,test/precalculus/1082.json,8.0,gc,1.0,0.0,-1.0
stacked_atoms,2,test/precalculus/1105.json,8.0,gc,0.0,0.0,0.0
stacked_atoms,2,test/precalculus/1199.json,8.0,gc,1.0,0.0,-1.0
stacked_atoms,2,test/precalculus/1303.json,8.0,gc,0.0,0.0,0.0
stacked_atoms,2,test/precalculus/398.json,8.0,gc,1.0,1.0,0.0
stacked_atoms,2,test/precalculus/43.json,8.0,gc,0.0,0.0,0.0
stacked_atoms,2,test/precalculus/541.json,8.0,gc,0.0,0.0,0.0
stacked_atoms,2,test/precalculus/580.json,8.0,gc,0.0,0.0,0.0
stacked_atoms,2,test/precalculus/779.json,8.0,gc,0.0,0.0,0.0
stacked_atoms,2,test/precalculus/927.json,8.0,gc,2.0,2.0,0.0
stacked_atoms,2,test/precalculus/96.json,8.0,gc,1.0,0.0,-1.0
stacked_atoms,2,test/precalculus/986.json,8.0,gc,0.0,1.0,1.0
stacked_atoms,2,test/algebra/1082.json,8.0,coherent_gc,0.0,0.0,0.0
stacked_atoms,2,test/algebra/109.json,8.0,coherent_gc,0.0,0.0,0.0
stacked_atoms,2,test/algebra/1098.json,8.0,coherent_gc,0.0,0.0,0.0
stacked_atoms,2,test/algebra/1214.json,8.0,coherent_gc,0.0,0.0,0.0
stacked_atoms,2,test/algebra/1265.json,8.0,coherent_gc,0.0,0.0,0.0
stacked_atoms,2,test/algebra/1282.json,8.0,coherent_gc,0.0,1.0,1.0
stacked_atoms,2,test/algebra/1338.json,8.0,coherent_gc,0.0,0.0,0.0
stacked_atoms,2,test/algebra/1349.json,8.0,coherent_gc,0.0,0.0,0.0
stacked_atoms,2,test/algebra/1553.json,8.0,coherent_gc,0.0,0.0,0.0
stacked_atoms,2,test/algebra/1934.json,8.0,coherent_gc,0.0,0.0,0.0
stacked_atoms,2,test/algebra/1960.json,8.0,coherent_gc,0.0,0.0,0.0
stacked_atoms,2,test/algebra/2043.json,8.0,coherent_gc,1.0,1.0,0.0
stacked_atoms,2,test/algebra/2046.json,8.0,coherent_gc,0.0,0.0,0.0
stacked_atoms,2,test/algebra/2159.json,8.0,coherent_gc,1.0,0.0,-1.0
stacked_atoms,2,test/algebra/2264.json,8.0,coherent_gc,0.0,0.0,0.0
stacked_atoms,2,test/algebra/2427.json,8.0,coherent_gc,0.0,0.0,0.0
stacked_atoms,2,test/algebra/2430.json,8.0,coherent_gc,1.0,1.0,0.0
stacked_atoms,2,test/algebra/2476.json,8.0,coherent_gc,0.0,0.0,0.0
stacked_atoms,2,test/algebra/2486.json,8.0,coherent_gc,0.0,0.0,0.0
stacked_atoms,2,test/algebra/2570.json,8.0,coherent_gc,1.0,0.0,-1.0
stacked_atoms,2,test/algebra/2593.json,8.0,coherent_gc,0.0,0.0,0.0
stacked_atoms,2,test/algebra/2735.json,8.0,coherent_gc,0.0,0.0,0.0
stacked_atoms,2,test/algebra/2779.json,8.0,coherent_gc,0.0,0.0,0.0
stacked_atoms,2,test/algebra/297.json,8.0,coherent_gc,0.0,1.0,1.0
stacked_atoms,2,test/algebra/425.json,8.0,coherent_gc,0.0,0.0,0.0
stacked_atoms,2,test/algebra/634.json,8.0,coherent_gc,0.0,0.0,0.0
stacked_atoms,2,test/algebra/661.json,8.0,coherent_gc,0.0,0.0,0.0
stacked_atoms,2,test/algebra/769.json,8.0,coherent_gc,0.0,0.0,0.0
stacked_atoms,2,test/algebra/824.json,8.0,coherent_gc,0.0,0.0,0.0
stacked_atoms,2,test/algebra/892.json,8.0,coherent_gc,1.0,2.0,1.0
stacked_atoms,2,test/counting_and_probability/1009.json,8.0,coherent_gc,0.0,0.0,0.0
stacked_atoms,2,test/counting_and_probability/1014.json,8.0,coherent_gc,0.0,0.0,0.0
stacked_atoms,2,test/counting_and_probability/1060.json,8.0,coherent_gc,0.0,0.0,0.0
stacked_atoms,2,test/counting_and_probability/119.json,8.0,coherent_gc,0.0,0.0,0.0
stacked_atoms,2,test/counting_and_probability/25149.json,8.0,coherent_gc,0.0,0.0,0.0
stacked_atoms,2,test/counting_and_probability/508.json,8.0,coherent_gc,0.0,0.0,0.0
stacked_atoms,2,test/counting_and_probability/525.json,8.0,coherent_gc,0.0,2.0,2.0
stacked_atoms,2,test/counting_and_probability/894.json,8.0,coherent_gc,0.0,0.0,0.0
stacked_atoms,2,test/geometry/1140.json,8.0,coherent_gc,1.0,0.0,-1.0
stacked_atoms,2,test/geometry/254.json,8.0,coherent_gc,0.0,0.0,0.0
stacked_atoms,2,test/geometry/456.json,8.0,coherent_gc,0.0,0.0,0.0
stacked_atoms,2,test/geometry/465.json,8.0,coherent_gc,1.0,2.0,1.0
stacked_atoms,2,test/geometry/538.json,8.0,coherent_gc,0.0,0.0,0.0
stacked_atoms,2,test/geometry/561.json,8.0,coherent_gc,0.0,1.0,1.0
stacked_atoms,2,test/geometry/615.json,8.0,coherent_gc,1.0,1.0,0.0
stacked_atoms,2,test/geometry/711.json,8.0,coherent_gc,1.0,1.0,0.0
stacked_atoms,2,test/geometry/795.json,8.0,coherent_gc,0.0,0.0,0.0
stacked_atoms,2,test/geometry/843.json,8.0,coherent_gc,0.0,0.0,0.0
stacked_atoms,2,test/geometry/846.json,8.0,coherent_gc,1.0,0.0,-1.0
stacked_atoms,2,test/intermediate_algebra/101.json,8.0,coherent_gc,0.0,0.0,0.0
stacked_atoms,2,test/intermediate_algebra/102.json,8.0,coherent_gc,0.0,1.0,1.0
stacked_atoms,2,test/intermediate_algebra/1354.json,8.0,coherent_gc,0.0,1.0,1.0
stacked_atoms,2,test/intermediate_algebra/1467.json,8.0,coherent_gc,1.0,1.0,0.0
stacked_atoms,2,test/intermediate_algebra/1555.json,8.0,coherent_gc,0.0,0.0,0.0
stacked_atoms,2,test/intermediate_algebra/1714.json,8.0,coherent_gc,0.0,0.0,0.0
stacked_atoms,2,test/intermediate_algebra/1779.json,8.0,coherent_gc,0.0,0.0,0.0
stacked_atoms,2,test/intermediate_algebra/199.json,8.0,coherent_gc,1.0,1.0,0.0
stacked_atoms,2,test/intermediate_algebra/1994.json,8.0,coherent_gc,0.0,1.0,1.0
stacked_atoms,2,test/intermediate_algebra/2046.json,8.0,coherent_gc,0.0,1.0,1.0
stacked_atoms,2,test/intermediate_algebra/345.json,8.0,coherent_gc,0.0,1.0,1.0
stacked_atoms,2,test/intermediate_algebra/446.json,8.0,coherent_gc,0.0,0.0,0.0
stacked_atoms,2,test/intermediate_algebra/47.json,8.0,coherent_gc,0.0,0.0,0.0
stacked_atoms,2,test/intermediate_algebra/607.json,8.0,coherent_gc,1.0,1.0,0.0
stacked_atoms,2,test/intermediate_algebra/690.json,8.0,coherent_gc,1.0,0.0,-1.0
stacked_atoms,2,test/intermediate_algebra/752.json,8.0,coherent_gc,0.0,0.0,0.0
stacked_atoms,2,test/intermediate_algebra/894.json,8.0,coherent_gc,1.0,0.0,-1.0
stacked_atoms,2,test/number_theory/1002.json,8.0,coherent_gc,0.0,0.0,0.0
stacked_atoms,2,test/number_theory/149.json,8.0,coherent_gc,0.0,0.0,0.0
stacked_atoms,2,test/number_theory/515.json,8.0,coherent_gc,0.0,0.0,0.0
stacked_atoms,2,test/prealgebra/1113.json,8.0,coherent_gc,0.0,0.0,0.0
stacked_atoms,2,test/prealgebra/1128.json,8.0,coherent_gc,0.0,0.0,0.0
stacked_atoms,2,test/prealgebra/1139.json,8.0,coherent_gc,0.0,2.0,2.0
stacked_atoms,2,test/prealgebra/1238.json,8.0,coherent_gc,0.0,0.0,0.0
stacked_atoms,2,test/prealgebra/1251.json,8.0,coherent_gc,0.0,1.0,1.0
stacked_atoms,2,test/prealgebra/1252.json,8.0,coherent_gc,0.0,0.0,0.0
stacked_atoms,2,test/prealgebra/1272.json,8.0,coherent_gc,0.0,0.0,0.0
stacked_atoms,2,test/prealgebra/1423.json,8.0,coherent_gc,0.0,0.0,0.0
stacked_atoms,2,test/prealgebra/1622.json,8.0,coherent_gc,0.0,0.0,0.0
stacked_atoms,2,test/prealgebra/1646.json,8.0,coherent_gc,0.0,0.0,0.0
stacked_atoms,2,test/prealgebra/1787.json,8.0,coherent_gc,0.0,0.0,0.0
stacked_atoms,2,test/prealgebra/1834.json,8.0,coherent_gc,0.0,0.0,0.0
stacked_atoms,2,test/prealgebra/1922.json,8.0,coherent_gc,0.0,0.0,0.0
stacked_atoms,2,test/prealgebra/1961.json,8.0,coherent_gc,0.0,0.0,0.0
stacked_atoms,2,test/prealgebra/2019.json,8.0,coherent_gc,0.0,0.0,0.0
stacked_atoms,2,test/prealgebra/2066.json,8.0,coherent_gc,0.0,1.0,1.0
stacked_atoms,2,test/prealgebra/505.json,8.0,coherent_gc,0.0,0.0,0.0
stacked_atoms,2,test/prealgebra/65.json,8.0,coherent_gc,0.0,0.0,0.0
stacked_atoms,2,test/prealgebra/996.json,8.0,coherent_gc,0.0,0.0,0.0
stacked_atoms,2,test/precalculus/1082.json,8.0,coherent_gc,1.0,0.0,-1.0
stacked_atoms,2,test/precalculus/1105.json,8.0,coherent_gc,0.0,0.0,0.0
stacked_atoms,2,test/precalculus/1199.json,8.0,coherent_gc,1.0,0.0,-1.0
stacked_atoms,2,test/precalculus/1303.json,8.0,coherent_gc,0.0,0.0,0.0
stacked_atoms,2,test/precalculus/398.json,8.0,coherent_gc,1.0,1.0,0.0
stacked_atoms,2,test/precalculus/43.json,8.0,coherent_gc,0.0,0.0,0.0
stacked_atoms,2,test/precalculus/541.json,8.0,coherent_gc,0.0,0.0,0.0
stacked_atoms,2,test/precalculus/580.json,8.0,coherent_gc,0.0,0.0,0.0
stacked_atoms,2,test/precalculus/779.json,8.0,coherent_gc,0.0,0.0,0.0
stacked_atoms,2,test/precalculus/927.json,8.0,coherent_gc,2.0,2.0,0.0
stacked_atoms,2,test/precalculus/96.json,8.0,coherent_gc,1.0,0.0,-1.0
stacked_atoms,2,test/precalculus/986.json,8.0,coherent_gc,0.0,1.0,1.0
stacked_atoms,2,test/algebra/1082.json,8.0,coherent_bt,0.0,0.0,0.0
stacked_atoms,2,test/algebra/109.json,8.0,coherent_bt,0.0,0.0,0.0
stacked_atoms,2,test/algebra/1098.json,8.0,coherent_bt,0.0,0.0,0.0
stacked_atoms,2,test/algebra/1214.json,8.0,coherent_bt,0.0,0.0,0.0
stacked_atoms,2,test/algebra/1265.json,8.0,coherent_bt,0.0,0.0,0.0
stacked_atoms,2,test/algebra/1282.json,8.0,coherent_bt,0.0,1.0,1.0
stacked_atoms,2,test/algebra/1338.json,8.0,coherent_bt,0.0,0.0,0.0
stacked_atoms,2,test/algebra/1349.json,8.0,coherent_bt,0.0,0.0,0.0
stacked_atoms,2,test/algebra/1553.json,8.0,coherent_bt,0.0,0.0,0.0
stacked_atoms,2,test/algebra/1934.json,8.0,coherent_bt,0.0,0.0,0.0
stacked_atoms,2,test/algebra/1960.json,8.0,coherent_bt,0.0,0.0,0.0
stacked_atoms,2,test/algebra/2043.json,8.0,coherent_bt,1.0,1.0,0.0
stacked_atoms,2,test/algebra/2046.json,8.0,coherent_bt,0.0,0.0,0.0
stacked_atoms,2,test/algebra/2159.json,8.0,coherent_bt,1.0,0.0,-1.0
stacked_atoms,2,test/algebra/2264.json,8.0,coherent_bt,0.0,0.0,0.0
stacked_atoms,2,test/algebra/2427.json,8.0,coherent_bt,0.0,0.0,0.0
stacked_atoms,2,test/algebra/2430.json,8.0,coherent_bt,1.0,1.0,0.0
stacked_atoms,2,test/algebra/2476.json,8.0,coherent_bt,0.0,0.0,0.0
stacked_atoms,2,test/algebra/2486.json,8.0,coherent_bt,0.0,0.0,0.0
stacked_atoms,2,test/algebra/2570.json,8.0,coherent_bt,1.0,0.0,-1.0
stacked_atoms,2,test/algebra/2593.json,8.0,coherent_bt,0.0,0.0,0.0
stacked_atoms,2,test/algebra/2735.json,8.0,coherent_bt,0.0,0.0,0.0
stacked_atoms,2,test/algebra/2779.json,8.0,coherent_bt,0.0,0.0,0.0
stacked_atoms,2,test/algebra/297.json,8.0,coherent_bt,0.0,1.0,1.0
stacked_atoms,2,test/algebra/425.json,8.0,coherent_bt,0.0,0.0,0.0
stacked_atoms,2,test/algebra/634.json,8.0,coherent_bt,0.0,0.0,0.0
stacked_atoms,2,test/algebra/661.json,8.0,coherent_bt,0.0,0.0,0.0
stacked_atoms,2,test/algebra/769.json,8.0,coherent_bt,0.0,0.0,0.0
stacked_atoms,2,test/algebra/824.json,8.0,coherent_bt,0.0,0.0,0.0
stacked_atoms,2,test/algebra/892.json,8.0,coherent_bt,1.0,1.0,0.0
stacked_atoms,2,test/counting_and_probability/1009.json,8.0,coherent_bt,0.0,0.0,0.0
stacked_atoms,2,test/counting_and_probability/1014.json,8.0,coherent_bt,0.0,0.0,0.0
stacked_atoms,2,test/counting_and_probability/1060.json,8.0,coherent_bt,0.0,0.0,0.0
stacked_atoms,2,test/counting_and_probability/119.json,8.0,coherent_bt,0.0,0.0,0.0
stacked_atoms,2,test/counting_and_probability/25149.json,8.0,coherent_bt,0.0,0.0,0.0
stacked_atoms,2,test/counting_and_probability/508.json,8.0,coherent_bt,0.0,0.0,0.0
stacked_atoms,2,test/counting_and_probability/525.json,8.0,coherent_bt,0.0,1.0,1.0
stacked_atoms,2,test/counting_and_probability/894.json,8.0,coherent_bt,0.0,0.0,0.0
stacked_atoms,2,test/geometry/1140.json,8.0,coherent_bt,1.0,0.0,-1.0
stacked_atoms,2,test/geometry/254.json,8.0,coherent_bt,0.0,0.0,0.0
stacked_atoms,2,test/geometry/456.json,8.0,coherent_bt,0.0,0.0,0.0
stacked_atoms,2,test/geometry/465.json,8.0,coherent_bt,1.0,1.0,0.0
stacked_atoms,2,test/geometry/538.json,8.0,coherent_bt,0.0,0.0,0.0
stacked_atoms,2,test/geometry/561.json,8.0,coherent_bt,0.0,1.0,1.0
stacked_atoms,2,test/geometry/615.json,8.0,coherent_bt,1.0,1.0,0.0
stacked_atoms,2,test/geometry/711.json,8.0,coherent_bt,1.0,1.0,0.0
stacked_atoms,2,test/geometry/795.json,8.0,coherent_bt,0.0,0.0,0.0
stacked_atoms,2,test/geometry/843.json,8.0,coherent_bt,0.0,0.0,0.0
stacked_atoms,2,test/geometry/846.json,8.0,coherent_bt,1.0,0.0,-1.0
stacked_atoms,2,test/intermediate_algebra/101.json,8.0,coherent_bt,0.0,0.0,0.0
stacked_atoms,2,test/intermediate_algebra/102.json,8.0,coherent_bt,0.0,1.0,1.0
stacked_atoms,2,test/intermediate_algebra/1354.json,8.0,coherent_bt,0.0,1.0,1.0
stacked_atoms,2,test/intermediate_algebra/1467.json,8.0,coherent_bt,1.0,1.0,0.0
stacked_atoms,2,test/intermediate_algebra/1555.json,8.0,coherent_bt,0.0,0.0,0.0
stacked_atoms,2,test/intermediate_algebra/1714.json,8.0,coherent_bt,0.0,0.0,0.0
stacked_atoms,2,test/intermediate_algebra/1779.json,8.0,coherent_bt,0.0,0.0,0.0
stacked_atoms,2,test/intermediate_algebra/199.json,8.0,coherent_bt,1.0,1.0,0.0
stacked_atoms,2,test/intermediate_algebra/1994.json,8.0,coherent_bt,0.0,1.0,1.0
stacked_atoms,2,test/intermediate_algebra/2046.json,8.0,coherent_bt,0.0,1.0,1.0
stacked_atoms,2,test/intermediate_algebra/345.json,8.0,coherent_bt,0.0,1.0,1.0
stacked_atoms,2,test/intermediate_algebra/446.json,8.0,coherent_bt,0.0,0.0,0.0
stacked_atoms,2,test/intermediate_algebra/47.json,8.0,coherent_bt,0.0,0.0,0.0
stacked_atoms,2,test/intermediate_algebra/607.json,8.0,coherent_bt,1.0,1.0,0.0
stacked_atoms,2,test/intermediate_algebra/690.json,8.0,coherent_bt,1.0,0.0,-1.0
stacked_atoms,2,test/intermediate_algebra/752.json,8.0,coherent_bt,0.0,0.0,0.0
stacked_atoms,2,test/intermediate_algebra/894.json,8.0,coherent_bt,1.0,0.0,-1.0
stacked_atoms,2,test/number_theory/1002.json,8.0,coherent_bt,0.0,0.0,0.0
stacked_atoms,2,test/number_theory/149.json,8.0,coherent_bt,0.0,0.0,0.0
stacked_atoms,2,test/number_theory/515.json,8.0,coherent_bt,0.0,0.0,0.0
stacked_atoms,2,test/prealgebra/1113.json,8.0,coherent_bt,0.0,0.0,0.0
stacked_atoms,2,test/prealgebra/1128.json,8.0,coherent_bt,0.0,0.0,0.0
stacked_atoms,2,test/prealgebra/1139.json,8.0,coherent_bt,0.0,1.0,1.0
stacked_atoms,2,test/prealgebra/1238.json,8.0,coherent_bt,0.0,0.0,0.0
stacked_atoms,2,test/prealgebra/1251.json,8.0,coherent_bt,0.0,1.0,1.0
stacked_atoms,2,test/prealgebra/1252.json,8.0,coherent_bt,0.0,0.0,0.0
stacked_atoms,2,test/prealgebra/1272.json,8.0,coherent_bt,0.0,0.0,0.0
stacked_atoms,2,test/prealgebra/1423.json,8.0,coherent_bt,0.0,0.0,0.0
stacked_atoms,2,test/prealgebra/1622.json,8.0,coherent_bt,0.0,0.0,0.0
stacked_atoms,2,test/prealgebra/1646.json,8.0,coherent_bt,0.0,0.0,0.0
stacked_atoms,2,test/prealgebra/1787.json,8.0,coherent_bt,0.0,0.0,0.0
stacked_atoms,2,test/prealgebra/1834.json,8.0,coherent_bt,0.0,0.0,0.0
stacked_atoms,2,test/prealgebra/1922.json,8.0,coherent_bt,0.0,0.0,0.0
stacked_atoms,2,test/prealgebra/1961.json,8.0,coherent_bt,0.0,0.0,0.0
stacked_atoms,2,test/prealgebra/2019.json,8.0,coherent_bt,0.0,0.0,0.0
stacked_atoms,2,test/prealgebra/2066.json,8.0,coherent_bt,0.0,1.0,1.0
stacked_atoms,2,test/prealgebra/505.json,8.0,coherent_bt,0.0,0.0,0.0
stacked_atoms,2,test/prealgebra/65.json,8.0,coherent_bt,0.0,0.0,0.0
stacked_atoms,2,test/prealgebra/996.json,8.0,coherent_bt,0.0,0.0,0.0
stacked_atoms,2,test/precalculus/1082.json,8.0,coherent_bt,1.0,0.0,-1.0
stacked_atoms,2,test/precalculus/1105.json,8.0,coherent_bt,0.0,0.0,0.0
stacked_atoms,2,test/precalculus/1199.json,8.0,coherent_bt,1.0,0.0,-1.0
stacked_atoms,2,test/precalculus/1303.json,8.0,coherent_bt,0.0,0.0,0.0
stacked_atoms,2,test/precalculus/398.json,8.0,coherent_bt,1.0,1.0,0.0
stacked_atoms,2,test/precalculus/43.json,8.0,coherent_bt,0.0,0.0,0.0
stacked_atoms,2,test/precalculus/541.json,8.0,coherent_bt,0.0,0.0,0.0
stacked_atoms,2,test/precalculus/580.json,8.0,coherent_bt,0.0,0.0,0.0
stacked_atoms,2,test/precalculus/779.json,8.0,coherent_bt,0.0,0.0,0.0
stacked_atoms,2,test/precalculus/927.json,8.0,coherent_bt,1.0,1.0,0.0
stacked_atoms,2,test/precalculus/96.json,8.0,coherent_bt,1.0,0.0,-1.0
stacked_atoms,2,test/precalculus/986.json,8.0,coherent_bt,0.0,1.0,1.0
stacked_atoms,2,test/algebra/1082.json,8.0,incoherent,0.0,0.0,0.0
stacked_atoms,2,test/algebra/109.json,8.0,incoherent,0.0,0.0,0.0
stacked_atoms,2,test/algebra/1098.json,8.0,incoherent,0.0,0.0,0.0
stacked_atoms,2,test/algebra/1214.json,8.0,incoherent,0.0,0.0,0.0
stacked_atoms,2,test/algebra/1265.json,8.0,incoherent,0.0,0.0,0.0
stacked_atoms,2,test/algebra/1282.json,8.0,incoherent,0.0,0.0,0.0
stacked_atoms,2,test/algebra/1338.json,8.0,incoherent,0.0,0.0,0.0
stacked_atoms,2,test/algebra/1349.json,8.0,incoherent,0.0,0.0,0.0
stacked_atoms,2,test/algebra/1553.json,8.0,incoherent,0.0,0.0,0.0
stacked_atoms,2,test/algebra/1934.json,8.0,incoherent,0.0,0.0,0.0
stacked_atoms,2,test/algebra/1960.json,8.0,incoherent,0.0,0.0,0.0
stacked_atoms,2,test/algebra/2043.json,8.0,incoherent,0.0,0.0,0.0
stacked_atoms,2,test/algebra/2046.json,8.0,incoherent,0.0,0.0,0.0
stacked_atoms,2,test/algebra/2159.json,8.0,incoherent,0.0,0.0,0.0
stacked_atoms,2,test/algebra/2264.json,8.0,incoherent,0.0,0.0,0.0
stacked_atoms,2,test/algebra/2427.json,8.0,incoherent,0.0,0.0,0.0
stacked_atoms,2,test/algebra/2430.json,8.0,incoherent,0.0,0.0,0.0
stacked_atoms,2,test/algebra/2476.json,8.0,incoherent,0.0,0.0,0.0
stacked_atoms,2,test/algebra/2486.json,8.0,incoherent,0.0,0.0,0.0
stacked_atoms,2,test/algebra/2570.json,8.0,incoherent,0.0,0.0,0.0
stacked_atoms,2,test/algebra/2593.json,8.0,incoherent,0.0,0.0,0.0
stacked_atoms,2,test/algebra/2735.json,8.0,incoherent,0.0,0.0,0.0
stacked_atoms,2,test/algebra/2779.json,8.0,incoherent,0.0,0.0,0.0
stacked_atoms,2,test/algebra/297.json,8.0,incoherent,0.0,0.0,0.0
stacked_atoms,2,test/algebra/425.json,8.0,incoherent,0.0,0.0,0.0
stacked_atoms,2,test/algebra/634.json,8.0,incoherent,0.0,0.0,0.0
stacked_atoms,2,test/algebra/661.json,8.0,incoherent,0.0,0.0,0.0
stacked_atoms,2,test/algebra/769.json,8.0,incoherent,0.0,0.0,0.0
stacked_atoms,2,test/algebra/824.json,8.0,incoherent,0.0,0.0,0.0
stacked_atoms,2,test/algebra/892.json,8.0,incoherent,0.0,0.0,0.0
stacked_atoms,2,test/counting_and_probability/1009.json,8.0,incoherent,0.0,0.0,0.0
stacked_atoms,2,test/counting_and_probability/1014.json,8.0,incoherent,0.0,0.0,0.0
stacked_atoms,2,test/counting_and_probability/1060.json,8.0,incoherent,0.0,0.0,0.0
stacked_atoms,2,test/counting_and_probability/119.json,8.0,incoherent,0.0,0.0,0.0
stacked_atoms,2,test/counting_and_probability/25149.json,8.0,incoherent,0.0,0.0,0.0
stacked_atoms,2,test/counting_and_probability/508.json,8.0,incoherent,0.0,0.0,0.0
stacked_atoms,2,test/counting_and_probability/525.json,8.0,incoherent,0.0,0.0,0.0
stacked_atoms,2,test/counting_and_probability/894.json,8.0,incoherent,0.0,0.0,0.0
stacked_atoms,2,test/geometry/1140.json,8.0,incoherent,0.0,0.0,0.0
stacked_atoms,2,test/geometry/254.json,8.0,incoherent,0.0,0.0,0.0
stacked_atoms,2,test/geometry/456.json,8.0,incoherent,0.0,0.0,0.0
stacked_atoms,2,test/geometry/465.json,8.0,incoherent,0.0,0.0,0.0
stacked_atoms,2,test/geometry/538.json,8.0,incoherent,0.0,0.0,0.0
stacked_atoms,2,test/geometry/561.json,8.0,incoherent,0.0,0.0,0.0
stacked_atoms,2,test/geometry/615.json,8.0,incoherent,0.0,0.0,0.0
stacked_atoms,2,test/geometry/711.json,8.0,incoherent,0.0,0.0,0.0
stacked_atoms,2,test/geometry/795.json,8.0,incoherent,0.0,0.0,0.0
stacked_atoms,2,test/geometry/843.json,8.0,incoherent,0.0,0.0,0.0
stacked_atoms,2,test/geometry/846.json,8.0,incoherent,0.0,1.0,1.0
stacked_atoms,2,test/intermediate_algebra/101.json,8.0,incoherent,0.0,0.0,0.0
stacked_atoms,2,test/intermediate_algebra/102.json,8.0,incoherent,0.0,0.0,0.0
stacked_atoms,2,test/intermediate_algebra/1354.json,8.0,incoherent,0.0,0.0,0.0
stacked_atoms,2,test/intermediate_algebra/1467.json,8.0,incoherent,0.0,0.0,0.0
stacked_atoms,2,test/intermediate_algebra/1555.json,8.0,incoherent,0.0,0.0,0.0
stacked_atoms,2,test/intermediate_algebra/1714.json,8.0,incoherent,0.0,0.0,0.0
stacked_atoms,2,test/intermediate_algebra/1779.json,8.0,incoherent,0.0,0.0,0.0
stacked_atoms,2,test/intermediate_algebra/199.json,8.0,incoherent,0.0,0.0,0.0
stacked_atoms,2,test/intermediate_algebra/1994.json,8.0,incoherent,0.0,0.0,0.0
stacked_atoms,2,test/intermediate_algebra/2046.json,8.0,incoherent,0.0,0.0,0.0
stacked_atoms,2,test/intermediate_algebra/345.json,8.0,incoherent,0.0,0.0,0.0
stacked_atoms,2,test/intermediate_algebra/446.json,8.0,incoherent,0.0,0.0,0.0
stacked_atoms,2,test/intermediate_algebra/47.json,8.0,incoherent,0.0,0.0,0.0
stacked_atoms,2,test/intermediate_algebra/607.json,8.0,incoherent,0.0,0.0,0.0
stacked_atoms,2,test/intermediate_algebra/690.json,8.0,incoherent,0.0,0.0,0.0
stacked_atoms,2,test/intermediate_algebra/752.json,8.0,incoherent,0.0,0.0,0.0
stacked_atoms,2,test/intermediate_algebra/894.json,8.0,incoherent,0.0,1.0,1.0
stacked_atoms,2,test/number_theory/1002.json,8.0,incoherent,0.0,0.0,0.0
stacked_atoms,2,test/number_theory/149.json,8.0,incoherent,0.0,0.0,0.0
stacked_atoms,2,test/number_theory/515.json,8.0,incoherent,0.0,0.0,0.0
stacked_atoms,2,test/prealgebra/1113.json,8.0,incoherent,0.0,0.0,0.0
stacked_atoms,2,test/prealgebra/1128.json,8.0,incoherent,0.0,0.0,0.0
stacked_atoms,2,test/prealgebra/1139.json,8.0,incoherent,0.0,0.0,0.0
stacked_atoms,2,test/prealgebra/1238.json,8.0,incoherent,0.0,0.0,0.0
stacked_atoms,2,test/prealgebra/1251.json,8.0,incoherent,0.0,0.0,0.0
stacked_atoms,2,test/prealgebra/1252.json,8.0,incoherent,0.0,0.0,0.0
stacked_atoms,2,test/prealgebra/1272.json,8.0,incoherent,0.0,0.0,0.0
stacked_atoms,2,test/prealgebra/1423.json,8.0,incoherent,0.0,0.0,0.0
stacked_atoms,2,test/prealgebra/1622.json,8.0,incoherent,0.0,0.0,0.0
stacked_atoms,2,test/prealgebra/1646.json,8.0,incoherent,0.0,0.0,0.0
stacked_atoms,2,test/prealgebra/1787.json,8.0,incoherent,0.0,0.0,0.0
stacked_atoms,2,test/prealgebra/1834.json,8.0,incoherent,0.0,0.0,0.0
stacked_atoms,2,test/prealgebra/1922.json,8.0,incoherent,0.0,0.0,0.0
stacked_atoms,2,test/prealgebra/1961.json,8.0,incoherent,0.0,0.0,0.0
stacked_atoms,2,test/prealgebra/2019.json,8.0,incoherent,0.0,0.0,0.0
stacked_atoms,2,test/prealgebra/2066.json,8.0,incoherent,0.0,0.0,0.0
stacked_atoms,2,test/prealgebra/505.json,8.0,incoherent,0.0,0.0,0.0
stacked_atoms,2,test/prealgebra/65.json,8.0,incoherent,0.0,0.0,0.0
stacked_atoms,2,test/prealgebra/996.json,8.0,incoherent,0.0,0.0,0.0
stacked_atoms,2,test/precalculus/1082.json,8.0,incoherent,0.0,0.0,0.0
stacked_atoms,2,test/precalculus/1105.json,8.0,incoherent,0.0,0.0,0.0
stacked_atoms,2,test/precalculus/1199.json,8.0,incoherent,0.0,1.0,1.0
stacked_atoms,2,test/precalculus/1303.json,8.0,incoherent,0.0,0.0,0.0
stacked_atoms,2,test/precalculus/398.json,8.0,incoherent,0.0,0.0,0.0
stacked_atoms,2,test/precalculus/43.json,8.0,incoherent,0.0,0.0,0.0
stacked_atoms,2,test/precalculus/541.json,8.0,incoherent,0.0,0.0,0.0
stacked_atoms,2,test/precalculus/580.json,8.0,incoherent,0.0,0.0,0.0
stacked_atoms,2,test/precalculus/779.json,8.0,incoherent,0.0,0.0,0.0
stacked_atoms,2,test/precalculus/927.json,8.0,incoherent,0.0,0.0,0.0
stacked_atoms,2,test/precalculus/96.json,8.0,incoherent,0.0,0.0,0.0
stacked_atoms,2,test/precalculus/986.json,8.0,incoherent,0.0,0.0,0.0
stacked_atoms,2,test/algebra/1082.json,8.0,correct,0.0,0.0,0.0
stacked_atoms,2,test/algebra/109.json,8.0,correct,1.0,1.0,0.0
stacked_atoms,2,test/algebra/1098.json,8.0,correct,1.0,1.0,0.0
stacked_atoms,2,test/algebra/1214.json,8.0,correct,1.0,1.0,0.0
stacked_atoms,2,test/algebra/1265.json,8.0,correct,1.0,1.0,0.0
stacked_atoms,2,test/algebra/1282.json,8.0,correct,0.0,0.0,0.0
stacked_atoms,2,test/algebra/1338.json,8.0,correct,1.0,1.0,0.0
stacked_atoms,2,test/algebra/1349.json,8.0,correct,0.0,0.0,0.0
stacked_atoms,2,test/algebra/1553.json,8.0,correct,0.0,1.0,1.0
stacked_atoms,2,test/algebra/1934.json,8.0,correct,1.0,1.0,0.0
stacked_atoms,2,test/algebra/1960.json,8.0,correct,1.0,1.0,0.0
stacked_atoms,2,test/algebra/2043.json,8.0,correct,1.0,0.0,-1.0
stacked_atoms,2,test/algebra/2046.json,8.0,correct,1.0,1.0,0.0
stacked_atoms,2,test/algebra/2159.json,8.0,correct,0.0,1.0,1.0
stacked_atoms,2,test/algebra/2264.json,8.0,correct,1.0,0.0,-1.0
stacked_atoms,2,test/algebra/2427.json,8.0,correct,0.0,0.0,0.0
stacked_atoms,2,test/algebra/2430.json,8.0,correct,0.0,0.0,0.0
stacked_atoms,2,test/algebra/2476.json,8.0,correct,0.0,1.0,1.0
stacked_atoms,2,test/algebra/2486.json,8.0,correct,1.0,0.0,-1.0
stacked_atoms,2,test/algebra/2570.json,8.0,correct,1.0,1.0,0.0
stacked_atoms,2,test/algebra/2593.json,8.0,correct,1.0,0.0,-1.0
stacked_atoms,2,test/algebra/2735.json,8.0,correct,0.0,0.0,0.0
stacked_atoms,2,test/algebra/2779.json,8.0,correct,1.0,1.0,0.0
stacked_atoms,2,test/algebra/297.json,8.0,correct,0.0,0.0,0.0
stacked_atoms,2,test/algebra/425.json,8.0,correct,1.0,1.0,0.0
stacked_atoms,2,test/algebra/634.json,8.0,correct,0.0,0.0,0.0
stacked_atoms,2,test/algebra/661.json,8.0,correct,1.0,1.0,0.0
stacked_atoms,2,test/algebra/769.json,8.0,correct,1.0,1.0,0.0
stacked_atoms,2,test/algebra/824.json,8.0,correct,1.0,1.0,0.0
stacked_atoms,2,test/algebra/892.json,8.0,correct,0.0,0.0,0.0
stacked_atoms,2,test/counting_and_probability/1009.json,8.0,correct,1.0,1.0,0.0
stacked_atoms,2,test/counting_and_probability/1014.json,8.0,correct,1.0,1.0,0.0
stacked_atoms,2,test/counting_and_probability/1060.json,8.0,correct,0.0,0.0,0.0
stacked_atoms,2,test/counting_and_probability/119.json,8.0,correct,0.0,0.0,0.0
stacked_atoms,2,test/counting_and_probability/25149.json,8.0,correct,1.0,0.0,-1.0
stacked_atoms,2,test/counting_and_probability/508.json,8.0,correct,0.0,0.0,0.0
stacked_atoms,2,test/counting_and_probability/525.json,8.0,correct,0.0,0.0,0.0
stacked_atoms,2,test/counting_and_probability/894.json,8.0,correct,1.0,1.0,0.0
stacked_atoms,2,test/geometry/1140.json,8.0,correct,0.0,0.0,0.0
stacked_atoms,2,test/geometry/254.json,8.0,correct,0.0,0.0,0.0
stacked_atoms,2,test/geometry/456.json,8.0,correct,1.0,0.0,-1.0
stacked_atoms,2,test/geometry/465.json,8.0,correct,0.0,0.0,0.0
stacked_atoms,2,test/geometry/538.json,8.0,correct,0.0,0.0,0.0
stacked_atoms,2,test/geometry/561.json,8.0,correct,0.0,0.0,0.0
stacked_atoms,2,test/geometry/615.json,8.0,correct,0.0,0.0,0.0
stacked_atoms,2,test/geometry/711.json,8.0,correct,0.0,0.0,0.0
stacked_atoms,2,test/geometry/795.json,8.0,correct,0.0,1.0,1.0
stacked_atoms,2,test/geometry/843.json,8.0,correct,1.0,1.0,0.0
stacked_atoms,2,test/geometry/846.json,8.0,correct,0.0,0.0,0.0
stacked_atoms,2,test/intermediate_algebra/101.json,8.0,correct,0.0,1.0,1.0
stacked_atoms,2,test/intermediate_algebra/102.json,8.0,correct,0.0,0.0,0.0
stacked_atoms,2,test/intermediate_algebra/1354.json,8.0,correct,0.0,0.0,0.0
stacked_atoms,2,test/intermediate_algebra/1467.json,8.0,correct,0.0,0.0,0.0
stacked_atoms,2,test/intermediate_algebra/1555.json,8.0,correct,0.0,0.0,0.0
stacked_atoms,2,test/intermediate_algebra/1714.json,8.0,correct,1.0,1.0,0.0
stacked_atoms,2,test/intermediate_algebra/1779.json,8.0,correct,0.0,0.0,0.0
stacked_atoms,2,test/intermediate_algebra/199.json,8.0,correct,0.0,0.0,0.0
stacked_atoms,2,test/intermediate_algebra/1994.json,8.0,correct,0.0,0.0,0.0
stacked_atoms,2,test/intermediate_algebra/2046.json,8.0,correct,0.0,0.0,0.0
stacked_atoms,2,test/intermediate_algebra/345.json,8.0,correct,0.0,0.0,0.0
stacked_atoms,2,test/intermediate_algebra/446.json,8.0,correct,0.0,0.0,0.0
stacked_atoms,2,test/intermediate_algebra/47.json,8.0,correct,0.0,0.0,0.0
stacked_atoms,2,test/intermediate_algebra/607.json,8.0,correct,0.0,0.0,0.0
stacked_atoms,2,test/intermediate_algebra/690.json,8.0,correct,0.0,0.0,0.0
stacked_atoms,2,test/intermediate_algebra/752.json,8.0,correct,0.0,1.0,1.0
stacked_atoms,2,test/intermediate_algebra/894.json,8.0,correct,0.0,0.0,0.0
stacked_atoms,2,test/number_theory/1002.json,8.0,correct,0.0,0.0,0.0
stacked_atoms,2,test/number_theory/149.json,8.0,correct,0.0,0.0,0.0
stacked_atoms,2,test/number_theory/515.json,8.0,correct,1.0,0.0,-1.0
stacked_atoms,2,test/prealgebra/1113.json,8.0,correct,1.0,0.0,-1.0
stacked_atoms,2,test/prealgebra/1128.json,8.0,correct,0.0,0.0,0.0
stacked_atoms,2,test/prealgebra/1139.json,8.0,correct,0.0,0.0,0.0
stacked_atoms,2,test/prealgebra/1238.json,8.0,correct,1.0,1.0,0.0
stacked_atoms,2,test/prealgebra/1251.json,8.0,correct,0.0,1.0,1.0
stacked_atoms,2,test/prealgebra/1252.json,8.0,correct,1.0,1.0,0.0
stacked_atoms,2,test/prealgebra/1272.json,8.0,correct,1.0,1.0,0.0
stacked_atoms,2,test/prealgebra/1423.json,8.0,correct,0.0,0.0,0.0
stacked_atoms,2,test/prealgebra/1622.json,8.0,correct,0.0,1.0,1.0
stacked_atoms,2,test/prealgebra/1646.json,8.0,correct,0.0,0.0,0.0
stacked_atoms,2,test/prealgebra/1787.json,8.0,correct,1.0,1.0,0.0
stacked_atoms,2,test/prealgebra/1834.json,8.0,correct,0.0,0.0,0.0
stacked_atoms,2,test/prealgebra/1922.json,8.0,correct,0.0,0.0,0.0
stacked_atoms,2,test/prealgebra/1961.json,8.0,correct,0.0,0.0,0.0
stacked_atoms,2,test/prealgebra/2019.json,8.0,correct,1.0,0.0,-1.0
stacked_atoms,2,test/prealgebra/2066.json,8.0,correct,0.0,1.0,1.0
stacked_atoms,2,test/prealgebra/505.json,8.0,correct,1.0,0.0,-1.0
stacked_atoms,2,test/prealgebra/65.json,8.0,correct,0.0,0.0,0.0
stacked_atoms,2,test/prealgebra/996.json,8.0,correct,0.0,1.0,1.0
stacked_atoms,2,test/precalculus/1082.json,8.0,correct,0.0,0.0,0.0
stacked_atoms,2,test/precalculus/1105.json,8.0,correct,0.0,0.0,0.0
stacked_atoms,2,test/precalculus/1199.json,8.0,correct,0.0,0.0,0.0
stacked_atoms,2,test/precalculus/1303.json,8.0,correct,0.0,0.0,0.0
stacked_atoms,2,test/precalculus/398.json,8.0,correct,0.0,0.0,0.0
stacked_atoms,2,test/precalculus/43.json,8.0,correct,0.0,1.0,1.0
stacked_atoms,2,test/precalculus/541.json,8.0,correct,0.0,0.0,0.0
stacked_atoms,2,test/precalculus/580.json,8.0,correct,0.0,0.0,0.0
stacked_atoms,2,test/precalculus/779.json,8.0,correct,1.0,1.0,0.0
stacked_atoms,2,test/precalculus/927.json,8.0,correct,0.0,0.0,0.0
stacked_atoms,2,test/precalculus/96.json,8.0,correct,0.0,0.0,0.0
stacked_atoms,2,test/precalculus/986.json,8.0,correct,0.0,0.0,0.0
stacked_atoms,42,test/algebra/1082.json,-8.0,gc,0.0,0.0,0.0
stacked_atoms,42,test/algebra/109.json,-8.0,gc,0.0,0.0,0.0
stacked_atoms,42,test/algebra/1098.json,-8.0,gc,0.0,0.0,0.0
stacked_atoms,42,test/algebra/1214.json,-8.0,gc,0.0,0.0,0.0
stacked_atoms,42,test/algebra/1265.json,-8.0,gc,0.0,0.0,0.0
stacked_atoms,42,test/algebra/1282.json,-8.0,gc,0.0,1.0,1.0
stacked_atoms,42,test/algebra/1338.json,-8.0,gc,0.0,0.0,0.0
stacked_atoms,42,test/algebra/1349.json,-8.0,gc,0.0,0.0,0.0
stacked_atoms,42,test/algebra/1553.json,-8.0,gc,0.0,0.0,0.0
stacked_atoms,42,test/algebra/1934.json,-8.0,gc,0.0,0.0,0.0
stacked_atoms,42,test/algebra/1960.json,-8.0,gc,0.0,0.0,0.0
stacked_atoms,42,test/algebra/2043.json,-8.0,gc,1.0,1.0,0.0
stacked_atoms,42,test/algebra/2046.json,-8.0,gc,0.0,0.0,0.0
stacked_atoms,42,test/algebra/2159.json,-8.0,gc,1.0,0.0,-1.0
stacked_atoms,42,test/algebra/2264.json,-8.0,gc,0.0,0.0,0.0
stacked_atoms,42,test/algebra/2427.json,-8.0,gc,0.0,0.0,0.0
stacked_atoms,42,test/algebra/2430.json,-8.0,gc,1.0,1.0,0.0
stacked_atoms,42,test/algebra/2476.json,-8.0,gc,0.0,0.0,0.0
stacked_atoms,42,test/algebra/2486.json,-8.0,gc,0.0,0.0,0.0
stacked_atoms,42,test/algebra/2570.json,-8.0,gc,1.0,0.0,-1.0
stacked_atoms,42,test/algebra/2593.json,-8.0,gc,0.0,0.0,0.0
stacked_atoms,42,test/algebra/2735.json,-8.0,gc,0.0,0.0,0.0
stacked_atoms,42,test/algebra/2779.json,-8.0,gc,0.0,0.0,0.0
stacked_atoms,42,test/algebra/297.json,-8.0,gc,0.0,0.0,0.0
stacked_atoms,42,test/algebra/425.json,-8.0,gc,0.0,0.0,0.0
stacked_atoms,42,test/algebra/634.json,-8.0,gc,0.0,0.0,0.0
stacked_atoms,42,test/algebra/661.json,-8.0,gc,0.0,1.0,1.0
stacked_atoms,42,test/algebra/769.json,-8.0,gc,0.0,0.0,0.0
stacked_atoms,42,test/algebra/824.json,-8.0,gc,0.0,0.0,0.0
stacked_atoms,42,test/algebra/892.json,-8.0,gc,1.0,1.0,0.0
stacked_atoms,42,test/counting_and_probability/1009.json,-8.0,gc,0.0,0.0,0.0
stacked_atoms,42,test/counting_and_probability/1014.json,-8.0,gc,0.0,0.0,0.0
stacked_atoms,42,test/counting_and_probability/1060.json,-8.0,gc,0.0,0.0,0.0
stacked_atoms,42,test/counting_and_probability/119.json,-8.0,gc,0.0,0.0,0.0
stacked_atoms,42,test/counting_and_probability/25149.json,-8.0,gc,0.0,1.0,1.0
stacked_atoms,42,test/counting_and_probability/508.json,-8.0,gc,0.0,0.0,0.0
stacked_atoms,42,test/counting_and_probability/525.json,-8.0,gc,0.0,2.0,2.0
stacked_atoms,42,test/counting_and_probability/894.json,-8.0,gc,0.0,0.0,0.0
stacked_atoms,42,test/geometry/1140.json,-8.0,gc,1.0,1.0,0.0
stacked_atoms,42,test/geometry/254.json,-8.0,gc,0.0,0.0,0.0
stacked_atoms,42,test/geometry/456.json,-8.0,gc,0.0,0.0,0.0
stacked_atoms,42,test/geometry/465.json,-8.0,gc,1.0,1.0,0.0
stacked_atoms,42,test/geometry/538.json,-8.0,gc,0.0,0.0,0.0
stacked_atoms,42,test/geometry/561.json,-8.0,gc,0.0,0.0,0.0
stacked_atoms,42,test/geometry/615.json,-8.0,gc,1.0,0.0,-1.0
stacked_atoms,42,test/geometry/711.json,-8.0,gc,1.0,1.0,0.0
stacked_atoms,42,test/geometry/795.json,-8.0,gc,0.0,1.0,1.0
stacked_atoms,42,test/geometry/843.json,-8.0,gc,0.0,0.0,0.0
stacked_atoms,42,test/geometry/846.json,-8.0,gc,1.0,3.0,2.0
stacked_atoms,42,test/intermediate_algebra/101.json,-8.0,gc,0.0,0.0,0.0
stacked_atoms,42,test/intermediate_algebra/102.json,-8.0,gc,0.0,0.0,0.0
stacked_atoms,42,test/intermediate_algebra/1354.json,-8.0,gc,0.0,1.0,1.0
stacked_atoms,42,test/intermediate_algebra/1467.json,-8.0,gc,1.0,1.0,0.0
stacked_atoms,42,test/intermediate_algebra/1555.json,-8.0,gc,0.0,0.0,0.0
stacked_atoms,42,test/intermediate_algebra/1714.json,-8.0,gc,0.0,0.0,0.0
stacked_atoms,42,test/intermediate_algebra/1779.json,-8.0,gc,0.0,0.0,0.0
stacked_atoms,42,test/intermediate_algebra/199.json,-8.0,gc,1.0,1.0,0.0
stacked_atoms,42,test/intermediate_algebra/1994.json,-8.0,gc,0.0,0.0,0.0
stacked_atoms,42,test/intermediate_algebra/2046.json,-8.0,gc,0.0,2.0,2.0
stacked_atoms,42,test/intermediate_algebra/345.json,-8.0,gc,0.0,2.0,2.0
stacked_atoms,42,test/intermediate_algebra/446.json,-8.0,gc,0.0,0.0,0.0
stacked_atoms,42,test/intermediate_algebra/47.json,-8.0,gc,0.0,0.0,0.0
stacked_atoms,42,test/intermediate_algebra/607.json,-8.0,gc,1.0,1.0,0.0
stacked_atoms,42,test/intermediate_algebra/690.json,-8.0,gc,1.0,0.0,-1.0
stacked_atoms,42,test/intermediate_algebra/752.json,-8.0,gc,0.0,0.0,0.0
stacked_atoms,42,test/intermediate_algebra/894.json,-8.0,gc,1.0,1.0,0.0
stacked_atoms,42,test/number_theory/1002.json,-8.0,gc,0.0,0.0,0.0
stacked_atoms,42,test/number_theory/149.json,-8.0,gc,0.0,0.0,0.0
stacked_atoms,42,test/number_theory/515.json,-8.0,gc,0.0,0.0,0.0
stacked_atoms,42,test/prealgebra/1113.json,-8.0,gc,0.0,0.0,0.0
stacked_atoms,42,test/prealgebra/1128.json,-8.0,gc,0.0,0.0,0.0
stacked_atoms,42,test/prealgebra/1139.json,-8.0,gc,0.0,1.0,1.0
stacked_atoms,42,test/prealgebra/1238.json,-8.0,gc,0.0,0.0,0.0
stacked_atoms,42,test/prealgebra/1251.json,-8.0,gc,0.0,0.0,0.0
stacked_atoms,42,test/prealgebra/1252.json,-8.0,gc,0.0,0.0,0.0
stacked_atoms,42,test/prealgebra/1272.json,-8.0,gc,0.0,0.0,0.0
stacked_atoms,42,test/prealgebra/1423.json,-8.0,gc,0.0,0.0,0.0
stacked_atoms,42,test/prealgebra/1622.json,-8.0,gc,0.0,0.0,0.0
stacked_atoms,42,test/prealgebra/1646.json,-8.0,gc,0.0,1.0,1.0
stacked_atoms,42,test/prealgebra/1787.json,-8.0,gc,0.0,0.0,0.0
stacked_atoms,42,test/prealgebra/1834.json,-8.0,gc,0.0,0.0,0.0
stacked_atoms,42,test/prealgebra/1922.json,-8.0,gc,0.0,0.0,0.0
stacked_atoms,42,test/prealgebra/1961.json,-8.0,gc,0.0,0.0,0.0
stacked_atoms,42,test/prealgebra/2019.json,-8.0,gc,0.0,0.0,0.0
stacked_atoms,42,test/prealgebra/2066.json,-8.0,gc,0.0,0.0,0.0
stacked_atoms,42,test/prealgebra/505.json,-8.0,gc,0.0,0.0,0.0
stacked_atoms,42,test/prealgebra/65.json,-8.0,gc,0.0,0.0,0.0
stacked_atoms,42,test/prealgebra/996.json,-8.0,gc,0.0,0.0,0.0
stacked_atoms,42,test/precalculus/1082.json,-8.0,gc,1.0,0.0,-1.0
stacked_atoms,42,test/precalculus/1105.json,-8.0,gc,0.0,1.0,1.0
stacked_atoms,42,test/precalculus/1199.json,-8.0,gc,1.0,1.0,0.0
stacked_atoms,42,test/precalculus/1303.json,-8.0,gc,0.0,1.0,1.0
stacked_atoms,42,test/precalculus/398.json,-8.0,gc,1.0,0.0,-1.0
stacked_atoms,42,test/precalculus/43.json,-8.0,gc,0.0,0.0,0.0
stacked_atoms,42,test/precalculus/541.json,-8.0,gc,0.0,0.0,0.0
stacked_atoms,42,test/precalculus/580.json,-8.0,gc,0.0,0.0,0.0
stacked_atoms,42,test/precalculus/779.json,-8.0,gc,0.0,0.0,0.0
stacked_atoms,42,test/precalculus/927.json,-8.0,gc,2.0,0.0,-2.0
stacked_atoms,42,test/precalculus/96.json,-8.0,gc,1.0,0.0,-1.0
stacked_atoms,42,test/precalculus/986.json,-8.0,gc,0.0,1.0,1.0
stacked_atoms,42,test/algebra/1082.json,-8.0,coherent_gc,0.0,0.0,0.0
stacked_atoms,42,test/algebra/109.json,-8.0,coherent_gc,0.0,0.0,0.0
stacked_atoms,42,test/algebra/1098.json,-8.0,coherent_gc,0.0,0.0,0.0
stacked_atoms,42,test/algebra/1214.json,-8.0,coherent_gc,0.0,0.0,0.0
stacked_atoms,42,test/algebra/1265.json,-8.0,coherent_gc,0.0,0.0,0.0
stacked_atoms,42,test/algebra/1282.json,-8.0,coherent_gc,0.0,1.0,1.0
stacked_atoms,42,test/algebra/1338.json,-8.0,coherent_gc,0.0,0.0,0.0
stacked_atoms,42,test/algebra/1349.json,-8.0,coherent_gc,0.0,0.0,0.0
stacked_atoms,42,test/algebra/1553.json,-8.0,coherent_gc,0.0,0.0,0.0
stacked_atoms,42,test/algebra/1934.json,-8.0,coherent_gc,0.0,0.0,0.0
stacked_atoms,42,test/algebra/1960.json,-8.0,coherent_gc,0.0,0.0,0.0
stacked_atoms,42,test/algebra/2043.json,-8.0,coherent_gc,1.0,1.0,0.0
stacked_atoms,42,test/algebra/2046.json,-8.0,coherent_gc,0.0,0.0,0.0
stacked_atoms,42,test/algebra/2159.json,-8.0,coherent_gc,1.0,0.0,-1.0
stacked_atoms,42,test/algebra/2264.json,-8.0,coherent_gc,0.0,0.0,0.0
stacked_atoms,42,test/algebra/2427.json,-8.0,coherent_gc,0.0,0.0,0.0
stacked_atoms,42,test/algebra/2430.json,-8.0,coherent_gc,1.0,1.0,0.0
stacked_atoms,42,test/algebra/2476.json,-8.0,coherent_gc,0.0,0.0,0.0
stacked_atoms,42,test/algebra/2486.json,-8.0,coherent_gc,0.0,0.0,0.0
stacked_atoms,42,test/algebra/2570.json,-8.0,coherent_gc,1.0,0.0,-1.0
stacked_atoms,42,test/algebra/2593.json,-8.0,coherent_gc,0.0,0.0,0.0
stacked_atoms,42,test/algebra/2735.json,-8.0,coherent_gc,0.0,0.0,0.0
stacked_atoms,42,test/algebra/2779.json,-8.0,coherent_gc,0.0,0.0,0.0
stacked_atoms,42,test/algebra/297.json,-8.0,coherent_gc,0.0,0.0,0.0
stacked_atoms,42,test/algebra/425.json,-8.0,coherent_gc,0.0,0.0,0.0
stacked_atoms,42,test/algebra/634.json,-8.0,coherent_gc,0.0,0.0,0.0
stacked_atoms,42,test/algebra/661.json,-8.0,coherent_gc,0.0,1.0,1.0
stacked_atoms,42,test/algebra/769.json,-8.0,coherent_gc,0.0,0.0,0.0
stacked_atoms,42,test/algebra/824.json,-8.0,coherent_gc,0.0,0.0,0.0
stacked_atoms,42,test/algebra/892.json,-8.0,coherent_gc,1.0,1.0,0.0
stacked_atoms,42,test/counting_and_probability/1009.json,-8.0,coherent_gc,0.0,0.0,0.0
stacked_atoms,42,test/counting_and_probability/1014.json,-8.0,coherent_gc,0.0,0.0,0.0
stacked_atoms,42,test/counting_and_probability/1060.json,-8.0,coherent_gc,0.0,0.0,0.0
stacked_atoms,42,test/counting_and_probability/119.json,-8.0,coherent_gc,0.0,0.0,0.0
stacked_atoms,42,test/counting_and_probability/25149.json,-8.0,coherent_gc,0.0,1.0,1.0
stacked_atoms,42,test/counting_and_probability/508.json,-8.0,coherent_gc,0.0,0.0,0.0
stacked_atoms,42,test/counting_and_probability/525.json,-8.0,coherent_gc,0.0,2.0,2.0
stacked_atoms,42,test/counting_and_probability/894.json,-8.0,coherent_gc,0.0,0.0,0.0
stacked_atoms,42,test/geometry/1140.json,-8.0,coherent_gc,1.0,1.0,0.0
stacked_atoms,42,test/geometry/254.json,-8.0,coherent_gc,0.0,0.0,0.0
stacked_atoms,42,test/geometry/456.json,-8.0,coherent_gc,0.0,0.0,0.0
stacked_atoms,42,test/geometry/465.json,-8.0,coherent_gc,1.0,1.0,0.0
stacked_atoms,42,test/geometry/538.json,-8.0,coherent_gc,0.0,0.0,0.0
stacked_atoms,42,test/geometry/561.json,-8.0,coherent_gc,0.0,0.0,0.0
stacked_atoms,42,test/geometry/615.json,-8.0,coherent_gc,1.0,0.0,-1.0
stacked_atoms,42,test/geometry/711.json,-8.0,coherent_gc,1.0,1.0,0.0
stacked_atoms,42,test/geometry/795.json,-8.0,coherent_gc,0.0,1.0,1.0
stacked_atoms,42,test/geometry/843.json,-8.0,coherent_gc,0.0,0.0,0.0
stacked_atoms,42,test/geometry/846.json,-8.0,coherent_gc,1.0,0.0,-1.0
stacked_atoms,42,test/intermediate_algebra/101.json,-8.0,coherent_gc,0.0,0.0,0.0
stacked_atoms,42,test/intermediate_algebra/102.json,-8.0,coherent_gc,0.0,0.0,0.0
stacked_atoms,42,test/intermediate_algebra/1354.json,-8.0,coherent_gc,0.0,1.0,1.0
stacked_atoms,42,test/intermediate_algebra/1467.json,-8.0,coherent_gc,1.0,1.0,0.0
stacked_atoms,42,test/intermediate_algebra/1555.json,-8.0,coherent_gc,0.0,0.0,0.0
stacked_atoms,42,test/intermediate_algebra/1714.json,-8.0,coherent_gc,0.0,0.0,0.0
stacked_atoms,42,test/intermediate_algebra/1779.json,-8.0,coherent_gc,0.0,0.0,0.0
stacked_atoms,42,test/intermediate_algebra/199.json,-8.0,coherent_gc,1.0,1.0,0.0
stacked_atoms,42,test/intermediate_algebra/1994.json,-8.0,coherent_gc,0.0,0.0,0.0
stacked_atoms,42,test/intermediate_algebra/2046.json,-8.0,coherent_gc,0.0,2.0,2.0
stacked_atoms,42,test/intermediate_algebra/345.json,-8.0,coherent_gc,0.0,2.0,2.0
stacked_atoms,42,test/intermediate_algebra/446.json,-8.0,coherent_gc,0.0,0.0,0.0
stacked_atoms,42,test/intermediate_algebra/47.json,-8.0,coherent_gc,0.0,0.0,0.0
stacked_atoms,42,test/intermediate_algebra/607.json,-8.0,coherent_gc,1.0,1.0,0.0
stacked_atoms,42,test/intermediate_algebra/690.json,-8.0,coherent_gc,1.0,0.0,-1.0
stacked_atoms,42,test/intermediate_algebra/752.json,-8.0,coherent_gc,0.0,0.0,0.0
stacked_atoms,42,test/intermediate_algebra/894.json,-8.0,coherent_gc,1.0,1.0,0.0
stacked_atoms,42,test/number_theory/1002.json,-8.0,coherent_gc,0.0,0.0,0.0
stacked_atoms,42,test/number_theory/149.json,-8.0,coherent_gc,0.0,0.0,0.0
stacked_atoms,42,test/number_theory/515.json,-8.0,coherent_gc,0.0,0.0,0.0
stacked_atoms,42,test/prealgebra/1113.json,-8.0,coherent_gc,0.0,0.0,0.0
stacked_atoms,42,test/prealgebra/1128.json,-8.0,coherent_gc,0.0,0.0,0.0
stacked_atoms,42,test/prealgebra/1139.json,-8.0,coherent_gc,0.0,1.0,1.0
stacked_atoms,42,test/prealgebra/1238.json,-8.0,coherent_gc,0.0,0.0,0.0
stacked_atoms,42,test/prealgebra/1251.json,-8.0,coherent_gc,0.0,0.0,0.0
stacked_atoms,42,test/prealgebra/1252.json,-8.0,coherent_gc,0.0,0.0,0.0
stacked_atoms,42,test/prealgebra/1272.json,-8.0,coherent_gc,0.0,0.0,0.0
stacked_atoms,42,test/prealgebra/1423.json,-8.0,coherent_gc,0.0,0.0,0.0
stacked_atoms,42,test/prealgebra/1622.json,-8.0,coherent_gc,0.0,0.0,0.0
stacked_atoms,42,test/prealgebra/1646.json,-8.0,coherent_gc,0.0,1.0,1.0
stacked_atoms,42,test/prealgebra/1787.json,-8.0,coherent_gc,0.0,0.0,0.0
stacked_atoms,42,test/prealgebra/1834.json,-8.0,coherent_gc,0.0,0.0,0.0
stacked_atoms,42,test/prealgebra/1922.json,-8.0,coherent_gc,0.0,0.0,0.0
stacked_atoms,42,test/prealgebra/1961.json,-8.0,coherent_gc,0.0,0.0,0.0
stacked_atoms,42,test/prealgebra/2019.json,-8.0,coherent_gc,0.0,0.0,0.0
stacked_atoms,42,test/prealgebra/2066.json,-8.0,coherent_gc,0.0,0.0,0.0
stacked_atoms,42,test/prealgebra/505.json,-8.0,coherent_gc,0.0,0.0,0.0
stacked_atoms,42,test/prealgebra/65.json,-8.0,coherent_gc,0.0,0.0,0.0
stacked_atoms,42,test/prealgebra/996.json,-8.0,coherent_gc,0.0,0.0,0.0
stacked_atoms,42,test/precalculus/1082.json,-8.0,coherent_gc,1.0,0.0,-1.0
stacked_atoms,42,test/precalculus/1105.json,-8.0,coherent_gc,0.0,1.0,1.0
stacked_atoms,42,test/precalculus/1199.json,-8.0,coherent_gc,1.0,1.0,0.0
stacked_atoms,42,test/precalculus/1303.json,-8.0,coherent_gc,0.0,1.0,1.0
stacked_atoms,42,test/precalculus/398.json,-8.0,coherent_gc,1.0,0.0,-1.0
stacked_atoms,42,test/precalculus/43.json,-8.0,coherent_gc,0.0,0.0,0.0
stacked_atoms,42,test/precalculus/541.json,-8.0,coherent_gc,0.0,0.0,0.0
stacked_atoms,42,test/precalculus/580.json,-8.0,coherent_gc,0.0,0.0,0.0
stacked_atoms,42,test/precalculus/779.json,-8.0,coherent_gc,0.0,0.0,0.0
stacked_atoms,42,test/precalculus/927.json,-8.0,coherent_gc,2.0,0.0,-2.0
stacked_atoms,42,test/precalculus/96.json,-8.0,coherent_gc,1.0,0.0,-1.0
stacked_atoms,42,test/precalculus/986.json,-8.0,coherent_gc,0.0,1.0,1.0
stacked_atoms,42,test/algebra/1082.json,-8.0,coherent_bt,0.0,0.0,0.0
stacked_atoms,42,test/algebra/109.json,-8.0,coherent_bt,0.0,0.0,0.0
stacked_atoms,42,test/algebra/1098.json,-8.0,coherent_bt,0.0,0.0,0.0
stacked_atoms,42,test/algebra/1214.json,-8.0,coherent_bt,0.0,0.0,0.0
stacked_atoms,42,test/algebra/1265.json,-8.0,coherent_bt,0.0,0.0,0.0
stacked_atoms,42,test/algebra/1282.json,-8.0,coherent_bt,0.0,1.0,1.0
stacked_atoms,42,test/algebra/1338.json,-8.0,coherent_bt,0.0,0.0,0.0
stacked_atoms,42,test/algebra/1349.json,-8.0,coherent_bt,0.0,0.0,0.0
stacked_atoms,42,test/algebra/1553.json,-8.0,coherent_bt,0.0,0.0,0.0
stacked_atoms,42,test/algebra/1934.json,-8.0,coherent_bt,0.0,0.0,0.0
stacked_atoms,42,test/algebra/1960.json,-8.0,coherent_bt,0.0,0.0,0.0
stacked_atoms,42,test/algebra/2043.json,-8.0,coherent_bt,1.0,1.0,0.0
stacked_atoms,42,test/algebra/2046.json,-8.0,coherent_bt,0.0,0.0,0.0
stacked_atoms,42,test/algebra/2159.json,-8.0,coherent_bt,1.0,0.0,-1.0
stacked_atoms,42,test/algebra/2264.json,-8.0,coherent_bt,0.0,0.0,0.0
stacked_atoms,42,test/algebra/2427.json,-8.0,coherent_bt,0.0,0.0,0.0
stacked_atoms,42,test/algebra/2430.json,-8.0,coherent_bt,1.0,1.0,0.0
stacked_atoms,42,test/algebra/2476.json,-8.0,coherent_bt,0.0,0.0,0.0
stacked_atoms,42,test/algebra/2486.json,-8.0,coherent_bt,0.0,0.0,0.0
stacked_atoms,42,test/algebra/2570.json,-8.0,coherent_bt,1.0,0.0,-1.0
stacked_atoms,42,test/algebra/2593.json,-8.0,coherent_bt,0.0,0.0,0.0
stacked_atoms,42,test/algebra/2735.json,-8.0,coherent_bt,0.0,0.0,0.0
stacked_atoms,42,test/algebra/2779.json,-8.0,coherent_bt,0.0,0.0,0.0
stacked_atoms,42,test/algebra/297.json,-8.0,coherent_bt,0.0,0.0,0.0
stacked_atoms,42,test/algebra/425.json,-8.0,coherent_bt,0.0,0.0,0.0
stacked_atoms,42,test/algebra/634.json,-8.0,coherent_bt,0.0,0.0,0.0
stacked_atoms,42,test/algebra/661.json,-8.0,coherent_bt,0.0,1.0,1.0
stacked_atoms,42,test/algebra/769.json,-8.0,coherent_bt,0.0,0.0,0.0
stacked_atoms,42,test/algebra/824.json,-8.0,coherent_bt,0.0,0.0,0.0
stacked_atoms,42,test/algebra/892.json,-8.0,coherent_bt,1.0,1.0,0.0
stacked_atoms,42,test/counting_and_probability/1009.json,-8.0,coherent_bt,0.0,0.0,0.0
stacked_atoms,42,test/counting_and_probability/1014.json,-8.0,coherent_bt,0.0,0.0,0.0
stacked_atoms,42,test/counting_and_probability/1060.json,-8.0,coherent_bt,0.0,0.0,0.0
stacked_atoms,42,test/counting_and_probability/119.json,-8.0,coherent_bt,0.0,0.0,0.0
stacked_atoms,42,test/counting_and_probability/25149.json,-8.0,coherent_bt,0.0,1.0,1.0
stacked_atoms,42,test/counting_and_probability/508.json,-8.0,coherent_bt,0.0,0.0,0.0
stacked_atoms,42,test/counting_and_probability/525.json,-8.0,coherent_bt,0.0,1.0,1.0
stacked_atoms,42,test/counting_and_probability/894.json,-8.0,coherent_bt,0.0,0.0,0.0
stacked_atoms,42,test/geometry/1140.json,-8.0,coherent_bt,1.0,1.0,0.0
stacked_atoms,42,test/geometry/254.json,-8.0,coherent_bt,0.0,0.0,0.0
stacked_atoms,42,test/geometry/456.json,-8.0,coherent_bt,0.0,0.0,0.0
stacked_atoms,42,test/geometry/465.json,-8.0,coherent_bt,1.0,1.0,0.0
stacked_atoms,42,test/geometry/538.json,-8.0,coherent_bt,0.0,0.0,0.0
stacked_atoms,42,test/geometry/561.json,-8.0,coherent_bt,0.0,0.0,0.0
stacked_atoms,42,test/geometry/615.json,-8.0,coherent_bt,1.0,0.0,-1.0
stacked_atoms,42,test/geometry/711.json,-8.0,coherent_bt,1.0,1.0,0.0
stacked_atoms,42,test/geometry/795.json,-8.0,coherent_bt,0.0,1.0,1.0
stacked_atoms,42,test/geometry/843.json,-8.0,coherent_bt,0.0,0.0,0.0
stacked_atoms,42,test/geometry/846.json,-8.0,coherent_bt,1.0,0.0,-1.0
stacked_atoms,42,test/intermediate_algebra/101.json,-8.0,coherent_bt,0.0,0.0,0.0
stacked_atoms,42,test/intermediate_algebra/102.json,-8.0,coherent_bt,0.0,0.0,0.0
stacked_atoms,42,test/intermediate_algebra/1354.json,-8.0,coherent_bt,0.0,1.0,1.0
stacked_atoms,42,test/intermediate_algebra/1467.json,-8.0,coherent_bt,1.0,1.0,0.0
stacked_atoms,42,test/intermediate_algebra/1555.json,-8.0,coherent_bt,0.0,0.0,0.0
stacked_atoms,42,test/intermediate_algebra/1714.json,-8.0,coherent_bt,0.0,0.0,0.0
stacked_atoms,42,test/intermediate_algebra/1779.json,-8.0,coherent_bt,0.0,0.0,0.0
stacked_atoms,42,test/intermediate_algebra/199.json,-8.0,coherent_bt,1.0,1.0,0.0
stacked_atoms,42,test/intermediate_algebra/1994.json,-8.0,coherent_bt,0.0,0.0,0.0
stacked_atoms,42,test/intermediate_algebra/2046.json,-8.0,coherent_bt,0.0,1.0,1.0
stacked_atoms,42,test/intermediate_algebra/345.json,-8.0,coherent_bt,0.0,1.0,1.0
stacked_atoms,42,test/intermediate_algebra/446.json,-8.0,coherent_bt,0.0,0.0,0.0
stacked_atoms,42,test/intermediate_algebra/47.json,-8.0,coherent_bt,0.0,0.0,0.0
stacked_atoms,42,test/intermediate_algebra/607.json,-8.0,coherent_bt,1.0,1.0,0.0
stacked_atoms,42,test/intermediate_algebra/690.json,-8.0,coherent_bt,1.0,0.0,-1.0
stacked_atoms,42,test/intermediate_algebra/752.json,-8.0,coherent_bt,0.0,0.0,0.0
stacked_atoms,42,test/intermediate_algebra/894.json,-8.0,coherent_bt,1.0,1.0,0.0
stacked_atoms,42,test/number_theory/1002.json,-8.0,coherent_bt,0.0,0.0,0.0
stacked_atoms,42,test/number_theory/149.json,-8.0,coherent_bt,0.0,0.0,0.0
stacked_atoms,42,test/number_theory/515.json,-8.0,coherent_bt,0.0,0.0,0.0
stacked_atoms,42,test/prealgebra/1113.json,-8.0,coherent_bt,0.0,0.0,0.0
stacked_atoms,42,test/prealgebra/1128.json,-8.0,coherent_bt,0.0,0.0,0.0
stacked_atoms,42,test/prealgebra/1139.json,-8.0,coherent_bt,0.0,1.0,1.0
stacked_atoms,42,test/prealgebra/1238.json,-8.0,coherent_bt,0.0,0.0,0.0
stacked_atoms,42,test/prealgebra/1251.json,-8.0,coherent_bt,0.0,0.0,0.0
stacked_atoms,42,test/prealgebra/1252.json,-8.0,coherent_bt,0.0,0.0,0.0
stacked_atoms,42,test/prealgebra/1272.json,-8.0,coherent_bt,0.0,0.0,0.0
stacked_atoms,42,test/prealgebra/1423.json,-8.0,coherent_bt,0.0,0.0,0.0
stacked_atoms,42,test/prealgebra/1622.json,-8.0,coherent_bt,0.0,0.0,0.0
stacked_atoms,42,test/prealgebra/1646.json,-8.0,coherent_bt,0.0,1.0,1.0
stacked_atoms,42,test/prealgebra/1787.json,-8.0,coherent_bt,0.0,0.0,0.0
stacked_atoms,42,test/prealgebra/1834.json,-8.0,coherent_bt,0.0,0.0,0.0
stacked_atoms,42,test/prealgebra/1922.json,-8.0,coherent_bt,0.0,0.0,0.0
stacked_atoms,42,test/prealgebra/1961.json,-8.0,coherent_bt,0.0,0.0,0.0
stacked_atoms,42,test/prealgebra/2019.json,-8.0,coherent_bt,0.0,0.0,0.0
stacked_atoms,42,test/prealgebra/2066.json,-8.0,coherent_bt,0.0,0.0,0.0
stacked_atoms,42,test/prealgebra/505.json,-8.0,coherent_bt,0.0,0.0,0.0
stacked_atoms,42,test/prealgebra/65.json,-8.0,coherent_bt,0.0,0.0,0.0
stacked_atoms,42,test/prealgebra/996.json,-8.0,coherent_bt,0.0,0.0,0.0
stacked_atoms,42,test/precalculus/1082.json,-8.0,coherent_bt,1.0,0.0,-1.0
stacked_atoms,42,test/precalculus/1105.json,-8.0,coherent_bt,0.0,1.0,1.0
stacked_atoms,42,test/precalculus/1199.json,-8.0,coherent_bt,1.0,1.0,0.0
stacked_atoms,42,test/precalculus/1303.json,-8.0,coherent_bt,0.0,1.0,1.0
stacked_atoms,42,test/precalculus/398.json,-8.0,coherent_bt,1.0,0.0,-1.0
stacked_atoms,42,test/precalculus/43.json,-8.0,coherent_bt,0.0,0.0,0.0
stacked_atoms,42,test/precalculus/541.json,-8.0,coherent_bt,0.0,0.0,0.0
stacked_atoms,42,test/precalculus/580.json,-8.0,coherent_bt,0.0,0.0,0.0
stacked_atoms,42,test/precalculus/779.json,-8.0,coherent_bt,0.0,0.0,0.0
stacked_atoms,42,test/precalculus/927.json,-8.0,coherent_bt,1.0,0.0,-1.0
stacked_atoms,42,test/precalculus/96.json,-8.0,coherent_bt,1.0,0.0,-1.0
stacked_atoms,42,test/precalculus/986.json,-8.0,coherent_bt,0.0,1.0,1.0
stacked_atoms,42,test/algebra/1082.json,-8.0,incoherent,0.0,0.0,0.0
stacked_atoms,42,test/algebra/109.json,-8.0,incoherent,0.0,0.0,0.0
stacked_atoms,42,test/algebra/1098.json,-8.0,incoherent,0.0,0.0,0.0
stacked_atoms,42,test/algebra/1214.json,-8.0,incoherent,0.0,0.0,0.0
stacked_atoms,42,test/algebra/1265.json,-8.0,incoherent,0.0,0.0,0.0
stacked_atoms,42,test/algebra/1282.json,-8.0,incoherent,0.0,0.0,0.0
stacked_atoms,42,test/algebra/1338.json,-8.0,incoherent,0.0,0.0,0.0
stacked_atoms,42,test/algebra/1349.json,-8.0,incoherent,0.0,0.0,0.0
stacked_atoms,42,test/algebra/1553.json,-8.0,incoherent,0.0,0.0,0.0
stacked_atoms,42,test/algebra/1934.json,-8.0,incoherent,0.0,0.0,0.0
stacked_atoms,42,test/algebra/1960.json,-8.0,incoherent,0.0,0.0,0.0
stacked_atoms,42,test/algebra/2043.json,-8.0,incoherent,0.0,0.0,0.0
stacked_atoms,42,test/algebra/2046.json,-8.0,incoherent,0.0,0.0,0.0
stacked_atoms,42,test/algebra/2159.json,-8.0,incoherent,0.0,0.0,0.0
stacked_atoms,42,test/algebra/2264.json,-8.0,incoherent,0.0,0.0,0.0
stacked_atoms,42,test/algebra/2427.json,-8.0,incoherent,0.0,0.0,0.0
stacked_atoms,42,test/algebra/2430.json,-8.0,incoherent,0.0,0.0,0.0
stacked_atoms,42,test/algebra/2476.json,-8.0,incoherent,0.0,0.0,0.0
stacked_atoms,42,test/algebra/2486.json,-8.0,incoherent,0.0,0.0,0.0
stacked_atoms,42,test/algebra/2570.json,-8.0,incoherent,0.0,0.0,0.0
stacked_atoms,42,test/algebra/2593.json,-8.0,incoherent,0.0,0.0,0.0
stacked_atoms,42,test/algebra/2735.json,-8.0,incoherent,0.0,0.0,0.0
stacked_atoms,42,test/algebra/2779.json,-8.0,incoherent,0.0,0.0,0.0
stacked_atoms,42,test/algebra/297.json,-8.0,incoherent,0.0,0.0,0.0
stacked_atoms,42,test/algebra/425.json,-8.0,incoherent,0.0,0.0,0.0
stacked_atoms,42,test/algebra/634.json,-8.0,incoherent,0.0,0.0,0.0
stacked_atoms,42,test/algebra/661.json,-8.0,incoherent,0.0,0.0,0.0
stacked_atoms,42,test/algebra/769.json,-8.0,incoherent,0.0,0.0,0.0
stacked_atoms,42,test/algebra/824.json,-8.0,incoherent,0.0,0.0,0.0
stacked_atoms,42,test/algebra/892.json,-8.0,incoherent,0.0,0.0,0.0
stacked_atoms,42,test/counting_and_probability/1009.json,-8.0,incoherent,0.0,0.0,0.0
stacked_atoms,42,test/counting_and_probability/1014.json,-8.0,incoherent,0.0,0.0,0.0
stacked_atoms,42,test/counting_and_probability/1060.json,-8.0,incoherent,0.0,0.0,0.0
stacked_atoms,42,test/counting_and_probability/119.json,-8.0,incoherent,0.0,0.0,0.0
stacked_atoms,42,test/counting_and_probability/25149.json,-8.0,incoherent,0.0,0.0,0.0
stacked_atoms,42,test/counting_and_probability/508.json,-8.0,incoherent,0.0,0.0,0.0
stacked_atoms,42,test/counting_and_probability/525.json,-8.0,incoherent,0.0,0.0,0.0
stacked_atoms,42,test/counting_and_probability/894.json,-8.0,incoherent,0.0,0.0,0.0
stacked_atoms,42,test/geometry/1140.json,-8.0,incoherent,0.0,0.0,0.0
stacked_atoms,42,test/geometry/254.json,-8.0,incoherent,0.0,0.0,0.0
stacked_atoms,42,test/geometry/456.json,-8.0,incoherent,0.0,0.0,0.0
stacked_atoms,42,test/geometry/465.json,-8.0,incoherent,0.0,0.0,0.0
stacked_atoms,42,test/geometry/538.json,-8.0,incoherent,0.0,0.0,0.0
stacked_atoms,42,test/geometry/561.json,-8.0,incoherent,0.0,0.0,0.0
stacked_atoms,42,test/geometry/615.json,-8.0,incoherent,0.0,0.0,0.0
stacked_atoms,42,test/geometry/711.json,-8.0,incoherent,0.0,0.0,0.0
stacked_atoms,42,test/geometry/795.json,-8.0,incoherent,0.0,0.0,0.0
stacked_atoms,42,test/geometry/843.json,-8.0,incoherent,0.0,0.0,0.0
stacked_atoms,42,test/geometry/846.json,-8.0,incoherent,0.0,1.0,1.0
stacked_atoms,42,test/intermediate_algebra/101.json,-8.0,incoherent,0.0,0.0,0.0
stacked_atoms,42,test/intermediate_algebra/102.json,-8.0,incoherent,0.0,0.0,0.0
stacked_atoms,42,test/intermediate_algebra/1354.json,-8.0,incoherent,0.0,0.0,0.0
stacked_atoms,42,test/intermediate_algebra/1467.json,-8.0,incoherent,0.0,0.0,0.0
stacked_atoms,42,test/intermediate_algebra/1555.json,-8.0,incoherent,0.0,0.0,0.0
stacked_atoms,42,test/intermediate_algebra/1714.json,-8.0,incoherent,0.0,0.0,0.0
stacked_atoms,42,test/intermediate_algebra/1779.json,-8.0,incoherent,0.0,0.0,0.0
stacked_atoms,42,test/intermediate_algebra/199.json,-8.0,incoherent,0.0,0.0,0.0
stacked_atoms,42,test/intermediate_algebra/1994.json,-8.0,incoherent,0.0,0.0,0.0
stacked_atoms,42,test/intermediate_algebra/2046.json,-8.0,incoherent,0.0,0.0,0.0
stacked_atoms,42,test/intermediate_algebra/345.json,-8.0,incoherent,0.0,0.0,0.0
stacked_atoms,42,test/intermediate_algebra/446.json,-8.0,incoherent,0.0,0.0,0.0
stacked_atoms,42,test/intermediate_algebra/47.json,-8.0,incoherent,0.0,0.0,0.0
stacked_atoms,42,test/intermediate_algebra/607.json,-8.0,incoherent,0.0,0.0,0.0
stacked_atoms,42,test/intermediate_algebra/690.json,-8.0,incoherent,0.0,0.0,0.0
stacked_atoms,42,test/intermediate_algebra/752.json,-8.0,incoherent,0.0,0.0,0.0
stacked_atoms,42,test/intermediate_algebra/894.json,-8.0,incoherent,0.0,0.0,0.0
stacked_atoms,42,test/number_theory/1002.json,-8.0,incoherent,0.0,0.0,0.0
stacked_atoms,42,test/number_theory/149.json,-8.0,incoherent,0.0,0.0,0.0
stacked_atoms,42,test/number_theory/515.json,-8.0,incoherent,0.0,0.0,0.0
stacked_atoms,42,test/prealgebra/1113.json,-8.0,incoherent,0.0,0.0,0.0
stacked_atoms,42,test/prealgebra/1128.json,-8.0,incoherent,0.0,0.0,0.0
stacked_atoms,42,test/prealgebra/1139.json,-8.0,incoherent,0.0,0.0,0.0
stacked_atoms,42,test/prealgebra/1238.json,-8.0,incoherent,0.0,0.0,0.0
stacked_atoms,42,test/prealgebra/1251.json,-8.0,incoherent,0.0,0.0,0.0
stacked_atoms,42,test/prealgebra/1252.json,-8.0,incoherent,0.0,0.0,0.0
stacked_atoms,42,test/prealgebra/1272.json,-8.0,incoherent,0.0,0.0,0.0
stacked_atoms,42,test/prealgebra/1423.json,-8.0,incoherent,0.0,0.0,0.0
stacked_atoms,42,test/prealgebra/1622.json,-8.0,incoherent,0.0,0.0,0.0
stacked_atoms,42,test/prealgebra/1646.json,-8.0,incoherent,0.0,0.0,0.0
stacked_atoms,42,test/prealgebra/1787.json,-8.0,incoherent,0.0,0.0,0.0
stacked_atoms,42,test/prealgebra/1834.json,-8.0,incoherent,0.0,0.0,0.0
stacked_atoms,42,test/prealgebra/1922.json,-8.0,incoherent,0.0,0.0,0.0
stacked_atoms,42,test/prealgebra/1961.json,-8.0,incoherent,0.0,0.0,0.0
stacked_atoms,42,test/prealgebra/2019.json,-8.0,incoherent,0.0,0.0,0.0
stacked_atoms,42,test/prealgebra/2066.json,-8.0,incoherent,0.0,0.0,0.0
stacked_atoms,42,test/prealgebra/505.json,-8.0,incoherent,0.0,0.0,0.0
stacked_atoms,42,test/prealgebra/65.json,-8.0,incoherent,0.0,0.0,0.0
stacked_atoms,42,test/prealgebra/996.json,-8.0,incoherent,0.0,0.0,0.0
stacked_atoms,42,test/precalculus/1082.json,-8.0,incoherent,0.0,0.0,0.0
stacked_atoms,42,test/precalculus/1105.json,-8.0,incoherent,0.0,0.0,0.0
stacked_atoms,42,test/precalculus/1199.json,-8.0,incoherent,0.0,0.0,0.0
stacked_atoms,42,test/precalculus/1303.json,-8.0,incoherent,0.0,0.0,0.0
stacked_atoms,42,test/precalculus/398.json,-8.0,incoherent,0.0,0.0,0.0
stacked_atoms,42,test/precalculus/43.json,-8.0,incoherent,0.0,0.0,0.0
stacked_atoms,42,test/precalculus/541.json,-8.0,incoherent,0.0,0.0,0.0
stacked_atoms,42,test/precalculus/580.json,-8.0,incoherent,0.0,0.0,0.0
stacked_atoms,42,test/precalculus/779.json,-8.0,incoherent,0.0,0.0,0.0
stacked_atoms,42,test/precalculus/927.json,-8.0,incoherent,0.0,0.0,0.0
stacked_atoms,42,test/precalculus/96.json,-8.0,incoherent,0.0,0.0,0.0
stacked_atoms,42,test/precalculus/986.json,-8.0,incoherent,0.0,0.0,0.0
stacked_atoms,42,test/algebra/1082.json,-8.0,correct,0.0,0.0,0.0
stacked_atoms,42,test/algebra/109.json,-8.0,correct,1.0,0.0,-1.0
stacked_atoms,42,test/algebra/1098.json,-8.0,correct,1.0,1.0,0.0
stacked_atoms,42,test/algebra/1214.json,-8.0,correct,1.0,0.0,-1.0
stacked_atoms,42,test/algebra/1265.json,-8.0,correct,1.0,1.0,0.0
stacked_atoms,42,test/algebra/1282.json,-8.0,correct,0.0,0.0,0.0
stacked_atoms,42,test/algebra/1338.json,-8.0,correct,1.0,1.0,0.0
stacked_atoms,42,test/algebra/1349.json,-8.0,correct,0.0,0.0,0.0
stacked_atoms,42,test/algebra/1553.json,-8.0,correct,0.0,1.0,1.0
stacked_atoms,42,test/algebra/1934.json,-8.0,correct,1.0,0.0,-1.0
stacked_atoms,42,test/algebra/1960.json,-8.0,correct,1.0,1.0,0.0
stacked_atoms,42,test/algebra/2043.json,-8.0,correct,1.0,0.0,-1.0
stacked_atoms,42,test/algebra/2046.json,-8.0,correct,1.0,0.0,-1.0
stacked_atoms,42,test/algebra/2159.json,-8.0,correct,0.0,1.0,1.0
stacked_atoms,42,test/algebra/2264.json,-8.0,correct,1.0,1.0,0.0
stacked_atoms,42,test/algebra/2427.json,-8.0,correct,0.0,0.0,0.0
stacked_atoms,42,test/algebra/2430.json,-8.0,correct,0.0,0.0,0.0
stacked_atoms,42,test/algebra/2476.json,-8.0,correct,0.0,0.0,0.0
stacked_atoms,42,test/algebra/2486.json,-8.0,correct,1.0,1.0,0.0
stacked_atoms,42,test/algebra/2570.json,-8.0,correct,1.0,0.0,-1.0
stacked_atoms,42,test/algebra/2593.json,-8.0,correct,1.0,0.0,-1.0
stacked_atoms,42,test/algebra/2735.json,-8.0,correct,0.0,1.0,1.0
stacked_atoms,42,test/algebra/2779.json,-8.0,correct,1.0,1.0,0.0
stacked_atoms,42,test/algebra/297.json,-8.0,correct,0.0,0.0,0.0
stacked_atoms,42,test/algebra/425.json,-8.0,correct,1.0,1.0,0.0
stacked_atoms,42,test/algebra/634.json,-8.0,correct,0.0,0.0,0.0
stacked_atoms,42,test/algebra/661.json,-8.0,correct,1.0,0.0,-1.0
stacked_atoms,42,test/algebra/769.json,-8.0,correct,1.0,0.0,-1.0
stacked_atoms,42,test/algebra/824.json,-8.0,correct,1.0,0.0,-1.0
stacked_atoms,42,test/algebra/892.json,-8.0,correct,0.0,0.0,0.0
stacked_atoms,42,test/counting_and_probability/1009.json,-8.0,correct,1.0,1.0,0.0
stacked_atoms,42,test/counting_and_probability/1014.json,-8.0,correct,1.0,1.0,0.0
stacked_atoms,42,test/counting_and_probability/1060.json,-8.0,correct,0.0,0.0,0.0
stacked_atoms,42,test/counting_and_probability/119.json,-8.0,correct,0.0,0.0,0.0
stacked_atoms,42,test/counting_and_probability/25149.json,-8.0,correct,1.0,0.0,-1.0
stacked_atoms,42,test/counting_and_probability/508.json,-8.0,correct,0.0,0.0,0.0
stacked_atoms,42,test/counting_and_probability/525.json,-8.0,correct,0.0,0.0,0.0
stacked_atoms,42,test/counting_and_probability/894.json,-8.0,correct,1.0,0.0,-1.0
stacked_atoms,42,test/geometry/1140.json,-8.0,correct,0.0,0.0,0.0
stacked_atoms,42,test/geometry/254.json,-8.0,correct,0.0,1.0,1.0
stacked_atoms,42,test/geometry/456.json,-8.0,correct,1.0,0.0,-1.0
stacked_atoms,42,test/geometry/465.json,-8.0,correct,0.0,0.0,0.0
stacked_atoms,42,test/geometry/538.json,-8.0,correct,0.0,0.0,0.0
stacked_atoms,42,test/geometry/561.json,-8.0,correct,0.0,0.0,0.0
stacked_atoms,42,test/geometry/615.json,-8.0,correct,0.0,0.0,0.0
stacked_atoms,42,test/geometry/711.json,-8.0,correct,0.0,0.0,0.0
stacked_atoms,42,test/geometry/795.json,-8.0,correct,0.0,0.0,0.0
stacked_atoms,42,test/geometry/843.json,-8.0,correct,1.0,0.0,-1.0
stacked_atoms,42,test/geometry/846.json,-8.0,correct,0.0,0.0,0.0
stacked_atoms,42,test/intermediate_algebra/101.json,-8.0,correct,0.0,0.0,0.0
stacked_atoms,42,test/intermediate_algebra/102.json,-8.0,correct,0.0,0.0,0.0
stacked_atoms,42,test/intermediate_algebra/1354.json,-8.0,correct,0.0,0.0,0.0
stacked_atoms,42,test/intermediate_algebra/1467.json,-8.0,correct,0.0,0.0,0.0
stacked_atoms,42,test/intermediate_algebra/1555.json,-8.0,correct,0.0,0.0,0.0
stacked_atoms,42,test/intermediate_algebra/1714.json,-8.0,correct,1.0,1.0,0.0
stacked_atoms,42,test/intermediate_algebra/1779.json,-8.0,correct,0.0,0.0,0.0
stacked_atoms,42,test/intermediate_algebra/199.json,-8.0,correct,0.0,0.0,0.0
stacked_atoms,42,test/intermediate_algebra/1994.json,-8.0,correct,0.0,0.0,0.0
stacked_atoms,42,test/intermediate_algebra/2046.json,-8.0,correct,0.0,0.0,0.0
stacked_atoms,42,test/intermediate_algebra/345.json,-8.0,correct,0.0,0.0,0.0
stacked_atoms,42,test/intermediate_algebra/446.json,-8.0,correct,0.0,0.0,0.0
stacked_atoms,42,test/intermediate_algebra/47.json,-8.0,correct,0.0,0.0,0.0
stacked_atoms,42,test/intermediate_algebra/607.json,-8.0,correct,0.0,0.0,0.0
stacked_atoms,42,test/intermediate_algebra/690.json,-8.0,correct,0.0,0.0,0.0
stacked_atoms,42,test/intermediate_algebra/752.json,-8.0,correct,0.0,0.0,0.0
stacked_atoms,42,test/intermediate_algebra/894.json,-8.0,correct,0.0,0.0,0.0
stacked_atoms,42,test/number_theory/1002.json,-8.0,correct,0.0,0.0,0.0
stacked_atoms,42,test/number_theory/149.json,-8.0,correct,0.0,0.0,0.0
stacked_atoms,42,test/number_theory/515.json,-8.0,correct,1.0,1.0,0.0
stacked_atoms,42,test/prealgebra/1113.json,-8.0,correct,1.0,1.0,0.0
stacked_atoms,42,test/prealgebra/1128.json,-8.0,correct,0.0,0.0,0.0
stacked_atoms,42,test/prealgebra/1139.json,-8.0,correct,0.0,0.0,0.0
stacked_atoms,42,test/prealgebra/1238.json,-8.0,correct,1.0,1.0,0.0
stacked_atoms,42,test/prealgebra/1251.json,-8.0,correct,0.0,0.0,0.0
stacked_atoms,42,test/prealgebra/1252.json,-8.0,correct,1.0,0.0,-1.0
stacked_atoms,42,test/prealgebra/1272.json,-8.0,correct,1.0,1.0,0.0
stacked_atoms,42,test/prealgebra/1423.json,-8.0,correct,0.0,0.0,0.0
stacked_atoms,42,test/prealgebra/1622.json,-8.0,correct,0.0,0.0,0.0
stacked_atoms,42,test/prealgebra/1646.json,-8.0,correct,0.0,0.0,0.0
stacked_atoms,42,test/prealgebra/1787.json,-8.0,correct,1.0,0.0,-1.0
stacked_atoms,42,test/prealgebra/1834.json,-8.0,correct,0.0,0.0,0.0
stacked_atoms,42,test/prealgebra/1922.json,-8.0,correct,0.0,0.0,0.0
stacked_atoms,42,test/prealgebra/1961.json,-8.0,correct,0.0,0.0,0.0
stacked_atoms,42,test/prealgebra/2019.json,-8.0,correct,1.0,0.0,-1.0
stacked_atoms,42,test/prealgebra/2066.json,-8.0,correct,0.0,1.0,1.0
stacked_atoms,42,test/prealgebra/505.json,-8.0,correct,1.0,0.0,-1.0
stacked_atoms,42,test/prealgebra/65.json,-8.0,correct,0.0,0.0,0.0
stacked_atoms,42,test/prealgebra/996.json,-8.0,correct,0.0,1.0,1.0
stacked_atoms,42,test/precalculus/1082.json,-8.0,correct,0.0,0.0,0.0
stacked_atoms,42,test/precalculus/1105.json,-8.0,correct,0.0,0.0,0.0
stacked_atoms,42,test/precalculus/1199.json,-8.0,correct,0.0,0.0,0.0
stacked_atoms,42,test/precalculus/1303.json,-8.0,correct,0.0,0.0,0.0
stacked_atoms,42,test/precalculus/398.json,-8.0,correct,0.0,0.0,0.0
stacked_atoms,42,test/precalculus/43.json,-8.0,correct,0.0,1.0,1.0
stacked_atoms,42,test/precalculus/541.json,-8.0,correct,0.0,0.0,0.0
stacked_atoms,42,test/precalculus/580.json,-8.0,correct,0.0,0.0,0.0
stacked_atoms,42,test/precalculus/779.json,-8.0,correct,1.0,1.0,0.0
stacked_atoms,42,test/precalculus/927.json,-8.0,correct,0.0,0.0,0.0
stacked_atoms,42,test/precalculus/96.json,-8.0,correct,0.0,0.0,0.0
stacked_atoms,42,test/precalculus/986.json,-8.0,correct,0.0,0.0,0.0
random,1,test/algebra/1082.json,-8.0,gc,0.0,0.0,0.0
random,1,test/algebra/109.json,-8.0,gc,0.0,0.0,0.0
random,1,test/algebra/1098.json,-8.0,gc,0.0,0.0,0.0
random,1,test/algebra/1214.json,-8.0,gc,0.0,0.0,0.0
random,1,test/algebra/1265.json,-8.0,gc,0.0,0.0,0.0
random,1,test/algebra/1282.json,-8.0,gc,0.0,0.0,0.0
random,1,test/algebra/1338.json,-8.0,gc,0.0,0.0,0.0
random,1,test/algebra/1349.json,-8.0,gc,0.0,0.0,0.0
random,1,test/algebra/1553.json,-8.0,gc,0.0,0.0,0.0
random,1,test/algebra/1934.json,-8.0,gc,0.0,0.0,0.0
random,1,test/algebra/1960.json,-8.0,gc,0.0,0.0,0.0
random,1,test/algebra/2043.json,-8.0,gc,1.0,1.0,0.0
random,1,test/algebra/2046.json,-8.0,gc,0.0,0.0,0.0
random,1,test/algebra/2159.json,-8.0,gc,1.0,0.0,-1.0
random,1,test/algebra/2264.json,-8.0,gc,0.0,0.0,0.0
random,1,test/algebra/2427.json,-8.0,gc,0.0,0.0,0.0
random,1,test/algebra/2430.json,-8.0,gc,1.0,0.0,-1.0
random,1,test/algebra/2476.json,-8.0,gc,0.0,0.0,0.0
random,1,test/algebra/2486.json,-8.0,gc,0.0,0.0,0.0
random,1,test/algebra/2570.json,-8.0,gc,1.0,0.0,-1.0
random,1,test/algebra/2593.json,-8.0,gc,0.0,0.0,0.0
random,1,test/algebra/2735.json,-8.0,gc,0.0,0.0,0.0
random,1,test/algebra/2779.json,-8.0,gc,0.0,0.0,0.0
random,1,test/algebra/297.json,-8.0,gc,0.0,0.0,0.0
random,1,test/algebra/425.json,-8.0,gc,0.0,0.0,0.0
random,1,test/algebra/634.json,-8.0,gc,0.0,0.0,0.0
random,1,test/algebra/661.json,-8.0,gc,0.0,0.0,0.0
random,1,test/algebra/769.json,-8.0,gc,0.0,0.0,0.0
random,1,test/algebra/824.json,-8.0,gc,0.0,0.0,0.0
random,1,test/algebra/892.json,-8.0,gc,1.0,1.0,0.0
random,1,test/counting_and_probability/1009.json,-8.0,gc,0.0,1.0,1.0
random,1,test/counting_and_probability/1014.json,-8.0,gc,0.0,0.0,0.0
random,1,test/counting_and_probability/1060.json,-8.0,gc,0.0,0.0,0.0
random,1,test/counting_and_probability/119.json,-8.0,gc,0.0,0.0,0.0
random,1,test/counting_and_probability/25149.json,-8.0,gc,0.0,1.0,1.0
random,1,test/counting_and_probability/508.json,-8.0,gc,0.0,0.0,0.0
random,1,test/counting_and_probability/525.json,-8.0,gc,0.0,1.0,1.0
random,1,test/counting_and_probability/894.json,-8.0,gc,0.0,0.0,0.0
random,1,test/geometry/1140.json,-8.0,gc,1.0,1.0,0.0
random,1,test/geometry/254.json,-8.0,gc,0.0,0.0,0.0
random,1,test/geometry/456.json,-8.0,gc,0.0,0.0,0.0
random,1,test/geometry/465.json,-8.0,gc,1.0,1.0,0.0
random,1,test/geometry/538.json,-8.0,gc,0.0,0.0,0.0
random,1,test/geometry/561.json,-8.0,gc,0.0,1.0,1.0
random,1,test/geometry/615.json,-8.0,gc,1.0,2.0,1.0
random,1,test/geometry/711.json,-8.0,gc,1.0,1.0,0.0
random,1,test/geometry/795.json,-8.0,gc,0.0,0.0,0.0
random,1,test/geometry/843.json,-8.0,gc,0.0,0.0,0.0
random,1,test/geometry/846.json,-8.0,gc,1.0,2.0,1.0
random,1,test/intermediate_algebra/101.json,-8.0,gc,0.0,0.0,0.0
random,1,test/intermediate_algebra/102.json,-8.0,gc,0.0,0.0,0.0
random,1,test/intermediate_algebra/1354.json,-8.0,gc,0.0,0.0,0.0
random,1,test/intermediate_algebra/1467.json,-8.0,gc,1.0,0.0,-1.0
random,1,test/intermediate_algebra/1555.json,-8.0,gc,0.0,0.0,0.0
random,1,test/intermediate_algebra/1714.json,-8.0,gc,0.0,0.0,0.0
random,1,test/intermediate_algebra/1779.json,-8.0,gc,0.0,0.0,0.0
random,1,test/intermediate_algebra/199.json,-8.0,gc,1.0,0.0,-1.0
random,1,test/intermediate_algebra/1994.json,-8.0,gc,0.0,0.0,0.0
random,1,test/intermediate_algebra/2046.json,-8.0,gc,0.0,1.0,1.0
random,1,test/intermediate_algebra/345.json,-8.0,gc,0.0,0.0,0.0
random,1,test/intermediate_algebra/446.json,-8.0,gc,0.0,0.0,0.0
random,1,test/intermediate_algebra/47.json,-8.0,gc,0.0,0.0,0.0
random,1,test/intermediate_algebra/607.json,-8.0,gc,1.0,2.0,1.0
random,1,test/intermediate_algebra/690.json,-8.0,gc,1.0,0.0,-1.0
random,1,test/intermediate_algebra/752.json,-8.0,gc,0.0,1.0,1.0
random,1,test/intermediate_algebra/894.json,-8.0,gc,1.0,2.0,1.0
random,1,test/number_theory/1002.json,-8.0,gc,0.0,0.0,0.0
random,1,test/number_theory/149.json,-8.0,gc,0.0,0.0,0.0
random,1,test/number_theory/515.json,-8.0,gc,0.0,0.0,0.0
random,1,test/prealgebra/1113.json,-8.0,gc,0.0,0.0,0.0
random,1,test/prealgebra/1128.json,-8.0,gc,0.0,0.0,0.0
random,1,test/prealgebra/1139.json,-8.0,gc,0.0,1.0,1.0
random,1,test/prealgebra/1238.json,-8.0,gc,0.0,0.0,0.0
random,1,test/prealgebra/1251.json,-8.0,gc,0.0,0.0,0.0
random,1,test/prealgebra/1252.json,-8.0,gc,0.0,0.0,0.0
random,1,test/prealgebra/1272.json,-8.0,gc,0.0,0.0,0.0
random,1,test/prealgebra/1423.json,-8.0,gc,0.0,0.0,0.0
random,1,test/prealgebra/1622.json,-8.0,gc,0.0,0.0,0.0
random,1,test/prealgebra/1646.json,-8.0,gc,0.0,0.0,0.0
random,1,test/prealgebra/1787.json,-8.0,gc,0.0,0.0,0.0
random,1,test/prealgebra/1834.json,-8.0,gc,0.0,0.0,0.0
random,1,test/prealgebra/1922.json,-8.0,gc,0.0,0.0,0.0
random,1,test/prealgebra/1961.json,-8.0,gc,0.0,0.0,0.0
random,1,test/prealgebra/2019.json,-8.0,gc,0.0,0.0,0.0
random,1,test/prealgebra/2066.json,-8.0,gc,0.0,0.0,0.0
random,1,test/prealgebra/505.json,-8.0,gc,0.0,0.0,0.0
random,1,test/prealgebra/65.json,-8.0,gc,0.0,0.0,0.0
random,1,test/prealgebra/996.json,-8.0,gc,0.0,0.0,0.0
random,1,test/precalculus/1082.json,-8.0,gc,1.0,0.0,-1.0
random,1,test/precalculus/1105.json,-8.0,gc,0.0,0.0,0.0
random,1,test/precalculus/1199.json,-8.0,gc,1.0,1.0,0.0
random,1,test/precalculus/1303.json,-8.0,gc,0.0,0.0,0.0
random,1,test/precalculus/398.json,-8.0,gc,1.0,1.0,0.0
random,1,test/precalculus/43.json,-8.0,gc,0.0,0.0,0.0
random,1,test/precalculus/541.json,-8.0,gc,0.0,0.0,0.0
random,1,test/precalculus/580.json,-8.0,gc,0.0,0.0,0.0
random,1,test/precalculus/779.json,-8.0,gc,0.0,0.0,0.0
random,1,test/precalculus/927.json,-8.0,gc,2.0,0.0,-2.0
random,1,test/precalculus/96.json,-8.0,gc,1.0,0.0,-1.0
random,1,test/precalculus/986.json,-8.0,gc,0.0,0.0,0.0
random,1,test/algebra/1082.json,-8.0,coherent_gc,0.0,0.0,0.0
random,1,test/algebra/109.json,-8.0,coherent_gc,0.0,0.0,0.0
random,1,test/algebra/1098.json,-8.0,coherent_gc,0.0,0.0,0.0
random,1,test/algebra/1214.json,-8.0,coherent_gc,0.0,0.0,0.0
random,1,test/algebra/1265.json,-8.0,coherent_gc,0.0,0.0,0.0
random,1,test/algebra/1282.json,-8.0,coherent_gc,0.0,0.0,0.0
random,1,test/algebra/1338.json,-8.0,coherent_gc,0.0,0.0,0.0
random,1,test/algebra/1349.json,-8.0,coherent_gc,0.0,0.0,0.0
random,1,test/algebra/1553.json,-8.0,coherent_gc,0.0,0.0,0.0
random,1,test/algebra/1934.json,-8.0,coherent_gc,0.0,0.0,0.0
random,1,test/algebra/1960.json,-8.0,coherent_gc,0.0,0.0,0.0
random,1,test/algebra/2043.json,-8.0,coherent_gc,1.0,1.0,0.0
random,1,test/algebra/2046.json,-8.0,coherent_gc,0.0,0.0,0.0
random,1,test/algebra/2159.json,-8.0,coherent_gc,1.0,0.0,-1.0
random,1,test/algebra/2264.json,-8.0,coherent_gc,0.0,0.0,0.0
random,1,test/algebra/2427.json,-8.0,coherent_gc,0.0,0.0,0.0
random,1,test/algebra/2430.json,-8.0,coherent_gc,1.0,0.0,-1.0
random,1,test/algebra/2476.json,-8.0,coherent_gc,0.0,0.0,0.0
random,1,test/algebra/2486.json,-8.0,coherent_gc,0.0,0.0,0.0
random,1,test/algebra/2570.json,-8.0,coherent_gc,1.0,0.0,-1.0
random,1,test/algebra/2593.json,-8.0,coherent_gc,0.0,0.0,0.0
random,1,test/algebra/2735.json,-8.0,coherent_gc,0.0,0.0,0.0
random,1,test/algebra/2779.json,-8.0,coherent_gc,0.0,0.0,0.0
random,1,test/algebra/297.json,-8.0,coherent_gc,0.0,0.0,0.0
random,1,test/algebra/425.json,-8.0,coherent_gc,0.0,0.0,0.0
random,1,test/algebra/634.json,-8.0,coherent_gc,0.0,0.0,0.0
random,1,test/algebra/661.json,-8.0,coherent_gc,0.0,0.0,0.0
random,1,test/algebra/769.json,-8.0,coherent_gc,0.0,0.0,0.0
random,1,test/algebra/824.json,-8.0,coherent_gc,0.0,0.0,0.0
random,1,test/algebra/892.json,-8.0,coherent_gc,1.0,1.0,0.0
random,1,test/counting_and_probability/1009.json,-8.0,coherent_gc,0.0,1.0,1.0
random,1,test/counting_and_probability/1014.json,-8.0,coherent_gc,0.0,0.0,0.0
random,1,test/counting_and_probability/1060.json,-8.0,coherent_gc,0.0,0.0,0.0
random,1,test/counting_and_probability/119.json,-8.0,coherent_gc,0.0,0.0,0.0
random,1,test/counting_and_probability/25149.json,-8.0,coherent_gc,0.0,1.0,1.0
random,1,test/counting_and_probability/508.json,-8.0,coherent_gc,0.0,0.0,0.0
random,1,test/counting_and_probability/525.json,-8.0,coherent_gc,0.0,1.0,1.0
random,1,test/counting_and_probability/894.json,-8.0,coherent_gc,0.0,0.0,0.0
random,1,test/geometry/1140.json,-8.0,coherent_gc,1.0,1.0,0.0
random,1,test/geometry/254.json,-8.0,coherent_gc,0.0,0.0,0.0
random,1,test/geometry/456.json,-8.0,coherent_gc,0.0,0.0,0.0
random,1,test/geometry/465.json,-8.0,coherent_gc,1.0,1.0,0.0
random,1,test/geometry/538.json,-8.0,coherent_gc,0.0,0.0,0.0
random,1,test/geometry/561.json,-8.0,coherent_gc,0.0,1.0,1.0
random,1,test/geometry/615.json,-8.0,coherent_gc,1.0,2.0,1.0
random,1,test/geometry/711.json,-8.0,coherent_gc,1.0,1.0,0.0
random,1,test/geometry/795.json,-8.0,coherent_gc,0.0,0.0,0.0
random,1,test/geometry/843.json,-8.0,coherent_gc,0.0,0.0,0.0
random,1,test/geometry/846.json,-8.0,coherent_gc,1.0,2.0,1.0
random,1,test/intermediate_algebra/101.json,-8.0,coherent_gc,0.0,0.0,0.0
random,1,test/intermediate_algebra/102.json,-8.0,coherent_gc,0.0,0.0,0.0
random,1,test/intermediate_algebra/1354.json,-8.0,coherent_gc,0.0,0.0,0.0
random,1,test/intermediate_algebra/1467.json,-8.0,coherent_gc,1.0,0.0,-1.0
random,1,test/intermediate_algebra/1555.json,-8.0,coherent_gc,0.0,0.0,0.0
random,1,test/intermediate_algebra/1714.json,-8.0,coherent_gc,0.0,0.0,0.0
random,1,test/intermediate_algebra/1779.json,-8.0,coherent_gc,0.0,0.0,0.0
random,1,test/intermediate_algebra/199.json,-8.0,coherent_gc,1.0,0.0,-1.0
random,1,test/intermediate_algebra/1994.json,-8.0,coherent_gc,0.0,0.0,0.0
random,1,test/intermediate_algebra/2046.json,-8.0,coherent_gc,0.0,1.0,1.0
random,1,test/intermediate_algebra/345.json,-8.0,coherent_gc,0.0,0.0,0.0
random,1,test/intermediate_algebra/446.json,-8.0,coherent_gc,0.0,0.0,0.0
random,1,test/intermediate_algebra/47.json,-8.0,coherent_gc,0.0,0.0,0.0
random,1,test/intermediate_algebra/607.json,-8.0,coherent_gc,1.0,2.0,1.0
random,1,test/intermediate_algebra/690.json,-8.0,coherent_gc,1.0,0.0,-1.0
random,1,test/intermediate_algebra/752.json,-8.0,coherent_gc,0.0,1.0,1.0
random,1,test/intermediate_algebra/894.json,-8.0,coherent_gc,1.0,2.0,1.0
random,1,test/number_theory/1002.json,-8.0,coherent_gc,0.0,0.0,0.0
random,1,test/number_theory/149.json,-8.0,coherent_gc,0.0,0.0,0.0
random,1,test/number_theory/515.json,-8.0,coherent_gc,0.0,0.0,0.0
random,1,test/prealgebra/1113.json,-8.0,coherent_gc,0.0,0.0,0.0
random,1,test/prealgebra/1128.json,-8.0,coherent_gc,0.0,0.0,0.0
random,1,test/prealgebra/1139.json,-8.0,coherent_gc,0.0,1.0,1.0
random,1,test/prealgebra/1238.json,-8.0,coherent_gc,0.0,0.0,0.0
random,1,test/prealgebra/1251.json,-8.0,coherent_gc,0.0,0.0,0.0
random,1,test/prealgebra/1252.json,-8.0,coherent_gc,0.0,0.0,0.0
random,1,test/prealgebra/1272.json,-8.0,coherent_gc,0.0,0.0,0.0
random,1,test/prealgebra/1423.json,-8.0,coherent_gc,0.0,0.0,0.0
random,1,test/prealgebra/1622.json,-8.0,coherent_gc,0.0,0.0,0.0
random,1,test/prealgebra/1646.json,-8.0,coherent_gc,0.0,0.0,0.0
random,1,test/prealgebra/1787.json,-8.0,coherent_gc,0.0,0.0,0.0
random,1,test/prealgebra/1834.json,-8.0,coherent_gc,0.0,0.0,0.0
random,1,test/prealgebra/1922.json,-8.0,coherent_gc,0.0,0.0,0.0
random,1,test/prealgebra/1961.json,-8.0,coherent_gc,0.0,0.0,0.0
random,1,test/prealgebra/2019.json,-8.0,coherent_gc,0.0,0.0,0.0
random,1,test/prealgebra/2066.json,-8.0,coherent_gc,0.0,0.0,0.0
random,1,test/prealgebra/505.json,-8.0,coherent_gc,0.0,0.0,0.0
random,1,test/prealgebra/65.json,-8.0,coherent_gc,0.0,0.0,0.0
random,1,test/prealgebra/996.json,-8.0,coherent_gc,0.0,0.0,0.0
random,1,test/precalculus/1082.json,-8.0,coherent_gc,1.0,0.0,-1.0
random,1,test/precalculus/1105.json,-8.0,coherent_gc,0.0,0.0,0.0
random,1,test/precalculus/1199.json,-8.0,coherent_gc,1.0,1.0,0.0
random,1,test/precalculus/1303.json,-8.0,coherent_gc,0.0,0.0,0.0
random,1,test/precalculus/398.json,-8.0,coherent_gc,1.0,1.0,0.0
random,1,test/precalculus/43.json,-8.0,coherent_gc,0.0,0.0,0.0
random,1,test/precalculus/541.json,-8.0,coherent_gc,0.0,0.0,0.0
random,1,test/precalculus/580.json,-8.0,coherent_gc,0.0,0.0,0.0
random,1,test/precalculus/779.json,-8.0,coherent_gc,0.0,0.0,0.0
random,1,test/precalculus/927.json,-8.0,coherent_gc,2.0,0.0,-2.0
random,1,test/precalculus/96.json,-8.0,coherent_gc,1.0,0.0,-1.0
random,1,test/precalculus/986.json,-8.0,coherent_gc,0.0,0.0,0.0
random,1,test/algebra/1082.json,-8.0,coherent_bt,0.0,0.0,0.0
random,1,test/algebra/109.json,-8.0,coherent_bt,0.0,0.0,0.0
random,1,test/algebra/1098.json,-8.0,coherent_bt,0.0,0.0,0.0
random,1,test/algebra/1214.json,-8.0,coherent_bt,0.0,0.0,0.0
random,1,test/algebra/1265.json,-8.0,coherent_bt,0.0,0.0,0.0
random,1,test/algebra/1282.json,-8.0,coherent_bt,0.0,0.0,0.0
random,1,test/algebra/1338.json,-8.0,coherent_bt,0.0,0.0,0.0
random,1,test/algebra/1349.json,-8.0,coherent_bt,0.0,0.0,0.0
random,1,test/algebra/1553.json,-8.0,coherent_bt,0.0,0.0,0.0
random,1,test/algebra/1934.json,-8.0,coherent_bt,0.0,0.0,0.0
random,1,test/algebra/1960.json,-8.0,coherent_bt,0.0,0.0,0.0
random,1,test/algebra/2043.json,-8.0,coherent_bt,1.0,1.0,0.0
random,1,test/algebra/2046.json,-8.0,coherent_bt,0.0,0.0,0.0
random,1,test/algebra/2159.json,-8.0,coherent_bt,1.0,0.0,-1.0
random,1,test/algebra/2264.json,-8.0,coherent_bt,0.0,0.0,0.0
random,1,test/algebra/2427.json,-8.0,coherent_bt,0.0,0.0,0.0
random,1,test/algebra/2430.json,-8.0,coherent_bt,1.0,0.0,-1.0
random,1,test/algebra/2476.json,-8.0,coherent_bt,0.0,0.0,0.0
random,1,test/algebra/2486.json,-8.0,coherent_bt,0.0,0.0,0.0
random,1,test/algebra/2570.json,-8.0,coherent_bt,1.0,0.0,-1.0
random,1,test/algebra/2593.json,-8.0,coherent_bt,0.0,0.0,0.0
random,1,test/algebra/2735.json,-8.0,coherent_bt,0.0,0.0,0.0
random,1,test/algebra/2779.json,-8.0,coherent_bt,0.0,0.0,0.0
random,1,test/algebra/297.json,-8.0,coherent_bt,0.0,0.0,0.0
random,1,test/algebra/425.json,-8.0,coherent_bt,0.0,0.0,0.0
random,1,test/algebra/634.json,-8.0,coherent_bt,0.0,0.0,0.0
random,1,test/algebra/661.json,-8.0,coherent_bt,0.0,0.0,0.0
random,1,test/algebra/769.json,-8.0,coherent_bt,0.0,0.0,0.0
random,1,test/algebra/824.json,-8.0,coherent_bt,0.0,0.0,0.0
random,1,test/algebra/892.json,-8.0,coherent_bt,1.0,1.0,0.0
random,1,test/counting_and_probability/1009.json,-8.0,coherent_bt,0.0,1.0,1.0
random,1,test/counting_and_probability/1014.json,-8.0,coherent_bt,0.0,0.0,0.0
random,1,test/counting_and_probability/1060.json,-8.0,coherent_bt,0.0,0.0,0.0
random,1,test/counting_and_probability/119.json,-8.0,coherent_bt,0.0,0.0,0.0
random,1,test/counting_and_probability/25149.json,-8.0,coherent_bt,0.0,1.0,1.0
random,1,test/counting_and_probability/508.json,-8.0,coherent_bt,0.0,0.0,0.0
random,1,test/counting_and_probability/525.json,-8.0,coherent_bt,0.0,1.0,1.0
random,1,test/counting_and_probability/894.json,-8.0,coherent_bt,0.0,0.0,0.0
random,1,test/geometry/1140.json,-8.0,coherent_bt,1.0,1.0,0.0
random,1,test/geometry/254.json,-8.0,coherent_bt,0.0,0.0,0.0
random,1,test/geometry/456.json,-8.0,coherent_bt,0.0,0.0,0.0
random,1,test/geometry/465.json,-8.0,coherent_bt,1.0,1.0,0.0
random,1,test/geometry/538.json,-8.0,coherent_bt,0.0,0.0,0.0
random,1,test/geometry/561.json,-8.0,coherent_bt,0.0,1.0,1.0
random,1,test/geometry/615.json,-8.0,coherent_bt,1.0,1.0,0.0
random,1,test/geometry/711.json,-8.0,coherent_bt,1.0,1.0,0.0
random,1,test/geometry/795.json,-8.0,coherent_bt,0.0,0.0,0.0
random,1,test/geometry/843.json,-8.0,coherent_bt,0.0,0.0,0.0
random,1,test/geometry/846.json,-8.0,coherent_bt,1.0,1.0,0.0
random,1,test/intermediate_algebra/101.json,-8.0,coherent_bt,0.0,0.0,0.0
random,1,test/intermediate_algebra/102.json,-8.0,coherent_bt,0.0,0.0,0.0
random,1,test/intermediate_algebra/1354.json,-8.0,coherent_bt,0.0,0.0,0.0
random,1,test/intermediate_algebra/1467.json,-8.0,coherent_bt,1.0,0.0,-1.0
random,1,test/intermediate_algebra/1555.json,-8.0,coherent_bt,0.0,0.0,0.0
random,1,test/intermediate_algebra/1714.json,-8.0,coherent_bt,0.0,0.0,0.0
random,1,test/intermediate_algebra/1779.json,-8.0,coherent_bt,0.0,0.0,0.0
random,1,test/intermediate_algebra/199.json,-8.0,coherent_bt,1.0,0.0,-1.0
random,1,test/intermediate_algebra/1994.json,-8.0,coherent_bt,0.0,0.0,0.0
random,1,test/intermediate_algebra/2046.json,-8.0,coherent_bt,0.0,1.0,1.0
random,1,test/intermediate_algebra/345.json,-8.0,coherent_bt,0.0,0.0,0.0
random,1,test/intermediate_algebra/446.json,-8.0,coherent_bt,0.0,0.0,0.0
random,1,test/intermediate_algebra/47.json,-8.0,coherent_bt,0.0,0.0,0.0
random,1,test/intermediate_algebra/607.json,-8.0,coherent_bt,1.0,1.0,0.0
random,1,test/intermediate_algebra/690.json,-8.0,coherent_bt,1.0,0.0,-1.0
random,1,test/intermediate_algebra/752.json,-8.0,coherent_bt,0.0,1.0,1.0
random,1,test/intermediate_algebra/894.json,-8.0,coherent_bt,1.0,1.0,0.0
random,1,test/number_theory/1002.json,-8.0,coherent_bt,0.0,0.0,0.0
random,1,test/number_theory/149.json,-8.0,coherent_bt,0.0,0.0,0.0
random,1,test/number_theory/515.json,-8.0,coherent_bt,0.0,0.0,0.0
random,1,test/prealgebra/1113.json,-8.0,coherent_bt,0.0,0.0,0.0
random,1,test/prealgebra/1128.json,-8.0,coherent_bt,0.0,0.0,0.0
random,1,test/prealgebra/1139.json,-8.0,coherent_bt,0.0,1.0,1.0
random,1,test/prealgebra/1238.json,-8.0,coherent_bt,0.0,0.0,0.0
random,1,test/prealgebra/1251.json,-8.0,coherent_bt,0.0,0.0,0.0
random,1,test/prealgebra/1252.json,-8.0,coherent_bt,0.0,0.0,0.0
random,1,test/prealgebra/1272.json,-8.0,coherent_bt,0.0,0.0,0.0
random,1,test/prealgebra/1423.json,-8.0,coherent_bt,0.0,0.0,0.0
random,1,test/prealgebra/1622.json,-8.0,coherent_bt,0.0,0.0,0.0
random,1,test/prealgebra/1646.json,-8.0,coherent_bt,0.0,0.0,0.0
random,1,test/prealgebra/1787.json,-8.0,coherent_bt,0.0,0.0,0.0
random,1,test/prealgebra/1834.json,-8.0,coherent_bt,0.0,0.0,0.0
random,1,test/prealgebra/1922.json,-8.0,coherent_bt,0.0,0.0,0.0
random,1,test/prealgebra/1961.json,-8.0,coherent_bt,0.0,0.0,0.0
random,1,test/prealgebra/2019.json,-8.0,coherent_bt,0.0,0.0,0.0
random,1,test/prealgebra/2066.json,-8.0,coherent_bt,0.0,0.0,0.0
random,1,test/prealgebra/505.json,-8.0,coherent_bt,0.0,0.0,0.0
random,1,test/prealgebra/65.json,-8.0,coherent_bt,0.0,0.0,0.0
random,1,test/prealgebra/996.json,-8.0,coherent_bt,0.0,0.0,0.0
random,1,test/precalculus/1082.json,-8.0,coherent_bt,1.0,0.0,-1.0
random,1,test/precalculus/1105.json,-8.0,coherent_bt,0.0,0.0,0.0
random,1,test/precalculus/1199.json,-8.0,coherent_bt,1.0,1.0,0.0
random,1,test/precalculus/1303.json,-8.0,coherent_bt,0.0,0.0,0.0
random,1,test/precalculus/398.json,-8.0,coherent_bt,1.0,1.0,0.0
random,1,test/precalculus/43.json,-8.0,coherent_bt,0.0,0.0,0.0
random,1,test/precalculus/541.json,-8.0,coherent_bt,0.0,0.0,0.0
random,1,test/precalculus/580.json,-8.0,coherent_bt,0.0,0.0,0.0
random,1,test/precalculus/779.json,-8.0,coherent_bt,0.0,0.0,0.0
random,1,test/precalculus/927.json,-8.0,coherent_bt,1.0,0.0,-1.0
random,1,test/precalculus/96.json,-8.0,coherent_bt,1.0,0.0,-1.0
random,1,test/precalculus/986.json,-8.0,coherent_bt,0.0,0.0,0.0
random,1,test/algebra/1082.json,-8.0,incoherent,0.0,0.0,0.0
random,1,test/algebra/109.json,-8.0,incoherent,0.0,0.0,0.0
random,1,test/algebra/1098.json,-8.0,incoherent,0.0,0.0,0.0
random,1,test/algebra/1214.json,-8.0,incoherent,0.0,0.0,0.0
random,1,test/algebra/1265.json,-8.0,incoherent,0.0,0.0,0.0
random,1,test/algebra/1282.json,-8.0,incoherent,0.0,0.0,0.0
random,1,test/algebra/1338.json,-8.0,incoherent,0.0,0.0,0.0
random,1,test/algebra/1349.json,-8.0,incoherent,0.0,0.0,0.0
random,1,test/algebra/1553.json,-8.0,incoherent,0.0,0.0,0.0
random,1,test/algebra/1934.json,-8.0,incoherent,0.0,0.0,0.0
random,1,test/algebra/1960.json,-8.0,incoherent,0.0,0.0,0.0
random,1,test/algebra/2043.json,-8.0,incoherent,0.0,0.0,0.0
random,1,test/algebra/2046.json,-8.0,incoherent,0.0,0.0,0.0
random,1,test/algebra/2159.json,-8.0,incoherent,0.0,0.0,0.0
random,1,test/algebra/2264.json,-8.0,incoherent,0.0,0.0,0.0
random,1,test/algebra/2427.json,-8.0,incoherent,0.0,0.0,0.0
random,1,test/algebra/2430.json,-8.0,incoherent,0.0,0.0,0.0
random,1,test/algebra/2476.json,-8.0,incoherent,0.0,0.0,0.0
random,1,test/algebra/2486.json,-8.0,incoherent,0.0,0.0,0.0
random,1,test/algebra/2570.json,-8.0,incoherent,0.0,0.0,0.0
random,1,test/algebra/2593.json,-8.0,incoherent,0.0,0.0,0.0
random,1,test/algebra/2735.json,-8.0,incoherent,0.0,0.0,0.0
random,1,test/algebra/2779.json,-8.0,incoherent,0.0,0.0,0.0
random,1,test/algebra/297.json,-8.0,incoherent,0.0,0.0,0.0
random,1,test/algebra/425.json,-8.0,incoherent,0.0,0.0,0.0
random,1,test/algebra/634.json,-8.0,incoherent,0.0,0.0,0.0
random,1,test/algebra/661.json,-8.0,incoherent,0.0,0.0,0.0
random,1,test/algebra/769.json,-8.0,incoherent,0.0,0.0,0.0
random,1,test/algebra/824.json,-8.0,incoherent,0.0,0.0,0.0
random,1,test/algebra/892.json,-8.0,incoherent,0.0,0.0,0.0
random,1,test/counting_and_probability/1009.json,-8.0,incoherent,0.0,0.0,0.0
random,1,test/counting_and_probability/1014.json,-8.0,incoherent,0.0,0.0,0.0
random,1,test/counting_and_probability/1060.json,-8.0,incoherent,0.0,0.0,0.0
random,1,test/counting_and_probability/119.json,-8.0,incoherent,0.0,0.0,0.0
random,1,test/counting_and_probability/25149.json,-8.0,incoherent,0.0,0.0,0.0
random,1,test/counting_and_probability/508.json,-8.0,incoherent,0.0,0.0,0.0
random,1,test/counting_and_probability/525.json,-8.0,incoherent,0.0,0.0,0.0
random,1,test/counting_and_probability/894.json,-8.0,incoherent,0.0,0.0,0.0
random,1,test/geometry/1140.json,-8.0,incoherent,0.0,0.0,0.0
random,1,test/geometry/254.json,-8.0,incoherent,0.0,0.0,0.0
random,1,test/geometry/456.json,-8.0,incoherent,0.0,0.0,0.0
random,1,test/geometry/465.json,-8.0,incoherent,0.0,0.0,0.0
random,1,test/geometry/538.json,-8.0,incoherent,0.0,0.0,0.0
random,1,test/geometry/561.json,-8.0,incoherent,0.0,0.0,0.0
random,1,test/geometry/615.json,-8.0,incoherent,0.0,0.0,0.0
random,1,test/geometry/711.json,-8.0,incoherent,0.0,0.0,0.0
random,1,test/geometry/795.json,-8.0,incoherent,0.0,0.0,0.0
random,1,test/geometry/843.json,-8.0,incoherent,0.0,0.0,0.0
random,1,test/geometry/846.json,-8.0,incoherent,0.0,0.0,0.0
random,1,test/intermediate_algebra/101.json,-8.0,incoherent,0.0,0.0,0.0
random,1,test/intermediate_algebra/102.json,-8.0,incoherent,0.0,0.0,0.0
random,1,test/intermediate_algebra/1354.json,-8.0,incoherent,0.0,0.0,0.0
random,1,test/intermediate_algebra/1467.json,-8.0,incoherent,0.0,0.0,0.0
random,1,test/intermediate_algebra/1555.json,-8.0,incoherent,0.0,0.0,0.0
random,1,test/intermediate_algebra/1714.json,-8.0,incoherent,0.0,0.0,0.0
random,1,test/intermediate_algebra/1779.json,-8.0,incoherent,0.0,0.0,0.0
random,1,test/intermediate_algebra/199.json,-8.0,incoherent,0.0,0.0,0.0
random,1,test/intermediate_algebra/1994.json,-8.0,incoherent,0.0,0.0,0.0
random,1,test/intermediate_algebra/2046.json,-8.0,incoherent,0.0,0.0,0.0
random,1,test/intermediate_algebra/345.json,-8.0,incoherent,0.0,0.0,0.0
random,1,test/intermediate_algebra/446.json,-8.0,incoherent,0.0,0.0,0.0
random,1,test/intermediate_algebra/47.json,-8.0,incoherent,0.0,0.0,0.0
random,1,test/intermediate_algebra/607.json,-8.0,incoherent,0.0,0.0,0.0
random,1,test/intermediate_algebra/690.json,-8.0,incoherent,0.0,0.0,0.0
random,1,test/intermediate_algebra/752.json,-8.0,incoherent,0.0,0.0,0.0
random,1,test/intermediate_algebra/894.json,-8.0,incoherent,0.0,0.0,0.0
random,1,test/number_theory/1002.json,-8.0,incoherent,0.0,0.0,0.0
random,1,test/number_theory/149.json,-8.0,incoherent,0.0,0.0,0.0
random,1,test/number_theory/515.json,-8.0,incoherent,0.0,0.0,0.0
random,1,test/prealgebra/1113.json,-8.0,incoherent,0.0,0.0,0.0
random,1,test/prealgebra/1128.json,-8.0,incoherent,0.0,0.0,0.0
random,1,test/prealgebra/1139.json,-8.0,incoherent,0.0,0.0,0.0
random,1,test/prealgebra/1238.json,-8.0,incoherent,0.0,0.0,0.0
random,1,test/prealgebra/1251.json,-8.0,incoherent,0.0,0.0,0.0
random,1,test/prealgebra/1252.json,-8.0,incoherent,0.0,0.0,0.0
random,1,test/prealgebra/1272.json,-8.0,incoherent,0.0,0.0,0.0
random,1,test/prealgebra/1423.json,-8.0,incoherent,0.0,0.0,0.0
random,1,test/prealgebra/1622.json,-8.0,incoherent,0.0,0.0,0.0
random,1,test/prealgebra/1646.json,-8.0,incoherent,0.0,0.0,0.0
random,1,test/prealgebra/1787.json,-8.0,incoherent,0.0,0.0,0.0
random,1,test/prealgebra/1834.json,-8.0,incoherent,0.0,0.0,0.0
random,1,test/prealgebra/1922.json,-8.0,incoherent,0.0,0.0,0.0
random,1,test/prealgebra/1961.json,-8.0,incoherent,0.0,0.0,0.0
random,1,test/prealgebra/2019.json,-8.0,incoherent,0.0,0.0,0.0
random,1,test/prealgebra/2066.json,-8.0,incoherent,0.0,0.0,0.0
random,1,test/prealgebra/505.json,-8.0,incoherent,0.0,0.0,0.0
random,1,test/prealgebra/65.json,-8.0,incoherent,0.0,0.0,0.0
random,1,test/prealgebra/996.json,-8.0,incoherent,0.0,0.0,0.0
random,1,test/precalculus/1082.json,-8.0,incoherent,0.0,0.0,0.0
random,1,test/precalculus/1105.json,-8.0,incoherent,0.0,0.0,0.0
random,1,test/precalculus/1199.json,-8.0,incoherent,0.0,0.0,0.0
random,1,test/precalculus/1303.json,-8.0,incoherent,0.0,0.0,0.0
random,1,test/precalculus/398.json,-8.0,incoherent,0.0,0.0,0.0
random,1,test/precalculus/43.json,-8.0,incoherent,0.0,0.0,0.0
random,1,test/precalculus/541.json,-8.0,incoherent,0.0,0.0,0.0
random,1,test/precalculus/580.json,-8.0,incoherent,0.0,0.0,0.0
random,1,test/precalculus/779.json,-8.0,incoherent,0.0,0.0,0.0
random,1,test/precalculus/927.json,-8.0,incoherent,0.0,0.0,0.0
random,1,test/precalculus/96.json,-8.0,incoherent,0.0,0.0,0.0
random,1,test/precalculus/986.json,-8.0,incoherent,0.0,0.0,0.0
random,1,test/algebra/1082.json,-8.0,correct,0.0,0.0,0.0
random,1,test/algebra/109.json,-8.0,correct,1.0,1.0,0.0
random,1,test/algebra/1098.json,-8.0,correct,1.0,1.0,0.0
random,1,test/algebra/1214.json,-8.0,correct,1.0,1.0,0.0
random,1,test/algebra/1265.json,-8.0,correct,1.0,1.0,0.0
random,1,test/algebra/1282.json,-8.0,correct,0.0,0.0,0.0
random,1,test/algebra/1338.json,-8.0,correct,1.0,1.0,0.0
random,1,test/algebra/1349.json,-8.0,correct,0.0,0.0,0.0
random,1,test/algebra/1553.json,-8.0,correct,0.0,1.0,1.0
random,1,test/algebra/1934.json,-8.0,correct,1.0,0.0,-1.0
random,1,test/algebra/1960.json,-8.0,correct,1.0,1.0,0.0
random,1,test/algebra/2043.json,-8.0,correct,1.0,0.0,-1.0
random,1,test/algebra/2046.json,-8.0,correct,1.0,1.0,0.0
random,1,test/algebra/2159.json,-8.0,correct,0.0,0.0,0.0
random,1,test/algebra/2264.json,-8.0,correct,1.0,0.0,-1.0
random,1,test/algebra/2427.json,-8.0,correct,0.0,0.0,0.0
random,1,test/algebra/2430.json,-8.0,correct,0.0,0.0,0.0
random,1,test/algebra/2476.json,-8.0,correct,0.0,0.0,0.0
random,1,test/algebra/2486.json,-8.0,correct,1.0,0.0,-1.0
random,1,test/algebra/2570.json,-8.0,correct,1.0,0.0,-1.0
random,1,test/algebra/2593.json,-8.0,correct,1.0,1.0,0.0
random,1,test/algebra/2735.json,-8.0,correct,0.0,0.0,0.0
random,1,test/algebra/2779.json,-8.0,correct,1.0,1.0,0.0
random,1,test/algebra/297.json,-8.0,correct,0.0,0.0,0.0
random,1,test/algebra/425.json,-8.0,correct,1.0,1.0,0.0
random,1,test/algebra/634.json,-8.0,correct,0.0,0.0,0.0
random,1,test/algebra/661.json,-8.0,correct,1.0,0.0,-1.0
random,1,test/algebra/769.json,-8.0,correct,1.0,0.0,-1.0
random,1,test/algebra/824.json,-8.0,correct,1.0,0.0,-1.0
random,1,test/algebra/892.json,-8.0,correct,0.0,0.0,0.0
random,1,test/counting_and_probability/1009.json,-8.0,correct,1.0,0.0,-1.0
random,1,test/counting_and_probability/1014.json,-8.0,correct,1.0,0.0,-1.0
random,1,test/counting_and_probability/1060.json,-8.0,correct,0.0,0.0,0.0
random,1,test/counting_and_probability/119.json,-8.0,correct,0.0,0.0,0.0
random,1,test/counting_and_probability/25149.json,-8.0,correct,1.0,0.0,-1.0
random,1,test/counting_and_probability/508.json,-8.0,correct,0.0,0.0,0.0
random,1,test/counting_and_probability/525.json,-8.0,correct,0.0,0.0,0.0
random,1,test/counting_and_probability/894.json,-8.0,correct,1.0,0.0,-1.0
random,1,test/geometry/1140.json,-8.0,correct,0.0,0.0,0.0
random,1,test/geometry/254.json,-8.0,correct,0.0,0.0,0.0
random,1,test/geometry/456.json,-8.0,correct,1.0,1.0,0.0
random,1,test/geometry/465.json,-8.0,correct,0.0,0.0,0.0
random,1,test/geometry/538.json,-8.0,correct,0.0,0.0,0.0
random,1,test/geometry/561.json,-8.0,correct,0.0,0.0,0.0
random,1,test/geometry/615.json,-8.0,correct,0.0,0.0,0.0
random,1,test/geometry/711.json,-8.0,correct,0.0,0.0,0.0
random,1,test/geometry/795.json,-8.0,correct,0.0,0.0,0.0
random,1,test/geometry/843.json,-8.0,correct,1.0,1.0,0.0
random,1,test/geometry/846.json,-8.0,correct,0.0,0.0,0.0
random,1,test/intermediate_algebra/101.json,-8.0,correct,0.0,0.0,0.0
random,1,test/intermediate_algebra/102.json,-8.0,correct,0.0,0.0,0.0
random,1,test/intermediate_algebra/1354.json,-8.0,correct,0.0,0.0,0.0
random,1,test/intermediate_algebra/1467.json,-8.0,correct,0.0,0.0,0.0
random,1,test/intermediate_algebra/1555.json,-8.0,correct,0.0,0.0,0.0
random,1,test/intermediate_algebra/1714.json,-8.0,correct,1.0,0.0,-1.0
random,1,test/intermediate_algebra/1779.json,-8.0,correct,0.0,0.0,0.0
random,1,test/intermediate_algebra/199.json,-8.0,correct,0.0,0.0,0.0
random,1,test/intermediate_algebra/1994.json,-8.0,correct,0.0,0.0,0.0
random,1,test/intermediate_algebra/2046.json,-8.0,correct,0.0,0.0,0.0
random,1,test/intermediate_algebra/345.json,-8.0,correct,0.0,0.0,0.0
random,1,test/intermediate_algebra/446.json,-8.0,correct,0.0,0.0,0.0
random,1,test/intermediate_algebra/47.json,-8.0,correct,0.0,0.0,0.0
random,1,test/intermediate_algebra/607.json,-8.0,correct,0.0,0.0,0.0
random,1,test/intermediate_algebra/690.json,-8.0,correct,0.0,0.0,0.0
random,1,test/intermediate_algebra/752.json,-8.0,correct,0.0,0.0,0.0
random,1,test/intermediate_algebra/894.json,-8.0,correct,0.0,0.0,0.0
random,1,test/number_theory/1002.json,-8.0,correct,0.0,0.0,0.0
random,1,test/number_theory/149.json,-8.0,correct,0.0,0.0,0.0
random,1,test/number_theory/515.json,-8.0,correct,1.0,1.0,0.0
random,1,test/prealgebra/1113.json,-8.0,correct,1.0,1.0,0.0
random,1,test/prealgebra/1128.json,-8.0,correct,0.0,0.0,0.0
random,1,test/prealgebra/1139.json,-8.0,correct,0.0,0.0,0.0
random,1,test/prealgebra/1238.json,-8.0,correct,1.0,0.0,-1.0
random,1,test/prealgebra/1251.json,-8.0,correct,0.0,1.0,1.0
random,1,test/prealgebra/1252.json,-8.0,correct,1.0,0.0,-1.0
random,1,test/prealgebra/1272.json,-8.0,correct,1.0,1.0,0.0
random,1,test/prealgebra/1423.json,-8.0,correct,0.0,0.0,0.0
random,1,test/prealgebra/1622.json,-8.0,correct,0.0,0.0,0.0
random,1,test/prealgebra/1646.json,-8.0,correct,0.0,0.0,0.0
random,1,test/prealgebra/1787.json,-8.0,correct,1.0,0.0,-1.0
random,1,test/prealgebra/1834.json,-8.0,correct,0.0,0.0,0.0
random,1,test/prealgebra/1922.json,-8.0,correct,0.0,0.0,0.0
random,1,test/prealgebra/1961.json,-8.0,correct,0.0,0.0,0.0
random,1,test/prealgebra/2019.json,-8.0,correct,1.0,1.0,0.0
random,1,test/prealgebra/2066.json,-8.0,correct,0.0,1.0,1.0
random,1,test/prealgebra/505.json,-8.0,correct,1.0,0.0,-1.0
random,1,test/prealgebra/65.json,-8.0,correct,0.0,0.0,0.0
random,1,test/prealgebra/996.json,-8.0,correct,0.0,0.0,0.0
random,1,test/precalculus/1082.json,-8.0,correct,0.0,0.0,0.0
random,1,test/precalculus/1105.json,-8.0,correct,0.0,0.0,0.0
random,1,test/precalculus/1199.json,-8.0,correct,0.0,0.0,0.0
random,1,test/precalculus/1303.json,-8.0,correct,0.0,0.0,0.0
random,1,test/precalculus/398.json,-8.0,correct,0.0,0.0,0.0
random,1,test/precalculus/43.json,-8.0,correct,0.0,1.0,1.0
random,1,test/precalculus/541.json,-8.0,correct,0.0,0.0,0.0
random,1,test/precalculus/580.json,-8.0,correct,0.0,0.0,0.0
random,1,test/precalculus/779.json,-8.0,correct,1.0,1.0,0.0
random,1,test/precalculus/927.json,-8.0,correct,0.0,0.0,0.0
random,1,test/precalculus/96.json,-8.0,correct,0.0,0.0,0.0
random,1,test/precalculus/986.json,-8.0,correct,0.0,0.0,0.0
random,2,test/algebra/1082.json,-12.0,gc,0.0,2.0,2.0
random,2,test/algebra/109.json,-12.0,gc,0.0,0.0,0.0
random,2,test/algebra/1098.json,-12.0,gc,0.0,0.0,0.0
random,2,test/algebra/1214.json,-12.0,gc,0.0,0.0,0.0
random,2,test/algebra/1265.json,-12.0,gc,0.0,0.0,0.0
random,2,test/algebra/1282.json,-12.0,gc,0.0,2.0,2.0
random,2,test/algebra/1338.json,-12.0,gc,0.0,0.0,0.0
random,2,test/algebra/1349.json,-12.0,gc,0.0,0.0,0.0
random,2,test/algebra/1553.json,-12.0,gc,0.0,0.0,0.0
random,2,test/algebra/1934.json,-12.0,gc,0.0,0.0,0.0
random,2,test/algebra/1960.json,-12.0,gc,0.0,0.0,0.0
random,2,test/algebra/2043.json,-12.0,gc,1.0,0.0,-1.0
random,2,test/algebra/2046.json,-12.0,gc,0.0,0.0,0.0
random,2,test/algebra/2159.json,-12.0,gc,1.0,1.0,0.0
random,2,test/algebra/2264.json,-12.0,gc,0.0,0.0,0.0
random,2,test/algebra/2427.json,-12.0,gc,0.0,0.0,0.0
random,2,test/algebra/2430.json,-12.0,gc,1.0,0.0,-1.0
random,2,test/algebra/2476.json,-12.0,gc,0.0,0.0,0.0
random,2,test/algebra/2486.json,-12.0,gc,0.0,0.0,0.0
random,2,test/algebra/2570.json,-12.0,gc,1.0,0.0,-1.0
random,2,test/algebra/2593.json,-12.0,gc,0.0,0.0,0.0
random,2,test/algebra/2735.json,-12.0,gc,0.0,1.0,1.0
random,2,test/algebra/2779.json,-12.0,gc,0.0,0.0,0.0
random,2,test/algebra/297.json,-12.0,gc,0.0,0.0,0.0
random,2,test/algebra/425.json,-12.0,gc,0.0,0.0,0.0
random,2,test/algebra/634.json,-12.0,gc,0.0,0.0,0.0
random,2,test/algebra/661.json,-12.0,gc,0.0,0.0,0.0
random,2,test/algebra/769.json,-12.0,gc,0.0,0.0,0.0
random,2,test/algebra/824.json,-12.0,gc,0.0,1.0,1.0
random,2,test/algebra/892.json,-12.0,gc,1.0,1.0,0.0
random,2,test/counting_and_probability/1009.json,-12.0,gc,0.0,0.0,0.0
random,2,test/counting_and_probability/1014.json,-12.0,gc,0.0,0.0,0.0
random,2,test/counting_and_probability/1060.json,-12.0,gc,0.0,1.0,1.0
random,2,test/counting_and_probability/119.json,-12.0,gc,0.0,0.0,0.0
random,2,test/counting_and_probability/25149.json,-12.0,gc,0.0,0.0,0.0
random,2,test/counting_and_probability/508.json,-12.0,gc,0.0,0.0,0.0
random,2,test/counting_and_probability/525.json,-12.0,gc,0.0,2.0,2.0
random,2,test/counting_and_probability/894.json,-12.0,gc,0.0,0.0,0.0
random,2,test/geometry/1140.json,-12.0,gc,1.0,0.0,-1.0
random,2,test/geometry/254.json,-12.0,gc,0.0,0.0,0.0
random,2,test/geometry/456.json,-12.0,gc,0.0,0.0,0.0
random,2,test/geometry/465.json,-12.0,gc,1.0,1.0,0.0
random,2,test/geometry/538.json,-12.0,gc,0.0,0.0,0.0
random,2,test/geometry/561.json,-12.0,gc,0.0,1.0,1.0
random,2,test/geometry/615.json,-12.0,gc,1.0,1.0,0.0
random,2,test/geometry/711.json,-12.0,gc,1.0,2.0,1.0
random,2,test/geometry/795.json,-12.0,gc,0.0,1.0,1.0
random,2,test/geometry/843.json,-12.0,gc,0.0,0.0,0.0
random,2,test/geometry/846.json,-12.0,gc,1.0,0.0,-1.0
random,2,test/intermediate_algebra/101.json,-12.0,gc,0.0,1.0,1.0
random,2,test/intermediate_algebra/102.json,-12.0,gc,0.0,0.0,0.0
random,2,test/intermediate_algebra/1354.json,-12.0,gc,0.0,0.0,0.0
random,2,test/intermediate_algebra/1467.json,-12.0,gc,1.0,0.0,-1.0
random,2,test/intermediate_algebra/1555.json,-12.0,gc,0.0,0.0,0.0
random,2,test/intermediate_algebra/1714.json,-12.0,gc,0.0,0.0,0.0
random,2,test/intermediate_algebra/1779.json,-12.0,gc,0.0,0.0,0.0
random,2,test/intermediate_algebra/199.json,-12.0,gc,1.0,0.0,-1.0
random,2,test/intermediate_algebra/1994.json,-12.0,gc,0.0,0.0,0.0
random,2,test/intermediate_algebra/2046.json,-12.0,gc,0.0,2.0,2.0
random,2,test/intermediate_algebra/345.json,-12.0,gc,0.0,0.0,0.0
random,2,test/intermediate_algebra/446.json,-12.0,gc,0.0,0.0,0.0
random,2,test/intermediate_algebra/47.json,-12.0,gc,0.0,1.0,1.0
random,2,test/intermediate_algebra/607.json,-12.0,gc,1.0,1.0,0.0
random,2,test/intermediate_algebra/690.json,-12.0,gc,1.0,2.0,1.0
random,2,test/intermediate_algebra/752.json,-12.0,gc,0.0,0.0,0.0
random,2,test/intermediate_algebra/894.json,-12.0,gc,1.0,1.0,0.0
random,2,test/number_theory/1002.json,-12.0,gc,0.0,0.0,0.0
random,2,test/number_theory/149.json,-12.0,gc,0.0,0.0,0.0
random,2,test/number_theory/515.json,-12.0,gc,0.0,0.0,0.0
random,2,test/prealgebra/1113.json,-12.0,gc,0.0,0.0,0.0
random,2,test/prealgebra/1128.json,-12.0,gc,0.0,0.0,0.0
random,2,test/prealgebra/1139.json,-12.0,gc,0.0,1.0,1.0
random,2,test/prealgebra/1238.json,-12.0,gc,0.0,0.0,0.0
random,2,test/prealgebra/1251.json,-12.0,gc,0.0,0.0,0.0
random,2,test/prealgebra/1252.json,-12.0,gc,0.0,0.0,0.0
random,2,test/prealgebra/1272.json,-12.0,gc,0.0,0.0,0.0
random,2,test/prealgebra/1423.json,-12.0,gc,0.0,0.0,0.0
random,2,test/prealgebra/1622.json,-12.0,gc,0.0,0.0,0.0
random,2,test/prealgebra/1646.json,-12.0,gc,0.0,0.0,0.0
random,2,test/prealgebra/1787.json,-12.0,gc,0.0,0.0,0.0
random,2,test/prealgebra/1834.json,-12.0,gc,0.0,0.0,0.0
random,2,test/prealgebra/1922.json,-12.0,gc,0.0,0.0,0.0
random,2,test/prealgebra/1961.json,-12.0,gc,0.0,0.0,0.0
random,2,test/prealgebra/2019.json,-12.0,gc,0.0,0.0,0.0
random,2,test/prealgebra/2066.json,-12.0,gc,0.0,0.0,0.0
random,2,test/prealgebra/505.json,-12.0,gc,0.0,0.0,0.0
random,2,test/prealgebra/65.json,-12.0,gc,0.0,0.0,0.0
random,2,test/prealgebra/996.json,-12.0,gc,0.0,0.0,0.0
random,2,test/precalculus/1082.json,-12.0,gc,1.0,1.0,0.0
random,2,test/precalculus/1105.json,-12.0,gc,0.0,1.0,1.0
random,2,test/precalculus/1199.json,-12.0,gc,1.0,0.0,-1.0
random,2,test/precalculus/1303.json,-12.0,gc,0.0,0.0,0.0
random,2,test/precalculus/398.json,-12.0,gc,1.0,1.0,0.0
random,2,test/precalculus/43.json,-12.0,gc,0.0,0.0,0.0
random,2,test/precalculus/541.json,-12.0,gc,0.0,0.0,0.0
random,2,test/precalculus/580.json,-12.0,gc,0.0,1.0,1.0
random,2,test/precalculus/779.json,-12.0,gc,0.0,0.0,0.0
random,2,test/precalculus/927.json,-12.0,gc,2.0,0.0,-2.0
random,2,test/precalculus/96.json,-12.0,gc,1.0,2.0,1.0
random,2,test/precalculus/986.json,-12.0,gc,0.0,0.0,0.0
random,2,test/algebra/1082.json,-12.0,coherent_gc,0.0,2.0,2.0
random,2,test/algebra/109.json,-12.0,coherent_gc,0.0,0.0,0.0
random,2,test/algebra/1098.json,-12.0,coherent_gc,0.0,0.0,0.0
random,2,test/algebra/1214.json,-12.0,coherent_gc,0.0,0.0,0.0
random,2,test/algebra/1265.json,-12.0,coherent_gc,0.0,0.0,0.0
random,2,test/algebra/1282.json,-12.0,coherent_gc,0.0,2.0,2.0
random,2,test/algebra/1338.json,-12.0,coherent_gc,0.0,0.0,0.0
random,2,test/algebra/1349.json,-12.0,coherent_gc,0.0,0.0,0.0
random,2,test/algebra/1553.json,-12.0,coherent_gc,0.0,0.0,0.0
random,2,test/algebra/1934.json,-12.0,coherent_gc,0.0,0.0,0.0
random,2,test/algebra/1960.json,-12.0,coherent_gc,0.0,0.0,0.0
random,2,test/algebra/2043.json,-12.0,coherent_gc,1.0,0.0,-1.0
random,2,test/algebra/2046.json,-12.0,coherent_gc,0.0,0.0,0.0
random,2,test/algebra/2159.json,-12.0,coherent_gc,1.0,1.0,0.0
random,2,test/algebra/2264.json,-12.0,coherent_gc,0.0,0.0,0.0
random,2,test/algebra/2427.json,-12.0,coherent_gc,0.0,0.0,0.0
random,2,test/algebra/2430.json,-12.0,coherent_gc,1.0,0.0,-1.0
random,2,test/algebra/2476.json,-12.0,coherent_gc,0.0,0.0,0.0
random,2,test/algebra/2486.json,-12.0,coherent_gc,0.0,0.0,0.0
random,2,test/algebra/2570.json,-12.0,coherent_gc,1.0,0.0,-1.0
random,2,test/algebra/2593.json,-12.0,coherent_gc,0.0,0.0,0.0
random,2,test/algebra/2735.json,-12.0,coherent_gc,0.0,1.0,1.0
random,2,test/algebra/2779.json,-12.0,coherent_gc,0.0,0.0,0.0
random,2,test/algebra/297.json,-12.0,coherent_gc,0.0,0.0,0.0
random,2,test/algebra/425.json,-12.0,coherent_gc,0.0,0.0,0.0
random,2,test/algebra/634.json,-12.0,coherent_gc,0.0,0.0,0.0
random,2,test/algebra/661.json,-12.0,coherent_gc,0.0,0.0,0.0
random,2,test/algebra/769.json,-12.0,coherent_gc,0.0,0.0,0.0
random,2,test/algebra/824.json,-12.0,coherent_gc,0.0,1.0,1.0
random,2,test/algebra/892.json,-12.0,coherent_gc,1.0,1.0,0.0
random,2,test/counting_and_probability/1009.json,-12.0,coherent_gc,0.0,0.0,0.0
random,2,test/counting_and_probability/1014.json,-12.0,coherent_gc,0.0,0.0,0.0
random,2,test/counting_and_probability/1060.json,-12.0,coherent_gc,0.0,1.0,1.0
random,2,test/counting_and_probability/119.json,-12.0,coherent_gc,0.0,0.0,0.0
random,2,test/counting_and_probability/25149.json,-12.0,coherent_gc,0.0,0.0,0.0
random,2,test/counting_and_probability/508.json,-12.0,coherent_gc,0.0,0.0,0.0
random,2,test/counting_and_probability/525.json,-12.0,coherent_gc,0.0,2.0,2.0
random,2,test/counting_and_probability/894.json,-12.0,coherent_gc,0.0,0.0,0.0
random,2,test/geometry/1140.json,-12.0,coherent_gc,1.0,0.0,-1.0
random,2,test/geometry/254.json,-12.0,coherent_gc,0.0,0.0,0.0
random,2,test/geometry/456.json,-12.0,coherent_gc,0.0,0.0,0.0
random,2,test/geometry/465.json,-12.0,coherent_gc,1.0,0.0,-1.0
random,2,test/geometry/538.json,-12.0,coherent_gc,0.0,0.0,0.0
random,2,test/geometry/561.json,-12.0,coherent_gc,0.0,1.0,1.0
random,2,test/geometry/615.json,-12.0,coherent_gc,1.0,1.0,0.0
random,2,test/geometry/711.json,-12.0,coherent_gc,1.0,2.0,1.0
random,2,test/geometry/795.json,-12.0,coherent_gc,0.0,1.0,1.0
random,2,test/geometry/843.json,-12.0,coherent_gc,0.0,0.0,0.0
random,2,test/geometry/846.json,-12.0,coherent_gc,1.0,0.0,-1.0
random,2,test/intermediate_algebra/101.json,-12.0,coherent_gc,0.0,1.0,1.0
random,2,test/intermediate_algebra/102.json,-12.0,coherent_gc,0.0,0.0,0.0
random,2,test/intermediate_algebra/1354.json,-12.0,coherent_gc,0.0,0.0,0.0
random,2,test/intermediate_algebra/1467.json,-12.0,coherent_gc,1.0,0.0,-1.0
random,2,test/intermediate_algebra/1555.json,-12.0,coherent_gc,0.0,0.0,0.0
random,2,test/intermediate_algebra/1714.json,-12.0,coherent_gc,0.0,0.0,0.0
random,2,test/intermediate_algebra/1779.json,-12.0,coherent_gc,0.0,0.0,0.0
random,2,test/intermediate_algebra/199.json,-12.0,coherent_gc,1.0,0.0,-1.0
random,2,test/intermediate_algebra/1994.json,-12.0,coherent_gc,0.0,0.0,0.0
random,2,test/intermediate_algebra/2046.json,-12.0,coherent_gc,0.0,2.0,2.0
random,2,test/intermediate_algebra/345.json,-12.0,coherent_gc,0.0,0.0,0.0
random,2,test/intermediate_algebra/446.json,-12.0,coherent_gc,0.0,0.0,0.0
random,2,test/intermediate_algebra/47.json,-12.0,coherent_gc,0.0,1.0,1.0
random,2,test/intermediate_algebra/607.json,-12.0,coherent_gc,1.0,1.0,0.0
random,2,test/intermediate_algebra/690.json,-12.0,coherent_gc,1.0,2.0,1.0
random,2,test/intermediate_algebra/752.json,-12.0,coherent_gc,0.0,0.0,0.0
random,2,test/intermediate_algebra/894.json,-12.0,coherent_gc,1.0,1.0,0.0
random,2,test/number_theory/1002.json,-12.0,coherent_gc,0.0,0.0,0.0
random,2,test/number_theory/149.json,-12.0,coherent_gc,0.0,0.0,0.0
random,2,test/number_theory/515.json,-12.0,coherent_gc,0.0,0.0,0.0
random,2,test/prealgebra/1113.json,-12.0,coherent_gc,0.0,0.0,0.0
random,2,test/prealgebra/1128.json,-12.0,coherent_gc,0.0,0.0,0.0
random,2,test/prealgebra/1139.json,-12.0,coherent_gc,0.0,1.0,1.0
random,2,test/prealgebra/1238.json,-12.0,coherent_gc,0.0,0.0,0.0
random,2,test/prealgebra/1251.json,-12.0,coherent_gc,0.0,0.0,0.0
random,2,test/prealgebra/1252.json,-12.0,coherent_gc,0.0,0.0,0.0
random,2,test/prealgebra/1272.json,-12.0,coherent_gc,0.0,0.0,0.0
random,2,test/prealgebra/1423.json,-12.0,coherent_gc,0.0,0.0,0.0
random,2,test/prealgebra/1622.json,-12.0,coherent_gc,0.0,0.0,0.0
random,2,test/prealgebra/1646.json,-12.0,coherent_gc,0.0,0.0,0.0
random,2,test/prealgebra/1787.json,-12.0,coherent_gc,0.0,0.0,0.0
random,2,test/prealgebra/1834.json,-12.0,coherent_gc,0.0,0.0,0.0
random,2,test/prealgebra/1922.json,-12.0,coherent_gc,0.0,0.0,0.0
random,2,test/prealgebra/1961.json,-12.0,coherent_gc,0.0,0.0,0.0
random,2,test/prealgebra/2019.json,-12.0,coherent_gc,0.0,0.0,0.0
random,2,test/prealgebra/2066.json,-12.0,coherent_gc,0.0,0.0,0.0
random,2,test/prealgebra/505.json,-12.0,coherent_gc,0.0,0.0,0.0
random,2,test/prealgebra/65.json,-12.0,coherent_gc,0.0,0.0,0.0
random,2,test/prealgebra/996.json,-12.0,coherent_gc,0.0,0.0,0.0
random,2,test/precalculus/1082.json,-12.0,coherent_gc,1.0,1.0,0.0
random,2,test/precalculus/1105.json,-12.0,coherent_gc,0.0,1.0,1.0
random,2,test/precalculus/1199.json,-12.0,coherent_gc,1.0,0.0,-1.0
random,2,test/precalculus/1303.json,-12.0,coherent_gc,0.0,0.0,0.0
random,2,test/precalculus/398.json,-12.0,coherent_gc,1.0,1.0,0.0
random,2,test/precalculus/43.json,-12.0,coherent_gc,0.0,0.0,0.0
random,2,test/precalculus/541.json,-12.0,coherent_gc,0.0,0.0,0.0
random,2,test/precalculus/580.json,-12.0,coherent_gc,0.0,1.0,1.0
random,2,test/precalculus/779.json,-12.0,coherent_gc,0.0,0.0,0.0
random,2,test/precalculus/927.json,-12.0,coherent_gc,2.0,0.0,-2.0
random,2,test/precalculus/96.json,-12.0,coherent_gc,1.0,2.0,1.0
random,2,test/precalculus/986.json,-12.0,coherent_gc,0.0,0.0,0.0
random,2,test/algebra/1082.json,-12.0,coherent_bt,0.0,1.0,1.0
random,2,test/algebra/109.json,-12.0,coherent_bt,0.0,0.0,0.0
random,2,test/algebra/1098.json,-12.0,coherent_bt,0.0,0.0,0.0
random,2,test/algebra/1214.json,-12.0,coherent_bt,0.0,0.0,0.0
random,2,test/algebra/1265.json,-12.0,coherent_bt,0.0,0.0,0.0
random,2,test/algebra/1282.json,-12.0,coherent_bt,0.0,1.0,1.0
random,2,test/algebra/1338.json,-12.0,coherent_bt,0.0,0.0,0.0
random,2,test/algebra/1349.json,-12.0,coherent_bt,0.0,0.0,0.0
random,2,test/algebra/1553.json,-12.0,coherent_bt,0.0,0.0,0.0
random,2,test/algebra/1934.json,-12.0,coherent_bt,0.0,0.0,0.0
random,2,test/algebra/1960.json,-12.0,coherent_bt,0.0,0.0,0.0
random,2,test/algebra/2043.json,-12.0,coherent_bt,1.0,0.0,-1.0
random,2,test/algebra/2046.json,-12.0,coherent_bt,0.0,0.0,0.0
random,2,test/algebra/2159.json,-12.0,coherent_bt,1.0,1.0,0.0
random,2,test/algebra/2264.json,-12.0,coherent_bt,0.0,0.0,0.0
random,2,test/algebra/2427.json,-12.0,coherent_bt,0.0,0.0,0.0
random,2,test/algebra/2430.json,-12.0,coherent_bt,1.0,0.0,-1.0
random,2,test/algebra/2476.json,-12.0,coherent_bt,0.0,0.0,0.0
random,2,test/algebra/2486.json,-12.0,coherent_bt,0.0,0.0,0.0
random,2,test/algebra/2570.json,-12.0,coherent_bt,1.0,0.0,-1.0
random,2,test/algebra/2593.json,-12.0,coherent_bt,0.0,0.0,0.0
random,2,test/algebra/2735.json,-12.0,coherent_bt,0.0,1.0,1.0
random,2,test/algebra/2779.json,-12.0,coherent_bt,0.0,0.0,0.0
random,2,test/algebra/297.json,-12.0,coherent_bt,0.0,0.0,0.0
random,2,test/algebra/425.json,-12.0,coherent_bt,0.0,0.0,0.0
random,2,test/algebra/634.json,-12.0,coherent_bt,0.0,0.0,0.0
random,2,test/algebra/661.json,-12.0,coherent_bt,0.0,0.0,0.0
random,2,test/algebra/769.json,-12.0,coherent_bt,0.0,0.0,0.0
random,2,test/algebra/824.json,-12.0,coherent_bt,0.0,1.0,1.0
random,2,test/algebra/892.json,-12.0,coherent_bt,1.0,1.0,0.0
random,2,test/counting_and_probability/1009.json,-12.0,coherent_bt,0.0,0.0,0.0
random,2,test/counting_and_probability/1014.json,-12.0,coherent_bt,0.0,0.0,0.0
random,2,test/counting_and_probability/1060.json,-12.0,coherent_bt,0.0,1.0,1.0
random,2,test/counting_and_probability/119.json,-12.0,coherent_bt,0.0,0.0,0.0
random,2,test/counting_and_probability/25149.json,-12.0,coherent_bt,0.0,0.0,0.0
random,2,test/counting_and_probability/508.json,-12.0,coherent_bt,0.0,0.0,0.0
random,2,test/counting_and_probability/525.json,-12.0,coherent_bt,0.0,1.0,1.0
random,2,test/counting_and_probability/894.json,-12.0,coherent_bt,0.0,0.0,0.0
random,2,test/geometry/1140.json,-12.0,coherent_bt,1.0,0.0,-1.0
random,2,test/geometry/254.json,-12.0,coherent_bt,0.0,0.0,0.0
random,2,test/geometry/456.json,-12.0,coherent_bt,0.0,0.0,0.0
random,2,test/geometry/465.json,-12.0,coherent_bt,1.0,0.0,-1.0
random,2,test/geometry/538.json,-12.0,coherent_bt,0.0,0.0,0.0
random,2,test/geometry/561.json,-12.0,coherent_bt,0.0,1.0,1.0
random,2,test/geometry/615.json,-12.0,coherent_bt,1.0,1.0,0.0
random,2,test/geometry/711.json,-12.0,coherent_bt,1.0,1.0,0.0
random,2,test/geometry/795.json,-12.0,coherent_bt,0.0,1.0,1.0
random,2,test/geometry/843.json,-12.0,coherent_bt,0.0,0.0,0.0
random,2,test/geometry/846.json,-12.0,coherent_bt,1.0,0.0,-1.0
random,2,test/intermediate_algebra/101.json,-12.0,coherent_bt,0.0,1.0,1.0
random,2,test/intermediate_algebra/102.json,-12.0,coherent_bt,0.0,0.0,0.0
random,2,test/intermediate_algebra/1354.json,-12.0,coherent_bt,0.0,0.0,0.0
random,2,test/intermediate_algebra/1467.json,-12.0,coherent_bt,1.0,0.0,-1.0
random,2,test/intermediate_algebra/1555.json,-12.0,coherent_bt,0.0,0.0,0.0
random,2,test/intermediate_algebra/1714.json,-12.0,coherent_bt,0.0,0.0,0.0
random,2,test/intermediate_algebra/1779.json,-12.0,coherent_bt,0.0,0.0,0.0
random,2,test/intermediate_algebra/199.json,-12.0,coherent_bt,1.0,0.0,-1.0
random,2,test/intermediate_algebra/1994.json,-12.0,coherent_bt,0.0,0.0,0.0
random,2,test/intermediate_algebra/2046.json,-12.0,coherent_bt,0.0,1.0,1.0
random,2,test/intermediate_algebra/345.json,-12.0,coherent_bt,0.0,0.0,0.0
random,2,test/intermediate_algebra/446.json,-12.0,coherent_bt,0.0,0.0,0.0
random,2,test/intermediate_algebra/47.json,-12.0,coherent_bt,0.0,1.0,1.0
random,2,test/intermediate_algebra/607.json,-12.0,coherent_bt,1.0,1.0,0.0
random,2,test/intermediate_algebra/690.json,-12.0,coherent_bt,1.0,1.0,0.0
random,2,test/intermediate_algebra/752.json,-12.0,coherent_bt,0.0,0.0,0.0
random,2,test/intermediate_algebra/894.json,-12.0,coherent_bt,1.0,1.0,0.0
random,2,test/number_theory/1002.json,-12.0,coherent_bt,0.0,0.0,0.0
random,2,test/number_theory/149.json,-12.0,coherent_bt,0.0,0.0,0.0
random,2,test/number_theory/515.json,-12.0,coherent_bt,0.0,0.0,0.0
random,2,test/prealgebra/1113.json,-12.0,coherent_bt,0.0,0.0,0.0
random,2,test/prealgebra/1128.json,-12.0,coherent_bt,0.0,0.0,0.0
random,2,test/prealgebra/1139.json,-12.0,coherent_bt,0.0,1.0,1.0
random,2,test/prealgebra/1238.json,-12.0,coherent_bt,0.0,0.0,0.0
random,2,test/prealgebra/1251.json,-12.0,coherent_bt,0.0,0.0,0.0
random,2,test/prealgebra/1252.json,-12.0,coherent_bt,0.0,0.0,0.0
random,2,test/prealgebra/1272.json,-12.0,coherent_bt,0.0,0.0,0.0
random,2,test/prealgebra/1423.json,-12.0,coherent_bt,0.0,0.0,0.0
random,2,test/prealgebra/1622.json,-12.0,coherent_bt,0.0,0.0,0.0
random,2,test/prealgebra/1646.json,-12.0,coherent_bt,0.0,0.0,0.0
random,2,test/prealgebra/1787.json,-12.0,coherent_bt,0.0,0.0,0.0
random,2,test/prealgebra/1834.json,-12.0,coherent_bt,0.0,0.0,0.0
random,2,test/prealgebra/1922.json,-12.0,coherent_bt,0.0,0.0,0.0
random,2,test/prealgebra/1961.json,-12.0,coherent_bt,0.0,0.0,0.0
random,2,test/prealgebra/2019.json,-12.0,coherent_bt,0.0,0.0,0.0
random,2,test/prealgebra/2066.json,-12.0,coherent_bt,0.0,0.0,0.0
random,2,test/prealgebra/505.json,-12.0,coherent_bt,0.0,0.0,0.0
random,2,test/prealgebra/65.json,-12.0,coherent_bt,0.0,0.0,0.0
random,2,test/prealgebra/996.json,-12.0,coherent_bt,0.0,0.0,0.0
random,2,test/precalculus/1082.json,-12.0,coherent_bt,1.0,1.0,0.0
random,2,test/precalculus/1105.json,-12.0,coherent_bt,0.0,1.0,1.0
random,2,test/precalculus/1199.json,-12.0,coherent_bt,1.0,0.0,-1.0
random,2,test/precalculus/1303.json,-12.0,coherent_bt,0.0,0.0,0.0
random,2,test/precalculus/398.json,-12.0,coherent_bt,1.0,1.0,0.0
random,2,test/precalculus/43.json,-12.0,coherent_bt,0.0,0.0,0.0
random,2,test/precalculus/541.json,-12.0,coherent_bt,0.0,0.0,0.0
random,2,test/precalculus/580.json,-12.0,coherent_bt,0.0,1.0,1.0
random,2,test/precalculus/779.json,-12.0,coherent_bt,0.0,0.0,0.0
random,2,test/precalculus/927.json,-12.0,coherent_bt,1.0,0.0,-1.0
random,2,test/precalculus/96.json,-12.0,coherent_bt,1.0,1.0,0.0
random,2,test/precalculus/986.json,-12.0,coherent_bt,0.0,0.0,0.0
random,2,test/algebra/1082.json,-12.0,incoherent,0.0,0.0,0.0
random,2,test/algebra/109.json,-12.0,incoherent,0.0,0.0,0.0
random,2,test/algebra/1098.json,-12.0,incoherent,0.0,0.0,0.0
random,2,test/algebra/1214.json,-12.0,incoherent,0.0,0.0,0.0
random,2,test/algebra/1265.json,-12.0,incoherent,0.0,0.0,0.0
random,2,test/algebra/1282.json,-12.0,incoherent,0.0,0.0,0.0
random,2,test/algebra/1338.json,-12.0,incoherent,0.0,0.0,0.0
random,2,test/algebra/1349.json,-12.0,incoherent,0.0,0.0,0.0
random,2,test/algebra/1553.json,-12.0,incoherent,0.0,0.0,0.0
random,2,test/algebra/1934.json,-12.0,incoherent,0.0,0.0,0.0
random,2,test/algebra/1960.json,-12.0,incoherent,0.0,0.0,0.0
random,2,test/algebra/2043.json,-12.0,incoherent,0.0,0.0,0.0
random,2,test/algebra/2046.json,-12.0,incoherent,0.0,0.0,0.0
random,2,test/algebra/2159.json,-12.0,incoherent,0.0,0.0,0.0
random,2,test/algebra/2264.json,-12.0,incoherent,0.0,0.0,0.0
random,2,test/algebra/2427.json,-12.0,incoherent,0.0,0.0,0.0
random,2,test/algebra/2430.json,-12.0,incoherent,0.0,0.0,0.0
random,2,test/algebra/2476.json,-12.0,incoherent,0.0,0.0,0.0
random,2,test/algebra/2486.json,-12.0,incoherent,0.0,0.0,0.0
random,2,test/algebra/2570.json,-12.0,incoherent,0.0,0.0,0.0
random,2,test/algebra/2593.json,-12.0,incoherent,0.0,0.0,0.0
random,2,test/algebra/2735.json,-12.0,incoherent,0.0,0.0,0.0
random,2,test/algebra/2779.json,-12.0,incoherent,0.0,0.0,0.0
random,2,test/algebra/297.json,-12.0,incoherent,0.0,0.0,0.0
random,2,test/algebra/425.json,-12.0,incoherent,0.0,0.0,0.0
random,2,test/algebra/634.json,-12.0,incoherent,0.0,0.0,0.0
random,2,test/algebra/661.json,-12.0,incoherent,0.0,0.0,0.0
random,2,test/algebra/769.json,-12.0,incoherent,0.0,0.0,0.0
random,2,test/algebra/824.json,-12.0,incoherent,0.0,0.0,0.0
random,2,test/algebra/892.json,-12.0,incoherent,0.0,0.0,0.0
random,2,test/counting_and_probability/1009.json,-12.0,incoherent,0.0,0.0,0.0
random,2,test/counting_and_probability/1014.json,-12.0,incoherent,0.0,0.0,0.0
random,2,test/counting_and_probability/1060.json,-12.0,incoherent,0.0,0.0,0.0
random,2,test/counting_and_probability/119.json,-12.0,incoherent,0.0,0.0,0.0
random,2,test/counting_and_probability/25149.json,-12.0,incoherent,0.0,0.0,0.0
random,2,test/counting_and_probability/508.json,-12.0,incoherent,0.0,0.0,0.0
random,2,test/counting_and_probability/525.json,-12.0,incoherent,0.0,0.0,0.0
random,2,test/counting_and_probability/894.json,-12.0,incoherent,0.0,0.0,0.0
random,2,test/geometry/1140.json,-12.0,incoherent,0.0,0.0,0.0
random,2,test/geometry/254.json,-12.0,incoherent,0.0,0.0,0.0
random,2,test/geometry/456.json,-12.0,incoherent,0.0,0.0,0.0
random,2,test/geometry/465.json,-12.0,incoherent,0.0,1.0,1.0
random,2,test/geometry/538.json,-12.0,incoherent,0.0,0.0,0.0
random,2,test/geometry/561.json,-12.0,incoherent,0.0,0.0,0.0
random,2,test/geometry/615.json,-12.0,incoherent,0.0,0.0,0.0
random,2,test/geometry/711.json,-12.0,incoherent,0.0,0.0,0.0
random,2,test/geometry/795.json,-12.0,incoherent,0.0,0.0,0.0
random,2,test/geometry/843.json,-12.0,incoherent,0.0,0.0,0.0
random,2,test/geometry/846.json,-12.0,incoherent,0.0,1.0,1.0
random,2,test/intermediate_algebra/101.json,-12.0,incoherent,0.0,0.0,0.0
random,2,test/intermediate_algebra/102.json,-12.0,incoherent,0.0,0.0,0.0
random,2,test/intermediate_algebra/1354.json,-12.0,incoherent,0.0,0.0,0.0
random,2,test/intermediate_algebra/1467.json,-12.0,incoherent,0.0,1.0,1.0
random,2,test/intermediate_algebra/1555.json,-12.0,incoherent,0.0,0.0,0.0
random,2,test/intermediate_algebra/1714.json,-12.0,incoherent,0.0,0.0,0.0
random,2,test/intermediate_algebra/1779.json,-12.0,incoherent,0.0,0.0,0.0
random,2,test/intermediate_algebra/199.json,-12.0,incoherent,0.0,0.0,0.0
random,2,test/intermediate_algebra/1994.json,-12.0,incoherent,0.0,0.0,0.0
random,2,test/intermediate_algebra/2046.json,-12.0,incoherent,0.0,0.0,0.0
random,2,test/intermediate_algebra/345.json,-12.0,incoherent,0.0,0.0,0.0
random,2,test/intermediate_algebra/446.json,-12.0,incoherent,0.0,0.0,0.0
random,2,test/intermediate_algebra/47.json,-12.0,incoherent,0.0,0.0,0.0
random,2,test/intermediate_algebra/607.json,-12.0,incoherent,0.0,0.0,0.0
random,2,test/intermediate_algebra/690.json,-12.0,incoherent,0.0,0.0,0.0
random,2,test/intermediate_algebra/752.json,-12.0,incoherent,0.0,0.0,0.0
random,2,test/intermediate_algebra/894.json,-12.0,incoherent,0.0,0.0,0.0
random,2,test/number_theory/1002.json,-12.0,incoherent,0.0,0.0,0.0
random,2,test/number_theory/149.json,-12.0,incoherent,0.0,0.0,0.0
random,2,test/number_theory/515.json,-12.0,incoherent,0.0,0.0,0.0
random,2,test/prealgebra/1113.json,-12.0,incoherent,0.0,0.0,0.0
random,2,test/prealgebra/1128.json,-12.0,incoherent,0.0,0.0,0.0
random,2,test/prealgebra/1139.json,-12.0,incoherent,0.0,0.0,0.0
random,2,test/prealgebra/1238.json,-12.0,incoherent,0.0,0.0,0.0
random,2,test/prealgebra/1251.json,-12.0,incoherent,0.0,0.0,0.0
random,2,test/prealgebra/1252.json,-12.0,incoherent,0.0,0.0,0.0
random,2,test/prealgebra/1272.json,-12.0,incoherent,0.0,0.0,0.0
random,2,test/prealgebra/1423.json,-12.0,incoherent,0.0,0.0,0.0
random,2,test/prealgebra/1622.json,-12.0,incoherent,0.0,0.0,0.0
random,2,test/prealgebra/1646.json,-12.0,incoherent,0.0,0.0,0.0
random,2,test/prealgebra/1787.json,-12.0,incoherent,0.0,0.0,0.0
random,2,test/prealgebra/1834.json,-12.0,incoherent,0.0,0.0,0.0
random,2,test/prealgebra/1922.json,-12.0,incoherent,0.0,0.0,0.0
random,2,test/prealgebra/1961.json,-12.0,incoherent,0.0,0.0,0.0
random,2,test/prealgebra/2019.json,-12.0,incoherent,0.0,0.0,0.0
random,2,test/prealgebra/2066.json,-12.0,incoherent,0.0,0.0,0.0
random,2,test/prealgebra/505.json,-12.0,incoherent,0.0,0.0,0.0
random,2,test/prealgebra/65.json,-12.0,incoherent,0.0,0.0,0.0
random,2,test/prealgebra/996.json,-12.0,incoherent,0.0,0.0,0.0
random,2,test/precalculus/1082.json,-12.0,incoherent,0.0,0.0,0.0
random,2,test/precalculus/1105.json,-12.0,incoherent,0.0,0.0,0.0
random,2,test/precalculus/1199.json,-12.0,incoherent,0.0,0.0,0.0
random,2,test/precalculus/1303.json,-12.0,incoherent,0.0,0.0,0.0
random,2,test/precalculus/398.json,-12.0,incoherent,0.0,0.0,0.0
random,2,test/precalculus/43.json,-12.0,incoherent,0.0,0.0,0.0
random,2,test/precalculus/541.json,-12.0,incoherent,0.0,0.0,0.0
random,2,test/precalculus/580.json,-12.0,incoherent,0.0,0.0,0.0
random,2,test/precalculus/779.json,-12.0,incoherent,0.0,0.0,0.0
random,2,test/precalculus/927.json,-12.0,incoherent,0.0,0.0,0.0
random,2,test/precalculus/96.json,-12.0,incoherent,0.0,0.0,0.0
random,2,test/precalculus/986.json,-12.0,incoherent,0.0,0.0,0.0
random,2,test/algebra/1082.json,-12.0,correct,0.0,0.0,0.0
random,2,test/algebra/109.json,-12.0,correct,1.0,1.0,0.0
random,2,test/algebra/1098.json,-12.0,correct,1.0,1.0,0.0
random,2,test/algebra/1214.json,-12.0,correct,1.0,1.0,0.0
random,2,test/algebra/1265.json,-12.0,correct,1.0,1.0,0.0
random,2,test/algebra/1282.json,-12.0,correct,0.0,0.0,0.0
random,2,test/algebra/1338.json,-12.0,correct,1.0,1.0,0.0
random,2,test/algebra/1349.json,-12.0,correct,0.0,0.0,0.0
random,2,test/algebra/1553.json,-12.0,correct,0.0,1.0,1.0
random,2,test/algebra/1934.json,-12.0,correct,1.0,0.0,-1.0
random,2,test/algebra/1960.json,-12.0,correct,1.0,1.0,0.0
random,2,test/algebra/2043.json,-12.0,correct,1.0,0.0,-1.0
random,2,test/algebra/2046.json,-12.0,correct,1.0,1.0,0.0
random,2,test/algebra/2159.json,-12.0,correct,0.0,1.0,1.0
random,2,test/algebra/2264.json,-12.0,correct,1.0,0.0,-1.0
random,2,test/algebra/2427.json,-12.0,correct,0.0,0.0,0.0
random,2,test/algebra/2430.json,-12.0,correct,0.0,0.0,0.0
random,2,test/algebra/2476.json,-12.0,correct,0.0,1.0,1.0
random,2,test/algebra/2486.json,-12.0,correct,1.0,0.0,-1.0
random,2,test/algebra/2570.json,-12.0,correct,1.0,1.0,0.0
random,2,test/algebra/2593.json,-12.0,correct,1.0,0.0,-1.0
random,2,test/algebra/2735.json,-12.0,correct,0.0,1.0,1.0
random,2,test/algebra/2779.json,-12.0,correct,1.0,1.0,0.0
random,2,test/algebra/297.json,-12.0,correct,0.0,0.0,0.0
random,2,test/algebra/425.json,-12.0,correct,1.0,1.0,0.0
random,2,test/algebra/634.json,-12.0,correct,0.0,0.0,0.0
random,2,test/algebra/661.json,-12.0,correct,1.0,0.0,-1.0
random,2,test/algebra/769.json,-12.0,correct,1.0,1.0,0.0
random,2,test/algebra/824.json,-12.0,correct,1.0,1.0,0.0
random,2,test/algebra/892.json,-12.0,correct,0.0,0.0,0.0
random,2,test/counting_and_probability/1009.json,-12.0,correct,1.0,0.0,-1.0
random,2,test/counting_and_probability/1014.json,-12.0,correct,1.0,1.0,0.0
random,2,test/counting_and_probability/1060.json,-12.0,correct,0.0,0.0,0.0
random,2,test/counting_and_probability/119.json,-12.0,correct,0.0,0.0,0.0
random,2,test/counting_and_probability/25149.json,-12.0,correct,1.0,0.0,-1.0
random,2,test/counting_and_probability/508.json,-12.0,correct,0.0,0.0,0.0
random,2,test/counting_and_probability/525.json,-12.0,correct,0.0,0.0,0.0
random,2,test/counting_and_probability/894.json,-12.0,correct,1.0,0.0,-1.0
random,2,test/geometry/1140.json,-12.0,correct,0.0,0.0,0.0
random,2,test/geometry/254.json,-12.0,correct,0.0,1.0,1.0
random,2,test/geometry/456.json,-12.0,correct,1.0,0.0,-1.0
random,2,test/geometry/465.json,-12.0,correct,0.0,0.0,0.0
random,2,test/geometry/538.json,-12.0,correct,0.0,0.0,0.0
random,2,test/geometry/561.json,-12.0,correct,0.0,0.0,0.0
random,2,test/geometry/615.json,-12.0,correct,0.0,0.0,0.0
random,2,test/geometry/711.json,-12.0,correct,0.0,0.0,0.0
random,2,test/geometry/795.json,-12.0,correct,0.0,0.0,0.0
random,2,test/geometry/843.json,-12.0,correct,1.0,0.0,-1.0
random,2,test/geometry/846.json,-12.0,correct,0.0,0.0,0.0
random,2,test/intermediate_algebra/101.json,-12.0,correct,0.0,0.0,0.0
random,2,test/intermediate_algebra/102.json,-12.0,correct,0.0,0.0,0.0
random,2,test/intermediate_algebra/1354.json,-12.0,correct,0.0,0.0,0.0
random,2,test/intermediate_algebra/1467.json,-12.0,correct,0.0,0.0,0.0
random,2,test/intermediate_algebra/1555.json,-12.0,correct,0.0,0.0,0.0
random,2,test/intermediate_algebra/1714.json,-12.0,correct,1.0,1.0,0.0
random,2,test/intermediate_algebra/1779.json,-12.0,correct,0.0,0.0,0.0
random,2,test/intermediate_algebra/199.json,-12.0,correct,0.0,1.0,1.0
random,2,test/intermediate_algebra/1994.json,-12.0,correct,0.0,0.0,0.0
random,2,test/intermediate_algebra/2046.json,-12.0,correct,0.0,0.0,0.0
random,2,test/intermediate_algebra/345.json,-12.0,correct,0.0,0.0,0.0
random,2,test/intermediate_algebra/446.json,-12.0,correct,0.0,0.0,0.0
random,2,test/intermediate_algebra/47.json,-12.0,correct,0.0,0.0,0.0
random,2,test/intermediate_algebra/607.json,-12.0,correct,0.0,0.0,0.0
random,2,test/intermediate_algebra/690.json,-12.0,correct,0.0,0.0,0.0
random,2,test/intermediate_algebra/752.json,-12.0,correct,0.0,0.0,0.0
random,2,test/intermediate_algebra/894.json,-12.0,correct,0.0,0.0,0.0
random,2,test/number_theory/1002.json,-12.0,correct,0.0,0.0,0.0
random,2,test/number_theory/149.json,-12.0,correct,0.0,0.0,0.0
random,2,test/number_theory/515.json,-12.0,correct,1.0,0.0,-1.0
random,2,test/prealgebra/1113.json,-12.0,correct,1.0,1.0,0.0
random,2,test/prealgebra/1128.json,-12.0,correct,0.0,0.0,0.0
random,2,test/prealgebra/1139.json,-12.0,correct,0.0,0.0,0.0
random,2,test/prealgebra/1238.json,-12.0,correct,1.0,0.0,-1.0
random,2,test/prealgebra/1251.json,-12.0,correct,0.0,1.0,1.0
random,2,test/prealgebra/1252.json,-12.0,correct,1.0,1.0,0.0
random,2,test/prealgebra/1272.json,-12.0,correct,1.0,1.0,0.0
random,2,test/prealgebra/1423.json,-12.0,correct,0.0,0.0,0.0
random,2,test/prealgebra/1622.json,-12.0,correct,0.0,0.0,0.0
random,2,test/prealgebra/1646.json,-12.0,correct,0.0,0.0,0.0
random,2,test/prealgebra/1787.json,-12.0,correct,1.0,1.0,0.0
random,2,test/prealgebra/1834.json,-12.0,correct,0.0,0.0,0.0
random,2,test/prealgebra/1922.json,-12.0,correct,0.0,0.0,0.0
random,2,test/prealgebra/1961.json,-12.0,correct,0.0,0.0,0.0
random,2,test/prealgebra/2019.json,-12.0,correct,1.0,1.0,0.0
random,2,test/prealgebra/2066.json,-12.0,correct,0.0,0.0,0.0
random,2,test/prealgebra/505.json,-12.0,correct,1.0,1.0,0.0
random,2,test/prealgebra/65.json,-12.0,correct,0.0,0.0,0.0
random,2,test/prealgebra/996.json,-12.0,correct,0.0,0.0,0.0
random,2,test/precalculus/1082.json,-12.0,correct,0.0,0.0,0.0
random,2,test/precalculus/1105.json,-12.0,correct,0.0,1.0,1.0
random,2,test/precalculus/1199.json,-12.0,correct,0.0,0.0,0.0
random,2,test/precalculus/1303.json,-12.0,correct,0.0,0.0,0.0
random,2,test/precalculus/398.json,-12.0,correct,0.0,0.0,0.0
random,2,test/precalculus/43.json,-12.0,correct,0.0,0.0,0.0
random,2,test/precalculus/541.json,-12.0,correct,0.0,0.0,0.0
random,2,test/precalculus/580.json,-12.0,correct,0.0,0.0,0.0
random,2,test/precalculus/779.json,-12.0,correct,1.0,1.0,0.0
random,2,test/precalculus/927.json,-12.0,correct,0.0,0.0,0.0
random,2,test/precalculus/96.json,-12.0,correct,0.0,0.0,0.0
random,2,test/precalculus/986.json,-12.0,correct,0.0,0.0,0.0
random,42,test/algebra/1082.json,12.0,gc,0.0,0.0,0.0
random,42,test/algebra/109.json,12.0,gc,0.0,0.0,0.0
random,42,test/algebra/1098.json,12.0,gc,0.0,0.0,0.0
random,42,test/algebra/1214.json,12.0,gc,0.0,0.0,0.0
random,42,test/algebra/1265.json,12.0,gc,0.0,0.0,0.0
random,42,test/algebra/1282.json,12.0,gc,0.0,0.0,0.0
random,42,test/algebra/1338.json,12.0,gc,0.0,0.0,0.0
random,42,test/algebra/1349.json,12.0,gc,0.0,0.0,0.0
random,42,test/algebra/1553.json,12.0,gc,0.0,0.0,0.0
random,42,test/algebra/1934.json,12.0,gc,0.0,0.0,0.0
random,42,test/algebra/1960.json,12.0,gc,0.0,0.0,0.0
random,42,test/algebra/2043.json,12.0,gc,1.0,1.0,0.0
random,42,test/algebra/2046.json,12.0,gc,0.0,0.0,0.0
random,42,test/algebra/2159.json,12.0,gc,1.0,1.0,0.0
random,42,test/algebra/2264.json,12.0,gc,0.0,0.0,0.0
random,42,test/algebra/2427.json,12.0,gc,0.0,0.0,0.0
random,42,test/algebra/2430.json,12.0,gc,1.0,0.0,-1.0
random,42,test/algebra/2476.json,12.0,gc,0.0,0.0,0.0
random,42,test/algebra/2486.json,12.0,gc,0.0,0.0,0.0
random,42,test/algebra/2570.json,12.0,gc,1.0,1.0,0.0
random,42,test/algebra/2593.json,12.0,gc,0.0,0.0,0.0
random,42,test/algebra/2735.json,12.0,gc,0.0,0.0,0.0
random,42,test/algebra/2779.json,12.0,gc,0.0,0.0,0.0
random,42,test/algebra/297.json,12.0,gc,0.0,1.0,1.0
random,42,test/algebra/425.json,12.0,gc,0.0,0.0,0.0
random,42,test/algebra/634.json,12.0,gc,0.0,0.0,0.0
random,42,test/algebra/661.json,12.0,gc,0.0,0.0,0.0
random,42,test/algebra/769.json,12.0,gc,0.0,0.0,0.0
random,42,test/algebra/824.json,12.0,gc,0.0,1.0,1.0
random,42,test/algebra/892.json,12.0,gc,1.0,0.0,-1.0
random,42,test/counting_and_probability/1009.json,12.0,gc,0.0,0.0,0.0
random,42,test/counting_and_probability/1014.json,12.0,gc,0.0,0.0,0.0
random,42,test/counting_and_probability/1060.json,12.0,gc,0.0,0.0,0.0
random,42,test/counting_and_probability/119.json,12.0,gc,0.0,0.0,0.0
random,42,test/counting_and_probability/25149.json,12.0,gc,0.0,2.0,2.0
random,42,test/counting_and_probability/508.json,12.0,gc,0.0,0.0,0.0
random,42,test/counting_and_probability/525.json,12.0,gc,0.0,2.0,2.0
random,42,test/counting_and_probability/894.json,12.0,gc,0.0,0.0,0.0
random,42,test/geometry/1140.json,12.0,gc,1.0,0.0,-1.0
random,42,test/geometry/254.json,12.0,gc,0.0,0.0,0.0
random,42,test/geometry/456.json,12.0,gc,0.0,0.0,0.0
random,42,test/geometry/465.json,12.0,gc,1.0,2.0,1.0
random,42,test/geometry/538.json,12.0,gc,0.0,0.0,0.0
random,42,test/geometry/561.json,12.0,gc,0.0,0.0,0.0
random,42,test/geometry/615.json,12.0,gc,1.0,0.0,-1.0
random,42,test/geometry/711.json,12.0,gc,1.0,0.0,-1.0
random,42,test/geometry/795.json,12.0,gc,0.0,0.0,0.0
random,42,test/geometry/843.json,12.0,gc,0.0,0.0,0.0
random,42,test/geometry/846.json,12.0,gc,1.0,0.0,-1.0
random,42,test/intermediate_algebra/101.json,12.0,gc,0.0,0.0,0.0
random,42,test/intermediate_algebra/102.json,12.0,gc,0.0,1.0,1.0
random,42,test/intermediate_algebra/1354.json,12.0,gc,0.0,1.0,1.0
random,42,test/intermediate_algebra/1467.json,12.0,gc,1.0,0.0,-1.0
random,42,test/intermediate_algebra/1555.json,12.0,gc,0.0,1.0,1.0
random,42,test/intermediate_algebra/1714.json,12.0,gc,0.0,0.0,0.0
random,42,test/intermediate_algebra/1779.json,12.0,gc,0.0,0.0,0.0
random,42,test/intermediate_algebra/199.json,12.0,gc,1.0,1.0,0.0
random,42,test/intermediate_algebra/1994.json,12.0,gc,0.0,1.0,1.0
random,42,test/intermediate_algebra/2046.json,12.0,gc,0.0,1.0,1.0
random,42,test/intermediate_algebra/345.json,12.0,gc,0.0,1.0,1.0
random,42,test/intermediate_algebra/446.json,12.0,gc,0.0,0.0,0.0
random,42,test/intermediate_algebra/47.json,12.0,gc,0.0,1.0,1.0
random,42,test/intermediate_algebra/607.json,12.0,gc,1.0,2.0,1.0
random,42,test/intermediate_algebra/690.json,12.0,gc,1.0,0.0,-1.0
random,42,test/intermediate_algebra/752.json,12.0,gc,0.0,1.0,1.0
random,42,test/intermediate_algebra/894.json,12.0,gc,1.0,2.0,1.0
random,42,test/number_theory/1002.json,12.0,gc,0.0,0.0,0.0
random,42,test/number_theory/149.json,12.0,gc,0.0,0.0,0.0
random,42,test/number_theory/515.json,12.0,gc,0.0,0.0,0.0
random,42,test/prealgebra/1113.json,12.0,gc,0.0,0.0,0.0
random,42,test/prealgebra/1128.json,12.0,gc,0.0,0.0,0.0
random,42,test/prealgebra/1139.json,12.0,gc,0.0,0.0,0.0
random,42,test/prealgebra/1238.json,12.0,gc,0.0,0.0,0.0
random,42,test/prealgebra/1251.json,12.0,gc,0.0,1.0,1.0
random,42,test/prealgebra/1252.json,12.0,gc,0.0,0.0,0.0
random,42,test/prealgebra/1272.json,12.0,gc,0.0,0.0,0.0
random,42,test/prealgebra/1423.json,12.0,gc,0.0,0.0,0.0
random,42,test/prealgebra/1622.json,12.0,gc,0.0,0.0,0.0
random,42,test/prealgebra/1646.json,12.0,gc,0.0,1.0,1.0
random,42,test/prealgebra/1787.json,12.0,gc,0.0,0.0,0.0
random,42,test/prealgebra/1834.json,12.0,gc,0.0,0.0,0.0
random,42,test/prealgebra/1922.json,12.0,gc,0.0,0.0,0.0
random,42,test/prealgebra/1961.json,12.0,gc,0.0,0.0,0.0
random,42,test/prealgebra/2019.json,12.0,gc,0.0,0.0,0.0
random,42,test/prealgebra/2066.json,12.0,gc,0.0,0.0,0.0
random,42,test/prealgebra/505.json,12.0,gc,0.0,0.0,0.0
random,42,test/prealgebra/65.json,12.0,gc,0.0,1.0,1.0
random,42,test/prealgebra/996.json,12.0,gc,0.0,0.0,0.0
random,42,test/precalculus/1082.json,12.0,gc,1.0,1.0,0.0
random,42,test/precalculus/1105.json,12.0,gc,0.0,0.0,0.0
random,42,test/precalculus/1199.json,12.0,gc,1.0,1.0,0.0
random,42,test/precalculus/1303.json,12.0,gc,0.0,0.0,0.0
random,42,test/precalculus/398.json,12.0,gc,1.0,0.0,-1.0
random,42,test/precalculus/43.json,12.0,gc,0.0,0.0,0.0
random,42,test/precalculus/541.json,12.0,gc,0.0,0.0,0.0
random,42,test/precalculus/580.json,12.0,gc,0.0,0.0,0.0
random,42,test/precalculus/779.json,12.0,gc,0.0,0.0,0.0
random,42,test/precalculus/927.json,12.0,gc,2.0,0.0,-2.0
random,42,test/precalculus/96.json,12.0,gc,1.0,1.0,0.0
random,42,test/precalculus/986.json,12.0,gc,0.0,1.0,1.0
random,42,test/algebra/1082.json,12.0,coherent_gc,0.0,0.0,0.0
random,42,test/algebra/109.json,12.0,coherent_gc,0.0,0.0,0.0
random,42,test/algebra/1098.json,12.0,coherent_gc,0.0,0.0,0.0
random,42,test/algebra/1214.json,12.0,coherent_gc,0.0,0.0,0.0
random,42,test/algebra/1265.json,12.0,coherent_gc,0.0,0.0,0.0
random,42,test/algebra/1282.json,12.0,coherent_gc,0.0,0.0,0.0
random,42,test/algebra/1338.json,12.0,coherent_gc,0.0,0.0,0.0
random,42,test/algebra/1349.json,12.0,coherent_gc,0.0,0.0,0.0
random,42,test/algebra/1553.json,12.0,coherent_gc,0.0,0.0,0.0
random,42,test/algebra/1934.json,12.0,coherent_gc,0.0,0.0,0.0
random,42,test/algebra/1960.json,12.0,coherent_gc,0.0,0.0,0.0
random,42,test/algebra/2043.json,12.0,coherent_gc,1.0,1.0,0.0
random,42,test/algebra/2046.json,12.0,coherent_gc,0.0,0.0,0.0
random,42,test/algebra/2159.json,12.0,coherent_gc,1.0,1.0,0.0
random,42,test/algebra/2264.json,12.0,coherent_gc,0.0,0.0,0.0
random,42,test/algebra/2427.json,12.0,coherent_gc,0.0,0.0,0.0
random,42,test/algebra/2430.json,12.0,coherent_gc,1.0,0.0,-1.0
random,42,test/algebra/2476.json,12.0,coherent_gc,0.0,0.0,0.0
random,42,test/algebra/2486.json,12.0,coherent_gc,0.0,0.0,0.0
random,42,test/algebra/2570.json,12.0,coherent_gc,1.0,1.0,0.0
random,42,test/algebra/2593.json,12.0,coherent_gc,0.0,0.0,0.0
random,42,test/algebra/2735.json,12.0,coherent_gc,0.0,0.0,0.0
random,42,test/algebra/2779.json,12.0,coherent_gc,0.0,0.0,0.0
random,42,test/algebra/297.json,12.0,coherent_gc,0.0,1.0,1.0
random,42,test/algebra/425.json,12.0,coherent_gc,0.0,0.0,0.0
random,42,test/algebra/634.json,12.0,coherent_gc,0.0,0.0,0.0
random,42,test/algebra/661.json,12.0,coherent_gc,0.0,0.0,0.0
random,42,test/algebra/769.json,12.0,coherent_gc,0.0,0.0,0.0
random,42,test/algebra/824.json,12.0,coherent_gc,0.0,1.0,1.0
random,42,test/algebra/892.json,12.0,coherent_gc,1.0,0.0,-1.0
random,42,test/counting_and_probability/1009.json,12.0,coherent_gc,0.0,0.0,0.0
random,42,test/counting_and_probability/1014.json,12.0,coherent_gc,0.0,0.0,0.0
random,42,test/counting_and_probability/1060.json,12.0,coherent_gc,0.0,0.0,0.0
random,42,test/counting_and_probability/119.json,12.0,coherent_gc,0.0,0.0,0.0
random,42,test/counting_and_probability/25149.json,12.0,coherent_gc,0.0,2.0,2.0
random,42,test/counting_and_probability/508.json,12.0,coherent_gc,0.0,0.0,0.0
random,42,test/counting_and_probability/525.json,12.0,coherent_gc,0.0,2.0,2.0
random,42,test/counting_and_probability/894.json,12.0,coherent_gc,0.0,0.0,0.0
random,42,test/geometry/1140.json,12.0,coherent_gc,1.0,0.0,-1.0
random,42,test/geometry/254.json,12.0,coherent_gc,0.0,0.0,0.0
random,42,test/geometry/456.json,12.0,coherent_gc,0.0,0.0,0.0
random,42,test/geometry/465.json,12.0,coherent_gc,1.0,2.0,1.0
random,42,test/geometry/538.json,12.0,coherent_gc,0.0,0.0,0.0
random,42,test/geometry/561.json,12.0,coherent_gc,0.0,0.0,0.0
random,42,test/geometry/615.json,12.0,coherent_gc,1.0,0.0,-1.0
random,42,test/geometry/711.json,12.0,coherent_gc,1.0,0.0,-1.0
random,42,test/geometry/795.json,12.0,coherent_gc,0.0,0.0,0.0
random,42,test/geometry/843.json,12.0,coherent_gc,0.0,0.0,0.0
random,42,test/geometry/846.json,12.0,coherent_gc,1.0,0.0,-1.0
random,42,test/intermediate_algebra/101.json,12.0,coherent_gc,0.0,0.0,0.0
random,42,test/intermediate_algebra/102.json,12.0,coherent_gc,0.0,1.0,1.0
random,42,test/intermediate_algebra/1354.json,12.0,coherent_gc,0.0,1.0,1.0
random,42,test/intermediate_algebra/1467.json,12.0,coherent_gc,1.0,0.0,-1.0
random,42,test/intermediate_algebra/1555.json,12.0,coherent_gc,0.0,1.0,1.0
random,42,test/intermediate_algebra/1714.json,12.0,coherent_gc,0.0,0.0,0.0
random,42,test/intermediate_algebra/1779.json,12.0,coherent_gc,0.0,0.0,0.0
random,42,test/intermediate_algebra/199.json,12.0,coherent_gc,1.0,1.0,0.0
random,42,test/intermediate_algebra/1994.json,12.0,coherent_gc,0.0,1.0,1.0
random,42,test/intermediate_algebra/2046.json,12.0,coherent_gc,0.0,1.0,1.0
random,42,test/intermediate_algebra/345.json,12.0,coherent_gc,0.0,1.0,1.0
random,42,test/intermediate_algebra/446.json,12.0,coherent_gc,0.0,0.0,0.0
random,42,test/intermediate_algebra/47.json,12.0,coherent_gc,0.0,1.0,1.0
random,42,test/intermediate_algebra/607.json,12.0,coherent_gc,1.0,2.0,1.0
random,42,test/intermediate_algebra/690.json,12.0,coherent_gc,1.0,0.0,-1.0
random,42,test/intermediate_algebra/752.json,12.0,coherent_gc,0.0,1.0,1.0
random,42,test/intermediate_algebra/894.json,12.0,coherent_gc,1.0,2.0,1.0
random,42,test/number_theory/1002.json,12.0,coherent_gc,0.0,0.0,0.0
random,42,test/number_theory/149.json,12.0,coherent_gc,0.0,0.0,0.0
random,42,test/number_theory/515.json,12.0,coherent_gc,0.0,0.0,0.0
random,42,test/prealgebra/1113.json,12.0,coherent_gc,0.0,0.0,0.0
random,42,test/prealgebra/1128.json,12.0,coherent_gc,0.0,0.0,0.0
random,42,test/prealgebra/1139.json,12.0,coherent_gc,0.0,0.0,0.0
random,42,test/prealgebra/1238.json,12.0,coherent_gc,0.0,0.0,0.0
random,42,test/prealgebra/1251.json,12.0,coherent_gc,0.0,1.0,1.0
random,42,test/prealgebra/1252.json,12.0,coherent_gc,0.0,0.0,0.0
random,42,test/prealgebra/1272.json,12.0,coherent_gc,0.0,0.0,0.0
random,42,test/prealgebra/1423.json,12.0,coherent_gc,0.0,0.0,0.0
random,42,test/prealgebra/1622.json,12.0,coherent_gc,0.0,0.0,0.0
random,42,test/prealgebra/1646.json,12.0,coherent_gc,0.0,1.0,1.0
random,42,test/prealgebra/1787.json,12.0,coherent_gc,0.0,0.0,0.0
random,42,test/prealgebra/1834.json,12.0,coherent_gc,0.0,0.0,0.0
random,42,test/prealgebra/1922.json,12.0,coherent_gc,0.0,0.0,0.0
random,42,test/prealgebra/1961.json,12.0,coherent_gc,0.0,0.0,0.0
random,42,test/prealgebra/2019.json,12.0,coherent_gc,0.0,0.0,0.0
random,42,test/prealgebra/2066.json,12.0,coherent_gc,0.0,0.0,0.0
random,42,test/prealgebra/505.json,12.0,coherent_gc,0.0,0.0,0.0
random,42,test/prealgebra/65.json,12.0,coherent_gc,0.0,1.0,1.0
random,42,test/prealgebra/996.json,12.0,coherent_gc,0.0,0.0,0.0
random,42,test/precalculus/1082.json,12.0,coherent_gc,1.0,1.0,0.0
random,42,test/precalculus/1105.json,12.0,coherent_gc,0.0,0.0,0.0
random,42,test/precalculus/1199.json,12.0,coherent_gc,1.0,1.0,0.0
random,42,test/precalculus/1303.json,12.0,coherent_gc,0.0,0.0,0.0
random,42,test/precalculus/398.json,12.0,coherent_gc,1.0,0.0,-1.0
random,42,test/precalculus/43.json,12.0,coherent_gc,0.0,0.0,0.0
random,42,test/precalculus/541.json,12.0,coherent_gc,0.0,0.0,0.0
random,42,test/precalculus/580.json,12.0,coherent_gc,0.0,0.0,0.0
random,42,test/precalculus/779.json,12.0,coherent_gc,0.0,0.0,0.0
random,42,test/precalculus/927.json,12.0,coherent_gc,2.0,0.0,-2.0
random,42,test/precalculus/96.json,12.0,coherent_gc,1.0,1.0,0.0
random,42,test/precalculus/986.json,12.0,coherent_gc,0.0,1.0,1.0
random,42,test/algebra/1082.json,12.0,coherent_bt,0.0,0.0,0.0
random,42,test/algebra/109.json,12.0,coherent_bt,0.0,0.0,0.0
random,42,test/algebra/1098.json,12.0,coherent_bt,0.0,0.0,0.0
random,42,test/algebra/1214.json,12.0,coherent_bt,0.0,0.0,0.0
random,42,test/algebra/1265.json,12.0,coherent_bt,0.0,0.0,0.0
random,42,test/algebra/1282.json,12.0,coherent_bt,0.0,0.0,0.0
random,42,test/algebra/1338.json,12.0,coherent_bt,0.0,0.0,0.0
random,42,test/algebra/1349.json,12.0,coherent_bt,0.0,0.0,0.0
random,42,test/algebra/1553.json,12.0,coherent_bt,0.0,0.0,0.0
random,42,test/algebra/1934.json,12.0,coherent_bt,0.0,0.0,0.0
random,42,test/algebra/1960.json,12.0,coherent_bt,0.0,0.0,0.0
random,42,test/algebra/2043.json,12.0,coherent_bt,1.0,1.0,0.0
random,42,test/algebra/2046.json,12.0,coherent_bt,0.0,0.0,0.0
random,42,test/algebra/2159.json,12.0,coherent_bt,1.0,1.0,0.0
random,42,test/algebra/2264.json,12.0,coherent_bt,0.0,0.0,0.0
random,42,test/algebra/2427.json,12.0,coherent_bt,0.0,0.0,0.0
random,42,test/algebra/2430.json,12.0,coherent_bt,1.0,0.0,-1.0
random,42,test/algebra/2476.json,12.0,coherent_bt,0.0,0.0,0.0
random,42,test/algebra/2486.json,12.0,coherent_bt,0.0,0.0,0.0
random,42,test/algebra/2570.json,12.0,coherent_bt,1.0,1.0,0.0
random,42,test/algebra/2593.json,12.0,coherent_bt,0.0,0.0,0.0
random,42,test/algebra/2735.json,12.0,coherent_bt,0.0,0.0,0.0
random,42,test/algebra/2779.json,12.0,coherent_bt,0.0,0.0,0.0
random,42,test/algebra/297.json,12.0,coherent_bt,0.0,1.0,1.0
random,42,test/algebra/425.json,12.0,coherent_bt,0.0,0.0,0.0
random,42,test/algebra/634.json,12.0,coherent_bt,0.0,0.0,0.0
random,42,test/algebra/661.json,12.0,coherent_bt,0.0,0.0,0.0
random,42,test/algebra/769.json,12.0,coherent_bt,0.0,0.0,0.0
random,42,test/algebra/824.json,12.0,coherent_bt,0.0,1.0,1.0
random,42,test/algebra/892.json,12.0,coherent_bt,1.0,0.0,-1.0
random,42,test/counting_and_probability/1009.json,12.0,coherent_bt,0.0,0.0,0.0
random,42,test/counting_and_probability/1014.json,12.0,coherent_bt,0.0,0.0,0.0
random,42,test/counting_and_probability/1060.json,12.0,coherent_bt,0.0,0.0,0.0
random,42,test/counting_and_probability/119.json,12.0,coherent_bt,0.0,0.0,0.0
random,42,test/counting_and_probability/25149.json,12.0,coherent_bt,0.0,1.0,1.0
random,42,test/counting_and_probability/508.json,12.0,coherent_bt,0.0,0.0,0.0
random,42,test/counting_and_probability/525.json,12.0,coherent_bt,0.0,1.0,1.0
random,42,test/counting_and_probability/894.json,12.0,coherent_bt,0.0,0.0,0.0
random,42,test/geometry/1140.json,12.0,coherent_bt,1.0,0.0,-1.0
random,42,test/geometry/254.json,12.0,coherent_bt,0.0,0.0,0.0
random,42,test/geometry/456.json,12.0,coherent_bt,0.0,0.0,0.0
random,42,test/geometry/465.json,12.0,coherent_bt,1.0,1.0,0.0
random,42,test/geometry/538.json,12.0,coherent_bt,0.0,0.0,0.0
random,42,test/geometry/561.json,12.0,coherent_bt,0.0,0.0,0.0
random,42,test/geometry/615.json,12.0,coherent_bt,1.0,0.0,-1.0
random,42,test/geometry/711.json,12.0,coherent_bt,1.0,0.0,-1.0
random,42,test/geometry/795.json,12.0,coherent_bt,0.0,0.0,0.0
random,42,test/geometry/843.json,12.0,coherent_bt,0.0,0.0,0.0
random,42,test/geometry/846.json,12.0,coherent_bt,1.0,0.0,-1.0
random,42,test/intermediate_algebra/101.json,12.0,coherent_bt,0.0,0.0,0.0
random,42,test/intermediate_algebra/102.json,12.0,coherent_bt,0.0,1.0,1.0
random,42,test/intermediate_algebra/1354.json,12.0,coherent_bt,0.0,1.0,1.0
random,42,test/intermediate_algebra/1467.json,12.0,coherent_bt,1.0,0.0,-1.0
random,42,test/intermediate_algebra/1555.json,12.0,coherent_bt,0.0,1.0,1.0
random,42,test/intermediate_algebra/1714.json,12.0,coherent_bt,0.0,0.0,0.0
random,42,test/intermediate_algebra/1779.json,12.0,coherent_bt,0.0,0.0,0.0
random,42,test/intermediate_algebra/199.json,12.0,coherent_bt,1.0,1.0,0.0
random,42,test/intermediate_algebra/1994.json,12.0,coherent_bt,0.0,1.0,1.0
random,42,test/intermediate_algebra/2046.json,12.0,coherent_bt,0.0,1.0,1.0
random,42,test/intermediate_algebra/345.json,12.0,coherent_bt,0.0,1.0,1.0
random,42,test/intermediate_algebra/446.json,12.0,coherent_bt,0.0,0.0,0.0
random,42,test/intermediate_algebra/47.json,12.0,coherent_bt,0.0,1.0,1.0
random,42,test/intermediate_algebra/607.json,12.0,coherent_bt,1.0,1.0,0.0
random,42,test/intermediate_algebra/690.json,12.0,coherent_bt,1.0,0.0,-1.0
random,42,test/intermediate_algebra/752.json,12.0,coherent_bt,0.0,1.0,1.0
random,42,test/intermediate_algebra/894.json,12.0,coherent_bt,1.0,1.0,0.0
random,42,test/number_theory/1002.json,12.0,coherent_bt,0.0,0.0,0.0
random,42,test/number_theory/149.json,12.0,coherent_bt,0.0,0.0,0.0
random,42,test/number_theory/515.json,12.0,coherent_bt,0.0,0.0,0.0
random,42,test/prealgebra/1113.json,12.0,coherent_bt,0.0,0.0,0.0
random,42,test/prealgebra/1128.json,12.0,coherent_bt,0.0,0.0,0.0
random,42,test/prealgebra/1139.json,12.0,coherent_bt,0.0,0.0,0.0
random,42,test/prealgebra/1238.json,12.0,coherent_bt,0.0,0.0,0.0
random,42,test/prealgebra/1251.json,12.0,coherent_bt,0.0,1.0,1.0
random,42,test/prealgebra/1252.json,12.0,coherent_bt,0.0,0.0,0.0
random,42,test/prealgebra/1272.json,12.0,coherent_bt,0.0,0.0,0.0
random,42,test/prealgebra/1423.json,12.0,coherent_bt,0.0,0.0,0.0
random,42,test/prealgebra/1622.json,12.0,coherent_bt,0.0,0.0,0.0
random,42,test/prealgebra/1646.json,12.0,coherent_bt,0.0,1.0,1.0
random,42,test/prealgebra/1787.json,12.0,coherent_bt,0.0,0.0,0.0
random,42,test/prealgebra/1834.json,12.0,coherent_bt,0.0,0.0,0.0
random,42,test/prealgebra/1922.json,12.0,coherent_bt,0.0,0.0,0.0
random,42,test/prealgebra/1961.json,12.0,coherent_bt,0.0,0.0,0.0
random,42,test/prealgebra/2019.json,12.0,coherent_bt,0.0,0.0,0.0
random,42,test/prealgebra/2066.json,12.0,coherent_bt,0.0,0.0,0.0
random,42,test/prealgebra/505.json,12.0,coherent_bt,0.0,0.0,0.0
random,42,test/prealgebra/65.json,12.0,coherent_bt,0.0,1.0,1.0
random,42,test/prealgebra/996.json,12.0,coherent_bt,0.0,0.0,0.0
random,42,test/precalculus/1082.json,12.0,coherent_bt,1.0,1.0,0.0
random,42,test/precalculus/1105.json,12.0,coherent_bt,0.0,0.0,0.0
random,42,test/precalculus/1199.json,12.0,coherent_bt,1.0,1.0,0.0
random,42,test/precalculus/1303.json,12.0,coherent_bt,0.0,0.0,0.0
random,42,test/precalculus/398.json,12.0,coherent_bt,1.0,0.0,-1.0
random,42,test/precalculus/43.json,12.0,coherent_bt,0.0,0.0,0.0
random,42,test/precalculus/541.json,12.0,coherent_bt,0.0,0.0,0.0
random,42,test/precalculus/580.json,12.0,coherent_bt,0.0,0.0,0.0
random,42,test/precalculus/779.json,12.0,coherent_bt,0.0,0.0,0.0
random,42,test/precalculus/927.json,12.0,coherent_bt,1.0,0.0,-1.0
random,42,test/precalculus/96.json,12.0,coherent_bt,1.0,1.0,0.0
random,42,test/precalculus/986.json,12.0,coherent_bt,0.0,1.0,1.0
random,42,test/algebra/1082.json,12.0,incoherent,0.0,0.0,0.0
random,42,test/algebra/109.json,12.0,incoherent,0.0,0.0,0.0
random,42,test/algebra/1098.json,12.0,incoherent,0.0,0.0,0.0
random,42,test/algebra/1214.json,12.0,incoherent,0.0,0.0,0.0
random,42,test/algebra/1265.json,12.0,incoherent,0.0,0.0,0.0
random,42,test/algebra/1282.json,12.0,incoherent,0.0,0.0,0.0
random,42,test/algebra/1338.json,12.0,incoherent,0.0,0.0,0.0
random,42,test/algebra/1349.json,12.0,incoherent,0.0,0.0,0.0
random,42,test/algebra/1553.json,12.0,incoherent,0.0,0.0,0.0
random,42,test/algebra/1934.json,12.0,incoherent,0.0,0.0,0.0
random,42,test/algebra/1960.json,12.0,incoherent,0.0,0.0,0.0
random,42,test/algebra/2043.json,12.0,incoherent,0.0,0.0,0.0
random,42,test/algebra/2046.json,12.0,incoherent,0.0,0.0,0.0
random,42,test/algebra/2159.json,12.0,incoherent,0.0,0.0,0.0
random,42,test/algebra/2264.json,12.0,incoherent,0.0,0.0,0.0
random,42,test/algebra/2427.json,12.0,incoherent,0.0,0.0,0.0
random,42,test/algebra/2430.json,12.0,incoherent,0.0,0.0,0.0
random,42,test/algebra/2476.json,12.0,incoherent,0.0,0.0,0.0
random,42,test/algebra/2486.json,12.0,incoherent,0.0,0.0,0.0
random,42,test/algebra/2570.json,12.0,incoherent,0.0,0.0,0.0
random,42,test/algebra/2593.json,12.0,incoherent,0.0,0.0,0.0
random,42,test/algebra/2735.json,12.0,incoherent,0.0,0.0,0.0
random,42,test/algebra/2779.json,12.0,incoherent,0.0,0.0,0.0
random,42,test/algebra/297.json,12.0,incoherent,0.0,0.0,0.0
random,42,test/algebra/425.json,12.0,incoherent,0.0,0.0,0.0
random,42,test/algebra/634.json,12.0,incoherent,0.0,0.0,0.0
random,42,test/algebra/661.json,12.0,incoherent,0.0,0.0,0.0
random,42,test/algebra/769.json,12.0,incoherent,0.0,0.0,0.0
random,42,test/algebra/824.json,12.0,incoherent,0.0,0.0,0.0
random,42,test/algebra/892.json,12.0,incoherent,0.0,0.0,0.0
random,42,test/counting_and_probability/1009.json,12.0,incoherent,0.0,0.0,0.0
random,42,test/counting_and_probability/1014.json,12.0,incoherent,0.0,0.0,0.0
random,42,test/counting_and_probability/1060.json,12.0,incoherent,0.0,0.0,0.0
random,42,test/counting_and_probability/119.json,12.0,incoherent,0.0,0.0,0.0
random,42,test/counting_and_probability/25149.json,12.0,incoherent,0.0,0.0,0.0
random,42,test/counting_and_probability/508.json,12.0,incoherent,0.0,0.0,0.0
random,42,test/counting_and_probability/525.json,12.0,incoherent,0.0,0.0,0.0
random,42,test/counting_and_probability/894.json,12.0,incoherent,0.0,0.0,0.0
random,42,test/geometry/1140.json,12.0,incoherent,0.0,0.0,0.0
random,42,test/geometry/254.json,12.0,incoherent,0.0,0.0,0.0
random,42,test/geometry/456.json,12.0,incoherent,0.0,0.0,0.0
random,42,test/geometry/465.json,12.0,incoherent,0.0,0.0,0.0
random,42,test/geometry/538.json,12.0,incoherent,0.0,0.0,0.0
random,42,test/geometry/561.json,12.0,incoherent,0.0,0.0,0.0
random,42,test/geometry/615.json,12.0,incoherent,0.0,0.0,0.0
random,42,test/geometry/711.json,12.0,incoherent,0.0,0.0,0.0
random,42,test/geometry/795.json,12.0,incoherent,0.0,0.0,0.0
random,42,test/geometry/843.json,12.0,incoherent,0.0,0.0,0.0
random,42,test/geometry/846.json,12.0,incoherent,0.0,0.0,0.0
random,42,test/intermediate_algebra/101.json,12.0,incoherent,0.0,0.0,0.0
random,42,test/intermediate_algebra/102.json,12.0,incoherent,0.0,0.0,0.0
random,42,test/intermediate_algebra/1354.json,12.0,incoherent,0.0,0.0,0.0
random,42,test/intermediate_algebra/1467.json,12.0,incoherent,0.0,0.0,0.0
random,42,test/intermediate_algebra/1555.json,12.0,incoherent,0.0,0.0,0.0
random,42,test/intermediate_algebra/1714.json,12.0,incoherent,0.0,0.0,0.0
random,42,test/intermediate_algebra/1779.json,12.0,incoherent,0.0,0.0,0.0
random,42,test/intermediate_algebra/199.json,12.0,incoherent,0.0,0.0,0.0
random,42,test/intermediate_algebra/1994.json,12.0,incoherent,0.0,0.0,0.0
random,42,test/intermediate_algebra/2046.json,12.0,incoherent,0.0,0.0,0.0
random,42,test/intermediate_algebra/345.json,12.0,incoherent,0.0,0.0,0.0
random,42,test/intermediate_algebra/446.json,12.0,incoherent,0.0,0.0,0.0
random,42,test/intermediate_algebra/47.json,12.0,incoherent,0.0,0.0,0.0
random,42,test/intermediate_algebra/607.json,12.0,incoherent,0.0,0.0,0.0
random,42,test/intermediate_algebra/690.json,12.0,incoherent,0.0,0.0,0.0
random,42,test/intermediate_algebra/752.json,12.0,incoherent,0.0,0.0,0.0
random,42,test/intermediate_algebra/894.json,12.0,incoherent,0.0,0.0,0.0
random,42,test/number_theory/1002.json,12.0,incoherent,0.0,0.0,0.0
random,42,test/number_theory/149.json,12.0,incoherent,0.0,0.0,0.0
random,42,test/number_theory/515.json,12.0,incoherent,0.0,0.0,0.0
random,42,test/prealgebra/1113.json,12.0,incoherent,0.0,0.0,0.0
random,42,test/prealgebra/1128.json,12.0,incoherent,0.0,0.0,0.0
random,42,test/prealgebra/1139.json,12.0,incoherent,0.0,0.0,0.0
random,42,test/prealgebra/1238.json,12.0,incoherent,0.0,0.0,0.0
random,42,test/prealgebra/1251.json,12.0,incoherent,0.0,0.0,0.0
random,42,test/prealgebra/1252.json,12.0,incoherent,0.0,0.0,0.0
random,42,test/prealgebra/1272.json,12.0,incoherent,0.0,0.0,0.0
random,42,test/prealgebra/1423.json,12.0,incoherent,0.0,0.0,0.0
random,42,test/prealgebra/1622.json,12.0,incoherent,0.0,0.0,0.0
random,42,test/prealgebra/1646.json,12.0,incoherent,0.0,0.0,0.0
random,42,test/prealgebra/1787.json,12.0,incoherent,0.0,0.0,0.0
random,42,test/prealgebra/1834.json,12.0,incoherent,0.0,0.0,0.0
random,42,test/prealgebra/1922.json,12.0,incoherent,0.0,0.0,0.0
random,42,test/prealgebra/1961.json,12.0,incoherent,0.0,0.0,0.0
random,42,test/prealgebra/2019.json,12.0,incoherent,0.0,0.0,0.0
random,42,test/prealgebra/2066.json,12.0,incoherent,0.0,0.0,0.0
random,42,test/prealgebra/505.json,12.0,incoherent,0.0,0.0,0.0
random,42,test/prealgebra/65.json,12.0,incoherent,0.0,0.0,0.0
random,42,test/prealgebra/996.json,12.0,incoherent,0.0,0.0,0.0
random,42,test/precalculus/1082.json,12.0,incoherent,0.0,0.0,0.0
random,42,test/precalculus/1105.json,12.0,incoherent,0.0,0.0,0.0
random,42,test/precalculus/1199.json,12.0,incoherent,0.0,0.0,0.0
random,42,test/precalculus/1303.json,12.0,incoherent,0.0,0.0,0.0
random,42,test/precalculus/398.json,12.0,incoherent,0.0,0.0,0.0
random,42,test/precalculus/43.json,12.0,incoherent,0.0,0.0,0.0
random,42,test/precalculus/541.json,12.0,incoherent,0.0,0.0,0.0
random,42,test/precalculus/580.json,12.0,incoherent,0.0,0.0,0.0
random,42,test/precalculus/779.json,12.0,incoherent,0.0,0.0,0.0
random,42,test/precalculus/927.json,12.0,incoherent,0.0,0.0,0.0
random,42,test/precalculus/96.json,12.0,incoherent,0.0,0.0,0.0
random,42,test/precalculus/986.json,12.0,incoherent,0.0,0.0,0.0
random,42,test/algebra/1082.json,12.0,correct,0.0,0.0,0.0
random,42,test/algebra/109.json,12.0,correct,1.0,1.0,0.0
random,42,test/algebra/1098.json,12.0,correct,1.0,1.0,0.0
random,42,test/algebra/1214.json,12.0,correct,1.0,1.0,0.0
random,42,test/algebra/1265.json,12.0,correct,1.0,1.0,0.0
random,42,test/algebra/1282.json,12.0,correct,0.0,0.0,0.0
random,42,test/algebra/1338.json,12.0,correct,1.0,1.0,0.0
random,42,test/algebra/1349.json,12.0,correct,0.0,0.0,0.0
random,42,test/algebra/1553.json,12.0,correct,0.0,1.0,1.0
random,42,test/algebra/1934.json,12.0,correct,1.0,0.0,-1.0
random,42,test/algebra/1960.json,12.0,correct,1.0,1.0,0.0
random,42,test/algebra/2043.json,12.0,correct,1.0,0.0,-1.0
random,42,test/algebra/2046.json,12.0,correct,1.0,0.0,-1.0
random,42,test/algebra/2159.json,12.0,correct,0.0,1.0,1.0
random,42,test/algebra/2264.json,12.0,correct,1.0,1.0,0.0
random,42,test/algebra/2427.json,12.0,correct,0.0,0.0,0.0
random,42,test/algebra/2430.json,12.0,correct,0.0,0.0,0.0
random,42,test/algebra/2476.json,12.0,correct,0.0,0.0,0.0
random,42,test/algebra/2486.json,12.0,correct,1.0,0.0,-1.0
random,42,test/algebra/2570.json,12.0,correct,1.0,1.0,0.0
random,42,test/algebra/2593.json,12.0,correct,1.0,0.0,-1.0
random,42,test/algebra/2735.json,12.0,correct,0.0,1.0,1.0
random,42,test/algebra/2779.json,12.0,correct,1.0,1.0,0.0
random,42,test/algebra/297.json,12.0,correct,0.0,0.0,0.0
random,42,test/algebra/425.json,12.0,correct,1.0,1.0,0.0
random,42,test/algebra/634.json,12.0,correct,0.0,0.0,0.0
random,42,test/algebra/661.json,12.0,correct,1.0,0.0,-1.0
random,42,test/algebra/769.json,12.0,correct,1.0,1.0,0.0
random,42,test/algebra/824.json,12.0,correct,1.0,0.0,-1.0
random,42,test/algebra/892.json,12.0,correct,0.0,0.0,0.0
random,42,test/counting_and_probability/1009.json,12.0,correct,1.0,1.0,0.0
random,42,test/counting_and_probability/1014.json,12.0,correct,1.0,1.0,0.0
random,42,test/counting_and_probability/1060.json,12.0,correct,0.0,0.0,0.0
random,42,test/counting_and_probability/119.json,12.0,correct,0.0,0.0,0.0
random,42,test/counting_and_probability/25149.json,12.0,correct,1.0,0.0,-1.0
random,42,test/counting_and_probability/508.json,12.0,correct,0.0,0.0,0.0
random,42,test/counting_and_probability/525.json,12.0,correct,0.0,0.0,0.0
random,42,test/counting_and_probability/894.json,12.0,correct,1.0,0.0,-1.0
random,42,test/geometry/1140.json,12.0,correct,0.0,0.0,0.0
random,42,test/geometry/254.json,12.0,correct,0.0,1.0,1.0
random,42,test/geometry/456.json,12.0,correct,1.0,1.0,0.0
random,42,test/geometry/465.json,12.0,correct,0.0,0.0,0.0
random,42,test/geometry/538.json,12.0,correct,0.0,0.0,0.0
random,42,test/geometry/561.json,12.0,correct,0.0,0.0,0.0
random,42,test/geometry/615.json,12.0,correct,0.0,0.0,0.0
random,42,test/geometry/711.json,12.0,correct,0.0,0.0,0.0
random,42,test/geometry/795.json,12.0,correct,0.0,1.0,1.0
random,42,test/geometry/843.json,12.0,correct,1.0,1.0,0.0
random,42,test/geometry/846.json,12.0,correct,0.0,0.0,0.0
random,42,test/intermediate_algebra/101.json,12.0,correct,0.0,0.0,0.0
random,42,test/intermediate_algebra/102.json,12.0,correct,0.0,0.0,0.0
random,42,test/intermediate_algebra/1354.json,12.0,correct,0.0,0.0,0.0
random,42,test/intermediate_algebra/1467.json,12.0,correct,0.0,0.0,0.0
random,42,test/intermediate_algebra/1555.json,12.0,correct,0.0,0.0,0.0
random,42,test/intermediate_algebra/1714.json,12.0,correct,1.0,0.0,-1.0
random,42,test/intermediate_algebra/1779.json,12.0,correct,0.0,0.0,0.0
random,42,test/intermediate_algebra/199.json,12.0,correct,0.0,1.0,1.0
random,42,test/intermediate_algebra/1994.json,12.0,correct,0.0,0.0,0.0
random,42,test/intermediate_algebra/2046.json,12.0,correct,0.0,0.0,0.0
random,42,test/intermediate_algebra/345.json,12.0,correct,0.0,0.0,0.0
random,42,test/intermediate_algebra/446.json,12.0,correct,0.0,0.0,0.0
random,42,test/intermediate_algebra/47.json,12.0,correct,0.0,0.0,0.0
random,42,test/intermediate_algebra/607.json,12.0,correct,0.0,0.0,0.0
random,42,test/intermediate_algebra/690.json,12.0,correct,0.0,0.0,0.0
random,42,test/intermediate_algebra/752.json,12.0,correct,0.0,0.0,0.0
random,42,test/intermediate_algebra/894.json,12.0,correct,0.0,0.0,0.0
random,42,test/number_theory/1002.json,12.0,correct,0.0,0.0,0.0
random,42,test/number_theory/149.json,12.0,correct,0.0,1.0,1.0
random,42,test/number_theory/515.json,12.0,correct,1.0,1.0,0.0
random,42,test/prealgebra/1113.json,12.0,correct,1.0,1.0,0.0
random,42,test/prealgebra/1128.json,12.0,correct,0.0,0.0,0.0
random,42,test/prealgebra/1139.json,12.0,correct,0.0,0.0,0.0
random,42,test/prealgebra/1238.json,12.0,correct,1.0,0.0,-1.0
random,42,test/prealgebra/1251.json,12.0,correct,0.0,1.0,1.0
random,42,test/prealgebra/1252.json,12.0,correct,1.0,0.0,-1.0
random,42,test/prealgebra/1272.json,12.0,correct,1.0,0.0,-1.0
random,42,test/prealgebra/1423.json,12.0,correct,0.0,0.0,0.0
random,42,test/prealgebra/1622.json,12.0,correct,0.0,0.0,0.0
random,42,test/prealgebra/1646.json,12.0,correct,0.0,0.0,0.0
random,42,test/prealgebra/1787.json,12.0,correct,1.0,1.0,0.0
random,42,test/prealgebra/1834.json,12.0,correct,0.0,1.0,1.0
random,42,test/prealgebra/1922.json,12.0,correct,0.0,1.0,1.0
random,42,test/prealgebra/1961.json,12.0,correct,0.0,0.0,0.0
random,42,test/prealgebra/2019.json,12.0,correct,1.0,0.0,-1.0
random,42,test/prealgebra/2066.json,12.0,correct,0.0,1.0,1.0
random,42,test/prealgebra/505.json,12.0,correct,1.0,0.0,-1.0
random,42,test/prealgebra/65.json,12.0,correct,0.0,0.0,0.0
random,42,test/prealgebra/996.json,12.0,correct,0.0,1.0,1.0
random,42,test/precalculus/1082.json,12.0,correct,0.0,0.0,0.0
random,42,test/precalculus/1105.json,12.0,correct,0.0,0.0,0.0
random,42,test/precalculus/1199.json,12.0,correct,0.0,0.0,0.0
random,42,test/precalculus/1303.json,12.0,correct,0.0,1.0,1.0
random,42,test/precalculus/398.json,12.0,correct,0.0,0.0,0.0
random,42,test/precalculus/43.json,12.0,correct,0.0,0.0,0.0
random,42,test/precalculus/541.json,12.0,correct,0.0,0.0,0.0
random,42,test/precalculus/580.json,12.0,correct,0.0,0.0,0.0
random,42,test/precalculus/779.json,12.0,correct,1.0,1.0,0.0
random,42,test/precalculus/927.json,12.0,correct,0.0,0.0,0.0
random,42,test/precalculus/96.json,12.0,correct,0.0,0.0,0.0
random,42,test/precalculus/986.json,12.0,correct,0.0,0.0,0.0
