{"auc":0.6796875,"loss":4.8343353271484375,"window_l0":4,"recovery_80":0,"l0":2,"mean_max_cos_sim":0.6797263622283936,"step":64999,"_timestamp":1.7739922612036016e+09,"recovery_90":0,"_wandb":{"runtime":494},"_runtime":494.931261384,"_step":64999}