{"_wandb":{"runtime":14},"recovery_80":0,"loss":8.56262493133545,"_step":999,"_runtime":14.10429048,"window_l0":10,"mean_max_cos_sim":0.18105074763298035,"auc":0.1809793307086614,"recovery_90":0,"_timestamp":1.773984568113754e+09,"l0":2,"step":999}