{"auc":0.25387755102040815,"window_l0":41,"mean_max_cos_sim":0.2536076605319977,"_step":999,"loss":3.09855580329895,"_runtime":4.490854307,"l0":20.5,"_timestamp":1.7739828083930423e+09,"_wandb":{"runtime":4},"step":999,"recovery_90":0,"recovery_80":0}