{"mean_max_cos_sim":0.473936527967453,"_step":64999,"_timestamp":1.7739856179381008e+09,"window_l0":109.0000057220459,"recovery_90":0,"l0":21.80000114440918,"auc":0.4742249015748032,"recovery_80":0,"step":64999,"_runtime":881.194183745,"_wandb":{"runtime":881},"loss":0.057853084057569504}