{"recovery_90":0.7578125,"window_l0":4,"l0":4,"auc":0.7802657480314961,"_timestamp":1.7739926247183666e+09,"recovery_80":0.7578125,"_runtime":357.95926961,"_step":64999,"loss":4.526579856872559,"_wandb":{"runtime":357},"mean_max_cos_sim":0.7804538011550903,"step":64999}