{"_timestamp":1.7740026210027957e+09,"_runtime":249.014188781,"recovery_90":0.0859375,"recovery_80":0.1171875,"window_l0":50,"loss":0.09847522526979446,"l0":50,"step":64999,"mean_max_cos_sim":0.5477640628814697,"_step":64999,"_wandb":{"runtime":249},"auc":0.547736220472441}