{"loss":9.84170913696289,"recovery_90":0.019999999552965164,"_timestamp":1.772670755539044e+09,"_runtime":88.752761581,"auc":0.47183673469387744,"_step":39999,"mean_max_cos_sim":0.4715009927749634,"step":39999,"_wandb":{"runtime":88},"recovery_80":0.019999999552965164}