{"l0":25,"mean_max_cos_sim":0.6779274940490723,"_timestamp":1.773989701341556e+09,"loss":3.7039153575897217,"recovery_90":0.4453125,"_wandb":{"runtime":325},"_runtime":325.243268091,"auc":0.6782726377952756,"recovery_80":0.4921875,"window_l0":25,"_step":64999,"step":64999}