{"auc":0.41999999999999993,"loss":10.99386215209961,"_runtime":79.149494949,"_wandb":{"runtime":79},"recovery_90":0,"step":39999,"mean_max_cos_sim":0.4197289049625397,"_step":39999,"recovery_80":0,"_timestamp":1.772670835718307e+09}