{"_wandb":{"runtime":928},"step":64999,"_timestamp":1.7739935558554175e+09,"_step":64999,"l0":22.200000762939453,"_runtime":928.052544388,"recovery_80":0,"loss":0.030884239822626114,"mean_max_cos_sim":0.4731087386608124,"recovery_90":0,"window_l0":111.00000381469727,"auc":0.4733021653543307}