{"mean_max_cos_sim":0.938880205154419,"step":64999,"auc":0.9366387795275591,"window_l0":18,"_step":64999,"l0":18,"loss":0.5802963972091675,"_wandb":{"runtime":320},"_runtime":320.129277476,"recovery_80":0.875,"_timestamp":1.7740056653058815e+09,"recovery_90":0.8046875}