{"_step":999,"recovery_80":0,"l0":8.5,"loss":2.6335055828094482,"recovery_90":0,"mean_max_cos_sim":0.26549243927001953,"step":999,"_runtime":6.405457106,"auc":0.2644897959183673,"_wandb":{"runtime":6},"_timestamp":1.7739828465023835e+09,"window_l0":17}