{"_wandb":{"runtime":7},"l0":5,"mean_max_cos_sim":0.18113166093826294,"_runtime":7.771300965,"recovery_90":0,"auc":0.1809793307086614,"_timestamp":1.7739845448562477e+09,"window_l0":10,"loss":5.818729400634766,"_step":999,"step":999,"recovery_80":0}