{
  "sweep_value": 0.2,
  "window_size": 2,
  "d_in_single": 64,
  "d_in_window": 128,
  "samples_per_seq_single": 128,
  "samples_per_seq_window": 127,
  "single_position": {
    "mean_r2": 0.3609034778198789,
    "per_component_r2": [
      0.7181311610698623,
      0.15881787188263186,
      0.20576140050714242
    ]
  },
  "window": {
    "mean_r2": 0.37886124876022337,
    "per_component_r2": [
      0.7529407911177324,
      0.16515310497069657,
      0.218489850192241
    ]
  }
}