{
  "sweep_value": 0.2,
  "window_size": 5,
  "d_in_single": 64,
  "d_in_window": 320,
  "samples_per_seq_single": 128,
  "samples_per_seq_window": 124,
  "single_position": {
    "mean_r2": 0.3609034778198789,
    "per_component_r2": [
      0.7181311610698623,
      0.15881787188263186,
      0.20576140050714242
    ]
  },
  "window": {
    "mean_r2": 0.398842386219479,
    "per_component_r2": [
      0.795661014819016,
      0.17247785614999256,
      0.22838828768942843
    ]
  }
}