{
  "sweep_value": 0.2,
  "window_size": 30,
  "d_in_single": 64,
  "d_in_window": 1920,
  "samples_per_seq_single": 128,
  "samples_per_seq_window": 99,
  "single_position": {
    "mean_r2": 0.3609034778198789,
    "per_component_r2": [
      0.7181311610698623,
      0.15881787188263186,
      0.20576140050714242
    ]
  },
  "window": {
    "mean_r2": 0.41742094156170956,
    "per_component_r2": [
      0.8840777356773298,
      0.1557836064665421,
      0.21240148254125668
    ]
  }
}