{
  "sweep_value": 0.2,
  "window_size": 60,
  "d_in_single": 64,
  "d_in_window": 3840,
  "samples_per_seq_single": 128,
  "samples_per_seq_window": 69,
  "single_position": {
    "mean_r2": 0.3609034778198789,
    "per_component_r2": [
      0.7181311610698623,
      0.15881787188263186,
      0.20576140050714242
    ]
  },
  "window": {
    "mean_r2": 0.39918040668409843,
    "per_component_r2": [
      0.9095241452763831,
      0.11239982996165965,
      0.17561724481425223
    ]
  }
}