{
  "sweep_value": 0.2,
  "window_size": 10,
  "d_in_single": 64,
  "d_in_window": 640,
  "samples_per_seq_single": 128,
  "samples_per_seq_window": 119,
  "single_position": {
    "mean_r2": 0.3609034778198789,
    "per_component_r2": [
      0.7181311610698623,
      0.15881787188263186,
      0.20576140050714242
    ]
  },
  "window": {
    "mean_r2": 0.4126688439427779,
    "per_component_r2": [
      0.8311184813353116,
      0.17333388682910822,
      0.23355416366391368
    ]
  }
}