{"_timestamp":1.7726681934921029e+09,"mean_max_cos_sim":0.20915988087654114,"_runtime":90.574162178,"step":39999,"auc":0.2092929292929293,"recovery_80":0,"_step":39999,"_wandb":{"runtime":90},"recovery_90":0,"loss":21.385602951049805}