{"recovery_90":0,"recovery_80":0,"l0":10,"_wandb":{"runtime":13},"mean_max_cos_sim":0.18458285927772522,"loss":6.426944255828857,"_step":999,"_timestamp":1.7739846433153157e+09,"window_l0":50,"_runtime":13.045255965,"step":999,"auc":0.1843011811023622}