{"mean_max_cos_sim":0.356195867061615,"recovery_90":0,"_wandb":{"runtime":88},"loss":11.623781204223633,"_step":39999,"recovery_80":0,"_timestamp":1.7726709253841698e+09,"step":39999,"_runtime":88.412301169,"auc":0.3571428571428571}