{
  "gamma0_no_corr": {
    "cdec": 0.0880725346505642,
    "recovery_global": 0.887313981850942,
    "recovery_local": 0.8859121402104696,
    "recovery_mean": 0.8866130312283834,
    "ve": 0.9267193873723348
  },
  "gamma0_with_corr": {
    "cdec": 0.08265020449956258,
    "recovery_global": 0.7699674367904663,
    "recovery_local": 0.9431538581848145,
    "recovery_mean": 0.8565606276194254,
    "ve": 0.9471291104952494
  },
  "gamma03_no_corr": {
    "cdec": 0.09220687051614125,
    "recovery_global": 0.9440622528394064,
    "recovery_local": 0.7805391947428385,
    "recovery_mean": 0.8623007337252299,
    "ve": 0.9049379428227743
  },
  "gamma03_with_corr": {
    "cdec": 0.09188652286926906,
    "recovery_global": 0.8172995646794637,
    "recovery_local": 0.8322590589523315,
    "recovery_mean": 0.8247793316841125,
    "ve": 0.9086647431055704
  }
}