{
  "sweep_parameter": "delta",
  "sweep_value": 0.2,
  "generator_params": [
    [
      "component_type",
      "process_name",
      "process_params"
    ],
    [
      "component_type",
      "process_name",
      "process_params"
    ],
    [
      "component_type",
      "process_name",
      "process_params"
    ]
  ],
  "transformer": {
    "final_loss": 1.027206301689148,
    "was_loaded": true,
    "eval_resid_l2_mean": 12.024303436279297,
    "config": {
      "n_layers": 3,
      "d_model": 64,
      "n_heads": 2,
      "d_head": 32,
      "d_mlp": 256,
      "n_ctx": 128,
      "act_fn": "gelu",
      "normalization_type": "LN",
      "attention_dir": "causal",
      "default_prepend_bos": false,
      "init_mode": "gpt2",
      "initializer_range": 0.001,
      "probe_layer": 1,
      "probe_hook_name": "blocks.1.hook_resid_post",
      "extract_batch_size": 16,
      "load_if_exists": true,
      "training": {
        "steps": 20000,
        "batch_size": 128,
        "lr": 0.001,
        "data_chunks": 4,
        "data_chunk_size": 5000
      }
    }
  },
  "dense_linear": {
    "per_component_r2": [
      0.6969815910200678,
      0.15605013532815604,
      0.19271177210358525
    ],
    "mean_r2": 0.34858116615060303
  },
  "dense_mlp": null,
  "architectures": {
    "TopK SAE": {
      "best_single_r2": 0.13905782897973518,
      "per_component_best_r2": [
        0.13905782897973518,
        0.03432331856802229,
        0.03345395471538137
      ],
      "linear_mean_r2": 0.3286192580087306,
      "linear_per_component_r2": [
        0.6558555644117711,
        0.1567528237880973,
        0.17324938582632343
      ],
      "sae_final_loss": 44.93755340576172,
      "family": "topk",
      "config": {
        "dict_size": 64,
        "k": 4,
        "sae_steps": 2000,
        "n_sequences": 1000,
        "seq_len": 128
      }
    },
    "TXC": {
      "best_single_r2": 0.4455151965935308,
      "per_component_best_r2": [
        0.4455151965935308,
        0.10753499368007013,
        0.11512361426234685
      ],
      "linear_mean_r2": 0.4230294447691601,
      "linear_per_component_r2": [
        0.8483626380302132,
        0.18426061838707486,
        0.23646507789019233
      ],
      "sae_final_loss": 72.2583236694336,
      "family": "txc",
      "config": {
        "dict_size": 64,
        "k": 1,
        "window_size": 30,
        "temporal_steps": 3000,
        "n_sequences": 1000,
        "seq_len": 128
      }
    },
    "MatryoshkaSAE (no-window)": {
      "best_single_r2": 0.1664262380680651,
      "per_component_best_r2": [
        0.1664262380680651,
        0.024056843522542226,
        0.020682633843633447
      ],
      "linear_mean_r2": 0.21603252677314386,
      "linear_per_component_r2": [
        0.4595347374810437,
        0.07938136853731603,
        0.10918147430107183
      ],
      "sae_final_loss": 93.66378784179688,
      "family": "matsae",
      "config": {
        "dict_size": 128,
        "matryoshka_widths": [
          8,
          16,
          32,
          64,
          128
        ],
        "k": 1,
        "inner_weight": 10.0,
        "sae_steps": 1500,
        "n_sequences": 400,
        "seq_len": 128
      }
    },
    "MatryoshkaTXC": {
      "best_single_r2": 0.41572805902523524,
      "per_component_best_r2": [
        0.41572805902523524,
        0.07205640172583416,
        0.09403483891637099
      ],
      "linear_mean_r2": 0.42385965702215,
      "linear_per_component_r2": [
        0.8930468189789926,
        0.15498993771367708,
        0.2235422143737804
      ],
      "sae_final_loss": 92.81014251708984,
      "family": "mattxc",
      "config": {
        "dict_size": 128,
        "matryoshka_widths": [
          8,
          16,
          32,
          64,
          128
        ],
        "k": 1,
        "fixed_k_total": 10,
        "inner_weight": 10.0,
        "window_size": 60,
        "temporal_steps": 1500,
        "n_sequences": 400,
        "seq_len": 128
      }
    }
  },
  "cell_elapsed_sec": 54.97349214553833
}