{"recovery_90":0,"_runtime":13.165692293,"_timestamp":1.7739827807860718e+09,"auc":0.2506122448979592,"l0":2,"mean_max_cos_sim":0.2503446340560913,"step":999,"recovery_80":0,"_wandb":{"runtime":13},"_step":999,"window_l0":10,"loss":3.129307508468628}