{"_runtime":92.487637214,"_step":39999,"recovery_90":0,"recovery_80":0,"mean_max_cos_sim":0.21922454237937927,"loss":25.305349349975586,"_timestamp":1.772668638484693e+09,"_wandb":{"runtime":92},"auc":0.21909090909090911,"step":39999}