{
  "shortlist": [
    "topk_sae",
    "tsae_paper_k500",
    "tsae_paper_k20",
    "mlc_contrastive_alpha100_batchtopk",
    "agentic_txc_02",
    "phase5b_subseq_h8"
  ],
  "v1_source": "results/case_studies/steering/<arch>/grades.jsonl (Agent C, pre-rubric)",
  "extended_source": "results/case_studies/steering_axbench_extended/<arch>/grades.jsonl (Y, prompt-cached system rubric)",
  "archs": {
    "topk_sae": {
      "label": "TopKSAE (per-token, k=500)",
      "agent_c_v1": {
        "0.5": [
          0.2413793103448276,
          3.0,
          29
        ],
        "1": [
          0.23333333333333334,
          3.0,
          30
        ],
        "2": [
          0.20689655172413793,
          2.9655172413793105,
          29
        ],
        "4": [
          0.36666666666666664,
          2.9,
          30
        ],
        "8": [
          0.43333333333333335,
          2.466666666666667,
          30
        ],
        "12": [
          0.39285714285714285,
          2.4285714285714284,
          28
        ],
        "16": [
          0.5,
          2.1,
          30
        ],
        "24": [
          0.5666666666666667,
          2.066666666666667,
          30
        ]
      },
      "extended_y_rubric": {
        "-100": [
          0.13333333333333333,
          1.2333333333333334,
          30
        ],
        "-50": [
          0.13333333333333333,
          2.066666666666667,
          30
        ],
        "-25": [
          0.2,
          2.2,
          30
        ],
        "-10": [
          0.16666666666666666,
          3.0,
          30
        ],
        "0": [
          0.3333333333333333,
          3.0,
          30
        ],
        "10": [
          0.4,
          2.433333333333333,
          30
        ],
        "25": [
          0.7333333333333333,
          1.8666666666666667,
          30
        ],
        "50": [
          0.9333333333333333,
          1.9666666666666666,
          30
        ],
        "100": [
          0.9333333333333333,
          1.4,
          30
        ]
      },
      "peak_overall_success": [
        0.9333333333333333,
        1.9666666666666666,
        30
      ]
    },
    "tsae_paper_k500": {
      "label": "T-SAE (per-token, k=500)",
      "agent_c_v1": {
        "0.5": [
          0.2222222222222222,
          3.0,
          27
        ],
        "1": [
          0.25,
          3.0,
          28
        ],
        "2": [
          0.2413793103448276,
          3.0,
          29
        ],
        "4": [
          0.2413793103448276,
          2.9310344827586206,
          29
        ],
        "8": [
          0.3448275862068966,
          2.7586206896551726,
          29
        ],
        "12": [
          0.25,
          2.4642857142857144,
          28
        ],
        "16": [
          0.39285714285714285,
          2.392857142857143,
          28
        ],
        "24": [
          0.41379310344827586,
          2.0344827586206895,
          29
        ]
      },
      "extended_y_rubric": {
        "-100": [
          0.06666666666666667,
          1.2666666666666666,
          30
        ],
        "-50": [
          0.1,
          1.3333333333333333,
          30
        ],
        "-25": [
          0.13333333333333333,
          2.5,
          30
        ],
        "-10": [
          0.13333333333333333,
          3.0,
          30
        ],
        "0": [
          0.3333333333333333,
          3.0,
          30
        ],
        "10": [
          0.26666666666666666,
          2.7333333333333334,
          30
        ],
        "25": [
          0.3,
          2.2,
          30
        ],
        "50": [
          1.0666666666666667,
          1.6,
          30
        ],
        "100": [
          1.1666666666666667,
          1.3666666666666667,
          30
        ]
      },
      "peak_overall_success": [
        1.1666666666666667,
        1.3666666666666667,
        30
      ]
    },
    "tsae_paper_k20": {
      "label": "T-SAE (per-token, k=20)",
      "agent_c_v1": {
        "0.5": [
          0.23333333333333334,
          3.0,
          30
        ],
        "1": [
          0.2413793103448276,
          3.0,
          29
        ],
        "2": [
          0.23333333333333334,
          3.0,
          30
        ],
        "4": [
          0.2962962962962963,
          2.925925925925926,
          27
        ],
        "8": [
          0.27586206896551724,
          2.793103448275862,
          29
        ],
        "12": [
          0.32142857142857145,
          2.7857142857142856,
          28
        ],
        "16": [
          0.4230769230769231,
          2.3076923076923075,
          26
        ],
        "24": [
          0.35714285714285715,
          1.7857142857142858,
          28
        ]
      },
      "extended_y_rubric": {
        "-100": [
          0.03333333333333333,
          1.2333333333333334,
          30
        ],
        "-50": [
          0.13333333333333333,
          1.9,
          30
        ],
        "-25": [
          0.1,
          2.2,
          30
        ],
        "-10": [
          0.13333333333333333,
          2.9,
          30
        ],
        "0": [
          0.3333333333333333,
          3.0,
          30
        ],
        "10": [
          0.23333333333333334,
          2.8,
          30
        ],
        "25": [
          0.4666666666666667,
          1.8,
          30
        ],
        "50": [
          1.0,
          1.7,
          30
        ],
        "100": [
          1.6333333333333333,
          1.1666666666666667,
          30
        ]
      },
      "peak_overall_success": [
        1.6333333333333333,
        1.1666666666666667,
        30
      ]
    },
    "mlc_contrastive_alpha100_batchtopk": {
      "label": "MLC contrastive (5-layer)",
      "agent_c_v1": {
        "0.5": [
          0.2413793103448276,
          3.0,
          29
        ],
        "1": [
          0.2413793103448276,
          3.0,
          29
        ],
        "2": [
          0.2,
          3.0,
          30
        ],
        "4": [
          0.23333333333333334,
          2.933333333333333,
          30
        ],
        "8": [
          0.3793103448275862,
          2.9310344827586206,
          29
        ],
        "12": [
          0.2857142857142857,
          2.5,
          28
        ],
        "16": [
          0.3333333333333333,
          2.6333333333333333,
          30
        ],
        "24": [
          0.41379310344827586,
          1.9655172413793103,
          29
        ]
      },
      "extended_y_rubric": {
        "-100": [
          0.16666666666666666,
          1.2666666666666666,
          30
        ],
        "-50": [
          0.23333333333333334,
          1.4666666666666666,
          30
        ],
        "-25": [
          0.2,
          1.9,
          30
        ],
        "-10": [
          0.23333333333333334,
          2.8666666666666667,
          30
        ],
        "0": [
          0.3333333333333333,
          3.0,
          30
        ],
        "10": [
          0.26666666666666666,
          2.8333333333333335,
          30
        ],
        "25": [
          0.4666666666666667,
          2.2666666666666666,
          30
        ],
        "50": [
          0.5333333333333333,
          1.9333333333333333,
          30
        ],
        "100": [
          0.7,
          1.3333333333333333,
          30
        ]
      },
      "peak_overall_success": [
        0.7,
        1.3333333333333333,
        30
      ]
    },
    "agentic_txc_02": {
      "label": "TXC matryoshka (T=5)",
      "agent_c_v1": {
        "0.5": [
          0.25925925925925924,
          3.0,
          27
        ],
        "1": [
          0.21428571428571427,
          3.0,
          28
        ],
        "2": [
          0.25,
          3.0,
          28
        ],
        "4": [
          0.3,
          2.933333333333333,
          30
        ],