{"step":39999,"loss":6.015120506286621,"recovery_80":0,"_step":39999,"mean_max_cos_sim":0.4854939579963684,"auc":0.48612244897959184,"recovery_90":0,"_timestamp":1.7726705409343486e+09,"_runtime":80.325345296,"_wandb":{"runtime":80}}