{"recovery_80":0.0078125,"_runtime":441.964501228,"l0":7.5,"mean_max_cos_sim":0.70960932970047,"auc":0.708230807086614,"_wandb":{"runtime":441},"step":64999,"_step":64999,"loss":0.6449307799339294,"window_l0":15,"_timestamp":1.7739963790071535e+09,"recovery_90":0.0078125}