{"recovery_90":0,"auc":0.4787770669291338,"loss":0.05669096112251282,"l0":9,"_wandb":{"runtime":746},"_timestamp":1.7740033706262608e+09,"step":64999,"window_l0":45,"_runtime":746.726212371,"_step":64999,"recovery_80":0,"mean_max_cos_sim":0.47883257269859314}