{"l0":4,"recovery_90":0.8828125,"mean_max_cos_sim":0.8961260318756104,"loss":2.5205554962158203,"_wandb":{"runtime":338},"_runtime":338.554643728,"window_l0":4,"_step":64999,"_timestamp":1.774000769959021e+09,"step":64999,"auc":0.896345964566929,"recovery_80":0.8828125}