{
  "sweep_value": 0.1,
  "window_size": 20,
  "d_in_single": 64,
  "d_in_window": 1280,
  "samples_per_seq_single": 128,
  "samples_per_seq_window": 109,
  "single_position": {
    "mean_r2": 0.02630183019329128,
    "per_component_r2": [
      0.05749951986389745,
      0.002790853072860755,
      0.01861511764311563
    ]
  },
  "window": {
    "mean_r2": 0.08025957680683486,
    "per_component_r2": [
      0.2128483381851477,
      -0.022499291560355683,
      0.050429683795712554
    ]
  }
}