{
  "sweep_value": 0.1,
  "window_size": 5,
  "d_in_single": 64,
  "d_in_window": 320,
  "samples_per_seq_single": 128,
  "samples_per_seq_window": 124,
  "single_position": {
    "mean_r2": 0.02630183019329128,
    "per_component_r2": [
      0.05749951986389745,
      0.002790853072860755,
      0.01861511764311563
    ]
  },
  "window": {
    "mean_r2": 0.060406437810556546,
    "per_component_r2": [
      0.13263280663526833,
      0.006944754050796309,
      0.041641752745605
    ]
  }
}