{
  "sweep_value": 0.1,
  "window_size": 60,
  "d_in_single": 64,
  "d_in_window": 3840,
  "samples_per_seq_single": 128,
  "samples_per_seq_window": 69,
  "single_position": {
    "mean_r2": 0.02630183019329128,
    "per_component_r2": [
      0.05749951986389745,
      0.002790853072860755,
      0.01861511764311563
    ]
  },
  "window": {
    "mean_r2": 0.008127268127567736,
    "per_component_r2": [
      0.23667389015489737,
      -0.173978023327078,
      -0.03831406244511615
    ]
  }
}