{
  "sweep_value": 0.1,
  "window_size": 30,
  "d_in_single": 64,
  "d_in_window": 1920,
  "samples_per_seq_single": 128,
  "samples_per_seq_window": 99,
  "single_position": {
    "mean_r2": 0.02630183019329128,
    "per_component_r2": [
      0.05749951986389745,
      0.002790853072860755,
      0.01861511764311563
    ]
  },
  "window": {
    "mean_r2": 0.07459104545367101,
    "per_component_r2": [
      0.23299164691049168,
      -0.048381489259542665,
      0.03916297871006402
    ]
  }
}