{
  "n_top_span": 100,
  "min_spans_required": 20,
  "n_reliable": {
    "stacked": 4889,
    "txcdr": 1825,
    "tfa_pred": 7634
  },
  "top_span_mean": {
    "stacked": 7.673692226409912,
    "txcdr": 17.120685577392578,
    "tfa_pred": 38.08786392211914
  },
  "top_span_max": {
    "stacked": 102.78701782226562,
    "txcdr": 89.72779846191406,
    "tfa_pred": 70.56027221679688
  },
  "alignment": {
    "txcdr_to_tfa": {
      "highspan_median": 0.11413376778364182,
      "highspan_p90": 0.16946923583745957,
      "highspan_fracge0.3": 0.0,
      "highspan_fracge0.5": 0.0,
      "random_median": 0.07748818397521973,
      "random_p90": 0.12872974127531067,
      "random_fracge0.3": 0.02,
      "random_fracge0.5": 0.0
    },
    "txcdr_to_stacked": {
      "highspan_median": 0.16729706525802612,
      "highspan_p90": 0.23108235895633705,
      "highspan_fracge0.3": 0.03,
      "highspan_fracge0.5": 0.0,
      "random_median": 0.07018351554870605,
      "random_p90": 0.14096425622701655,
      "random_fracge0.3": 0.01,
      "random_fracge0.5": 0.0
    },
    "tfa_to_stacked": {
      "highspan_median": 0.10293634980916977,
      "highspan_p90": 0.12165419980883599,
      "highspan_fracge0.3": 0.0,
      "highspan_fracge0.5": 0.0,
      "random_median": 0.06163318455219269,
      "random_p90": 0.07982115149497986,
      "random_fracge0.3": 0.0,
      "random_fracge0.5": 0.0
    },
    "tfa_to_txcdr": {
      "highspan_median": 0.17581456899642944,
      "highspan_p90": 0.1977407902479172,
      "highspan_fracge0.3": 0.0,
      "highspan_fracge0.5": 0.0,
      "random_median": 0.1209762841463089,
      "random_p90": 0.20135169625282287,
      "random_fracge0.3": 0.01,
      "random_fracge0.5": 0.0
    },
    "stacked_to_txcdr": {
      "highspan_median": 0.07610707730054855,
      "highspan_p90": 0.24120239913463604,
      "highspan_fracge0.3": 0.03,
      "highspan_fracge0.5": 0.0,
      "random_median": 0.06756861507892609,
      "random_p90": 0.12221896275877957,
      "random_fracge0.3": 0.01,
      "random_fracge0.5": 0.0
    },
    "stacked_to_tfa": {
      "highspan_median": 0.059229232370853424,
      "highspan_p90": 0.09972334206104279,
      "highspan_fracge0.3": 0.0,
      "highspan_fracge0.5": 0.0,
      "random_median": 0.06071212515234947,
      "random_p90": 0.07688271403312684,
      "random_fracge0.3": 0.0,
      "random_fracge0.5": 0.0
    }
  },
  "cofiring": {
    "txcdr_highspan_best_tfa_median": 0.2568178176879883,
    "txcdr_highspan_best_tfa_p90": 0.44138116538524635,
    "txcdr_highspan_best_stacked_median": 0.27066734433174133,
    "txcdr_highspan_best_stacked_p90": 0.5048072814941407,
    "random_ctrl_median": 0.09069477021694183,
    "random_ctrl_p90": 0.19047793447971345
  },
  "feature_indices": {
    "top_span_stacked": [
      12990,
      3279,
      17208,
      4864,
      5130,
      14322,
      11366,
      6375,
      14966,
      11878,
      6805,
      6349,
      15339,
      10409,
      13462,
      7459,
      4250,
      17271,
      3140,
      10985,
      4362,
      4330,
      2987,
      11122,
      15212,
      7896,
      11017,
      3321,
      16989,
      848,
      15997,
      11174,
      5830,
      6837,
      11225,
      9644,
      3229,
      13765,
      16277,
      4854,
      16076,
      15586,
      7152,
      5358,
      3973,
      5796,
      16382,
      1143,
      16430,
      10129,
      231,
      3959,
      9864,
      15361,
      16192,
      3892,
      1388,
      1942,
      17185,
      2853,
      6242,
      3557,
      4418,
      9451,
      1697,
      8647,
      3460,
      1799,
      13688,
      8785,
      17425,
      16023,
      7086,
      4460,
      7882,
      11323,
      8167,
      6264,
      8574,
      17244,
      8421,
      6473,
      11229,
      6192,
      10539,
      578,
      13779,
      15398,
      2364,
      1422,
      10590,
      18283,
      10740,
      488,
      10324,
      16691,
      16352,
      4758,
      4282,
      17654
    ],
    "top_span_txcdr": [
      14562,
      300,
      9251,
      5771,
      17925,
      7340,
      2732,
      18219,
      4947,
      923,
      15379,
      10430,
      5578,
      17157,
      14710,
      6646,
      17020,
      7051,
      2045,
      1214,
      9716,
      16434,
      17781,
      11447,
      1293,
      6401,
      5239,
      3639,
      6288,
      5103,
      6228,
      5108,
      15381,
      1722,
      11187,
      14288,
      10661,
      1790,
      10958,
      1503,
      7176,
      4908,
      8655,
      4360,
      757,
      16156,
      3138,
      1183,
      13183,
      11386,
      13263,
      7074,
      8016,
      14573,
      17967,
      11307,
      1868,
      3751,
      2656,
      1022,
      2609,
      9383,
      17480,
      12986,
      13798,
      4098,
      7066,
      18390,
      8435,
      16726,
      7012,
      17275,
      13031,
      919,
      9996,
      13509,
      2088,
      12619,
      17018,
      2625,
      12279,
      14652,
      14929,
      17186,
      12695,
      8165,
      1001,
      428,
      3058,
      7109,
      12324,
      12580,
      10016,
      15923,
      7677,
      6813,
      7006,
      16341,
      16933,
      10321
    ],
    "top_span_tfa_pred": [
      17996,
      1579,
      16973,
      10225,
      17098,
      347,
      2175,
      9374,
      15410,
      10180,
      18203,
      7287,
      11209,
      4849,
      13011,
      6271,
      12231,
      3715,
      13415,
      17461,
      1969,
      1977,
      12648,
      8171,
      10702,
      2037,
      4867,
      9490,
      571,
      7957,
      1099,
      17087,
      12402,
      6370,
      17416,
      1972,
      13732,
      16964,
      13714,
      5588,
      8553,
      4792,
      9058,
      4265,
      10787,
      15878,
      6219,
      14772,
      8554,
      13375,
      12991,
      8099,
      5003,
      14950,
      13154,
      14623,
      16663,
      5270,
      13876,
      196,
      9365,
      1777,
      1776,
      12335,
      9722,
      11843,
      3498,
      3281,
      17293,
      5767,
      13769,
      4954,
      12933,
      6975,
      11826,
      4027,
      13902,
      16664,
      10213,
      3071,
      1762,
      5627,
      16462,
      10192,
      3569,
      1368,
      7095,
      15206,
      8722,
      41,
      1157,
      6785,
      13581,
      16790,
      17360,
      6235,
      6497,
      18248,
      4941,
      741
    ]
  }
}