arch,d_sae,comparison_role,seed,train_key,view,probe_mode,S,mean_fold_average_precision,mean_fold_roc_auc,pooled_oof_average_precision,pooled_oof_roc_auc,candidate_features,mean_l0,n_questions,n_prompt_groups,n_sentences,training_protocol,status,convergence_warning_count,source_path,source_sha256,checkpoint_sha256,evaluator_sha256
stacked_sae,32768,32K core,1,2e88b1c651f92200,position_identity,matched_scaled_C1,1,0.12819284588860647,0.5028867301047658,0.11941368258776004,0.46712821615515576,163840,100.0,300,213,25204,c7-camera-ready-300k-v1,complete,0,cells/stacked_sae_d32768_seed1/detection.json,8d4c1a2a6e6d2d50d744cac45042e5796bd6750ba26dc78a2f6faa6afb9abd2d,90dda9b26a3fd9066e01871f9ab22663c178c3ecef2a8a5bf9dbe8271d0c5401,1d2c6c0971fc5ceb7646fdfeaf988e89b1d385b815af86e909a6a39a6c7930b8
stacked_sae,32768,32K core,1,2e88b1c651f92200,position_identity,matched_scaled_C1,2,0.1285478947955665,0.5033826936608806,0.12046309900427553,0.47078275525260566,163840,100.0,300,213,25204,c7-camera-ready-300k-v1,complete,0,cells/stacked_sae_d32768_seed1/detection.json,8d4c1a2a6e6d2d50d744cac45042e5796bd6750ba26dc78a2f6faa6afb9abd2d,90dda9b26a3fd9066e01871f9ab22663c178c3ecef2a8a5bf9dbe8271d0c5401,1d2c6c0971fc5ceb7646fdfeaf988e89b1d385b815af86e909a6a39a6c7930b8
stacked_sae,32768,32K core,1,2e88b1c651f92200,position_identity,matched_scaled_C1,4,0.13104707037104776,0.5086482124039979,0.12616586934960086,0.48057942043063395,163840,100.0,300,213,25204,c7-camera-ready-300k-v1,complete,0,cells/stacked_sae_d32768_seed1/detection.json,8d4c1a2a6e6d2d50d744cac45042e5796bd6750ba26dc78a2f6faa6afb9abd2d,90dda9b26a3fd9066e01871f9ab22663c178c3ecef2a8a5bf9dbe8271d0c5401,1d2c6c0971fc5ceb7646fdfeaf988e89b1d385b815af86e909a6a39a6c7930b8
stacked_sae,32768,32K core,1,2e88b1c651f92200,position_identity,matched_scaled_C1,8,0.13265960475110222,0.5110622229991376,0.1285060683462502,0.48488544466142713,163840,100.0,300,213,25204,c7-camera-ready-300k-v1,complete,0,cells/stacked_sae_d32768_seed1/detection.json,8d4c1a2a6e6d2d50d744cac45042e5796bd6750ba26dc78a2f6faa6afb9abd2d,90dda9b26a3fd9066e01871f9ab22663c178c3ecef2a8a5bf9dbe8271d0c5401,1d2c6c0971fc5ceb7646fdfeaf988e89b1d385b815af86e909a6a39a6c7930b8
stacked_sae,32768,32K core,1,2e88b1c651f92200,position_identity,matched_scaled_C1,16,0.1372683282961634,0.5158571283648248,0.13550636751122228,0.4966928098481839,163840,100.0,300,213,25204,c7-camera-ready-300k-v1,complete,0,cells/stacked_sae_d32768_seed1/detection.json,8d4c1a2a6e6d2d50d744cac45042e5796bd6750ba26dc78a2f6faa6afb9abd2d,90dda9b26a3fd9066e01871f9ab22663c178c3ecef2a8a5bf9dbe8271d0c5401,1d2c6c0971fc5ceb7646fdfeaf988e89b1d385b815af86e909a6a39a6c7930b8
stacked_sae,32768,32K core,1,2e88b1c651f92200,position_identity,matched_scaled_C1,32,0.1426486314135848,0.5193384883261026,0.13927947468735208,0.5010166920107522,163840,100.0,300,213,25204,c7-camera-ready-300k-v1,complete,0,cells/stacked_sae_d32768_seed1/detection.json,8d4c1a2a6e6d2d50d744cac45042e5796bd6750ba26dc78a2f6faa6afb9abd2d,90dda9b26a3fd9066e01871f9ab22663c178c3ecef2a8a5bf9dbe8271d0c5401,1d2c6c0971fc5ceb7646fdfeaf988e89b1d385b815af86e909a6a39a6c7930b8
stacked_sae,32768,32K core,2,dddf8154721573b0,position_identity,matched_scaled_C1,1,0.12757973415618484,0.5022787269279886,0.11894334275222292,0.46644517532600926,163840,100.0,300,213,25204,c7-camera-ready-300k-v1,complete,0,cells/stacked_sae_d32768_seed2/detection.json,1da45132a4df0a233154218eedcae951ec836c734f0cbc59eedbb10e08641207,f9989a633cc6b67dac22a75a64668e31de86bc3cb744c8d9e74f983424718829,1d2c6c0971fc5ceb7646fdfeaf988e89b1d385b815af86e909a6a39a6c7930b8
stacked_sae,32768,32K core,2,dddf8154721573b0,position_identity,matched_scaled_C1,2,0.1292028422862019,0.5035970533836606,0.12168280627309022,0.47177045497556425,163840,100.0,300,213,25204,c7-camera-ready-300k-v1,complete,0,cells/stacked_sae_d32768_seed2/detection.json,1da45132a4df0a233154218eedcae951ec836c734f0cbc59eedbb10e08641207,f9989a633cc6b67dac22a75a64668e31de86bc3cb744c8d9e74f983424718829,1d2c6c0971fc5ceb7646fdfeaf988e89b1d385b815af86e909a6a39a6c7930b8
stacked_sae,32768,32K core,2,dddf8154721573b0,position_identity,matched_scaled_C1,4,0.12968971113603628,0.5041047915380575,0.12209663595113099,0.4724664488915516,163840,100.0,300,213,25204,c7-camera-ready-300k-v1,complete,0,cells/stacked_sae_d32768_seed2/detection.json,1da45132a4df0a233154218eedcae951ec836c734f0cbc59eedbb10e08641207,f9989a633cc6b67dac22a75a64668e31de86bc3cb744c8d9e74f983424718829,1d2c6c0971fc5ceb7646fdfeaf988e89b1d385b815af86e909a6a39a6c7930b8
stacked_sae,32768,32K core,2,dddf8154721573b0,position_identity,matched_scaled_C1,8,0.1352529471096743,0.511842019483858,0.1318923246178245,0.4890850230166114,163840,100.0,300,213,25204,c7-camera-ready-300k-v1,complete,0,cells/stacked_sae_d32768_seed2/detection.json,1da45132a4df0a233154218eedcae951ec836c734f0cbc59eedbb10e08641207,f9989a633cc6b67dac22a75a64668e31de86bc3cb744c8d9e74f983424718829,1d2c6c0971fc5ceb7646fdfeaf988e89b1d385b815af86e909a6a39a6c7930b8
stacked_sae,32768,32K core,2,dddf8154721573b0,position_identity,matched_scaled_C1,16,0.14601405111227778,0.5270482229384003,0.13940152027247793,0.5015286504165216,163840,100.0,300,213,25204,c7-camera-ready-300k-v1,complete,0,cells/stacked_sae_d32768_seed2/detection.json,1da45132a4df0a233154218eedcae951ec836c734f0cbc59eedbb10e08641207,f9989a633cc6b67dac22a75a64668e31de86bc3cb744c8d9e74f983424718829,1d2c6c0971fc5ceb7646fdfeaf988e89b1d385b815af86e909a6a39a6c7930b8
stacked_sae,32768,32K core,2,dddf8154721573b0,position_identity,matched_scaled_C1,32,0.15159519966187257,0.5355816682000328,0.1485187717558902,0.5182660936375711,163840,100.0,300,213,25204,c7-camera-ready-300k-v1,complete,0,cells/stacked_sae_d32768_seed2/detection.json,1da45132a4df0a233154218eedcae951ec836c734f0cbc59eedbb10e08641207,f9989a633cc6b67dac22a75a64668e31de86bc3cb744c8d9e74f983424718829,1d2c6c0971fc5ceb7646fdfeaf988e89b1d385b815af86e909a6a39a6c7930b8
stacked_sae,32768,32K core,42,26e69fdc60452c27,position_identity,matched_scaled_C1,1,0.12813730813720944,0.5044932010747541,0.12160985591769831,0.47350339755386434,163840,100.0,300,213,25204,c7-camera-ready-300k-v1,complete,0,cells/stacked_sae_d32768_seed42/detection.json,6f585a7974dca01c27f80524c26482662b2b72dc32fe311611700b95dfd6f68d,7f29eae9089151f9567e72197072b3dcf85d43be30a1af523ffcc64a433ae396,1d2c6c0971fc5ceb7646fdfeaf988e89b1d385b815af86e909a6a39a6c7930b8
stacked_sae,32768,32K core,42,26e69fdc60452c27,position_identity,matched_scaled_C1,2,0.13080721879886875,0.5085341552428726,0.12585010002210467,0.482020571277672,163840,100.0,300,213,25204,c7-camera-ready-300k-v1,complete,0,cells/stacked_sae_d32768_seed42/detection.json,6f585a7974dca01c27f80524c26482662b2b72dc32fe311611700b95dfd6f68d,7f29eae9089151f9567e72197072b3dcf85d43be30a1af523ffcc64a433ae396,1d2c6c0971fc5ceb7646fdfeaf988e89b1d385b815af86e909a6a39a6c7930b8
stacked_sae,32768,32K core,42,26e69fdc60452c27,position_identity,matched_scaled_C1,4,0.13223272155502847,0.5111510210548873,0.12851799476783463,0.48664705015107285,163840,100.0,300,213,25204,c7-camera-ready-300k-v1,complete,0,cells/stacked_sae_d32768_seed42/detection.json,6f585a7974dca01c27f80524c26482662b2b72dc32fe311611700b95dfd6f68d,7f29eae9089151f9567e72197072b3dcf85d43be30a1af523ffcc64a433ae396,1d2c6c0971fc5ceb7646fdfeaf988e89b1d385b815af86e909a6a39a6c7930b8
stacked_sae,32768,32K core,42,26e69fdc60452c27,position_identity,matched_scaled_C1,8,0.1366337790342432,0.5146315762541517,0.13425914570051792,0.49438320071277064,163840,100.0,300,213,25204,c7-camera-ready-300k-v1,complete,0,cells/stacked_sae_d32768_seed42/detection.json,6f585a7974dca01c27f80524c26482662b2b72dc32fe311611700b95dfd6f68d,7f29eae9089151f9567e72197072b3dcf85d43be30a1af523ffcc64a433ae396,1d2c6c0971fc5ceb7646fdfeaf988e89b1d385b815af86e909a6a39a6c7930b8
stacked_sae,32768,32K core,42,26e69fdc60452c27,position_identity,matched_scaled_C1,16,0.1375403744579055,0.5107792152470758,0.13575541055816856,0.4939748670017285,163840,100.0,300,213,25204,c7-camera-ready-300k-v1,complete,0,cells/stacked_sae_d32768_seed42/detection.json,6f585a7974dca01c27f80524c26482662b2b72dc32fe311611700b95dfd6f68d,7f29eae9089151f9567e72197072b3dcf85d43be30a1af523ffcc64a433ae396,1d2c6c0971fc5ceb7646fdfeaf988e89b1d385b815af86e909a6a39a6c7930b8
stacked_sae,32768,32K core,42,26e69fdc60452c27,position_identity,matched_scaled_C1,32,0.17595056209161614,0.5860767300625965,0.17643368479008373,0.5784632411945682,163840,100.0,300,213,25204,c7-camera-ready-300k-v1,complete,0,cells/stacked_sae_d32768_seed42/detection.json,6f585a7974dca01c27f80524c26482662b2b72dc32fe311611700b95dfd6f68d,7f29eae9089151f9567e72197072b3dcf85d43be30a1af523ffcc64a433ae396,1d2c6c0971fc5ceb7646fdfeaf988e89b1d385b815af86e909a6a39a6c7930b8
topk_sae,32768,32K core,1,dee41c8155a25b4a,last,matched_scaled_C1,1,0.13016655879450362,0.5043020761639021,0.12088344425679276,0.4694063626794144,32768,20.0,300,213,25204,c7-camera-ready-300k-v1,complete,0,cells/topk_sae_d32768_seed1/detection.json,bffddf4f5b292ba2d68d3a82e6cb8ced64e3338b160e51a706eaaca442dd74b8,dc08e4296cd5e057bbea2ce6ba9a4e84209a48d207e45cefa0e5cf5eb2fd2735,1d2c6c0971fc5ceb7646fdfeaf988e89b1d385b815af86e909a6a39a6c7930b8
topk_sae,32768,32K core,1,dee41c8155a25b4a,last,matched_scaled_C1,2,0.13205883861486964,0.5076654973936505,0.12535856761307876,0.4778362588048233,32768,20.0,300,213,25204,c7-camera-ready-300k-v1,complete,0,cells/topk_sae_d32768_seed1/detection.json,bffddf4f5b292ba2d68d3a82e6cb8ced64e3338b160e51a706eaaca442dd74b8,dc08e4296cd5e057bbea2ce6ba9a4e84209a48d207e45cefa0e5cf5eb2fd2735,1d2c6c0971fc5ceb7646fdfeaf988e89b1d385b815af86e909a6a39a6c7930b8
topk_sae,32768,32K core,1,dee41c8155a25b4a,last,matched_scaled_C1,4,0.13336948014800742,0.5114432260304629,0.12867224498586807,0.48565021381185713,32768,20.0,300,213,25204,c7-camera-ready-300k-v1,complete,0,cells/topk_sae_d32768_seed1/detection.json,bffddf4f5b292ba2d68d3a82e6cb8ced64e3338b160e51a706eaaca442dd74b8,dc08e4296cd5e057bbea2ce6ba9a4e84209a48d207e45cefa0e5cf5eb2fd2735,1d2c6c0971fc5ceb7646fdfeaf988e89b1d385b815af86e909a6a39a6c7930b8
topk_sae,32768,32K core,1,dee41c8155a25b4a,last,matched_scaled_C1,8,0.1400679728787188,0.525147371361574,0.1402007411527364,0.507032222969525,32768,20.0,300,213,25204,c7-camera-ready-300k-v1,complete,0,cells/topk_sae_d32768_seed1/detection.json,bffddf4f5b292ba2d68d3a82e6cb8ced64e3338b160e51a706eaaca442dd74b8,dc08e4296cd5e057bbea2ce6ba9a4e84209a48d207e45cefa0e5cf5eb2fd2735,1d2c6c0971fc5ceb7646fdfeaf988e89b1d385b815af86e909a6a39a6c7930b8
topk_sae,32768,32K core,1,dee41c8155a25b4a,last,matched_scaled_C1,16,0.17516266226319227,0.563228567381629,0.17487697534351274,0.5343561832515943,32768,20.0,300,213,25204,c7-camera-ready-300k-v1,complete,0,cells/topk_sae_d32768_seed1/detection.json,bffddf4f5b292ba2d68d3a82e6cb8ced64e3338b160e51a706eaaca442dd74b8,dc08e4296cd5e057bbea2ce6ba9a4e84209a48d207e45cefa0e5cf5eb2fd2735,1d2c6c0971fc5ceb7646fdfeaf988e89b1d385b815af86e909a6a39a6c7930b8
topk_sae,32768,32K core,1,dee41c8155a25b4a,last,matched_scaled_C1,32,0.19755077042861452,0.5884793383409349,0.19721947933917822,0.5653047308554057,32768,20.0,300,213,25204,c7-camera-ready-300k-v1,complete,0,cells/topk_sae_d32768_seed1/detection.json,bffddf4f5b292ba2d68d3a82e6cb8ced64e3338b160e51a706eaaca442dd74b8,dc08e4296cd5e057bbea2ce6ba9a4e84209a48d207e45cefa0e5cf5eb2fd2735,1d2c6c0971fc5ceb7646fdfeaf988e89b1d385b815af86e909a6a39a6c7930b8
topk_sae,32768,32K core,1,dee41c8155a25b4a,max,matched_scaled_C1,1,0.13454497788821235,0.514610702556495,0.12980422434464894,0.49000920320758234,32768,70.16945722901127,300,213,25204,c7-camera-ready-300k-v1,complete,0,cells/topk_sae_d32768_seed1/detection.json,bffddf4f5b292ba2d68d3a82e6cb8ced64e3338b160e51a706eaaca442dd74b8,dc08e4296cd5e057bbea2ce6ba9a4e84209a48d207e45cefa0e5cf5eb2fd2735,1d2c6c0971fc5ceb7646fdfeaf988e89b1d385b815af86e909a6a39a6c7930b8
topk_sae,32768,32K core,1,dee41c8155a25b4a,max,matched_scaled_C1,2,0.13550726045665845,0.5157884943190292,0.13196430445055005,0.4923318656748426,32768,70.16945722901127,300,213,25204,c7-camera-ready-300k-v1,complete,0,cells/topk_sae_d32768_seed1/detection.json,bffddf4f5b292ba2d68d3a82e6cb8ced64e3338b160e51a706eaaca442dd74b8,dc08e4296cd5e057bbea2ce6ba9a4e84209a48d207e45cefa0e5cf5eb2fd2735,1d2c6c0971fc5ceb7646fdfeaf988e89b1d385b815af86e909a6a39a6c7930b8
topk_sae,32768,32K core,1,dee41c8155a25b4a,max,matched_scaled_C1,4,0.14246752732110957,0.530620615080579,0.14072493671532277,0.5152795299769444,32768,70.16945722901127,300,213,25204,c7-camera-ready-300k-v1,complete,0,cells/topk_sae_d32768_seed1/detection.json,bffddf4f5b292ba2d68d3a82e6cb8ced64e3338b160e51a706eaaca442dd74b8,dc08e4296cd5e057bbea2ce6ba9a4e84209a48d207e45cefa0e5cf5eb2fd2735,1d2c6c0971fc5ceb7646fdfeaf988e89b1d385b815af86e909a6a39a6c7930b8
topk_sae,32768,32K core,1,dee41c8155a25b4a,max,matched_scaled_C1,8,0.15966478839906498,0.5661910065848947,0.16043694929236837,0.5494044623205159,32768,70.16945722901127,300,213,25204,c7-camera-ready-300k-v1,complete,0,cells/topk_sae_d32768_seed1/detection.json,bffddf4f5b292ba2d68d3a82e6cb8ced64e3338b160e51a706eaaca442dd74b8,dc08e4296cd5e057bbea2ce6ba9a4e84209a48d207e45cefa0e5cf5eb2fd2735,1d2c6c0971fc5ceb7646fdfeaf988e89b1d385b815af86e909a6a39a6c7930b8
topk_sae,32768,32K core,1,dee41c8155a25b4a,max,matched_scaled_C1,16,0.20124514743161584,0.6051663673408083,0.19572670210599125,0.5747166843420093,32768,70.16945722901127,300,213,25204,c7-camera-ready-300k-v1,complete,0,cells/topk_sae_d32768_seed1/detection.json,bffddf4f5b292ba2d68d3a82e6cb8ced64e3338b160e51a706eaaca442dd74b8,dc08e4296cd5e057bbea2ce6ba9a4e84209a48d207e45cefa0e5cf5eb2fd2735,1d2c6c0971fc5ceb7646fdfeaf988e89b1d385b815af86e909a6a39a6c7930b8
topk_sae,32768,32K core,1,dee41c8155a25b4a,max,matched_scaled_C1,32,0.23028912242110477,0.6429132931511126,0.22359805594288276,0.62404080745061,32768,70.16945722901127,300,213,25204,c7-camera-ready-300k-v1,complete,0,cells/topk_sae_d32768_seed1/detection.json,bffddf4f5b292ba2d68d3a82e6cb8ced64e3338b160e51a706eaaca442dd74b8,dc08e4296cd5e057bbea2ce6ba9a4e84209a48d207e45cefa0e5cf5eb2fd2735,1d2c6c0971fc5ceb7646fdfeaf988e89b1d385b815af86e909a6a39a6c7930b8
topk_sae,32768,32K core,1,dee41c8155a25b4a,mean,matched_scaled_C1,1,0.13385957777304497,0.514567213086527,0.12914024382259676,0.4899150301848453,32768,70.16945722901127,300,213,25204,c7-camera-ready-300k-v1,complete,0,cells/topk_sae_d32768_seed1/detection.json,bffddf4f5b292ba2d68d3a82e6cb8ced64e3338b160e51a706eaaca442dd74b8,dc08e4296cd5e057bbea2ce6ba9a4e84209a48d207e45cefa0e5cf5eb2fd2735,1d2c6c0971fc5ceb7646fdfeaf988e89b1d385b815af86e909a6a39a6c7930b8
topk_sae,32768,32K core,1,dee41c8155a25b4a,mean,matched_scaled_C1,2,0.13534833334008586,0.5160385326048176,0.13216401789471288,0.49260934385132565,32768,70.16945722901127,300,213,25204,c7-camera-ready-300k-v1,complete,0,cells/topk_sae_d32768_seed1/detection.json,bffddf4f5b292ba2d68d3a82e6cb8ced64e3338b160e51a706eaaca442dd74b8,dc08e4296cd5e057bbea2ce6ba9a4e84209a48d207e45cefa0e5cf5eb2fd2735,1d2c6c0971fc5ceb7646fdfeaf988e89b1d385b815af86e909a6a39a6c7930b8
topk_sae,32768,32K core,1,dee41c8155a25b4a,mean,matched_scaled_C1,4,0.14154750830433108,0.5284047821446882,0.13362574870398922,0.4956506054834162,32768,70.16945722901127,300,213,25204,c7-camera-ready-300k-v1,complete,0,cells/topk_sae_d32768_seed1/detection.json,bffddf4f5b292ba2d68d3a82e6cb8ced64e3338b160e51a706eaaca442dd74b8,dc08e4296cd5e057bbea2ce6ba9a4e84209a48d207e45cefa0e5cf5eb2fd2735,1d2c6c0971fc5ceb7646fdfeaf988e89b1d385b815af86e909a6a39a6c7930b8
topk_sae,32768,32K core,1,dee41c8155a25b4a,mean,matched_scaled_C1,8,0.1443798803665241,0.5385507161468899,0.14097934976713755,0.5165394808153613,32768,70.16945722901127,300,213,25204,c7-camera-ready-300k-v1,complete,0,cells/topk_sae_d32768_seed1/detection.json,bffddf4f5b292ba2d68d3a82e6cb8ced64e3338b160e51a706eaaca442dd74b8,dc08e4296cd5e057bbea2ce6ba9a4e84209a48d207e45cefa0e5cf5eb2fd2735,1d2c6c0971fc5ceb7646fdfeaf988e89b1d385b815af86e909a6a39a6c7930b8
topk_sae,32768,32K core,1,dee41c8155a25b4a,mean,matched_scaled_C1,16,0.18937480492110437,0.5919654245791776,0.18698139762064342,0.5667328355309544,32768,70.16945722901127,300,213,25204,c7-camera-ready-300k-v1,complete,0,cells/topk_sae_d32768_seed1/detection.json,bffddf4f5b292ba2d68d3a82e6cb8ced64e3338b160e51a706eaaca442dd74b8,dc08e4296cd5e057bbea2ce6ba9a4e84209a48d207e45cefa0e5cf5eb2fd2735,1d2c6c0971fc5ceb7646fdfeaf988e89b1d385b815af86e909a6a39a6c7930b8
topk_sae,32768,32K core,1,dee41c8155a25b4a,mean,matched_scaled_C1,32,0.21486611289111046,0.6210041643447413,0.2081157729930734,0.6025404805444852,32768,70.16945722901127,300,213,25204,c7-camera-ready-300k-v1,complete,0,cells/topk_sae_d32768_seed1/detection.json,bffddf4f5b292ba2d68d3a82e6cb8ced64e3338b160e51a706eaaca442dd74b8,dc08e4296cd5e057bbea2ce6ba9a4e84209a48d207e45cefa0e5cf5eb2fd2735,1d2c6c0971fc5ceb7646fdfeaf988e89b1d385b815af86e909a6a39a6c7930b8
topk_sae,32768,32K core,1,dee41c8155a25b4a,position_identity,matched_scaled_C1,1,0.13076650384209132,0.5061914733318753,0.12345512294816867,0.47473308872119807,163840,100.0,300,213,25204,c7-camera-ready-300k-v1,complete,0,cells/topk_sae_d32768_seed1/detection.json,bffddf4f5b292ba2d68d3a82e6cb8ced64e3338b160e51a706eaaca442dd74b8,dc08e4296cd5e057bbea2ce6ba9a4e84209a48d207e45cefa0e5cf5eb2fd2735,1d2c6c0971fc5ceb7646fdfeaf988e89b1d385b815af86e909a6a39a6c7930b8
topk_sae,32768,32K core,1,dee41c8155a25b4a,position_identity,matched_scaled_C1,2,0.13112863197700825,0.5068002944936191,0.123776744716596,0.4763740350254619,163840,100.0,300,213,25204,c7-camera-ready-300k-v1,complete,0,cells/topk_sae_d32768_seed1/detection.json,bffddf4f5b292ba2d68d3a82e6cb8ced64e3338b160e51a706eaaca442dd74b8,dc08e4296cd5e057bbea2ce6ba9a4e84209a48d207e45cefa0e5cf5eb2fd2735,1d2c6c0971fc5ceb7646fdfeaf988e89b1d385b815af86e909a6a39a6c7930b8
topk_sae,32768,32K core,1,dee41c8155a25b4a,position_identity,matched_scaled_C1,4,0.1320128663139498,0.5088679581025759,0.12645240694438717,0.48131397287212613,163840,100.0,300,213,25204,c7-camera-ready-300k-v1,complete,0,cells/topk_sae_d32768_seed1/detection.json,bffddf4f5b292ba2d68d3a82e6cb8ced64e3338b160e51a706eaaca442dd74b8,dc08e4296cd5e057bbea2ce6ba9a4e84209a48d207e45cefa0e5cf5eb2fd2735,1d2c6c0971fc5ceb7646fdfeaf988e89b1d385b815af86e909a6a39a6c7930b8
topk_sae,32768,32K core,1,dee41c8155a25b4a,position_identity,matched_scaled_C1,8,0.13565373936007352,0.5151697956918431,0.13117562250948728,0.49190291729436153,163840,100.0,300,213,25204,c7-camera-ready-300k-v1,complete,0,cells/topk_sae_d32768_seed1/detection.json,bffddf4f5b292ba2d68d3a82e6cb8ced64e3338b160e51a706eaaca442dd74b8,dc08e4296cd5e057bbea2ce6ba9a4e84209a48d207e45cefa0e5cf5eb2fd2735,1d2c6c0971fc5ceb7646fdfeaf988e89b1d385b815af86e909a6a39a6c7930b8
topk_sae,32768,32K core,1,dee41c8155a25b4a,position_identity,matched_scaled_C1,16,0.13691506931052683,0.5188537951935382,0.13140285022938947,0.49311879613194615,163840,100.0,300,213,25204,c7-camera-ready-300k-v1,complete,0,cells/topk_sae_d32768_seed1/detection.json,bffddf4f5b292ba2d68d3a82e6cb8ced64e3338b160e51a706eaaca442dd74b8,dc08e4296cd5e057bbea2ce6ba9a4e84209a48d207e45cefa0e5cf5eb2fd2735,1d2c6c0971fc5ceb7646fdfeaf988e89b1d385b815af86e909a6a39a6c7930b8
topk_sae,32768,32K core,1,dee41c8155a25b4a,position_identity,matched_scaled_C1,32,0.14236130352960022,0.5355090358368614,0.14182710227316578,0.519730716136718,163840,100.0,300,213,25204,c7-camera-ready-300k-v1,complete,0,cells/topk_sae_d32768_seed1/detection.json,bffddf4f5b292ba2d68d3a82e6cb8ced64e3338b160e51a706eaaca442dd74b8,dc08e4296cd5e057bbea2ce6ba9a4e84209a48d207e45cefa0e5cf5eb2fd2735,1d2c6c0971fc5ceb7646fdfeaf988e89b1d385b815af86e909a6a39a6c7930b8
topk_sae,32768,32K core,2,cfc47d5713a8d557,last,matched_scaled_C1,1,0.12915477047207113,0.5026653063993496,0.12005969170452743,0.4650893114979662,32768,20.0,300,213,25204,c7-camera-ready-300k-v1,complete,0,cells/topk_sae_d32768_seed2/detection.json,e7b5658902990733519d440851e8a03acb6d0552bdb151638c5e6794addbed40,9158926bca4c97601271e38e3d06f5a05ca518effe59ed97904fcfff5c0b4e18,1d2c6c0971fc5ceb7646fdfeaf988e89b1d385b815af86e909a6a39a6c7930b8
topk_sae,32768,32K core,2,cfc47d5713a8d557,last,matched_scaled_C1,2,0.12963429289138811,0.5029403487989211,0.12033343359972798,0.46741843976811037,32768,20.0,300,213,25204,c7-camera-ready-300k-v1,complete,0,cells/topk_sae_d32768_seed2/detection.json,e7b5658902990733519d440851e8a03acb6d0552bdb151638c5e6794addbed40,9158926bca4c97601271e38e3d06f5a05ca518effe59ed97904fcfff5c0b4e18,1d2c6c0971fc5ceb7646fdfeaf988e89b1d385b815af86e909a6a39a6c7930b8
topk_sae,32768,32K core,2,cfc47d5713a8d557,last,matched_scaled_C1,4,0.13225021634869072,0.5065534655208832,0.12524476425003686,0.47560923007324407,32768,20.0,300,213,25204,c7-camera-ready-300k-v1,complete,0,cells/topk_sae_d32768_seed2/detection.json,e7b5658902990733519d440851e8a03acb6d0552bdb151638c5e6794addbed40,9158926bca4c97601271e38e3d06f5a05ca518effe59ed97904fcfff5c0b4e18,1d2c6c0971fc5ceb7646fdfeaf988e89b1d385b815af86e909a6a39a6c7930b8
topk_sae,32768,32K core,2,cfc47d5713a8d557,last,matched_scaled_C1,8,0.1404956722460923,0.5185339188747873,0.13798520798008423,0.48995211367669106,32768,20.0,300,213,25204,c7-camera-ready-300k-v1,complete,0,cells/topk_sae_d32768_seed2/detection.json,e7b5658902990733519d440851e8a03acb6d0552bdb151638c5e6794addbed40,9158926bca4c97601271e38e3d06f5a05ca518effe59ed97904fcfff5c0b4e18,1d2c6c0971fc5ceb7646fdfeaf988e89b1d385b815af86e909a6a39a6c7930b8
topk_sae,32768,32K core,2,cfc47d5713a8d557,last,matched_scaled_C1,16,0.1701031634446622,0.5490007515713204,0.16935818454550255,0.5197430534328079,32768,20.0,300,213,25204,c7-camera-ready-300k-v1,complete,0,cells/topk_sae_d32768_seed2/detection.json,e7b5658902990733519d440851e8a03acb6d0552bdb151638c5e6794addbed40,9158926bca4c97601271e38e3d06f5a05ca518effe59ed97904fcfff5c0b4e18,1d2c6c0971fc5ceb7646fdfeaf988e89b1d385b815af86e909a6a39a6c7930b8
topk_sae,32768,32K core,2,cfc47d5713a8d557,last,matched_scaled_C1,32,0.19472705365054674,0.5820531173888674,0.19484474855115969,0.5597462097184239,32768,20.0,300,213,25204,c7-camera-ready-300k-v1,complete,0,cells/topk_sae_d32768_seed2/detection.json,e7b5658902990733519d440851e8a03acb6d0552bdb151638c5e6794addbed40,9158926bca4c97601271e38e3d06f5a05ca518effe59ed97904fcfff5c0b4e18,1d2c6c0971fc5ceb7646fdfeaf988e89b1d385b815af86e909a6a39a6c7930b8
topk_sae,32768,32K core,2,cfc47d5713a8d557,max,matched_scaled_C1,1,0.1311698103077084,0.5067180782300194,0.12499507995967703,0.4783752618811276,32768,70.46615616568799,300,213,25204,c7-camera-ready-300k-v1,complete,0,cells/topk_sae_d32768_seed2/detection.json,e7b5658902990733519d440851e8a03acb6d0552bdb151638c5e6794addbed40,9158926bca4c97601271e38e3d06f5a05ca518effe59ed97904fcfff5c0b4e18,1d2c6c0971fc5ceb7646fdfeaf988e89b1d385b815af86e909a6a39a6c7930b8
topk_sae,32768,32K core,2,cfc47d5713a8d557,max,matched_scaled_C1,2,0.13364304888493186,0.5089091817000329,0.12829440252669752,0.4815335380765976,32768,70.46615616568799,300,213,25204,c7-camera-ready-300k-v1,complete,0,cells/topk_sae_d32768_seed2/detection.json,e7b5658902990733519d440851e8a03acb6d0552bdb151638c5e6794addbed40,9158926bca4c97601271e38e3d06f5a05ca518effe59ed97904fcfff5c0b4e18,1d2c6c0971fc5ceb7646fdfeaf988e89b1d385b815af86e909a6a39a6c7930b8
topk_sae,32768,32K core,2,cfc47d5713a8d557,max,matched_scaled_C1,4,0.1353576234464285,0.5133541257601724,0.1309696366947964,0.487174847267783,32768,70.46615616568799,300,213,25204,c7-camera-ready-300k-v1,complete,0,cells/topk_sae_d32768_seed2/detection.json,e7b5658902990733519d440851e8a03acb6d0552bdb151638c5e6794addbed40,9158926bca4c97601271e38e3d06f5a05ca518effe59ed97904fcfff5c0b4e18,1d2c6c0971fc5ceb7646fdfeaf988e89b1d385b815af86e909a6a39a6c7930b8
topk_sae,32768,32K core,2,cfc47d5713a8d557,max,matched_scaled_C1,8,0.145563907175956,0.5325682450474403,0.14677721877474229,0.5197504930443212,32768,70.46615616568799,300,213,25204,c7-camera-ready-300k-v1,complete,0,cells/topk_sae_d32768_seed2/detection.json,e7b5658902990733519d440851e8a03acb6d0552bdb151638c5e6794addbed40,9158926bca4c97601271e38e3d06f5a05ca518effe59ed97904fcfff5c0b4e18,1d2c6c0971fc5ceb7646fdfeaf988e89b1d385b815af86e909a6a39a6c7930b8
topk_sae,32768,32K core,2,cfc47d5713a8d557,max,matched_scaled_C1,16,0.19206609769148267,0.5881255517903758,0.19203655464556837,0.5675664443590452,32768,70.46615616568799,300,213,25204,c7-camera-ready-300k-v1,complete,0,cells/topk_sae_d32768_seed2/detection.json,e7b5658902990733519d440851e8a03acb6d0552bdb151638c5e6794addbed40,9158926bca4c97601271e38e3d06f5a05ca518effe59ed97904fcfff5c0b4e18,1d2c6c0971fc5ceb7646fdfeaf988e89b1d385b815af86e909a6a39a6c7930b8
topk_sae,32768,32K core,2,cfc47d5713a8d557,max,matched_scaled_C1,32,0.22724995652375585,0.6349941799134553,0.2235434195596661,0.6219885344058403,32768,70.46615616568799,300,213,25204,c7-camera-ready-300k-v1,complete,0,cells/topk_sae_d32768_seed2/detection.json,e7b5658902990733519d440851e8a03acb6d0552bdb151638c5e6794addbed40,9158926bca4c97601271e38e3d06f5a05ca518effe59ed97904fcfff5c0b4e18,1d2c6c0971fc5ceb7646fdfeaf988e89b1d385b815af86e909a6a39a6c7930b8
topk_sae,32768,32K core,2,cfc47d5713a8d557,mean,matched_scaled_C1,1,0.13098958940953082,0.5054315769086473,0.12319531716630769,0.47102161046036584,32768,70.46615616568799,300,213,25204,c7-camera-ready-300k-v1,complete,0,cells/topk_sae_d32768_seed2/detection.json,e7b5658902990733519d440851e8a03acb6d0552bdb151638c5e6794addbed40,9158926bca4c97601271e38e3d06f5a05ca518effe59ed97904fcfff5c0b4e18,1d2c6c0971fc5ceb7646fdfeaf988e89b1d385b815af86e909a6a39a6c7930b8
topk_sae,32768,32K core,2,cfc47d5713a8d557,mean,matched_scaled_C1,2,0.133359201611792,0.5088588425787737,0.1281587742822878,0.48154566772231816,32768,70.46615616568799,300,213,25204,c7-camera-ready-300k-v1,complete,0,cells/topk_sae_d32768_seed2/detection.json,e7b5658902990733519d440851e8a03acb6d0552bdb151638c5e6794addbed40,9158926bca4c97601271e38e3d06f5a05ca518effe59ed97904fcfff5c0b4e18,1d2c6c0971fc5ceb7646fdfeaf988e89b1d385b815af86e909a6a39a6c7930b8
topk_sae,32768,32K core,2,cfc47d5713a8d557,mean,matched_scaled_C1,4,0.13701197976662224,0.5143998914728816,0.13243564116010786,0.48825572472377665,32768,70.46615616568799,300,213,25204,c7-camera-ready-300k-v1,complete,0,cells/topk_sae_d32768_seed2/detection.json,e7b5658902990733519d440851e8a03acb6d0552bdb151638c5e6794addbed40,9158926bca4c97601271e38e3d06f5a05ca518effe59ed97904fcfff5c0b4e18,1d2c6c0971fc5ceb7646fdfeaf988e89b1d385b815af86e909a6a39a6c7930b8
topk_sae,32768,32K core,2,cfc47d5713a8d557,mean,matched_scaled_C1,8,0.14189207265410791,0.5248182036666476,0.13946117472080022,0.5045103521943596,32768,70.46615616568799,300,213,25204,c7-camera-ready-300k-v1,complete,0,cells/topk_sae_d32768_seed2/detection.json,e7b5658902990733519d440851e8a03acb6d0552bdb151638c5e6794addbed40,9158926bca4c97601271e38e3d06f5a05ca518effe59ed97904fcfff5c0b4e18,1d2c6c0971fc5ceb7646fdfeaf988e89b1d385b815af86e909a6a39a6c7930b8
topk_sae,32768,32K core,2,cfc47d5713a8d557,mean,matched_scaled_C1,16,0.1867487170851406,0.5740211501837647,0.18615141871285856,0.553541688281996,32768,70.46615616568799,300,213,25204,c7-camera-ready-300k-v1,complete,0,cells/topk_sae_d32768_seed2/detection.json,e7b5658902990733519d440851e8a03acb6d0552bdb151638c5e6794addbed40,9158926bca4c97601271e38e3d06f5a05ca518effe59ed97904fcfff5c0b4e18,1d2c6c0971fc5ceb7646fdfeaf988e89b1d385b815af86e909a6a39a6c7930b8
topk_sae,32768,32K core,2,cfc47d5713a8d557,mean,matched_scaled_C1,32,0.22902476289538676,0.6325764435298655,0.22304866075444438,0.6123148913311913,32768,70.46615616568799,300,213,25204,c7-camera-ready-300k-v1,complete,0,cells/topk_sae_d32768_seed2/detection.json,e7b5658902990733519d440851e8a03acb6d0552bdb151638c5e6794addbed40,9158926bca4c97601271e38e3d06f5a05ca518effe59ed97904fcfff5c0b4e18,1d2c6c0971fc5ceb7646fdfeaf988e89b1d385b815af86e909a6a39a6c7930b8
topk_sae,32768,32K core,2,cfc47d5713a8d557,position_identity,matched_scaled_C1,1,0.12915477047207113,0.5026653063993496,0.12005969170452743,0.4650893114979662,163840,100.0,300,213,25204,c7-camera-ready-300k-v1,complete,0,cells/topk_sae_d32768_seed2/detection.json,e7b5658902990733519d440851e8a03acb6d0552bdb151638c5e6794addbed40,9158926bca4c97601271e38e3d06f5a05ca518effe59ed97904fcfff5c0b4e18,1d2c6c0971fc5ceb7646fdfeaf988e89b1d385b815af86e909a6a39a6c7930b8
topk_sae,32768,32K core,2,cfc47d5713a8d557,position_identity,matched_scaled_C1,2,0.12910134918921504,0.5026221875915113,0.12011203010135954,0.46717753669808565,163840,100.0,300,213,25204,c7-camera-ready-300k-v1,complete,0,cells/topk_sae_d32768_seed2/detection.json,e7b5658902990733519d440851e8a03acb6d0552bdb151638c5e6794addbed40,9158926bca4c97601271e38e3d06f5a05ca518effe59ed97904fcfff5c0b4e18,1d2c6c0971fc5ceb7646fdfeaf988e89b1d385b815af86e909a6a39a6c7930b8
topk_sae,32768,32K core,2,cfc47d5713a8d557,position_identity,matched_scaled_C1,4,0.12992608314746426,0.5042363858644185,0.12146091737486045,0.4706773333081289,163840,100.0,300,213,25204,c7-camera-ready-300k-v1,complete,0,cells/topk_sae_d32768_seed2/detection.json,e7b5658902990733519d440851e8a03acb6d0552bdb151638c5e6794addbed40,9158926bca4c97601271e38e3d06f5a05ca518effe59ed97904fcfff5c0b4e18,1d2c6c0971fc5ceb7646fdfeaf988e89b1d385b815af86e909a6a39a6c7930b8
topk_sae,32768,32K core,2,cfc47d5713a8d557,position_identity,matched_scaled_C1,8,0.12996730937198736,0.5035484296526347,0.12194924052924512,0.47116511834674785,163840,100.0,300,213,25204,c7-camera-ready-300k-v1,complete,0,cells/topk_sae_d32768_seed2/detection.json,e7b5658902990733519d440851e8a03acb6d0552bdb151638c5e6794addbed40,9158926bca4c97601271e38e3d06f5a05ca518effe59ed97904fcfff5c0b4e18,1d2c6c0971fc5ceb7646fdfeaf988e89b1d385b815af86e909a6a39a6c7930b8
topk_sae,32768,32K core,2,cfc47d5713a8d557,position_identity,matched_scaled_C1,16,0.13698370701903836,0.5136159478328957,0.13228827858519068,0.48702664934719375,163840,100.0,300,213,25204,c7-camera-ready-300k-v1,complete,0,cells/topk_sae_d32768_seed2/detection.json,e7b5658902990733519d440851e8a03acb6d0552bdb151638c5e6794addbed40,9158926bca4c97601271e38e3d06f5a05ca518effe59ed97904fcfff5c0b4e18,1d2c6c0971fc5ceb7646fdfeaf988e89b1d385b815af86e909a6a39a6c7930b8
topk_sae,32768,32K core,2,cfc47d5713a8d557,position_identity,matched_scaled_C1,32,0.15469049692161557,0.5369046647468321,0.15478681056048288,0.524004253825224,163840,100.0,300,213,25204,c7-camera-ready-300k-v1,complete,0,cells/topk_sae_d32768_seed2/detection.json,e7b5658902990733519d440851e8a03acb6d0552bdb151638c5e6794addbed40,9158926bca4c97601271e38e3d06f5a05ca518effe59ed97904fcfff5c0b4e18,1d2c6c0971fc5ceb7646fdfeaf988e89b1d385b815af86e909a6a39a6c7930b8
topk_sae,32768,32K core,42,40d84ac2cdefba3d,last,matched_scaled_C1,1,0.1287667241088673,0.5030597873049506,0.12113609588227534,0.4677954755562219,32768,20.0,300,213,25204,c7-camera-ready-300k-v1,complete,0,cells/topk_sae_d32768_seed42/detection.json,e8ec179cc0de7f722ab31ebd9da95a6033bf8bf3cdcfe8a4859c10b6d9bff6d6,bf954f79e3d27612ee8fe709841824eb9c189c44d9c2d8740156f53ddecfc7cd,1d2c6c0971fc5ceb7646fdfeaf988e89b1d385b815af86e909a6a39a6c7930b8
topk_sae,32768,32K core,42,40d84ac2cdefba3d,last,matched_scaled_C1,2,0.13095601433049778,0.5057457109318244,0.12489421120463544,0.4747769244302307,32768,20.0,300,213,25204,c7-camera-ready-300k-v1,complete,0,cells/topk_sae_d32768_seed42/detection.json,e8ec179cc0de7f722ab31ebd9da95a6033bf8bf3cdcfe8a4859c10b6d9bff6d6,bf954f79e3d27612ee8fe709841824eb9c189c44d9c2d8740156f53ddecfc7cd,1d2c6c0971fc5ceb7646fdfeaf988e89b1d385b815af86e909a6a39a6c7930b8
topk_sae,32768,32K core,42,40d84ac2cdefba3d,last,matched_scaled_C1,4,0.13247269375018753,0.5104397562561109,0.12710796196546253,0.4820125158754078,32768,20.0,300,213,25204,c7-camera-ready-300k-v1,complete,0,cells/topk_sae_d32768_seed42/detection.json,e8ec179cc0de7f722ab31ebd9da95a6033bf8bf3cdcfe8a4859c10b6d9bff6d6,bf954f79e3d27612ee8fe709841824eb9c189c44d9c2d8740156f53ddecfc7cd,1d2c6c0971fc5ceb7646fdfeaf988e89b1d385b815af86e909a6a39a6c7930b8
topk_sae,32768,32K core,42,40d84ac2cdefba3d,last,matched_scaled_C1,8,0.13759468938169678,0.5162674889968508,0.13569480858611954,0.49451358366373005,32768,20.0,300,213,25204,c7-camera-ready-300k-v1,complete,0,cells/topk_sae_d32768_seed42/detection.json,e8ec179cc0de7f722ab31ebd9da95a6033bf8bf3cdcfe8a4859c10b6d9bff6d6,bf954f79e3d27612ee8fe709841824eb9c189c44d9c2d8740156f53ddecfc7cd,1d2c6c0971fc5ceb7646fdfeaf988e89b1d385b815af86e909a6a39a6c7930b8
topk_sae,32768,32K core,42,40d84ac2cdefba3d,last,matched_scaled_C1,16,0.17493869642063622,0.5652142347914867,0.1752519592231288,0.5368907063785825,32768,20.0,300,213,25204,c7-camera-ready-300k-v1,complete,0,cells/topk_sae_d32768_seed42/detection.json,e8ec179cc0de7f722ab31ebd9da95a6033bf8bf3cdcfe8a4859c10b6d9bff6d6,bf954f79e3d27612ee8fe709841824eb9c189c44d9c2d8740156f53ddecfc7cd,1d2c6c0971fc5ceb7646fdfeaf988e89b1d385b815af86e909a6a39a6c7930b8
topk_sae,32768,32K core,42,40d84ac2cdefba3d,last,matched_scaled_C1,32,0.19829988343462895,0.6079683198560581,0.1987241134105115,0.5895553725845518,32768,20.0,300,213,25204,c7-camera-ready-300k-v1,complete,0,cells/topk_sae_d32768_seed42/detection.json,e8ec179cc0de7f722ab31ebd9da95a6033bf8bf3cdcfe8a4859c10b6d9bff6d6,bf954f79e3d27612ee8fe709841824eb9c189c44d9c2d8740156f53ddecfc7cd,1d2c6c0971fc5ceb7646fdfeaf988e89b1d385b815af86e909a6a39a6c7930b8
topk_sae,32768,32K core,42,40d84ac2cdefba3d,max,matched_scaled_C1,1,0.13345965751367037,0.5105005938628764,0.12808812789732973,0.48149736395016307,32768,70.10153150293604,300,213,25204,c7-camera-ready-300k-v1,complete,0,cells/topk_sae_d32768_seed42/detection.json,e8ec179cc0de7f722ab31ebd9da95a6033bf8bf3cdcfe8a4859c10b6d9bff6d6,bf954f79e3d27612ee8fe709841824eb9c189c44d9c2d8740156f53ddecfc7cd,1d2c6c0971fc5ceb7646fdfeaf988e89b1d385b815af86e909a6a39a6c7930b8
topk_sae,32768,32K core,42,40d84ac2cdefba3d,max,matched_scaled_C1,2,0.13574501757256235,0.5130586606316659,0.13217783905869013,0.48801600311275056,32768,70.10153150293604,300,213,25204,c7-camera-ready-300k-v1,complete,0,cells/topk_sae_d32768_seed42/detection.json,e8ec179cc0de7f722ab31ebd9da95a6033bf8bf3cdcfe8a4859c10b6d9bff6d6,bf954f79e3d27612ee8fe709841824eb9c189c44d9c2d8740156f53ddecfc7cd,1d2c6c0971fc5ceb7646fdfeaf988e89b1d385b815af86e909a6a39a6c7930b8
topk_sae,32768,32K core,42,40d84ac2cdefba3d,max,matched_scaled_C1,4,0.13903285535519966,0.51891672719147,0.13686575148017588,0.4989769209502969,32768,70.10153150293604,300,213,25204,c7-camera-ready-300k-v1,complete,0,cells/topk_sae_d32768_seed42/detection.json,e8ec179cc0de7f722ab31ebd9da95a6033bf8bf3cdcfe8a4859c10b6d9bff6d6,bf954f79e3d27612ee8fe709841824eb9c189c44d9c2d8740156f53ddecfc7cd,1d2c6c0971fc5ceb7646fdfeaf988e89b1d385b815af86e909a6a39a6c7930b8
topk_sae,32768,32K core,42,40d84ac2cdefba3d,max,matched_scaled_C1,8,0.15048874397927003,0.5378200678745693,0.15130846655999491,0.5256464818334926,32768,70.10153150293604,300,213,25204,c7-camera-ready-300k-v1,complete,0,cells/topk_sae_d32768_seed42/detection.json,e8ec179cc0de7f722ab31ebd9da95a6033bf8bf3cdcfe8a4859c10b6d9bff6d6,bf954f79e3d27612ee8fe709841824eb9c189c44d9c2d8740156f53ddecfc7cd,1d2c6c0971fc5ceb7646fdfeaf988e89b1d385b815af86e909a6a39a6c7930b8
topk_sae,32768,32K core,42,40d84ac2cdefba3d,max,matched_scaled_C1,16,0.20327476784579984,0.616266378168103,0.2034761327798182,0.604270043434013,32768,70.10153150293604,300,213,25204,c7-camera-ready-300k-v1,complete,0,cells/topk_sae_d32768_seed42/detection.json,e8ec179cc0de7f722ab31ebd9da95a6033bf8bf3cdcfe8a4859c10b6d9bff6d6,bf954f79e3d27612ee8fe709841824eb9c189c44d9c2d8740156f53ddecfc7cd,1d2c6c0971fc5ceb7646fdfeaf988e89b1d385b815af86e909a6a39a6c7930b8
topk_sae,32768,32K core,42,40d84ac2cdefba3d,max,matched_scaled_C1,32,0.21898983758359,0.6401910848442999,0.21568790478527422,0.6265697096969071,32768,70.10153150293604,300,213,25204,c7-camera-ready-300k-v1,complete,0,cells/topk_sae_d32768_seed42/detection.json,e8ec179cc0de7f722ab31ebd9da95a6033bf8bf3cdcfe8a4859c10b6d9bff6d6,bf954f79e3d27612ee8fe709841824eb9c189c44d9c2d8740156f53ddecfc7cd,1d2c6c0971fc5ceb7646fdfeaf988e89b1d385b815af86e909a6a39a6c7930b8
topk_sae,32768,32K core,42,40d84ac2cdefba3d,mean,matched_scaled_C1,1,0.13296082170462825,0.5104720188927039,0.12768056863719573,0.4779143067023167,32768,70.10153150293604,300,213,25204,c7-camera-ready-300k-v1,complete,0,cells/topk_sae_d32768_seed42/detection.json,e8ec179cc0de7f722ab31ebd9da95a6033bf8bf3cdcfe8a4859c10b6d9bff6d6,bf954f79e3d27612ee8fe709841824eb9c189c44d9c2d8740156f53ddecfc7cd,1d2c6c0971fc5ceb7646fdfeaf988e89b1d385b815af86e909a6a39a6c7930b8
topk_sae,32768,32K core,42,40d84ac2cdefba3d,mean,matched_scaled_C1,2,0.13530049415933704,0.5138836953882522,0.13070968129216257,0.4867331104886851,32768,70.10153150293604,300,213,25204,c7-camera-ready-300k-v1,complete,0,cells/topk_sae_d32768_seed42/detection.json,e8ec179cc0de7f722ab31ebd9da95a6033bf8bf3cdcfe8a4859c10b6d9bff6d6,bf954f79e3d27612ee8fe709841824eb9c189c44d9c2d8740156f53ddecfc7cd,1d2c6c0971fc5ceb7646fdfeaf988e89b1d385b815af86e909a6a39a6c7930b8
topk_sae,32768,32K core,42,40d84ac2cdefba3d,mean,matched_scaled_C1,4,0.14268306122302993,0.5240593584190028,0.13828197124477987,0.5001857683167497,32768,70.10153150293604,300,213,25204,c7-camera-ready-300k-v1,complete,0,cells/topk_sae_d32768_seed42/detection.json,e8ec179cc0de7f722ab31ebd9da95a6033bf8bf3cdcfe8a4859c10b6d9bff6d6,bf954f79e3d27612ee8fe709841824eb9c189c44d9c2d8740156f53ddecfc7cd,1d2c6c0971fc5ceb7646fdfeaf988e89b1d385b815af86e909a6a39a6c7930b8
topk_sae,32768,32K core,42,40d84ac2cdefba3d,mean,matched_scaled_C1,8,0.14524451620685336,0.5322503853012368,0.14285930367807395,0.512570372889225,32768,70.10153150293604,300,213,25204,c7-camera-ready-300k-v1,complete,0,cells/topk_sae_d32768_seed42/detection.json,e8ec179cc0de7f722ab31ebd9da95a6033bf8bf3cdcfe8a4859c10b6d9bff6d6,bf954f79e3d27612ee8fe709841824eb9c189c44d9c2d8740156f53ddecfc7cd,1d2c6c0971fc5ceb7646fdfeaf988e89b1d385b815af86e909a6a39a6c7930b8
topk_sae,32768,32K core,42,40d84ac2cdefba3d,mean,matched_scaled_C1,16,0.199781992273731,0.6074558302438013,0.1994139127417025,0.590542563922123,32768,70.10153150293604,300,213,25204,c7-camera-ready-300k-v1,complete,0,cells/topk_sae_d32768_seed42/detection.json,e8ec179cc0de7f722ab31ebd9da95a6033bf8bf3cdcfe8a4859c10b6d9bff6d6,bf954f79e3d27612ee8fe709841824eb9c189c44d9c2d8740156f53ddecfc7cd,1d2c6c0971fc5ceb7646fdfeaf988e89b1d385b815af86e909a6a39a6c7930b8
topk_sae,32768,32K core,42,40d84ac2cdefba3d,mean,matched_scaled_C1,32,0.22978156351194365,0.6478036375811204,0.22371269684446726,0.628278063607318,32768,70.10153150293604,300,213,25204,c7-camera-ready-300k-v1,complete,0,cells/topk_sae_d32768_seed42/detection.json,e8ec179cc0de7f722ab31ebd9da95a6033bf8bf3cdcfe8a4859c10b6d9bff6d6,bf954f79e3d27612ee8fe709841824eb9c189c44d9c2d8740156f53ddecfc7cd,1d2c6c0971fc5ceb7646fdfeaf988e89b1d385b815af86e909a6a39a6c7930b8
topk_sae,32768,32K core,42,40d84ac2cdefba3d,position_identity,matched_scaled_C1,1,0.1276111584300374,0.5023754904573016,0.11925253844541941,0.4663720895563106,163840,100.0,300,213,25204,c7-camera-ready-300k-v1,complete,0,cells/topk_sae_d32768_seed42/detection.json,e8ec179cc0de7f722ab31ebd9da95a6033bf8bf3cdcfe8a4859c10b6d9bff6d6,bf954f79e3d27612ee8fe709841824eb9c189c44d9c2d8740156f53ddecfc7cd,1d2c6c0971fc5ceb7646fdfeaf988e89b1d385b815af86e909a6a39a6c7930b8
topk_sae,32768,32K core,42,40d84ac2cdefba3d,position_identity,matched_scaled_C1,2,0.1309065232367519,0.5066788927527238,0.1251614365614308,0.47728667988039053,163840,100.0,300,213,25204,c7-camera-ready-300k-v1,complete,0,cells/topk_sae_d32768_seed42/detection.json,e8ec179cc0de7f722ab31ebd9da95a6033bf8bf3cdcfe8a4859c10b6d9bff6d6,bf954f79e3d27612ee8fe709841824eb9c189c44d9c2d8740156f53ddecfc7cd,1d2c6c0971fc5ceb7646fdfeaf988e89b1d385b815af86e909a6a39a6c7930b8
topk_sae,32768,32K core,42,40d84ac2cdefba3d,position_identity,matched_scaled_C1,4,0.1326371526660393,0.5093804653697586,0.12830083740322157,0.48160852850140945,163840,100.0,300,213,25204,c7-camera-ready-300k-v1,complete,0,cells/topk_sae_d32768_seed42/detection.json,e8ec179cc0de7f722ab31ebd9da95a6033bf8bf3cdcfe8a4859c10b6d9bff6d6,bf954f79e3d27612ee8fe709841824eb9c189c44d9c2d8740156f53ddecfc7cd,1d2c6c0971fc5ceb7646fdfeaf988e89b1d385b815af86e909a6a39a6c7930b8
topk_sae,32768,32K core,42,40d84ac2cdefba3d,position_identity,matched_scaled_C1,8,0.13838241774862398,0.518164523133783,0.13721699105098062,0.496730917271162,163840,100.0,300,213,25204,c7-camera-ready-300k-v1,complete,0,cells/topk_sae_d32768_seed42/detection.json,e8ec179cc0de7f722ab31ebd9da95a6033bf8bf3cdcfe8a4859c10b6d9bff6d6,bf954f79e3d27612ee8fe709841824eb9c189c44d9c2d8740156f53ddecfc7cd,1d2c6c0971fc5ceb7646fdfeaf988e89b1d385b815af86e909a6a39a6c7930b8
topk_sae,32768,32K core,42,40d84ac2cdefba3d,position_identity,matched_scaled_C1,16,0.1398818903601127,0.5200270989421558,0.13817995563641203,0.4989891436806658,163840,100.0,300,213,25204,c7-camera-ready-300k-v1,complete,0,cells/topk_sae_d32768_seed42/detection.json,e8ec179cc0de7f722ab31ebd9da95a6033bf8bf3cdcfe8a4859c10b6d9bff6d6,bf954f79e3d27612ee8fe709841824eb9c189c44d9c2d8740156f53ddecfc7cd,1d2c6c0971fc5ceb7646fdfeaf988e89b1d385b815af86e909a6a39a6c7930b8
topk_sae,32768,32K core,42,40d84ac2cdefba3d,position_identity,matched_scaled_C1,32,0.1546883350152878,0.5376014837900511,0.15808505385044985,0.5327631182583892,163840,100.0,300,213,25204,c7-camera-ready-300k-v1,complete,0,cells/topk_sae_d32768_seed42/detection.json,e8ec179cc0de7f722ab31ebd9da95a6033bf8bf3cdcfe8a4859c10b6d9bff6d6,bf954f79e3d27612ee8fe709841824eb9c189c44d9c2d8740156f53ddecfc7cd,1d2c6c0971fc5ceb7646fdfeaf988e89b1d385b815af86e909a6a39a6c7930b8
tsae_paper,16384,T-SAE 16K sensitivity,1,aaacbb71c87e42d7,last,matched_scaled_C1,1,0.13147429086540197,0.5124073155236719,0.13014250337925112,0.4927872214540352,16384,22.42175845103952,300,213,25204,c7-camera-ready-300k-v1,complete,0,cells/tsae_paper_d16384_seed1/detection.json,27780894e0dff845f87fd1aed0e8a968d29ecdf8024c35c0f7b100836fc8daf1,f5c59f634a63fffb78270b1c7e4927dc751655d1f430f66bb3577afec0299a37,1d2c6c0971fc5ceb7646fdfeaf988e89b1d385b815af86e909a6a39a6c7930b8
tsae_paper,16384,T-SAE 16K sensitivity,1,aaacbb71c87e42d7,last,matched_scaled_C1,2,0.13293891569480362,0.5160058798374696,0.13368924347862923,0.5024711253210794,16384,22.42175845103952,300,213,25204,c7-camera-ready-300k-v1,complete,0,cells/tsae_paper_d16384_seed1/detection.json,27780894e0dff845f87fd1aed0e8a968d29ecdf8024c35c0f7b100836fc8daf1,f5c59f634a63fffb78270b1c7e4927dc751655d1f430f66bb3577afec0299a37,1d2c6c0971fc5ceb7646fdfeaf988e89b1d385b815af86e909a6a39a6c7930b8
tsae_paper,16384,T-SAE 16K sensitivity,1,aaacbb71c87e42d7,last,matched_scaled_C1,4,0.14314444226756307,0.5346136569814366,0.14359478945836224,0.5276179502431049,16384,22.42175845103952,300,213,25204,c7-camera-ready-300k-v1,complete,0,cells/tsae_paper_d16384_seed1/detection.json,27780894e0dff845f87fd1aed0e8a968d29ecdf8024c35c0f7b100836fc8daf1,f5c59f634a63fffb78270b1c7e4927dc751655d1f430f66bb3577afec0299a37,1d2c6c0971fc5ceb7646fdfeaf988e89b1d385b815af86e909a6a39a6c7930b8
tsae_paper,16384,T-SAE 16K sensitivity,1,aaacbb71c87e42d7,last,matched_scaled_C1,8,0.17561710581843062,0.6148054100880256,0.1722084526281186,0.6092092151224173,16384,22.42175845103952,300,213,25204,c7-camera-ready-300k-v1,complete,0,cells/tsae_paper_d16384_seed1/detection.json,27780894e0dff845f87fd1aed0e8a968d29ecdf8024c35c0f7b100836fc8daf1,f5c59f634a63fffb78270b1c7e4927dc751655d1f430f66bb3577afec0299a37,1d2c6c0971fc5ceb7646fdfeaf988e89b1d385b815af86e909a6a39a6c7930b8
tsae_paper,16384,T-SAE 16K sensitivity,1,aaacbb71c87e42d7,last,matched_scaled_C1,16,0.19285964608345055,0.6270544359337629,0.1880604460688384,0.6215187719872204,16384,22.42175845103952,300,213,25204,c7-camera-ready-300k-v1,complete,0,cells/tsae_paper_d16384_seed1/detection.json,27780894e0dff845f87fd1aed0e8a968d29ecdf8024c35c0f7b100836fc8daf1,f5c59f634a63fffb78270b1c7e4927dc751655d1f430f66bb3577afec0299a37,1d2c6c0971fc5ceb7646fdfeaf988e89b1d385b815af86e909a6a39a6c7930b8
tsae_paper,16384,T-SAE 16K sensitivity,1,aaacbb71c87e42d7,last,matched_scaled_C1,32,0.2120380316469197,0.6393872399112099,0.2072411729219991,0.6319167425127541,16384,22.42175845103952,300,213,25204,c7-camera-ready-300k-v1,complete,0,cells/tsae_paper_d16384_seed1/detection.json,27780894e0dff845f87fd1aed0e8a968d29ecdf8024c35c0f7b100836fc8daf1,f5c59f634a63fffb78270b1c7e4927dc751655d1f430f66bb3577afec0299a37,1d2c6c0971fc5ceb7646fdfeaf988e89b1d385b815af86e909a6a39a6c7930b8
tsae_paper,16384,T-SAE 16K sensitivity,1,aaacbb71c87e42d7,max,matched_scaled_C1,1,0.13150991474746082,0.5058352896666598,0.12496793302439477,0.47715706308769085,16384,71.34946833835899,300,213,25204,c7-camera-ready-300k-v1,complete,0,cells/tsae_paper_d16384_seed1/detection.json,27780894e0dff845f87fd1aed0e8a968d29ecdf8024c35c0f7b100836fc8daf1,f5c59f634a63fffb78270b1c7e4927dc751655d1f430f66bb3577afec0299a37,1d2c6c0971fc5ceb7646fdfeaf988e89b1d385b815af86e909a6a39a6c7930b8
tsae_paper,16384,T-SAE 16K sensitivity,1,aaacbb71c87e42d7,max,matched_scaled_C1,2,0.14122039893809002,0.5209883221655158,0.14199043055953006,0.5057693435448626,16384,71.34946833835899,300,213,25204,c7-camera-ready-300k-v1,complete,0,cells/tsae_paper_d16384_seed1/detection.json,27780894e0dff845f87fd1aed0e8a968d29ecdf8024c35c0f7b100836fc8daf1,f5c59f634a63fffb78270b1c7e4927dc751655d1f430f66bb3577afec0299a37,1d2c6c0971fc5ceb7646fdfeaf988e89b1d385b815af86e909a6a39a6c7930b8
tsae_paper,16384,T-SAE 16K sensitivity,1,aaacbb71c87e42d7,max,matched_scaled_C1,4,0.13724661986015535,0.5135108481315852,0.13439564427411718,0.4867759437476581,16384,71.34946833835899,300,213,25204,c7-camera-ready-300k-v1,complete,0,cells/tsae_paper_d16384_seed1/detection.json,27780894e0dff845f87fd1aed0e8a968d29ecdf8024c35c0f7b100836fc8daf1,f5c59f634a63fffb78270b1c7e4927dc751655d1f430f66bb3577afec0299a37,1d2c6c0971fc5ceb7646fdfeaf988e89b1d385b815af86e909a6a39a6c7930b8
tsae_paper,16384,T-SAE 16K sensitivity,1,aaacbb71c87e42d7,max,matched_scaled_C1,8,0.14511318773872012,0.5246877577499948,0.14523218027096604,0.5038161555281219,16384,71.34946833835899,300,213,25204,c7-camera-ready-300k-v1,complete,0,cells/tsae_paper_d16384_seed1/detection.json,27780894e0dff845f87fd1aed0e8a968d29ecdf8024c35c0f7b100836fc8daf1,f5c59f634a63fffb78270b1c7e4927dc751655d1f430f66bb3577afec0299a37,1d2c6c0971fc5ceb7646fdfeaf988e89b1d385b815af86e909a6a39a6c7930b8
tsae_paper,16384,T-SAE 16K sensitivity,1,aaacbb71c87e42d7,max,matched_scaled_C1,16,0.17970482447542094,0.6033211455916854,0.18169748661673218,0.597863793243816,16384,71.34946833835899,300,213,25204,c7-camera-ready-300k-v1,complete,0,cells/tsae_paper_d16384_seed1/detection.json,27780894e0dff845f87fd1aed0e8a968d29ecdf8024c35c0f7b100836fc8daf1,f5c59f634a63fffb78270b1c7e4927dc751655d1f430f66bb3577afec0299a37,1d2c6c0971fc5ceb7646fdfeaf988e89b1d385b815af86e909a6a39a6c7930b8
tsae_paper,16384,T-SAE 16K sensitivity,1,aaacbb71c87e42d7,max,matched_scaled_C1,32,0.23214108417485338,0.6603610484787461,0.22416882378273587,0.6529616133946804,16384,71.34946833835899,300,213,25204,c7-camera-ready-300k-v1,complete,0,cells/tsae_paper_d16384_seed1/detection.json,27780894e0dff845f87fd1aed0e8a968d29ecdf8024c35c0f7b100836fc8daf1,f5c59f634a63fffb78270b1c7e4927dc751655d1f430f66bb3577afec0299a37,1d2c6c0971fc5ceb7646fdfeaf988e89b1d385b815af86e909a6a39a6c7930b8
tsae_paper,16384,T-SAE 16K sensitivity,1,aaacbb71c87e42d7,mean,matched_scaled_C1,1,0.133567083090798,0.5138472117441857,0.13234988241335743,0.49094272766518,16384,71.34946833835899,300,213,25204,c7-camera-ready-300k-v1,complete,0,cells/tsae_paper_d16384_seed1/detection.json,27780894e0dff845f87fd1aed0e8a968d29ecdf8024c35c0f7b100836fc8daf1,f5c59f634a63fffb78270b1c7e4927dc751655d1f430f66bb3577afec0299a37,1d2c6c0971fc5ceb7646fdfeaf988e89b1d385b815af86e909a6a39a6c7930b8
tsae_paper,16384,T-SAE 16K sensitivity,1,aaacbb71c87e42d7,mean,matched_scaled_C1,2,0.1338239355464887,0.5176203338590291,0.13577867532696108,0.5078204637720635,16384,71.34946833835899,300,213,25204,c7-camera-ready-300k-v1,complete,0,cells/tsae_paper_d16384_seed1/detection.json,27780894e0dff845f87fd1aed0e8a968d29ecdf8024c35c0f7b100836fc8daf1,f5c59f634a63fffb78270b1c7e4927dc751655d1f430f66bb3577afec0299a37,1d2c6c0971fc5ceb7646fdfeaf988e89b1d385b815af86e909a6a39a6c7930b8
tsae_paper,16384,T-SAE 16K sensitivity,1,aaacbb71c87e42d7,mean,matched_scaled_C1,4,0.1398848950685259,0.5198851773997306,0.14059435215492241,0.503953476865565,16384,71.34946833835899,300,213,25204,c7-camera-ready-300k-v1,complete,0,cells/tsae_paper_d16384_seed1/detection.json,27780894e0dff845f87fd1aed0e8a968d29ecdf8024c35c0f7b100836fc8daf1,f5c59f634a63fffb78270b1c7e4927dc751655d1f430f66bb3577afec0299a37,1d2c6c0971fc5ceb7646fdfeaf988e89b1d385b815af86e909a6a39a6c7930b8
tsae_paper,16384,T-SAE 16K sensitivity,1,aaacbb71c87e42d7,mean,matched_scaled_C1,8,0.14658264639490937,0.5314127097492004,0.147150258962627,0.5150443337119015,16384,71.34946833835899,300,213,25204,c7-camera-ready-300k-v1,complete,0,cells/tsae_paper_d16384_seed1/detection.json,27780894e0dff845f87fd1aed0e8a968d29ecdf8024c35c0f7b100836fc8daf1,f5c59f634a63fffb78270b1c7e4927dc751655d1f430f66bb3577afec0299a37,1d2c6c0971fc5ceb7646fdfeaf988e89b1d385b815af86e909a6a39a6c7930b8
tsae_paper,16384,T-SAE 16K sensitivity,1,aaacbb71c87e42d7,mean,matched_scaled_C1,16,0.18173237875794285,0.6097537500640182,0.17988428474982057,0.6059357788961779,16384,71.34946833835899,300,213,25204,c7-camera-ready-300k-v1,complete,0,cells/tsae_paper_d16384_seed1/detection.json,27780894e0dff845f87fd1aed0e8a968d29ecdf8024c35c0f7b100836fc8daf1,f5c59f634a63fffb78270b1c7e4927dc751655d1f430f66bb3577afec0299a37,1d2c6c0971fc5ceb7646fdfeaf988e89b1d385b815af86e909a6a39a6c7930b8
tsae_paper,16384,T-SAE 16K sensitivity,1,aaacbb71c87e42d7,mean,matched_scaled_C1,32,0.21734314517693107,0.6508561549344964,0.20995202082301637,0.6447825517552435,16384,71.34946833835899,300,213,25204,c7-camera-ready-300k-v1,complete,0,cells/tsae_paper_d16384_seed1/detection.json,27780894e0dff845f87fd1aed0e8a968d29ecdf8024c35c0f7b100836fc8daf1,f5c59f634a63fffb78270b1c7e4927dc751655d1f430f66bb3577afec0299a37,1d2c6c0971fc5ceb7646fdfeaf988e89b1d385b815af86e909a6a39a6c7930b8
tsae_paper,16384,T-SAE 16K sensitivity,1,aaacbb71c87e42d7,position_identity,matched_scaled_C1,1,0.13043556595704708,0.511215764471292,0.128902051780296,0.4912094080224502,81920,112.39077130614189,300,213,25204,c7-camera-ready-300k-v1,complete,0,cells/tsae_paper_d16384_seed1/detection.json,27780894e0dff845f87fd1aed0e8a968d29ecdf8024c35c0f7b100836fc8daf1,f5c59f634a63fffb78270b1c7e4927dc751655d1f430f66bb3577afec0299a37,1d2c6c0971fc5ceb7646fdfeaf988e89b1d385b815af86e909a6a39a6c7930b8
tsae_paper,16384,T-SAE 16K sensitivity,1,aaacbb71c87e42d7,position_identity,matched_scaled_C1,2,0.13151026269138555,0.5111781322698571,0.1298665685383958,0.4897172969105993,81920,112.39077130614189,300,213,25204,c7-camera-ready-300k-v1,complete,0,cells/tsae_paper_d16384_seed1/detection.json,27780894e0dff845f87fd1aed0e8a968d29ecdf8024c35c0f7b100836fc8daf1,f5c59f634a63fffb78270b1c7e4927dc751655d1f430f66bb3577afec0299a37,1d2c6c0971fc5ceb7646fdfeaf988e89b1d385b815af86e909a6a39a6c7930b8
tsae_paper,16384,T-SAE 16K sensitivity,1,aaacbb71c87e42d7,position_identity,matched_scaled_C1,4,0.13360683894670117,0.5174224491380224,0.13409799552657983,0.5044577951698089,81920,112.39077130614189,300,213,25204,c7-camera-ready-300k-v1,complete,0,cells/tsae_paper_d16384_seed1/detection.json,27780894e0dff845f87fd1aed0e8a968d29ecdf8024c35c0f7b100836fc8daf1,f5c59f634a63fffb78270b1c7e4927dc751655d1f430f66bb3577afec0299a37,1d2c6c0971fc5ceb7646fdfeaf988e89b1d385b815af86e909a6a39a6c7930b8
tsae_paper,16384,T-SAE 16K sensitivity,1,aaacbb71c87e42d7,position_identity,matched_scaled_C1,8,0.13410455433805324,0.517364616557885,0.1346918079482154,0.5040649493121868,81920,112.39077130614189,300,213,25204,c7-camera-ready-300k-v1,complete,0,cells/tsae_paper_d16384_seed1/detection.json,27780894e0dff845f87fd1aed0e8a968d29ecdf8024c35c0f7b100836fc8daf1,f5c59f634a63fffb78270b1c7e4927dc751655d1f430f66bb3577afec0299a37,1d2c6c0971fc5ceb7646fdfeaf988e89b1d385b815af86e909a6a39a6c7930b8
tsae_paper,16384,T-SAE 16K sensitivity,1,aaacbb71c87e42d7,position_identity,matched_scaled_C1,16,0.14591980711282848,0.5255441434523884,0.146050476652375,0.5086506213078065,81920,112.39077130614189,300,213,25204,c7-camera-ready-300k-v1,complete,0,cells/tsae_paper_d16384_seed1/detection.json,27780894e0dff845f87fd1aed0e8a968d29ecdf8024c35c0f7b100836fc8daf1,f5c59f634a63fffb78270b1c7e4927dc751655d1f430f66bb3577afec0299a37,1d2c6c0971fc5ceb7646fdfeaf988e89b1d385b815af86e909a6a39a6c7930b8
tsae_paper,16384,T-SAE 16K sensitivity,1,aaacbb71c87e42d7,position_identity,matched_scaled_C1,32,0.17085126055063932,0.595667824189747,0.17163884789818207,0.5952447564164501,81920,112.39077130614189,300,213,25204,c7-camera-ready-300k-v1,complete,0,cells/tsae_paper_d16384_seed1/detection.json,27780894e0dff845f87fd1aed0e8a968d29ecdf8024c35c0f7b100836fc8daf1,f5c59f634a63fffb78270b1c7e4927dc751655d1f430f66bb3577afec0299a37,1d2c6c0971fc5ceb7646fdfeaf988e89b1d385b815af86e909a6a39a6c7930b8
tsae_paper,16384,T-SAE 16K sensitivity,2,d3a811c75e026df6,last,matched_scaled_C1,1,0.12838146564884348,0.5084164825784085,0.12596458114353132,0.48601353035486805,16384,21.105181717187747,300,213,25204,c7-camera-ready-300k-v1,complete,0,cells/tsae_paper_d16384_seed2/detection.json,894b8176024f930bb2574cc703f58fdca647eccb0744c509bf1eb4c2e862a521,89dabb088ccb097e79337b9ff25bdf2a3d1958d25b51d3868f4938686aba0e91,1d2c6c0971fc5ceb7646fdfeaf988e89b1d385b815af86e909a6a39a6c7930b8
tsae_paper,16384,T-SAE 16K sensitivity,2,d3a811c75e026df6,last,matched_scaled_C1,2,0.1330253343457433,0.5112259461040849,0.12959412857728642,0.4888578391916873,16384,21.105181717187747,300,213,25204,c7-camera-ready-300k-v1,complete,0,cells/tsae_paper_d16384_seed2/detection.json,894b8176024f930bb2574cc703f58fdca647eccb0744c509bf1eb4c2e862a521,89dabb088ccb097e79337b9ff25bdf2a3d1958d25b51d3868f4938686aba0e91,1d2c6c0971fc5ceb7646fdfeaf988e89b1d385b815af86e909a6a39a6c7930b8
tsae_paper,16384,T-SAE 16K sensitivity,2,d3a811c75e026df6,last,matched_scaled_C1,4,0.13468720674060292,0.5141312035073599,0.1317272125131161,0.4919439819450152,16384,21.105181717187747,300,213,25204,c7-camera-ready-300k-v1,complete,0,cells/tsae_paper_d16384_seed2/detection.json,894b8176024f930bb2574cc703f58fdca647eccb0744c509bf1eb4c2e862a521,89dabb088ccb097e79337b9ff25bdf2a3d1958d25b51d3868f4938686aba0e91,1d2c6c0971fc5ceb7646fdfeaf988e89b1d385b815af86e909a6a39a6c7930b8
tsae_paper,16384,T-SAE 16K sensitivity,2,d3a811c75e026df6,last,matched_scaled_C1,8,0.16445847136285013,0.5817064435575459,0.16362211066775034,0.5782641904145296,16384,21.105181717187747,300,213,25204,c7-camera-ready-300k-v1,complete,0,cells/tsae_paper_d16384_seed2/detection.json,894b8176024f930bb2574cc703f58fdca647eccb0744c509bf1eb4c2e862a521,89dabb088ccb097e79337b9ff25bdf2a3d1958d25b51d3868f4938686aba0e91,1d2c6c0971fc5ceb7646fdfeaf988e89b1d385b815af86e909a6a39a6c7930b8
tsae_paper,16384,T-SAE 16K sensitivity,2,d3a811c75e026df6,last,matched_scaled_C1,16,0.1753633495308209,0.6103818843344395,0.17293183928387074,0.6062865003702262,16384,21.105181717187747,300,213,25204,c7-camera-ready-300k-v1,complete,0,cells/tsae_paper_d16384_seed2/detection.json,894b8176024f930bb2574cc703f58fdca647eccb0744c509bf1eb4c2e862a521,89dabb088ccb097e79337b9ff25bdf2a3d1958d25b51d3868f4938686aba0e91,1d2c6c0971fc5ceb7646fdfeaf988e89b1d385b815af86e909a6a39a6c7930b8
tsae_paper,16384,T-SAE 16K sensitivity,2,d3a811c75e026df6,last,matched_scaled_C1,32,0.21981545102048447,0.659802020057545,0.2144501609917366,0.6528163225792639,16384,21.105181717187747,300,213,25204,c7-camera-ready-300k-v1,complete,0,cells/tsae_paper_d16384_seed2/detection.json,894b8176024f930bb2574cc703f58fdca647eccb0744c509bf1eb4c2e862a521,89dabb088ccb097e79337b9ff25bdf2a3d1958d25b51d3868f4938686aba0e91,1d2c6c0971fc5ceb7646fdfeaf988e89b1d385b815af86e909a6a39a6c7930b8
tsae_paper,16384,T-SAE 16K sensitivity,2,d3a811c75e026df6,max,matched_scaled_C1,1,0.12998178743164338,0.5043644830737044,0.12159980091119559,0.47131167654545403,16384,67.5717346452944,300,213,25204,c7-camera-ready-300k-v1,complete,0,cells/tsae_paper_d16384_seed2/detection.json,894b8176024f930bb2574cc703f58fdca647eccb0744c509bf1eb4c2e862a521,89dabb088ccb097e79337b9ff25bdf2a3d1958d25b51d3868f4938686aba0e91,1d2c6c0971fc5ceb7646fdfeaf988e89b1d385b815af86e909a6a39a6c7930b8
tsae_paper,16384,T-SAE 16K sensitivity,2,d3a811c75e026df6,max,matched_scaled_C1,2,0.1337205989300386,0.5081694415346394,0.1304887052825197,0.4827482640966138,16384,67.5717346452944,300,213,25204,c7-camera-ready-300k-v1,complete,0,cells/tsae_paper_d16384_seed2/detection.json,894b8176024f930bb2574cc703f58fdca647eccb0744c509bf1eb4c2e862a521,89dabb088ccb097e79337b9ff25bdf2a3d1958d25b51d3868f4938686aba0e91,1d2c6c0971fc5ceb7646fdfeaf988e89b1d385b815af86e909a6a39a6c7930b8
tsae_paper,16384,T-SAE 16K sensitivity,2,d3a811c75e026df6,max,matched_scaled_C1,4,0.13782581191314702,0.516241750880511,0.13545475864199985,0.49208254202431767,16384,67.5717346452944,300,213,25204,c7-camera-ready-300k-v1,complete,0,cells/tsae_paper_d16384_seed2/detection.json,894b8176024f930bb2574cc703f58fdca647eccb0744c509bf1eb4c2e862a521,89dabb088ccb097e79337b9ff25bdf2a3d1958d25b51d3868f4938686aba0e91,1d2c6c0971fc5ceb7646fdfeaf988e89b1d385b815af86e909a6a39a6c7930b8
tsae_paper,16384,T-SAE 16K sensitivity,2,d3a811c75e026df6,max,matched_scaled_C1,8,0.1464075204690824,0.5259110613076631,0.14781008973515725,0.5115386870897249,16384,67.5717346452944,300,213,25204,c7-camera-ready-300k-v1,complete,0,cells/tsae_paper_d16384_seed2/detection.json,894b8176024f930bb2574cc703f58fdca647eccb0744c509bf1eb4c2e862a521,89dabb088ccb097e79337b9ff25bdf2a3d1958d25b51d3868f4938686aba0e91,1d2c6c0971fc5ceb7646fdfeaf988e89b1d385b815af86e909a6a39a6c7930b8
tsae_paper,16384,T-SAE 16K sensitivity,2,d3a811c75e026df6,max,matched_scaled_C1,16,0.15183699033717613,0.5322848323364223,0.15150495630963057,0.5178358563927279,16384,67.5717346452944,300,213,25204,c7-camera-ready-300k-v1,complete,0,cells/tsae_paper_d16384_seed2/detection.json,894b8176024f930bb2574cc703f58fdca647eccb0744c509bf1eb4c2e862a521,89dabb088ccb097e79337b9ff25bdf2a3d1958d25b51d3868f4938686aba0e91,1d2c6c0971fc5ceb7646fdfeaf988e89b1d385b815af86e909a6a39a6c7930b8
tsae_paper,16384,T-SAE 16K sensitivity,2,d3a811c75e026df6,max,matched_scaled_C1,32,0.1852366131441216,0.5952653187665289,0.18480664204854252,0.5961383189184596,16384,67.5717346452944,300,213,25204,c7-camera-ready-300k-v1,complete,0,cells/tsae_paper_d16384_seed2/detection.json,894b8176024f930bb2574cc703f58fdca647eccb0744c509bf1eb4c2e862a521,89dabb088ccb097e79337b9ff25bdf2a3d1958d25b51d3868f4938686aba0e91,1d2c6c0971fc5ceb7646fdfeaf988e89b1d385b815af86e909a6a39a6c7930b8
tsae_paper,16384,T-SAE 16K sensitivity,2,d3a811c75e026df6,mean,matched_scaled_C1,1,0.1286525496263516,0.5073251887898189,0.12581215497057224,0.48120946745341814,16384,67.5717346452944,300,213,25204,c7-camera-ready-300k-v1,complete,0,cells/tsae_paper_d16384_seed2/detection.json,894b8176024f930bb2574cc703f58fdca647eccb0744c509bf1eb4c2e862a521,89dabb088ccb097e79337b9ff25bdf2a3d1958d25b51d3868f4938686aba0e91,1d2c6c0971fc5ceb7646fdfeaf988e89b1d385b815af86e909a6a39a6c7930b8
tsae_paper,16384,T-SAE 16K sensitivity,2,d3a811c75e026df6,mean,matched_scaled_C1,2,0.13182240175122875,0.5109076377571696,0.12938888544170696,0.4884924747864119,16384,67.5717346452944,300,213,25204,c7-camera-ready-300k-v1,complete,0,cells/tsae_paper_d16384_seed2/detection.json,894b8176024f930bb2574cc703f58fdca647eccb0744c509bf1eb4c2e862a521,89dabb088ccb097e79337b9ff25bdf2a3d1958d25b51d3868f4938686aba0e91,1d2c6c0971fc5ceb7646fdfeaf988e89b1d385b815af86e909a6a39a6c7930b8
tsae_paper,16384,T-SAE 16K sensitivity,2,d3a811c75e026df6,mean,matched_scaled_C1,4,0.1358219017116877,0.5154183790580088,0.13393473793494606,0.49306681193600105,16384,67.5717346452944,300,213,25204,c7-camera-ready-300k-v1,complete,0,cells/tsae_paper_d16384_seed2/detection.json,894b8176024f930bb2574cc703f58fdca647eccb0744c509bf1eb4c2e862a521,89dabb088ccb097e79337b9ff25bdf2a3d1958d25b51d3868f4938686aba0e91,1d2c6c0971fc5ceb7646fdfeaf988e89b1d385b815af86e909a6a39a6c7930b8
tsae_paper,16384,T-SAE 16K sensitivity,2,d3a811c75e026df6,mean,matched_scaled_C1,8,0.14209316564341537,0.5246785179191593,0.14072211305252985,0.5051794016848179,16384,67.5717346452944,300,213,25204,c7-camera-ready-300k-v1,complete,0,cells/tsae_paper_d16384_seed2/detection.json,894b8176024f930bb2574cc703f58fdca647eccb0744c509bf1eb4c2e862a521,89dabb088ccb097e79337b9ff25bdf2a3d1958d25b51d3868f4938686aba0e91,1d2c6c0971fc5ceb7646fdfeaf988e89b1d385b815af86e909a6a39a6c7930b8
tsae_paper,16384,T-SAE 16K sensitivity,2,d3a811c75e026df6,mean,matched_scaled_C1,16,0.15012271029945573,0.5322269369003434,0.15080330036398376,0.5154026236838993,16384,67.5717346452944,300,213,25204,c7-camera-ready-300k-v1,complete,0,cells/tsae_paper_d16384_seed2/detection.json,894b8176024f930bb2574cc703f58fdca647eccb0744c509bf1eb4c2e862a521,89dabb088ccb097e79337b9ff25bdf2a3d1958d25b51d3868f4938686aba0e91,1d2c6c0971fc5ceb7646fdfeaf988e89b1d385b815af86e909a6a39a6c7930b8
tsae_paper,16384,T-SAE 16K sensitivity,2,d3a811c75e026df6,mean,matched_scaled_C1,32,0.17411867785477658,0.5938264490113743,0.17533032742400256,0.589317920806875,16384,67.5717346452944,300,213,25204,c7-camera-ready-300k-v1,complete,0,cells/tsae_paper_d16384_seed2/detection.json,894b8176024f930bb2574cc703f58fdca647eccb0744c509bf1eb4c2e862a521,89dabb088ccb097e79337b9ff25bdf2a3d1958d25b51d3868f4938686aba0e91,1d2c6c0971fc5ceb7646fdfeaf988e89b1d385b815af86e909a6a39a6c7930b8
tsae_paper,16384,T-SAE 16K sensitivity,2,d3a811c75e026df6,position_identity,matched_scaled_C1,1,0.12838146564884348,0.507980914350961,0.12496098162185537,0.4852851071794543,81920,105.98226471988573,300,213,25204,c7-camera-ready-300k-v1,complete,0,cells/tsae_paper_d16384_seed2/detection.json,894b8176024f930bb2574cc703f58fdca647eccb0744c509bf1eb4c2e862a521,89dabb088ccb097e79337b9ff25bdf2a3d1958d25b51d3868f4938686aba0e91,1d2c6c0971fc5ceb7646fdfeaf988e89b1d385b815af86e909a6a39a6c7930b8
tsae_paper,16384,T-SAE 16K sensitivity,2,d3a811c75e026df6,position_identity,matched_scaled_C1,2,0.1288901757489211,0.5075103032691215,0.12529620554401832,0.482898932340564,81920,105.98226471988573,300,213,25204,c7-camera-ready-300k-v1,complete,0,cells/tsae_paper_d16384_seed2/detection.json,894b8176024f930bb2574cc703f58fdca647eccb0744c509bf1eb4c2e862a521,89dabb088ccb097e79337b9ff25bdf2a3d1958d25b51d3868f4938686aba0e91,1d2c6c0971fc5ceb7646fdfeaf988e89b1d385b815af86e909a6a39a6c7930b8
tsae_paper,16384,T-SAE 16K sensitivity,2,d3a811c75e026df6,position_identity,matched_scaled_C1,4,0.12945300875001936,0.5076509123768561,0.1256025280123823,0.4833466336975163,81920,105.98226471988573,300,213,25204,c7-camera-ready-300k-v1,complete,0,cells/tsae_paper_d16384_seed2/detection.json,894b8176024f930bb2574cc703f58fdca647eccb0744c509bf1eb4c2e862a521,89dabb088ccb097e79337b9ff25bdf2a3d1958d25b51d3868f4938686aba0e91,1d2c6c0971fc5ceb7646fdfeaf988e89b1d385b815af86e909a6a39a6c7930b8
tsae_paper,16384,T-SAE 16K sensitivity,2,d3a811c75e026df6,position_identity,matched_scaled_C1,8,0.13282415651985457,0.5137608099835107,0.13045988018696453,0.4918895775482119,81920,105.98226471988573,300,213,25204,c7-camera-ready-300k-v1,complete,0,cells/tsae_paper_d16384_seed2/detection.json,894b8176024f930bb2574cc703f58fdca647eccb0744c509bf1eb4c2e862a521,89dabb088ccb097e79337b9ff25bdf2a3d1958d25b51d3868f4938686aba0e91,1d2c6c0971fc5ceb7646fdfeaf988e89b1d385b815af86e909a6a39a6c7930b8
tsae_paper,16384,T-SAE 16K sensitivity,2,d3a811c75e026df6,position_identity,matched_scaled_C1,16,0.1354596920618005,0.5155284308951326,0.13297974241250388,0.49271117845666085,81920,105.98226471988573,300,213,25204,c7-camera-ready-300k-v1,complete,0,cells/tsae_paper_d16384_seed2/detection.json,894b8176024f930bb2574cc703f58fdca647eccb0744c509bf1eb4c2e862a521,89dabb088ccb097e79337b9ff25bdf2a3d1958d25b51d3868f4938686aba0e91,1d2c6c0971fc5ceb7646fdfeaf988e89b1d385b815af86e909a6a39a6c7930b8
tsae_paper,16384,T-SAE 16K sensitivity,2,d3a811c75e026df6,position_identity,matched_scaled_C1,32,0.1444737484243837,0.5248830570961613,0.14339806850684508,0.5081869380327619,81920,105.98226471988573,300,213,25204,c7-camera-ready-300k-v1,complete,0,cells/tsae_paper_d16384_seed2/detection.json,894b8176024f930bb2574cc703f58fdca647eccb0744c509bf1eb4c2e862a521,89dabb088ccb097e79337b9ff25bdf2a3d1958d25b51d3868f4938686aba0e91,1d2c6c0971fc5ceb7646fdfeaf988e89b1d385b815af86e909a6a39a6c7930b8
tsae_paper,16384,T-SAE 16K sensitivity,42,b97e3c00153a5271,last,matched_scaled_C1,1,0.13121532433248037,0.5120077349650395,0.1296644613777613,0.490788357516367,16384,21.381090303126488,300,213,25204,c7-camera-ready-300k-v1,complete,0,cells/tsae_paper_d16384_seed42/detection.json,e5d51cebab342767c4be45d159dcb7b77496791dbb1f26be85bd06df1a778c2a,be6fc4ef8f1519f4ab468a2c3231cd4d002688351cd48ce45d781ddab6c3455c,1d2c6c0971fc5ceb7646fdfeaf988e89b1d385b815af86e909a6a39a6c7930b8
tsae_paper,16384,T-SAE 16K sensitivity,42,b97e3c00153a5271,last,matched_scaled_C1,2,0.1329884685893471,0.5137384476569105,0.13099539671155705,0.49088831610801914,16384,21.381090303126488,300,213,25204,c7-camera-ready-300k-v1,complete,0,cells/tsae_paper_d16384_seed42/detection.json,e5d51cebab342767c4be45d159dcb7b77496791dbb1f26be85bd06df1a778c2a,be6fc4ef8f1519f4ab468a2c3231cd4d002688351cd48ce45d781ddab6c3455c,1d2c6c0971fc5ceb7646fdfeaf988e89b1d385b815af86e909a6a39a6c7930b8
tsae_paper,16384,T-SAE 16K sensitivity,42,b97e3c00153a5271,last,matched_scaled_C1,4,0.14179800174710694,0.5337137829564471,0.14076313463830686,0.5203434064527568,16384,21.381090303126488,300,213,25204,c7-camera-ready-300k-v1,complete,0,cells/tsae_paper_d16384_seed42/detection.json,e5d51cebab342767c4be45d159dcb7b77496791dbb1f26be85bd06df1a778c2a,be6fc4ef8f1519f4ab468a2c3231cd4d002688351cd48ce45d781ddab6c3455c,1d2c6c0971fc5ceb7646fdfeaf988e89b1d385b815af86e909a6a39a6c7930b8
tsae_paper,16384,T-SAE 16K sensitivity,42,b97e3c00153a5271,last,matched_scaled_C1,8,0.17441643174899593,0.6157241683287618,0.17147219060202828,0.611185122953722,16384,21.381090303126488,300,213,25204,c7-camera-ready-300k-v1,complete,0,cells/tsae_paper_d16384_seed42/detection.json,e5d51cebab342767c4be45d159dcb7b77496791dbb1f26be85bd06df1a778c2a,be6fc4ef8f1519f4ab468a2c3231cd4d002688351cd48ce45d781ddab6c3455c,1d2c6c0971fc5ceb7646fdfeaf988e89b1d385b815af86e909a6a39a6c7930b8
tsae_paper,16384,T-SAE 16K sensitivity,42,b97e3c00153a5271,last,matched_scaled_C1,16,0.1777674480353944,0.6222055065129096,0.17416993275724318,0.6144827468678269,16384,21.381090303126488,300,213,25204,c7-camera-ready-300k-v1,complete,0,cells/tsae_paper_d16384_seed42/detection.json,e5d51cebab342767c4be45d159dcb7b77496791dbb1f26be85bd06df1a778c2a,be6fc4ef8f1519f4ab468a2c3231cd4d002688351cd48ce45d781ddab6c3455c,1d2c6c0971fc5ceb7646fdfeaf988e89b1d385b815af86e909a6a39a6c7930b8
tsae_paper,16384,T-SAE 16K sensitivity,42,b97e3c00153a5271,last,matched_scaled_C1,32,0.20575769128260052,0.6291466115899811,0.2007276224252583,0.6220790126840723,16384,21.381090303126488,300,213,25204,c7-camera-ready-300k-v1,complete,0,cells/tsae_paper_d16384_seed42/detection.json,e5d51cebab342767c4be45d159dcb7b77496791dbb1f26be85bd06df1a778c2a,be6fc4ef8f1519f4ab468a2c3231cd4d002688351cd48ce45d781ddab6c3455c,1d2c6c0971fc5ceb7646fdfeaf988e89b1d385b815af86e909a6a39a6c7930b8
tsae_paper,16384,T-SAE 16K sensitivity,42,b97e3c00153a5271,max,matched_scaled_C1,1,0.13033138086830579,0.5069515903291391,0.1276449283458987,0.4835843432480657,16384,68.9928186002222,300,213,25204,c7-camera-ready-300k-v1,complete,0,cells/tsae_paper_d16384_seed42/detection.json,e5d51cebab342767c4be45d159dcb7b77496791dbb1f26be85bd06df1a778c2a,be6fc4ef8f1519f4ab468a2c3231cd4d002688351cd48ce45d781ddab6c3455c,1d2c6c0971fc5ceb7646fdfeaf988e89b1d385b815af86e909a6a39a6c7930b8
tsae_paper,16384,T-SAE 16K sensitivity,42,b97e3c00153a5271,max,matched_scaled_C1,2,0.13459599735222944,0.5096452382387407,0.13139839268753023,0.4820589794356679,16384,68.9928186002222,300,213,25204,c7-camera-ready-300k-v1,complete,0,cells/tsae_paper_d16384_seed42/detection.json,e5d51cebab342767c4be45d159dcb7b77496791dbb1f26be85bd06df1a778c2a,be6fc4ef8f1519f4ab468a2c3231cd4d002688351cd48ce45d781ddab6c3455c,1d2c6c0971fc5ceb7646fdfeaf988e89b1d385b815af86e909a6a39a6c7930b8
tsae_paper,16384,T-SAE 16K sensitivity,42,b97e3c00153a5271,max,matched_scaled_C1,4,0.1374580059987805,0.5177836251589204,0.13483375363985803,0.4954784132046159,16384,68.9928186002222,300,213,25204,c7-camera-ready-300k-v1,complete,0,cells/tsae_paper_d16384_seed42/detection.json,e5d51cebab342767c4be45d159dcb7b77496791dbb1f26be85bd06df1a778c2a,be6fc4ef8f1519f4ab468a2c3231cd4d002688351cd48ce45d781ddab6c3455c,1d2c6c0971fc5ceb7646fdfeaf988e89b1d385b815af86e909a6a39a6c7930b8
tsae_paper,16384,T-SAE 16K sensitivity,42,b97e3c00153a5271,max,matched_scaled_C1,8,0.14313879318015493,0.5224798683494747,0.13899339017203652,0.49503969093605416,16384,68.9928186002222,300,213,25204,c7-camera-ready-300k-v1,complete,0,cells/tsae_paper_d16384_seed42/detection.json,e5d51cebab342767c4be45d159dcb7b77496791dbb1f26be85bd06df1a778c2a,be6fc4ef8f1519f4ab468a2c3231cd4d002688351cd48ce45d781ddab6c3455c,1d2c6c0971fc5ceb7646fdfeaf988e89b1d385b815af86e909a6a39a6c7930b8
tsae_paper,16384,T-SAE 16K sensitivity,42,b97e3c00153a5271,max,matched_scaled_C1,16,0.18231602365585572,0.6105636097118506,0.18106379794651728,0.6039813306565053,16384,68.9928186002222,300,213,25204,c7-camera-ready-300k-v1,complete,0,cells/tsae_paper_d16384_seed42/detection.json,e5d51cebab342767c4be45d159dcb7b77496791dbb1f26be85bd06df1a778c2a,be6fc4ef8f1519f4ab468a2c3231cd4d002688351cd48ce45d781ddab6c3455c,1d2c6c0971fc5ceb7646fdfeaf988e89b1d385b815af86e909a6a39a6c7930b8
tsae_paper,16384,T-SAE 16K sensitivity,42,b97e3c00153a5271,max,matched_scaled_C1,32,0.2208179607122763,0.6511750100520323,0.21143139511093617,0.6420676520607546,16384,68.9928186002222,300,213,25204,c7-camera-ready-300k-v1,complete,0,cells/tsae_paper_d16384_seed42/detection.json,e5d51cebab342767c4be45d159dcb7b77496791dbb1f26be85bd06df1a778c2a,be6fc4ef8f1519f4ab468a2c3231cd4d002688351cd48ce45d781ddab6c3455c,1d2c6c0971fc5ceb7646fdfeaf988e89b1d385b815af86e909a6a39a6c7930b8
tsae_paper,16384,T-SAE 16K sensitivity,42,b97e3c00153a5271,mean,matched_scaled_C1,1,0.13193314355978375,0.5119094128605167,0.13027473850918292,0.4903772312658731,16384,68.9928186002222,300,213,25204,c7-camera-ready-300k-v1,complete,0,cells/tsae_paper_d16384_seed42/detection.json,e5d51cebab342767c4be45d159dcb7b77496791dbb1f26be85bd06df1a778c2a,be6fc4ef8f1519f4ab468a2c3231cd4d002688351cd48ce45d781ddab6c3455c,1d2c6c0971fc5ceb7646fdfeaf988e89b1d385b815af86e909a6a39a6c7930b8
tsae_paper,16384,T-SAE 16K sensitivity,42,b97e3c00153a5271,mean,matched_scaled_C1,2,0.13470881806720153,0.5140749221062955,0.13218934040461433,0.4923403936607063,16384,68.9928186002222,300,213,25204,c7-camera-ready-300k-v1,complete,0,cells/tsae_paper_d16384_seed42/detection.json,e5d51cebab342767c4be45d159dcb7b77496791dbb1f26be85bd06df1a778c2a,be6fc4ef8f1519f4ab468a2c3231cd4d002688351cd48ce45d781ddab6c3455c,1d2c6c0971fc5ceb7646fdfeaf988e89b1d385b815af86e909a6a39a6c7930b8
tsae_paper,16384,T-SAE 16K sensitivity,42,b97e3c00153a5271,mean,matched_scaled_C1,4,0.14067928691550993,0.5221478788536468,0.1410453290911455,0.5115826874869815,16384,68.9928186002222,300,213,25204,c7-camera-ready-300k-v1,complete,0,cells/tsae_paper_d16384_seed42/detection.json,e5d51cebab342767c4be45d159dcb7b77496791dbb1f26be85bd06df1a778c2a,be6fc4ef8f1519f4ab468a2c3231cd4d002688351cd48ce45d781ddab6c3455c,1d2c6c0971fc5ceb7646fdfeaf988e89b1d385b815af86e909a6a39a6c7930b8
tsae_paper,16384,T-SAE 16K sensitivity,42,b97e3c00153a5271,mean,matched_scaled_C1,8,0.14970707280377307,0.5374971281387106,0.1495437115945309,0.5308701560091547,16384,68.9928186002222,300,213,25204,c7-camera-ready-300k-v1,complete,0,cells/tsae_paper_d16384_seed42/detection.json,e5d51cebab342767c4be45d159dcb7b77496791dbb1f26be85bd06df1a778c2a,be6fc4ef8f1519f4ab468a2c3231cd4d002688351cd48ce45d781ddab6c3455c,1d2c6c0971fc5ceb7646fdfeaf988e89b1d385b815af86e909a6a39a6c7930b8
tsae_paper,16384,T-SAE 16K sensitivity,42,b97e3c00153a5271,mean,matched_scaled_C1,16,0.1843678547703424,0.6174988190146269,0.1802360143956151,0.6093310342857253,16384,68.9928186002222,300,213,25204,c7-camera-ready-300k-v1,complete,0,cells/tsae_paper_d16384_seed42/detection.json,e5d51cebab342767c4be45d159dcb7b77496791dbb1f26be85bd06df1a778c2a,be6fc4ef8f1519f4ab468a2c3231cd4d002688351cd48ce45d781ddab6c3455c,1d2c6c0971fc5ceb7646fdfeaf988e89b1d385b815af86e909a6a39a6c7930b8
tsae_paper,16384,T-SAE 16K sensitivity,42,b97e3c00153a5271,mean,matched_scaled_C1,32,0.20661987085625327,0.6458392104998032,0.20077851495512436,0.6395129367254238,16384,68.9928186002222,300,213,25204,c7-camera-ready-300k-v1,complete,0,cells/tsae_paper_d16384_seed42/detection.json,e5d51cebab342767c4be45d159dcb7b77496791dbb1f26be85bd06df1a778c2a,be6fc4ef8f1519f4ab468a2c3231cd4d002688351cd48ce45d781ddab6c3455c,1d2c6c0971fc5ceb7646fdfeaf988e89b1d385b815af86e909a6a39a6c7930b8
tsae_paper,16384,T-SAE 16K sensitivity,42,b97e3c00153a5271,position_identity,matched_scaled_C1,1,0.13121532433248037,0.5120077349650395,0.1296615927424103,0.4907805097644723,81920,107.39501666402158,300,213,25204,c7-camera-ready-300k-v1,complete,0,cells/tsae_paper_d16384_seed42/detection.json,e5d51cebab342767c4be45d159dcb7b77496791dbb1f26be85bd06df1a778c2a,be6fc4ef8f1519f4ab468a2c3231cd4d002688351cd48ce45d781ddab6c3455c,1d2c6c0971fc5ceb7646fdfeaf988e89b1d385b815af86e909a6a39a6c7930b8
tsae_paper,16384,T-SAE 16K sensitivity,42,b97e3c00153a5271,position_identity,matched_scaled_C1,2,0.13191460865718335,0.5124099270815006,0.13041063762748833,0.4910431946422195,81920,107.39501666402158,300,213,25204,c7-camera-ready-300k-v1,complete,0,cells/tsae_paper_d16384_seed42/detection.json,e5d51cebab342767c4be45d159dcb7b77496791dbb1f26be85bd06df1a778c2a,be6fc4ef8f1519f4ab468a2c3231cd4d002688351cd48ce45d781ddab6c3455c,1d2c6c0971fc5ceb7646fdfeaf988e89b1d385b815af86e909a6a39a6c7930b8
tsae_paper,16384,T-SAE 16K sensitivity,42,b97e3c00153a5271,position_identity,matched_scaled_C1,4,0.13199881484299641,0.5119713734613154,0.13042600095553336,0.48980889220461177,81920,107.39501666402158,300,213,25204,c7-camera-ready-300k-v1,complete,0,cells/tsae_paper_d16384_seed42/detection.json,e5d51cebab342767c4be45d159dcb7b77496791dbb1f26be85bd06df1a778c2a,be6fc4ef8f1519f4ab468a2c3231cd4d002688351cd48ce45d781ddab6c3455c,1d2c6c0971fc5ceb7646fdfeaf988e89b1d385b815af86e909a6a39a6c7930b8
tsae_paper,16384,T-SAE 16K sensitivity,42,b97e3c00153a5271,position_identity,matched_scaled_C1,8,0.1349225501441204,0.5149104292953297,0.13293589340288295,0.4931748116092023,81920,107.39501666402158,300,213,25204,c7-camera-ready-300k-v1,complete,0,cells/tsae_paper_d16384_seed42/detection.json,e5d51cebab342767c4be45d159dcb7b77496791dbb1f26be85bd06df1a778c2a,be6fc4ef8f1519f4ab468a2c3231cd4d002688351cd48ce45d781ddab6c3455c,1d2c6c0971fc5ceb7646fdfeaf988e89b1d385b815af86e909a6a39a6c7930b8
tsae_paper,16384,T-SAE 16K sensitivity,42,b97e3c00153a5271,position_identity,matched_scaled_C1,16,0.14034611406184866,0.5203061025957924,0.13811215299405163,0.499424822797261,81920,107.39501666402158,300,213,25204,c7-camera-ready-300k-v1,complete,0,cells/tsae_paper_d16384_seed42/detection.json,e5d51cebab342767c4be45d159dcb7b77496791dbb1f26be85bd06df1a778c2a,be6fc4ef8f1519f4ab468a2c3231cd4d002688351cd48ce45d781ddab6c3455c,1d2c6c0971fc5ceb7646fdfeaf988e89b1d385b815af86e909a6a39a6c7930b8
tsae_paper,16384,T-SAE 16K sensitivity,42,b97e3c00153a5271,position_identity,matched_scaled_C1,32,0.16424339964860146,0.5924709156392244,0.1627773361912868,0.589624419912582,81920,107.39501666402158,300,213,25204,c7-camera-ready-300k-v1,complete,0,cells/tsae_paper_d16384_seed42/detection.json,e5d51cebab342767c4be45d159dcb7b77496791dbb1f26be85bd06df1a778c2a,be6fc4ef8f1519f4ab468a2c3231cd4d002688351cd48ce45d781ddab6c3455c,1d2c6c0971fc5ceb7646fdfeaf988e89b1d385b815af86e909a6a39a6c7930b8
tsae_paper,32768,32K core,1,c8b4dfabbbcb7cbd,last,matched_scaled_C1,1,0.13220412442406274,0.5152649567636958,0.13175136601523538,0.4984496680207619,32768,23.051102999523884,300,213,25204,c7-camera-ready-300k-v1,complete,0,cells/tsae_paper_d32768_seed1/detection.json,d06a76a2b378305d94270af13060ca044853ec7a7f2cde1da2fd4d13e3d625fa,bcab2698b2d39a8851a18dcf347f95cb65ea60aea7ccfa2c6f308b282f1f09aa,1d2c6c0971fc5ceb7646fdfeaf988e89b1d385b815af86e909a6a39a6c7930b8
tsae_paper,32768,32K core,1,c8b4dfabbbcb7cbd,last,matched_scaled_C1,2,0.13278915845242406,0.5159946196900929,0.13236236012493302,0.5006383888393512,32768,23.051102999523884,300,213,25204,c7-camera-ready-300k-v1,complete,0,cells/tsae_paper_d32768_seed1/detection.json,d06a76a2b378305d94270af13060ca044853ec7a7f2cde1da2fd4d13e3d625fa,bcab2698b2d39a8851a18dcf347f95cb65ea60aea7ccfa2c6f308b282f1f09aa,1d2c6c0971fc5ceb7646fdfeaf988e89b1d385b815af86e909a6a39a6c7930b8
tsae_paper,32768,32K core,1,c8b4dfabbbcb7cbd,last,matched_scaled_C1,4,0.13461150646385242,0.5173646130882379,0.13363495805438852,0.49965830773684505,32768,23.051102999523884,300,213,25204,c7-camera-ready-300k-v1,complete,0,cells/tsae_paper_d32768_seed1/detection.json,d06a76a2b378305d94270af13060ca044853ec7a7f2cde1da2fd4d13e3d625fa,bcab2698b2d39a8851a18dcf347f95cb65ea60aea7ccfa2c6f308b282f1f09aa,1d2c6c0971fc5ceb7646fdfeaf988e89b1d385b815af86e909a6a39a6c7930b8
tsae_paper,32768,32K core,1,c8b4dfabbbcb7cbd,last,matched_scaled_C1,8,0.1674701180913897,0.5983270552001304,0.16784382130563055,0.5988215125496366,32768,23.051102999523884,300,213,25204,c7-camera-ready-300k-v1,complete,0,cells/tsae_paper_d32768_seed1/detection.json,d06a76a2b378305d94270af13060ca044853ec7a7f2cde1da2fd4d13e3d625fa,bcab2698b2d39a8851a18dcf347f95cb65ea60aea7ccfa2c6f308b282f1f09aa,1d2c6c0971fc5ceb7646fdfeaf988e89b1d385b815af86e909a6a39a6c7930b8
tsae_paper,32768,32K core,1,c8b4dfabbbcb7cbd,last,matched_scaled_C1,16,0.17734331786930424,0.6255172636381319,0.17516842870487798,0.6209770121732523,32768,23.051102999523884,300,213,25204,c7-camera-ready-300k-v1,complete,0,cells/tsae_paper_d32768_seed1/detection.json,d06a76a2b378305d94270af13060ca044853ec7a7f2cde1da2fd4d13e3d625fa,bcab2698b2d39a8851a18dcf347f95cb65ea60aea7ccfa2c6f308b282f1f09aa,1d2c6c0971fc5ceb7646fdfeaf988e89b1d385b815af86e909a6a39a6c7930b8
tsae_paper,32768,32K core,1,c8b4dfabbbcb7cbd,last,matched_scaled_C1,32,0.1918795992147655,0.6324512218938937,0.18837430026031182,0.6251368004214302,32768,23.051102999523884,300,213,25204,c7-camera-ready-300k-v1,complete,0,cells/tsae_paper_d32768_seed1/detection.json,d06a76a2b378305d94270af13060ca044853ec7a7f2cde1da2fd4d13e3d625fa,bcab2698b2d39a8851a18dcf347f95cb65ea60aea7ccfa2c6f308b282f1f09aa,1d2c6c0971fc5ceb7646fdfeaf988e89b1d385b815af86e909a6a39a6c7930b8
tsae_paper,32768,32K core,1,c8b4dfabbbcb7cbd,max,matched_scaled_C1,1,0.12986557736275733,0.5114262819228927,0.1278784969930184,0.48957323767668454,32768,77.17568639898428,300,213,25204,c7-camera-ready-300k-v1,complete,0,cells/tsae_paper_d32768_seed1/detection.json,d06a76a2b378305d94270af13060ca044853ec7a7f2cde1da2fd4d13e3d625fa,bcab2698b2d39a8851a18dcf347f95cb65ea60aea7ccfa2c6f308b282f1f09aa,1d2c6c0971fc5ceb7646fdfeaf988e89b1d385b815af86e909a6a39a6c7930b8
tsae_paper,32768,32K core,1,c8b4dfabbbcb7cbd,max,matched_scaled_C1,2,0.12999612276435463,0.5117682808501012,0.12807375835211177,0.49006775345141756,32768,77.17568639898428,300,213,25204,c7-camera-ready-300k-v1,complete,0,cells/tsae_paper_d32768_seed1/detection.json,d06a76a2b378305d94270af13060ca044853ec7a7f2cde1da2fd4d13e3d625fa,bcab2698b2d39a8851a18dcf347f95cb65ea60aea7ccfa2c6f308b282f1f09aa,1d2c6c0971fc5ceb7646fdfeaf988e89b1d385b815af86e909a6a39a6c7930b8
tsae_paper,32768,32K core,1,c8b4dfabbbcb7cbd,max,matched_scaled_C1,4,0.1350722245124242,0.5131955558000935,0.1314569243996673,0.49125615083665564,32768,77.17568639898428,300,213,25204,c7-camera-ready-300k-v1,complete,0,cells/tsae_paper_d32768_seed1/detection.json,d06a76a2b378305d94270af13060ca044853ec7a7f2cde1da2fd4d13e3d625fa,bcab2698b2d39a8851a18dcf347f95cb65ea60aea7ccfa2c6f308b282f1f09aa,1d2c6c0971fc5ceb7646fdfeaf988e89b1d385b815af86e909a6a39a6c7930b8
tsae_paper,32768,32K core,1,c8b4dfabbbcb7cbd,max,matched_scaled_C1,8,0.13643022305425395,0.5157206793049922,0.13294476613278478,0.49498278041410215,32768,77.17568639898428,300,213,25204,c7-camera-ready-300k-v1,complete,0,cells/tsae_paper_d32768_seed1/detection.json,d06a76a2b378305d94270af13060ca044853ec7a7f2cde1da2fd4d13e3d625fa,bcab2698b2d39a8851a18dcf347f95cb65ea60aea7ccfa2c6f308b282f1f09aa,1d2c6c0971fc5ceb7646fdfeaf988e89b1d385b815af86e909a6a39a6c7930b8
tsae_paper,32768,32K core,1,c8b4dfabbbcb7cbd,max,matched_scaled_C1,16,0.16792884994210516,0.596979072344965,0.16330670162441546,0.5961920287605786,32768,77.17568639898428,300,213,25204,c7-camera-ready-300k-v1,complete,0,cells/tsae_paper_d32768_seed1/detection.json,d06a76a2b378305d94270af13060ca044853ec7a7f2cde1da2fd4d13e3d625fa,bcab2698b2d39a8851a18dcf347f95cb65ea60aea7ccfa2c6f308b282f1f09aa,1d2c6c0971fc5ceb7646fdfeaf988e89b1d385b815af86e909a6a39a6c7930b8
tsae_paper,32768,32K core,1,c8b4dfabbbcb7cbd,max,matched_scaled_C1,32,0.1899665776006123,0.6372445248036993,0.18370831446147087,0.6326130013619716,32768,77.17568639898428,300,213,25204,c7-camera-ready-300k-v1,complete,0,cells/tsae_paper_d32768_seed1/detection.json,d06a76a2b378305d94270af13060ca044853ec7a7f2cde1da2fd4d13e3d625fa,bcab2698b2d39a8851a18dcf347f95cb65ea60aea7ccfa2c6f308b282f1f09aa,1d2c6c0971fc5ceb7646fdfeaf988e89b1d385b815af86e909a6a39a6c7930b8
tsae_paper,32768,32K core,1,c8b4dfabbbcb7cbd,mean,matched_scaled_C1,1,0.13195524102536343,0.5150455548231462,0.13139604278662964,0.49779733796522546,32768,77.17568639898428,300,213,25204,c7-camera-ready-300k-v1,complete,0,cells/tsae_paper_d32768_seed1/detection.json,d06a76a2b378305d94270af13060ca044853ec7a7f2cde1da2fd4d13e3d625fa,bcab2698b2d39a8851a18dcf347f95cb65ea60aea7ccfa2c6f308b282f1f09aa,1d2c6c0971fc5ceb7646fdfeaf988e89b1d385b815af86e909a6a39a6c7930b8
tsae_paper,32768,32K core,1,c8b4dfabbbcb7cbd,mean,matched_scaled_C1,2,0.13194615449000247,0.5150004470964601,0.13137047795476645,0.4977910368505655,32768,77.17568639898428,300,213,25204,c7-camera-ready-300k-v1,complete,0,cells/tsae_paper_d32768_seed1/detection.json,d06a76a2b378305d94270af13060ca044853ec7a7f2cde1da2fd4d13e3d625fa,bcab2698b2d39a8851a18dcf347f95cb65ea60aea7ccfa2c6f308b282f1f09aa,1d2c6c0971fc5ceb7646fdfeaf988e89b1d385b815af86e909a6a39a6c7930b8
tsae_paper,32768,32K core,1,c8b4dfabbbcb7cbd,mean,matched_scaled_C1,4,0.13579735534637843,0.5163907185086513,0.13301809766348965,0.493610283075428,32768,77.17568639898428,300,213,25204,c7-camera-ready-300k-v1,complete,0,cells/tsae_paper_d32768_seed1/detection.json,d06a76a2b378305d94270af13060ca044853ec7a7f2cde1da2fd4d13e3d625fa,bcab2698b2d39a8851a18dcf347f95cb65ea60aea7ccfa2c6f308b282f1f09aa,1d2c6c0971fc5ceb7646fdfeaf988e89b1d385b815af86e909a6a39a6c7930b8
tsae_paper,32768,32K core,1,c8b4dfabbbcb7cbd,mean,matched_scaled_C1,8,0.13907713179657175,0.5216078992960347,0.13698074668050264,0.5019322439708536,32768,77.17568639898428,300,213,25204,c7-camera-ready-300k-v1,complete,0,cells/tsae_paper_d32768_seed1/detection.json,d06a76a2b378305d94270af13060ca044853ec7a7f2cde1da2fd4d13e3d625fa,bcab2698b2d39a8851a18dcf347f95cb65ea60aea7ccfa2c6f308b282f1f09aa,1d2c6c0971fc5ceb7646fdfeaf988e89b1d385b815af86e909a6a39a6c7930b8
tsae_paper,32768,32K core,1,c8b4dfabbbcb7cbd,mean,matched_scaled_C1,16,0.172489411244431,0.6044937379524215,0.17244526418915146,0.6022301936096244,32768,77.17568639898428,300,213,25204,c7-camera-ready-300k-v1,complete,0,cells/tsae_paper_d32768_seed1/detection.json,d06a76a2b378305d94270af13060ca044853ec7a7f2cde1da2fd4d13e3d625fa,bcab2698b2d39a8851a18dcf347f95cb65ea60aea7ccfa2c6f308b282f1f09aa,1d2c6c0971fc5ceb7646fdfeaf988e89b1d385b815af86e909a6a39a6c7930b8
tsae_paper,32768,32K core,1,c8b4dfabbbcb7cbd,mean,matched_scaled_C1,32,0.1812990594360214,0.6300453889689092,0.17562693093672466,0.6253431619265457,32768,77.17568639898428,300,213,25204,c7-camera-ready-300k-v1,complete,0,cells/tsae_paper_d32768_seed1/detection.json,d06a76a2b378305d94270af13060ca044853ec7a7f2cde1da2fd4d13e3d625fa,bcab2698b2d39a8851a18dcf347f95cb65ea60aea7ccfa2c6f308b282f1f09aa,1d2c6c0971fc5ceb7646fdfeaf988e89b1d385b815af86e909a6a39a6c7930b8
tsae_paper,32768,32K core,1,c8b4dfabbbcb7cbd,position_identity,matched_scaled_C1,1,0.13220412442406274,0.5152649567636958,0.13175136601523538,0.4984496680207619,163840,116.2095302332963,300,213,25204,c7-camera-ready-300k-v1,complete,0,cells/tsae_paper_d32768_seed1/detection.json,d06a76a2b378305d94270af13060ca044853ec7a7f2cde1da2fd4d13e3d625fa,bcab2698b2d39a8851a18dcf347f95cb65ea60aea7ccfa2c6f308b282f1f09aa,1d2c6c0971fc5ceb7646fdfeaf988e89b1d385b815af86e909a6a39a6c7930b8
tsae_paper,32768,32K core,1,c8b4dfabbbcb7cbd,position_identity,matched_scaled_C1,2,0.13239968804078078,0.5156442763213628,0.13234117335894408,0.5001849090738414,163840,116.2095302332963,300,213,25204,c7-camera-ready-300k-v1,complete,0,cells/tsae_paper_d32768_seed1/detection.json,d06a76a2b378305d94270af13060ca044853ec7a7f2cde1da2fd4d13e3d625fa,bcab2698b2d39a8851a18dcf347f95cb65ea60aea7ccfa2c6f308b282f1f09aa,1d2c6c0971fc5ceb7646fdfeaf988e89b1d385b815af86e909a6a39a6c7930b8
tsae_paper,32768,32K core,1,c8b4dfabbbcb7cbd,position_identity,matched_scaled_C1,4,0.13334395760772083,0.5155851435042107,0.13201287352834312,0.49674451479018394,163840,116.2095302332963,300,213,25204,c7-camera-ready-300k-v1,complete,0,cells/tsae_paper_d32768_seed1/detection.json,d06a76a2b378305d94270af13060ca044853ec7a7f2cde1da2fd4d13e3d625fa,bcab2698b2d39a8851a18dcf347f95cb65ea60aea7ccfa2c6f308b282f1f09aa,1d2c6c0971fc5ceb7646fdfeaf988e89b1d385b815af86e909a6a39a6c7930b8
tsae_paper,32768,32K core,1,c8b4dfabbbcb7cbd,position_identity,matched_scaled_C1,8,0.1333856437493623,0.5157583993426097,0.13199235292921907,0.4981985614412025,163840,116.2095302332963,300,213,25204,c7-camera-ready-300k-v1,complete,0,cells/tsae_paper_d32768_seed1/detection.json,d06a76a2b378305d94270af13060ca044853ec7a7f2cde1da2fd4d13e3d625fa,bcab2698b2d39a8851a18dcf347f95cb65ea60aea7ccfa2c6f308b282f1f09aa,1d2c6c0971fc5ceb7646fdfeaf988e89b1d385b815af86e909a6a39a6c7930b8
tsae_paper,32768,32K core,1,c8b4dfabbbcb7cbd,position_identity,matched_scaled_C1,16,0.13556176006603032,0.5190728806820601,0.13516309357273043,0.5030768987317074,163840,116.2095302332963,300,213,25204,c7-camera-ready-300k-v1,complete,0,cells/tsae_paper_d32768_seed1/detection.json,d06a76a2b378305d94270af13060ca044853ec7a7f2cde1da2fd4d13e3d625fa,bcab2698b2d39a8851a18dcf347f95cb65ea60aea7ccfa2c6f308b282f1f09aa,1d2c6c0971fc5ceb7646fdfeaf988e89b1d385b815af86e909a6a39a6c7930b8
tsae_paper,32768,32K core,1,c8b4dfabbbcb7cbd,position_identity,matched_scaled_C1,32,0.16981337545217126,0.6014864701662873,0.16984490898539112,0.6014995292422918,163840,116.2095302332963,300,213,25204,c7-camera-ready-300k-v1,complete,0,cells/tsae_paper_d32768_seed1/detection.json,d06a76a2b378305d94270af13060ca044853ec7a7f2cde1da2fd4d13e3d625fa,bcab2698b2d39a8851a18dcf347f95cb65ea60aea7ccfa2c6f308b282f1f09aa,1d2c6c0971fc5ceb7646fdfeaf988e89b1d385b815af86e909a6a39a6c7930b8
tsae_paper,32768,32K core,2,7a9792e9b23f9775,last,matched_scaled_C1,1,0.13350947193300428,0.5164604226536078,0.13283559696669384,0.4972844272318996,32768,24.393588319314393,300,213,25204,c7-camera-ready-300k-v1,complete,0,cells/tsae_paper_d32768_seed2/detection.json,f204d663ce7201a470ca647b51205b73572e4fe330460794521dc50ff42c690a,26693cf1ba2c73d22f3b9664a8d711af28dd542af98974fb3726410271dbc92e,1d2c6c0971fc5ceb7646fdfeaf988e89b1d385b815af86e909a6a39a6c7930b8
tsae_paper,32768,32K core,2,7a9792e9b23f9775,last,matched_scaled_C1,2,0.14711178422525034,0.5426525881399182,0.1474164160301501,0.5329568274116818,32768,24.393588319314393,300,213,25204,c7-camera-ready-300k-v1,complete,0,cells/tsae_paper_d32768_seed2/detection.json,f204d663ce7201a470ca647b51205b73572e4fe330460794521dc50ff42c690a,26693cf1ba2c73d22f3b9664a8d711af28dd542af98974fb3726410271dbc92e,1d2c6c0971fc5ceb7646fdfeaf988e89b1d385b815af86e909a6a39a6c7930b8
tsae_paper,32768,32K core,2,7a9792e9b23f9775,last,matched_scaled_C1,4,0.1595286273488837,0.5755412736826763,0.15997694362043705,0.5740053242986805,32768,24.393588319314393,300,213,25204,c7-camera-ready-300k-v1,complete,0,cells/tsae_paper_d32768_seed2/detection.json,f204d663ce7201a470ca647b51205b73572e4fe330460794521dc50ff42c690a,26693cf1ba2c73d22f3b9664a8d711af28dd542af98974fb3726410271dbc92e,1d2c6c0971fc5ceb7646fdfeaf988e89b1d385b815af86e909a6a39a6c7930b8
tsae_paper,32768,32K core,2,7a9792e9b23f9775,last,matched_scaled_C1,8,0.1858535818256242,0.6382492843210884,0.18340738006859364,0.6348741420370057,32768,24.393588319314393,300,213,25204,c7-camera-ready-300k-v1,complete,0,cells/tsae_paper_d32768_seed2/detection.json,f204d663ce7201a470ca647b51205b73572e4fe330460794521dc50ff42c690a,26693cf1ba2c73d22f3b9664a8d711af28dd542af98974fb3726410271dbc92e,1d2c6c0971fc5ceb7646fdfeaf988e89b1d385b815af86e909a6a39a6c7930b8
tsae_paper,32768,32K core,2,7a9792e9b23f9775,last,matched_scaled_C1,16,0.18649026256796747,0.6386837727166752,0.1844458689361485,0.6344756967797652,32768,24.393588319314393,300,213,25204,c7-camera-ready-300k-v1,complete,0,cells/tsae_paper_d32768_seed2/detection.json,f204d663ce7201a470ca647b51205b73572e4fe330460794521dc50ff42c690a,26693cf1ba2c73d22f3b9664a8d711af28dd542af98974fb3726410271dbc92e,1d2c6c0971fc5ceb7646fdfeaf988e89b1d385b815af86e909a6a39a6c7930b8
tsae_paper,32768,32K core,2,7a9792e9b23f9775,last,matched_scaled_C1,32,0.19803803550629995,0.6422488074536302,0.19363376014171355,0.6363415355945312,32768,24.393588319314393,300,213,25204,c7-camera-ready-300k-v1,complete,0,cells/tsae_paper_d32768_seed2/detection.json,f204d663ce7201a470ca647b51205b73572e4fe330460794521dc50ff42c690a,26693cf1ba2c73d22f3b9664a8d711af28dd542af98974fb3726410271dbc92e,1d2c6c0971fc5ceb7646fdfeaf988e89b1d385b815af86e909a6a39a6c7930b8
tsae_paper,32768,32K core,2,7a9792e9b23f9775,max,matched_scaled_C1,1,0.1327504913769381,0.511896820720269,0.13075495903688453,0.49476629416338486,32768,84.38783526424378,300,213,25204,c7-camera-ready-300k-v1,complete,0,cells/tsae_paper_d32768_seed2/detection.json,f204d663ce7201a470ca647b51205b73572e4fe330460794521dc50ff42c690a,26693cf1ba2c73d22f3b9664a8d711af28dd542af98974fb3726410271dbc92e,1d2c6c0971fc5ceb7646fdfeaf988e89b1d385b815af86e909a6a39a6c7930b8
tsae_paper,32768,32K core,2,7a9792e9b23f9775,max,matched_scaled_C1,2,0.1381044789318967,0.514431093958807,0.13652681530772437,0.4951477693731887,32768,84.38783526424378,300,213,25204,c7-camera-ready-300k-v1,complete,0,cells/tsae_paper_d32768_seed2/detection.json,f204d663ce7201a470ca647b51205b73572e4fe330460794521dc50ff42c690a,26693cf1ba2c73d22f3b9664a8d711af28dd542af98974fb3726410271dbc92e,1d2c6c0971fc5ceb7646fdfeaf988e89b1d385b815af86e909a6a39a6c7930b8
tsae_paper,32768,32K core,2,7a9792e9b23f9775,max,matched_scaled_C1,4,0.14000466959718277,0.5204975436267011,0.1386978546638788,0.503512950186896,32768,84.38783526424378,300,213,25204,c7-camera-ready-300k-v1,complete,0,cells/tsae_paper_d32768_seed2/detection.json,f204d663ce7201a470ca647b51205b73572e4fe330460794521dc50ff42c690a,26693cf1ba2c73d22f3b9664a8d711af28dd542af98974fb3726410271dbc92e,1d2c6c0971fc5ceb7646fdfeaf988e89b1d385b815af86e909a6a39a6c7930b8
tsae_paper,32768,32K core,2,7a9792e9b23f9775,max,matched_scaled_C1,8,0.14286107633920786,0.5230105588695484,0.140911132839022,0.5073785336633112,32768,84.38783526424378,300,213,25204,c7-camera-ready-300k-v1,complete,0,cells/tsae_paper_d32768_seed2/detection.json,f204d663ce7201a470ca647b51205b73572e4fe330460794521dc50ff42c690a,26693cf1ba2c73d22f3b9664a8d711af28dd542af98974fb3726410271dbc92e,1d2c6c0971fc5ceb7646fdfeaf988e89b1d385b815af86e909a6a39a6c7930b8
tsae_paper,32768,32K core,2,7a9792e9b23f9775,max,matched_scaled_C1,16,0.18058308880514376,0.611542278503497,0.18037650734819588,0.6139656688063964,32768,84.38783526424378,300,213,25204,c7-camera-ready-300k-v1,complete,0,cells/tsae_paper_d32768_seed2/detection.json,f204d663ce7201a470ca647b51205b73572e4fe330460794521dc50ff42c690a,26693cf1ba2c73d22f3b9664a8d711af28dd542af98974fb3726410271dbc92e,1d2c6c0971fc5ceb7646fdfeaf988e89b1d385b815af86e909a6a39a6c7930b8
tsae_paper,32768,32K core,2,7a9792e9b23f9775,max,matched_scaled_C1,32,0.2004234597088844,0.6460254056157625,0.19743754872485858,0.6398806998504846,32768,84.38783526424378,300,213,25204,c7-camera-ready-300k-v1,complete,0,cells/tsae_paper_d32768_seed2/detection.json,f204d663ce7201a470ca647b51205b73572e4fe330460794521dc50ff42c690a,26693cf1ba2c73d22f3b9664a8d711af28dd542af98974fb3726410271dbc92e,1d2c6c0971fc5ceb7646fdfeaf988e89b1d385b815af86e909a6a39a6c7930b8
tsae_paper,32768,32K core,2,7a9792e9b23f9775,mean,matched_scaled_C1,1,0.13494522578126578,0.5172267076267174,0.13420076093845984,0.5002792969073054,32768,84.38783526424378,300,213,25204,c7-camera-ready-300k-v1,complete,0,cells/tsae_paper_d32768_seed2/detection.json,f204d663ce7201a470ca647b51205b73572e4fe330460794521dc50ff42c690a,26693cf1ba2c73d22f3b9664a8d711af28dd542af98974fb3726410271dbc92e,1d2c6c0971fc5ceb7646fdfeaf988e89b1d385b815af86e909a6a39a6c7930b8
tsae_paper,32768,32K core,2,7a9792e9b23f9775,mean,matched_scaled_C1,2,0.13903760737917,0.5180521993965985,0.13895216865154814,0.5017873469751033,32768,84.38783526424378,300,213,25204,c7-camera-ready-300k-v1,complete,0,cells/tsae_paper_d32768_seed2/detection.json,f204d663ce7201a470ca647b51205b73572e4fe330460794521dc50ff42c690a,26693cf1ba2c73d22f3b9664a8d711af28dd542af98974fb3726410271dbc92e,1d2c6c0971fc5ceb7646fdfeaf988e89b1d385b815af86e909a6a39a6c7930b8
tsae_paper,32768,32K core,2,7a9792e9b23f9775,mean,matched_scaled_C1,4,0.1390606400507256,0.5189236370367328,0.13855637353319694,0.5032952609961073,32768,84.38783526424378,300,213,25204,c7-camera-ready-300k-v1,complete,0,cells/tsae_paper_d32768_seed2/detection.json,f204d663ce7201a470ca647b51205b73572e4fe330460794521dc50ff42c690a,26693cf1ba2c73d22f3b9664a8d711af28dd542af98974fb3726410271dbc92e,1d2c6c0971fc5ceb7646fdfeaf988e89b1d385b815af86e909a6a39a6c7930b8
tsae_paper,32768,32K core,2,7a9792e9b23f9775,mean,matched_scaled_C1,8,0.16477752246933677,0.5799982185303922,0.16763008027570728,0.5847496413197886,32768,84.38783526424378,300,213,25204,c7-camera-ready-300k-v1,complete,0,cells/tsae_paper_d32768_seed2/detection.json,f204d663ce7201a470ca647b51205b73572e4fe330460794521dc50ff42c690a,26693cf1ba2c73d22f3b9664a8d711af28dd542af98974fb3726410271dbc92e,1d2c6c0971fc5ceb7646fdfeaf988e89b1d385b815af86e909a6a39a6c7930b8
tsae_paper,32768,32K core,2,7a9792e9b23f9775,mean,matched_scaled_C1,16,0.18081614353816566,0.6154696190677063,0.18045149271440986,0.6190185612936991,32768,84.38783526424378,300,213,25204,c7-camera-ready-300k-v1,complete,0,cells/tsae_paper_d32768_seed2/detection.json,f204d663ce7201a470ca647b51205b73572e4fe330460794521dc50ff42c690a,26693cf1ba2c73d22f3b9664a8d711af28dd542af98974fb3726410271dbc92e,1d2c6c0971fc5ceb7646fdfeaf988e89b1d385b815af86e909a6a39a6c7930b8
tsae_paper,32768,32K core,2,7a9792e9b23f9775,mean,matched_scaled_C1,32,0.19349960147891904,0.6463024051002714,0.18993971273664562,0.641074710956056,32768,84.38783526424378,300,213,25204,c7-camera-ready-300k-v1,complete,0,cells/tsae_paper_d32768_seed2/detection.json,f204d663ce7201a470ca647b51205b73572e4fe330460794521dc50ff42c690a,26693cf1ba2c73d22f3b9664a8d711af28dd542af98974fb3726410271dbc92e,1d2c6c0971fc5ceb7646fdfeaf988e89b1d385b815af86e909a6a39a6c7930b8
tsae_paper,32768,32K core,2,7a9792e9b23f9775,position_identity,matched_scaled_C1,1,0.13395663380118886,0.5168899540852989,0.13269105918741575,0.4978445175612424,163840,123.01967941596573,300,213,25204,c7-camera-ready-300k-v1,complete,0,cells/tsae_paper_d32768_seed2/detection.json,f204d663ce7201a470ca647b51205b73572e4fe330460794521dc50ff42c690a,26693cf1ba2c73d22f3b9664a8d711af28dd542af98974fb3726410271dbc92e,1d2c6c0971fc5ceb7646fdfeaf988e89b1d385b815af86e909a6a39a6c7930b8
tsae_paper,32768,32K core,2,7a9792e9b23f9775,position_identity,matched_scaled_C1,2,0.13504840220004571,0.5173857744269755,0.13359497004650397,0.4985647206461678,163840,123.01967941596573,300,213,25204,c7-camera-ready-300k-v1,complete,0,cells/tsae_paper_d32768_seed2/detection.json,f204d663ce7201a470ca647b51205b73572e4fe330460794521dc50ff42c690a,26693cf1ba2c73d22f3b9664a8d711af28dd542af98974fb3726410271dbc92e,1d2c6c0971fc5ceb7646fdfeaf988e89b1d385b815af86e909a6a39a6c7930b8
tsae_paper,32768,32K core,2,7a9792e9b23f9775,position_identity,matched_scaled_C1,4,0.14539088708065168,0.54252188024912,0.14473290594047167,0.5339106013604823,163840,123.01967941596573,300,213,25204,c7-camera-ready-300k-v1,complete,0,cells/tsae_paper_d32768_seed2/detection.json,f204d663ce7201a470ca647b51205b73572e4fe330460794521dc50ff42c690a,26693cf1ba2c73d22f3b9664a8d711af28dd542af98974fb3726410271dbc92e,1d2c6c0971fc5ceb7646fdfeaf988e89b1d385b815af86e909a6a39a6c7930b8
tsae_paper,32768,32K core,2,7a9792e9b23f9775,position_identity,matched_scaled_C1,8,0.14940613645440096,0.5431391936773152,0.14842221279655388,0.5347980990396314,163840,123.01967941596573,300,213,25204,c7-camera-ready-300k-v1,complete,0,cells/tsae_paper_d32768_seed2/detection.json,f204d663ce7201a470ca647b51205b73572e4fe330460794521dc50ff42c690a,26693cf1ba2c73d22f3b9664a8d711af28dd542af98974fb3726410271dbc92e,1d2c6c0971fc5ceb7646fdfeaf988e89b1d385b815af86e909a6a39a6c7930b8
tsae_paper,32768,32K core,2,7a9792e9b23f9775,position_identity,matched_scaled_C1,16,0.1488534725240241,0.5423196921913136,0.14699147189696193,0.5341358805302933,163840,123.01967941596573,300,213,25204,c7-camera-ready-300k-v1,complete,0,cells/tsae_paper_d32768_seed2/detection.json,f204d663ce7201a470ca647b51205b73572e4fe330460794521dc50ff42c690a,26693cf1ba2c73d22f3b9664a8d711af28dd542af98974fb3726410271dbc92e,1d2c6c0971fc5ceb7646fdfeaf988e89b1d385b815af86e909a6a39a6c7930b8
tsae_paper,32768,32K core,2,7a9792e9b23f9775,position_identity,matched_scaled_C1,32,0.17705766136661483,0.6136888719047592,0.1759816639555236,0.6156617069017899,163840,123.01967941596573,300,213,25204,c7-camera-ready-300k-v1,complete,0,cells/tsae_paper_d32768_seed2/detection.json,f204d663ce7201a470ca647b51205b73572e4fe330460794521dc50ff42c690a,26693cf1ba2c73d22f3b9664a8d711af28dd542af98974fb3726410271dbc92e,1d2c6c0971fc5ceb7646fdfeaf988e89b1d385b815af86e909a6a39a6c7930b8
tsae_paper,32768,32K core,42,32f27809cdf34da9,last,matched_scaled_C1,1,0.13115025445458986,0.5133830068531607,0.13056033463621644,0.4989284811313479,32768,23.486708458974768,300,213,25204,c7-camera-ready-300k-v1,complete,0,cells/tsae_paper_d32768_seed42/detection.json,f4640197d16c0cf314a773cae13fe27d109bf064e0751db4eca18dff0db4839f,65e0f344801a6ad55b6220c2a6e2a70aa23c2e5918c19bdf1390d2f713dd3316,1d2c6c0971fc5ceb7646fdfeaf988e89b1d385b815af86e909a6a39a6c7930b8
tsae_paper,32768,32K core,42,32f27809cdf34da9,last,matched_scaled_C1,2,0.133458017437927,0.5151103939000473,0.13217564196977047,0.4994746517255781,32768,23.486708458974768,300,213,25204,c7-camera-ready-300k-v1,complete,0,cells/tsae_paper_d32768_seed42/detection.json,f4640197d16c0cf314a773cae13fe27d109bf064e0751db4eca18dff0db4839f,65e0f344801a6ad55b6220c2a6e2a70aa23c2e5918c19bdf1390d2f713dd3316,1d2c6c0971fc5ceb7646fdfeaf988e89b1d385b815af86e909a6a39a6c7930b8
tsae_paper,32768,32K core,42,32f27809cdf34da9,last,matched_scaled_C1,4,0.1363445820169758,0.5178299435535849,0.13383224054399445,0.4981182222292871,32768,23.486708458974768,300,213,25204,c7-camera-ready-300k-v1,complete,0,cells/tsae_paper_d32768_seed42/detection.json,f4640197d16c0cf314a773cae13fe27d109bf064e0751db4eca18dff0db4839f,65e0f344801a6ad55b6220c2a6e2a70aa23c2e5918c19bdf1390d2f713dd3316,1d2c6c0971fc5ceb7646fdfeaf988e89b1d385b815af86e909a6a39a6c7930b8
tsae_paper,32768,32K core,42,32f27809cdf34da9,last,matched_scaled_C1,8,0.1428489174802658,0.5359503979090958,0.14171425775656898,0.5251063402603349,32768,23.486708458974768,300,213,25204,c7-camera-ready-300k-v1,complete,0,cells/tsae_paper_d32768_seed42/detection.json,f4640197d16c0cf314a773cae13fe27d109bf064e0751db4eca18dff0db4839f,65e0f344801a6ad55b6220c2a6e2a70aa23c2e5918c19bdf1390d2f713dd3316,1d2c6c0971fc5ceb7646fdfeaf988e89b1d385b815af86e909a6a39a6c7930b8
tsae_paper,32768,32K core,42,32f27809cdf34da9,last,matched_scaled_C1,16,0.1731776572391309,0.6127350318990458,0.16944741501779378,0.6064992847160806,32768,23.486708458974768,300,213,25204,c7-camera-ready-300k-v1,complete,0,cells/tsae_paper_d32768_seed42/detection.json,f4640197d16c0cf314a773cae13fe27d109bf064e0751db4eca18dff0db4839f,65e0f344801a6ad55b6220c2a6e2a70aa23c2e5918c19bdf1390d2f713dd3316,1d2c6c0971fc5ceb7646fdfeaf988e89b1d385b815af86e909a6a39a6c7930b8
tsae_paper,32768,32K core,42,32f27809cdf34da9,last,matched_scaled_C1,32,0.19056671653299118,0.6336160366748969,0.18625570369500102,0.6236342853100324,32768,23.486708458974768,300,213,25204,c7-camera-ready-300k-v1,complete,0,cells/tsae_paper_d32768_seed42/detection.json,f4640197d16c0cf314a773cae13fe27d109bf064e0751db4eca18dff0db4839f,65e0f344801a6ad55b6220c2a6e2a70aa23c2e5918c19bdf1390d2f713dd3316,1d2c6c0971fc5ceb7646fdfeaf988e89b1d385b815af86e909a6a39a6c7930b8
tsae_paper,32768,32K core,42,32f27809cdf34da9,max,matched_scaled_C1,1,0.1301412876409492,0.5083021087278562,0.1264790016820517,0.4839556579104802,32768,80.9117600380892,300,213,25204,c7-camera-ready-300k-v1,complete,0,cells/tsae_paper_d32768_seed42/detection.json,f4640197d16c0cf314a773cae13fe27d109bf064e0751db4eca18dff0db4839f,65e0f344801a6ad55b6220c2a6e2a70aa23c2e5918c19bdf1390d2f713dd3316,1d2c6c0971fc5ceb7646fdfeaf988e89b1d385b815af86e909a6a39a6c7930b8
tsae_paper,32768,32K core,42,32f27809cdf34da9,max,matched_scaled_C1,2,0.13292404402110045,0.5095932713015282,0.12817938380110744,0.4820471362042501,32768,80.9117600380892,300,213,25204,c7-camera-ready-300k-v1,complete,0,cells/tsae_paper_d32768_seed42/detection.json,f4640197d16c0cf314a773cae13fe27d109bf064e0751db4eca18dff0db4839f,65e0f344801a6ad55b6220c2a6e2a70aa23c2e5918c19bdf1390d2f713dd3316,1d2c6c0971fc5ceb7646fdfeaf988e89b1d385b815af86e909a6a39a6c7930b8
tsae_paper,32768,32K core,42,32f27809cdf34da9,max,matched_scaled_C1,4,0.13726249253464515,0.5176450706556363,0.1341213138037653,0.49243227536902157,32768,80.9117600380892,300,213,25204,c7-camera-ready-300k-v1,complete,0,cells/tsae_paper_d32768_seed42/detection.json,f4640197d16c0cf314a773cae13fe27d109bf064e0751db4eca18dff0db4839f,65e0f344801a6ad55b6220c2a6e2a70aa23c2e5918c19bdf1390d2f713dd3316,1d2c6c0971fc5ceb7646fdfeaf988e89b1d385b815af86e909a6a39a6c7930b8
tsae_paper,32768,32K core,42,32f27809cdf34da9,max,matched_scaled_C1,8,0.13739464595239564,0.5169611977767621,0.13460023592008968,0.49506980739998613,32768,80.9117600380892,300,213,25204,c7-camera-ready-300k-v1,complete,0,cells/tsae_paper_d32768_seed42/detection.json,f4640197d16c0cf314a773cae13fe27d109bf064e0751db4eca18dff0db4839f,65e0f344801a6ad55b6220c2a6e2a70aa23c2e5918c19bdf1390d2f713dd3316,1d2c6c0971fc5ceb7646fdfeaf988e89b1d385b815af86e909a6a39a6c7930b8
tsae_paper,32768,32K core,42,32f27809cdf34da9,max,matched_scaled_C1,16,0.14190505518182017,0.5233429616330432,0.14066569456608757,0.5060324294026336,32768,80.9117600380892,300,213,25204,c7-camera-ready-300k-v1,complete,0,cells/tsae_paper_d32768_seed42/detection.json,f4640197d16c0cf314a773cae13fe27d109bf064e0751db4eca18dff0db4839f,65e0f344801a6ad55b6220c2a6e2a70aa23c2e5918c19bdf1390d2f713dd3316,1d2c6c0971fc5ceb7646fdfeaf988e89b1d385b815af86e909a6a39a6c7930b8
tsae_paper,32768,32K core,42,32f27809cdf34da9,max,matched_scaled_C1,32,0.16562909636280226,0.5796128134701221,0.1683166539378975,0.5739842298852845,32768,80.9117600380892,300,213,25204,c7-camera-ready-300k-v1,complete,0,cells/tsae_paper_d32768_seed42/detection.json,f4640197d16c0cf314a773cae13fe27d109bf064e0751db4eca18dff0db4839f,65e0f344801a6ad55b6220c2a6e2a70aa23c2e5918c19bdf1390d2f713dd3316,1d2c6c0971fc5ceb7646fdfeaf988e89b1d385b815af86e909a6a39a6c7930b8
tsae_paper,32768,32K core,42,32f27809cdf34da9,mean,matched_scaled_C1,1,0.1326726961343629,0.5135715440950265,0.1311218409185285,0.4955696218393198,32768,80.9117600380892,300,213,25204,c7-camera-ready-300k-v1,complete,0,cells/tsae_paper_d32768_seed42/detection.json,f4640197d16c0cf314a773cae13fe27d109bf064e0751db4eca18dff0db4839f,65e0f344801a6ad55b6220c2a6e2a70aa23c2e5918c19bdf1390d2f713dd3316,1d2c6c0971fc5ceb7646fdfeaf988e89b1d385b815af86e909a6a39a6c7930b8
tsae_paper,32768,32K core,42,32f27809cdf34da9,mean,matched_scaled_C1,2,0.13588298482646913,0.5150250005036348,0.1326658910711075,0.4934647559682117,32768,80.9117600380892,300,213,25204,c7-camera-ready-300k-v1,complete,0,cells/tsae_paper_d32768_seed42/detection.json,f4640197d16c0cf314a773cae13fe27d109bf064e0751db4eca18dff0db4839f,65e0f344801a6ad55b6220c2a6e2a70aa23c2e5918c19bdf1390d2f713dd3316,1d2c6c0971fc5ceb7646fdfeaf988e89b1d385b815af86e909a6a39a6c7930b8
tsae_paper,32768,32K core,42,32f27809cdf34da9,mean,matched_scaled_C1,4,0.14023993372701904,0.5214641999079295,0.13802693280412615,0.5002756809267337,32768,80.9117600380892,300,213,25204,c7-camera-ready-300k-v1,complete,0,cells/tsae_paper_d32768_seed42/detection.json,f4640197d16c0cf314a773cae13fe27d109bf064e0751db4eca18dff0db4839f,65e0f344801a6ad55b6220c2a6e2a70aa23c2e5918c19bdf1390d2f713dd3316,1d2c6c0971fc5ceb7646fdfeaf988e89b1d385b815af86e909a6a39a6c7930b8
tsae_paper,32768,32K core,42,32f27809cdf34da9,mean,matched_scaled_C1,8,0.14028929424037545,0.5211285456341138,0.13884750174992683,0.5013949235785778,32768,80.9117600380892,300,213,25204,c7-camera-ready-300k-v1,complete,0,cells/tsae_paper_d32768_seed42/detection.json,f4640197d16c0cf314a773cae13fe27d109bf064e0751db4eca18dff0db4839f,65e0f344801a6ad55b6220c2a6e2a70aa23c2e5918c19bdf1390d2f713dd3316,1d2c6c0971fc5ceb7646fdfeaf988e89b1d385b815af86e909a6a39a6c7930b8
tsae_paper,32768,32K core,42,32f27809cdf34da9,mean,matched_scaled_C1,16,0.1428798326944491,0.5212349469723815,0.1415535403870185,0.5040422008561926,32768,80.9117600380892,300,213,25204,c7-camera-ready-300k-v1,complete,0,cells/tsae_paper_d32768_seed42/detection.json,f4640197d16c0cf314a773cae13fe27d109bf064e0751db4eca18dff0db4839f,65e0f344801a6ad55b6220c2a6e2a70aa23c2e5918c19bdf1390d2f713dd3316,1d2c6c0971fc5ceb7646fdfeaf988e89b1d385b815af86e909a6a39a6c7930b8
tsae_paper,32768,32K core,42,32f27809cdf34da9,mean,matched_scaled_C1,32,0.1826582862842437,0.6043672593809764,0.1826934558667368,0.6079256995472434,32768,80.9117600380892,300,213,25204,c7-camera-ready-300k-v1,complete,0,cells/tsae_paper_d32768_seed42/detection.json,f4640197d16c0cf314a773cae13fe27d109bf064e0751db4eca18dff0db4839f,65e0f344801a6ad55b6220c2a6e2a70aa23c2e5918c19bdf1390d2f713dd3316,1d2c6c0971fc5ceb7646fdfeaf988e89b1d385b815af86e909a6a39a6c7930b8
tsae_paper,32768,32K core,42,32f27809cdf34da9,position_identity,matched_scaled_C1,1,0.13138379595862312,0.513475210225917,0.13099762081245847,0.49966825347350735,163840,118.6571575940327,300,213,25204,c7-camera-ready-300k-v1,complete,0,cells/tsae_paper_d32768_seed42/detection.json,f4640197d16c0cf314a773cae13fe27d109bf064e0751db4eca18dff0db4839f,65e0f344801a6ad55b6220c2a6e2a70aa23c2e5918c19bdf1390d2f713dd3316,1d2c6c0971fc5ceb7646fdfeaf988e89b1d385b815af86e909a6a39a6c7930b8
tsae_paper,32768,32K core,42,32f27809cdf34da9,position_identity,matched_scaled_C1,2,0.13243969172112394,0.5140782280429186,0.13128517185565705,0.49988630784253196,163840,118.6571575940327,300,213,25204,c7-camera-ready-300k-v1,complete,0,cells/tsae_paper_d32768_seed42/detection.json,f4640197d16c0cf314a773cae13fe27d109bf064e0751db4eca18dff0db4839f,65e0f344801a6ad55b6220c2a6e2a70aa23c2e5918c19bdf1390d2f713dd3316,1d2c6c0971fc5ceb7646fdfeaf988e89b1d385b815af86e909a6a39a6c7930b8
tsae_paper,32768,32K core,42,32f27809cdf34da9,position_identity,matched_scaled_C1,4,0.13282198129071773,0.5133115318467446,0.1310738349684411,0.49642228437889957,163840,118.6571575940327,300,213,25204,c7-camera-ready-300k-v1,complete,0,cells/tsae_paper_d32768_seed42/detection.json,f4640197d16c0cf314a773cae13fe27d109bf064e0751db4eca18dff0db4839f,65e0f344801a6ad55b6220c2a6e2a70aa23c2e5918c19bdf1390d2f713dd3316,1d2c6c0971fc5ceb7646fdfeaf988e89b1d385b815af86e909a6a39a6c7930b8
tsae_paper,32768,32K core,42,32f27809cdf34da9,position_identity,matched_scaled_C1,8,0.13416002905353444,0.5166924728963764,0.13258590993990113,0.49720306408885206,163840,118.6571575940327,300,213,25204,c7-camera-ready-300k-v1,complete,0,cells/tsae_paper_d32768_seed42/detection.json,f4640197d16c0cf314a773cae13fe27d109bf064e0751db4eca18dff0db4839f,65e0f344801a6ad55b6220c2a6e2a70aa23c2e5918c19bdf1390d2f713dd3316,1d2c6c0971fc5ceb7646fdfeaf988e89b1d385b815af86e909a6a39a6c7930b8
tsae_paper,32768,32K core,42,32f27809cdf34da9,position_identity,matched_scaled_C1,16,0.13757451825150585,0.5185203558602064,0.1358090280045407,0.4976197968993217,163840,118.6571575940327,300,213,25204,c7-camera-ready-300k-v1,complete,0,cells/tsae_paper_d32768_seed42/detection.json,f4640197d16c0cf314a773cae13fe27d109bf064e0751db4eca18dff0db4839f,65e0f344801a6ad55b6220c2a6e2a70aa23c2e5918c19bdf1390d2f713dd3316,1d2c6c0971fc5ceb7646fdfeaf988e89b1d385b815af86e909a6a39a6c7930b8
tsae_paper,32768,32K core,42,32f27809cdf34da9,position_identity,matched_scaled_C1,32,0.1382989946973926,0.5185725434560943,0.13583325698162416,0.49727214005831244,163840,118.6571575940327,300,213,25204,c7-camera-ready-300k-v1,complete,0,cells/tsae_paper_d32768_seed42/detection.json,f4640197d16c0cf314a773cae13fe27d109bf064e0751db4eca18dff0db4839f,65e0f344801a6ad55b6220c2a6e2a70aa23c2e5918c19bdf1390d2f713dd3316,1d2c6c0971fc5ceb7646fdfeaf988e89b1d385b815af86e909a6a39a6c7930b8
txc_base,32768,32K core,1,a300c63374c3597e,native,matched_scaled_C1,1,0.12904631264232128,0.5043507731850946,0.12280081227945296,0.47347837210416344,32768,100.0,300,213,25204,c7-camera-ready-300k-v1,complete,0,cells/txc_base_d32768_seed1/detection.json,890a77040c74fca92d4a45260e4df86c41f453c24a8bf89e89b96aeff5fde1e4,4cd97b4da888d16edddaf592ce9e8f3cc35801dee993bd79a8678d50bfb76e36,1d2c6c0971fc5ceb7646fdfeaf988e89b1d385b815af86e909a6a39a6c7930b8
txc_base,32768,32K core,1,a300c63374c3597e,native,matched_scaled_C1,2,0.13320844996136008,0.5094365791866664,0.12968358408087557,0.48432465261704266,32768,100.0,300,213,25204,c7-camera-ready-300k-v1,complete,0,cells/txc_base_d32768_seed1/detection.json,890a77040c74fca92d4a45260e4df86c41f453c24a8bf89e89b96aeff5fde1e4,4cd97b4da888d16edddaf592ce9e8f3cc35801dee993bd79a8678d50bfb76e36,1d2c6c0971fc5ceb7646fdfeaf988e89b1d385b815af86e909a6a39a6c7930b8
txc_base,32768,32K core,1,a300c63374c3597e,native,matched_scaled_C1,4,0.13613151494344208,0.5110649059018159,0.13480530003081548,0.4909433935784338,32768,100.0,300,213,25204,c7-camera-ready-300k-v1,complete,0,cells/txc_base_d32768_seed1/detection.json,890a77040c74fca92d4a45260e4df86c41f453c24a8bf89e89b96aeff5fde1e4,4cd97b4da888d16edddaf592ce9e8f3cc35801dee993bd79a8678d50bfb76e36,1d2c6c0971fc5ceb7646fdfeaf988e89b1d385b815af86e909a6a39a6c7930b8
txc_base,32768,32K core,1,a300c63374c3597e,native,matched_scaled_C1,8,0.14970422375171283,0.5306824147273074,0.14924363251346354,0.5176262082834883,32768,100.0,300,213,25204,c7-camera-ready-300k-v1,complete,0,cells/txc_base_d32768_seed1/detection.json,890a77040c74fca92d4a45260e4df86c41f453c24a8bf89e89b96aeff5fde1e4,4cd97b4da888d16edddaf592ce9e8f3cc35801dee993bd79a8678d50bfb76e36,1d2c6c0971fc5ceb7646fdfeaf988e89b1d385b815af86e909a6a39a6c7930b8
txc_base,32768,32K core,1,a300c63374c3597e,native,matched_scaled_C1,16,0.21729644666035944,0.6362173516218689,0.2102794574453895,0.6250256000683957,32768,100.0,300,213,25204,c7-camera-ready-300k-v1,complete,0,cells/txc_base_d32768_seed1/detection.json,890a77040c74fca92d4a45260e4df86c41f453c24a8bf89e89b96aeff5fde1e4,4cd97b4da888d16edddaf592ce9e8f3cc35801dee993bd79a8678d50bfb76e36,1d2c6c0971fc5ceb7646fdfeaf988e89b1d385b815af86e909a6a39a6c7930b8
txc_base,32768,32K core,1,a300c63374c3597e,native,matched_scaled_C1,32,0.23477320848319874,0.6490937915181072,0.22702099634080933,0.6373938503841854,32768,100.0,300,213,25204,c7-camera-ready-300k-v1,complete,0,cells/txc_base_d32768_seed1/detection.json,890a77040c74fca92d4a45260e4df86c41f453c24a8bf89e89b96aeff5fde1e4,4cd97b4da888d16edddaf592ce9e8f3cc35801dee993bd79a8678d50bfb76e36,1d2c6c0971fc5ceb7646fdfeaf988e89b1d385b815af86e909a6a39a6c7930b8
txc_base,32768,32K core,2,27078b0d7700ae05,native,matched_scaled_C1,1,0.13118642876120118,0.5056207257871412,0.12489533657077553,0.47603435482278367,32768,100.0,300,213,25204,c7-camera-ready-300k-v1,complete,0,cells/txc_base_d32768_seed2/detection.json,b9e149a8aa66511900377fee625dbc3349ec7aa8bb0a02c4918dae767d21168a,8720cbc038e90601a88f5c435c988482881e205e641c53335b6abc1d08dc14ac,1d2c6c0971fc5ceb7646fdfeaf988e89b1d385b815af86e909a6a39a6c7930b8
txc_base,32768,32K core,2,27078b0d7700ae05,native,matched_scaled_C1,2,0.13253198058519258,0.5070026770901541,0.12626978824347448,0.4792068013658812,32768,100.0,300,213,25204,c7-camera-ready-300k-v1,complete,0,cells/txc_base_d32768_seed2/detection.json,b9e149a8aa66511900377fee625dbc3349ec7aa8bb0a02c4918dae767d21168a,8720cbc038e90601a88f5c435c988482881e205e641c53335b6abc1d08dc14ac,1d2c6c0971fc5ceb7646fdfeaf988e89b1d385b815af86e909a6a39a6c7930b8
txc_base,32768,32K core,2,27078b0d7700ae05,native,matched_scaled_C1,4,0.1363981447840455,0.5159767026284237,0.13416039704625146,0.49362579240992077,32768,100.0,300,213,25204,c7-camera-ready-300k-v1,complete,0,cells/txc_base_d32768_seed2/detection.json,b9e149a8aa66511900377fee625dbc3349ec7aa8bb0a02c4918dae767d21168a,8720cbc038e90601a88f5c435c988482881e205e641c53335b6abc1d08dc14ac,1d2c6c0971fc5ceb7646fdfeaf988e89b1d385b815af86e909a6a39a6c7930b8
txc_base,32768,32K core,2,27078b0d7700ae05,native,matched_scaled_C1,8,0.14413096623172708,0.5291758527053518,0.1413757170687994,0.5059207349849271,32768,100.0,300,213,25204,c7-camera-ready-300k-v1,complete,0,cells/txc_base_d32768_seed2/detection.json,b9e149a8aa66511900377fee625dbc3349ec7aa8bb0a02c4918dae767d21168a,8720cbc038e90601a88f5c435c988482881e205e641c53335b6abc1d08dc14ac,1d2c6c0971fc5ceb7646fdfeaf988e89b1d385b815af86e909a6a39a6c7930b8
txc_base,32768,32K core,2,27078b0d7700ae05,native,matched_scaled_C1,16,0.19671026032754288,0.603632349839424,0.1968148119078853,0.5913078128165101,32768,100.0,300,213,25204,c7-camera-ready-300k-v1,complete,0,cells/txc_base_d32768_seed2/detection.json,b9e149a8aa66511900377fee625dbc3349ec7aa8bb0a02c4918dae767d21168a,8720cbc038e90601a88f5c435c988482881e205e641c53335b6abc1d08dc14ac,1d2c6c0971fc5ceb7646fdfeaf988e89b1d385b815af86e909a6a39a6c7930b8
txc_base,32768,32K core,2,27078b0d7700ae05,native,matched_scaled_C1,32,0.2376376686437692,0.66066314873975,0.22973762995551641,0.6509582813938897,32768,100.0,300,213,25204,c7-camera-ready-300k-v1,complete,0,cells/txc_base_d32768_seed2/detection.json,b9e149a8aa66511900377fee625dbc3349ec7aa8bb0a02c4918dae767d21168a,8720cbc038e90601a88f5c435c988482881e205e641c53335b6abc1d08dc14ac,1d2c6c0971fc5ceb7646fdfeaf988e89b1d385b815af86e909a6a39a6c7930b8
txc_base,32768,32K core,42,8787f8fe527218ad,native,matched_scaled_C1,1,0.13063553727414864,0.5061196728509488,0.12528356425875045,0.47688809857635617,32768,100.0,300,213,25204,c7-camera-ready-300k-v1,complete,0,cells/txc_base_d32768_seed42/detection.json,b828255fc1dfeb86a9eef523544140dbf94c23e2fbfc4d7fda4547c8a98ae274,7f1fe6f1aa7f125f32812c17147eebf24e5137a73b43340eea42c49679226006,1d2c6c0971fc5ceb7646fdfeaf988e89b1d385b815af86e909a6a39a6c7930b8
txc_base,32768,32K core,42,8787f8fe527218ad,native,matched_scaled_C1,2,0.13720186202259801,0.5149707882788227,0.1371227162046774,0.497329458720646,32768,100.0,300,213,25204,c7-camera-ready-300k-v1,complete,0,cells/txc_base_d32768_seed42/detection.json,b828255fc1dfeb86a9eef523544140dbf94c23e2fbfc4d7fda4547c8a98ae274,7f1fe6f1aa7f125f32812c17147eebf24e5137a73b43340eea42c49679226006,1d2c6c0971fc5ceb7646fdfeaf988e89b1d385b815af86e909a6a39a6c7930b8
txc_base,32768,32K core,42,8787f8fe527218ad,native,matched_scaled_C1,4,0.14393206450201237,0.5273303569036328,0.14084835856355263,0.5032461194621167,32768,100.0,300,213,25204,c7-camera-ready-300k-v1,complete,0,cells/txc_base_d32768_seed42/detection.json,b828255fc1dfeb86a9eef523544140dbf94c23e2fbfc4d7fda4547c8a98ae274,7f1fe6f1aa7f125f32812c17147eebf24e5137a73b43340eea42c49679226006,1d2c6c0971fc5ceb7646fdfeaf988e89b1d385b815af86e909a6a39a6c7930b8
txc_base,32768,32K core,42,8787f8fe527218ad,native,matched_scaled_C1,8,0.1510079946704745,0.536327648024509,0.15123122496478547,0.5322017462250416,32768,100.0,300,213,25204,c7-camera-ready-300k-v1,complete,0,cells/txc_base_d32768_seed42/detection.json,b828255fc1dfeb86a9eef523544140dbf94c23e2fbfc4d7fda4547c8a98ae274,7f1fe6f1aa7f125f32812c17147eebf24e5137a73b43340eea42c49679226006,1d2c6c0971fc5ceb7646fdfeaf988e89b1d385b815af86e909a6a39a6c7930b8
txc_base,32768,32K core,42,8787f8fe527218ad,native,matched_scaled_C1,16,0.21957973334630157,0.6558917061863827,0.21762312688683172,0.6475166698494457,32768,100.0,300,213,25204,c7-camera-ready-300k-v1,complete,0,cells/txc_base_d32768_seed42/detection.json,b828255fc1dfeb86a9eef523544140dbf94c23e2fbfc4d7fda4547c8a98ae274,7f1fe6f1aa7f125f32812c17147eebf24e5137a73b43340eea42c49679226006,1d2c6c0971fc5ceb7646fdfeaf988e89b1d385b815af86e909a6a39a6c7930b8
txc_base,32768,32K core,42,8787f8fe527218ad,native,matched_scaled_C1,32,0.2482105895325096,0.6868631070426963,0.2419921688280716,0.6788265648979366,32768,100.0,300,213,25204,c7-camera-ready-300k-v1,complete,0,cells/txc_base_d32768_seed42/detection.json,b828255fc1dfeb86a9eef523544140dbf94c23e2fbfc4d7fda4547c8a98ae274,7f1fe6f1aa7f125f32812c17147eebf24e5137a73b43340eea42c49679226006,1d2c6c0971fc5ceb7646fdfeaf988e89b1d385b815af86e909a6a39a6c7930b8
