arch,d_sae,comparison_role,seed,train_key,view,probe_mode,S,mean_fold_average_precision,mean_fold_roc_auc,pooled_oof_average_precision,pooled_oof_roc_auc,candidate_features,mean_l0,n_questions,n_prompt_groups,n_sentences,training_protocol,status,convergence_warning_count,source_path,source_sha256,checkpoint_sha256,evaluator_sha256
stacked_sae,32768,32K core,1,2e88b1c651f92200,position_identity,historical_raw_C1,1,0.14024119662734125,0.5557590493006466,0.13624524978599917,0.5463601646968165,163840,100.0,300,213,25204,c7-camera-ready-300k-v1,complete,0,cells/stacked_sae_d32768_seed1/detection.json,8d4c1a2a6e6d2d50d744cac45042e5796bd6750ba26dc78a2f6faa6afb9abd2d,90dda9b26a3fd9066e01871f9ab22663c178c3ecef2a8a5bf9dbe8271d0c5401,1d2c6c0971fc5ceb7646fdfeaf988e89b1d385b815af86e909a6a39a6c7930b8
stacked_sae,32768,32K core,1,2e88b1c651f92200,position_identity,historical_raw_C1,2,0.14104904492771428,0.5541318491056211,0.13658246991332634,0.5447905140728593,163840,100.0,300,213,25204,c7-camera-ready-300k-v1,complete,0,cells/stacked_sae_d32768_seed1/detection.json,8d4c1a2a6e6d2d50d744cac45042e5796bd6750ba26dc78a2f6faa6afb9abd2d,90dda9b26a3fd9066e01871f9ab22663c178c3ecef2a8a5bf9dbe8271d0c5401,1d2c6c0971fc5ceb7646fdfeaf988e89b1d385b815af86e909a6a39a6c7930b8
stacked_sae,32768,32K core,1,2e88b1c651f92200,position_identity,historical_raw_C1,4,0.1439150942443374,0.558585059353761,0.14096079747641826,0.5502469499919911,163840,100.0,300,213,25204,c7-camera-ready-300k-v1,complete,0,cells/stacked_sae_d32768_seed1/detection.json,8d4c1a2a6e6d2d50d744cac45042e5796bd6750ba26dc78a2f6faa6afb9abd2d,90dda9b26a3fd9066e01871f9ab22663c178c3ecef2a8a5bf9dbe8271d0c5401,1d2c6c0971fc5ceb7646fdfeaf988e89b1d385b815af86e909a6a39a6c7930b8
stacked_sae,32768,32K core,1,2e88b1c651f92200,position_identity,historical_raw_C1,8,0.1542624667841795,0.5759474067098787,0.15019766545138902,0.5671150768990181,163840,100.0,300,213,25204,c7-camera-ready-300k-v1,complete,0,cells/stacked_sae_d32768_seed1/detection.json,8d4c1a2a6e6d2d50d744cac45042e5796bd6750ba26dc78a2f6faa6afb9abd2d,90dda9b26a3fd9066e01871f9ab22663c178c3ecef2a8a5bf9dbe8271d0c5401,1d2c6c0971fc5ceb7646fdfeaf988e89b1d385b815af86e909a6a39a6c7930b8
stacked_sae,32768,32K core,1,2e88b1c651f92200,position_identity,historical_raw_C1,16,0.15844749763308938,0.5882258927304884,0.15468238208333374,0.5760065225129161,163840,100.0,300,213,25204,c7-camera-ready-300k-v1,complete,0,cells/stacked_sae_d32768_seed1/detection.json,8d4c1a2a6e6d2d50d744cac45042e5796bd6750ba26dc78a2f6faa6afb9abd2d,90dda9b26a3fd9066e01871f9ab22663c178c3ecef2a8a5bf9dbe8271d0c5401,1d2c6c0971fc5ceb7646fdfeaf988e89b1d385b815af86e909a6a39a6c7930b8
stacked_sae,32768,32K core,1,2e88b1c651f92200,position_identity,historical_raw_C1,32,0.18116570756949507,0.6232915276915212,0.17787223235269242,0.6139443595822733,163840,100.0,300,213,25204,c7-camera-ready-300k-v1,complete,0,cells/stacked_sae_d32768_seed1/detection.json,8d4c1a2a6e6d2d50d744cac45042e5796bd6750ba26dc78a2f6faa6afb9abd2d,90dda9b26a3fd9066e01871f9ab22663c178c3ecef2a8a5bf9dbe8271d0c5401,1d2c6c0971fc5ceb7646fdfeaf988e89b1d385b815af86e909a6a39a6c7930b8
stacked_sae,32768,32K core,2,dddf8154721573b0,position_identity,historical_raw_C1,1,0.15377092020569083,0.5691354462126694,0.14899023013366225,0.5604813851110246,163840,100.0,300,213,25204,c7-camera-ready-300k-v1,complete,0,cells/stacked_sae_d32768_seed2/detection.json,1da45132a4df0a233154218eedcae951ec836c734f0cbc59eedbb10e08641207,f9989a633cc6b67dac22a75a64668e31de86bc3cb744c8d9e74f983424718829,1d2c6c0971fc5ceb7646fdfeaf988e89b1d385b815af86e909a6a39a6c7930b8
stacked_sae,32768,32K core,2,dddf8154721573b0,position_identity,historical_raw_C1,2,0.1575895978416067,0.5850797052608494,0.15451715059260446,0.5770547487383987,163840,100.0,300,213,25204,c7-camera-ready-300k-v1,complete,0,cells/stacked_sae_d32768_seed2/detection.json,1da45132a4df0a233154218eedcae951ec836c734f0cbc59eedbb10e08641207,f9989a633cc6b67dac22a75a64668e31de86bc3cb744c8d9e74f983424718829,1d2c6c0971fc5ceb7646fdfeaf988e89b1d385b815af86e909a6a39a6c7930b8
stacked_sae,32768,32K core,2,dddf8154721573b0,position_identity,historical_raw_C1,4,0.1699186392597687,0.5997667057927922,0.16496664685405163,0.5905954145213341,163840,100.0,300,213,25204,c7-camera-ready-300k-v1,complete,0,cells/stacked_sae_d32768_seed2/detection.json,1da45132a4df0a233154218eedcae951ec836c734f0cbc59eedbb10e08641207,f9989a633cc6b67dac22a75a64668e31de86bc3cb744c8d9e74f983424718829,1d2c6c0971fc5ceb7646fdfeaf988e89b1d385b815af86e909a6a39a6c7930b8
stacked_sae,32768,32K core,2,dddf8154721573b0,position_identity,historical_raw_C1,8,0.1736409052256045,0.6009324314921136,0.1679193089542616,0.5965630212069026,163840,100.0,300,213,25204,c7-camera-ready-300k-v1,complete,0,cells/stacked_sae_d32768_seed2/detection.json,1da45132a4df0a233154218eedcae951ec836c734f0cbc59eedbb10e08641207,f9989a633cc6b67dac22a75a64668e31de86bc3cb744c8d9e74f983424718829,1d2c6c0971fc5ceb7646fdfeaf988e89b1d385b815af86e909a6a39a6c7930b8
stacked_sae,32768,32K core,2,dddf8154721573b0,position_identity,historical_raw_C1,16,0.17599389534985424,0.6112118823670063,0.17275841748482726,0.6069919674392764,163840,100.0,300,213,25204,c7-camera-ready-300k-v1,complete,0,cells/stacked_sae_d32768_seed2/detection.json,1da45132a4df0a233154218eedcae951ec836c734f0cbc59eedbb10e08641207,f9989a633cc6b67dac22a75a64668e31de86bc3cb744c8d9e74f983424718829,1d2c6c0971fc5ceb7646fdfeaf988e89b1d385b815af86e909a6a39a6c7930b8
stacked_sae,32768,32K core,2,dddf8154721573b0,position_identity,historical_raw_C1,32,0.1995145232217716,0.6420387902195676,0.19595554862730802,0.6374175296866635,163840,100.0,300,213,25204,c7-camera-ready-300k-v1,complete,0,cells/stacked_sae_d32768_seed2/detection.json,1da45132a4df0a233154218eedcae951ec836c734f0cbc59eedbb10e08641207,f9989a633cc6b67dac22a75a64668e31de86bc3cb744c8d9e74f983424718829,1d2c6c0971fc5ceb7646fdfeaf988e89b1d385b815af86e909a6a39a6c7930b8
stacked_sae,32768,32K core,42,26e69fdc60452c27,position_identity,historical_raw_C1,1,0.1567884454572356,0.5568325124533102,0.1488146441410312,0.5345862168988305,163840,100.0,300,213,25204,c7-camera-ready-300k-v1,complete,0,cells/stacked_sae_d32768_seed42/detection.json,6f585a7974dca01c27f80524c26482662b2b72dc32fe311611700b95dfd6f68d,7f29eae9089151f9567e72197072b3dcf85d43be30a1af523ffcc64a433ae396,1d2c6c0971fc5ceb7646fdfeaf988e89b1d385b815af86e909a6a39a6c7930b8
stacked_sae,32768,32K core,42,26e69fdc60452c27,position_identity,historical_raw_C1,2,0.16651524360453862,0.5708700016093735,0.15782057986936945,0.5599662546668526,163840,100.0,300,213,25204,c7-camera-ready-300k-v1,complete,0,cells/stacked_sae_d32768_seed42/detection.json,6f585a7974dca01c27f80524c26482662b2b72dc32fe311611700b95dfd6f68d,7f29eae9089151f9567e72197072b3dcf85d43be30a1af523ffcc64a433ae396,1d2c6c0971fc5ceb7646fdfeaf988e89b1d385b815af86e909a6a39a6c7930b8
stacked_sae,32768,32K core,42,26e69fdc60452c27,position_identity,historical_raw_C1,4,0.16634206763376208,0.576676079926709,0.15962679389650905,0.5652081447921682,163840,100.0,300,213,25204,c7-camera-ready-300k-v1,complete,0,cells/stacked_sae_d32768_seed42/detection.json,6f585a7974dca01c27f80524c26482662b2b72dc32fe311611700b95dfd6f68d,7f29eae9089151f9567e72197072b3dcf85d43be30a1af523ffcc64a433ae396,1d2c6c0971fc5ceb7646fdfeaf988e89b1d385b815af86e909a6a39a6c7930b8
stacked_sae,32768,32K core,42,26e69fdc60452c27,position_identity,historical_raw_C1,8,0.16531649940549537,0.5780354175865238,0.15976079237540458,0.567057436020594,163840,100.0,300,213,25204,c7-camera-ready-300k-v1,complete,0,cells/stacked_sae_d32768_seed42/detection.json,6f585a7974dca01c27f80524c26482662b2b72dc32fe311611700b95dfd6f68d,7f29eae9089151f9567e72197072b3dcf85d43be30a1af523ffcc64a433ae396,1d2c6c0971fc5ceb7646fdfeaf988e89b1d385b815af86e909a6a39a6c7930b8
stacked_sae,32768,32K core,42,26e69fdc60452c27,position_identity,historical_raw_C1,16,0.16900220343742295,0.5889102547328446,0.1658806589009913,0.5813091539514827,163840,100.0,300,213,25204,c7-camera-ready-300k-v1,complete,0,cells/stacked_sae_d32768_seed42/detection.json,6f585a7974dca01c27f80524c26482662b2b72dc32fe311611700b95dfd6f68d,7f29eae9089151f9567e72197072b3dcf85d43be30a1af523ffcc64a433ae396,1d2c6c0971fc5ceb7646fdfeaf988e89b1d385b815af86e909a6a39a6c7930b8
stacked_sae,32768,32K core,42,26e69fdc60452c27,position_identity,historical_raw_C1,32,0.19332916359416552,0.6339901494678,0.18780117703528287,0.627122052519361,163840,100.0,300,213,25204,c7-camera-ready-300k-v1,complete,0,cells/stacked_sae_d32768_seed42/detection.json,6f585a7974dca01c27f80524c26482662b2b72dc32fe311611700b95dfd6f68d,7f29eae9089151f9567e72197072b3dcf85d43be30a1af523ffcc64a433ae396,1d2c6c0971fc5ceb7646fdfeaf988e89b1d385b815af86e909a6a39a6c7930b8
topk_sae,32768,32K core,1,dee41c8155a25b4a,last,historical_raw_C1,1,0.13182984664482356,0.507020750207132,0.12468179164423379,0.47659340690027907,32768,20.0,300,213,25204,c7-camera-ready-300k-v1,complete,0,cells/topk_sae_d32768_seed1/detection.json,bffddf4f5b292ba2d68d3a82e6cb8ced64e3338b160e51a706eaaca442dd74b8,dc08e4296cd5e057bbea2ce6ba9a4e84209a48d207e45cefa0e5cf5eb2fd2735,1d2c6c0971fc5ceb7646fdfeaf988e89b1d385b815af86e909a6a39a6c7930b8
topk_sae,32768,32K core,1,dee41c8155a25b4a,last,historical_raw_C1,2,0.1327931034338617,0.509801572373459,0.12848381569066664,0.4825118577311419,32768,20.0,300,213,25204,c7-camera-ready-300k-v1,complete,0,cells/topk_sae_d32768_seed1/detection.json,bffddf4f5b292ba2d68d3a82e6cb8ced64e3338b160e51a706eaaca442dd74b8,dc08e4296cd5e057bbea2ce6ba9a4e84209a48d207e45cefa0e5cf5eb2fd2735,1d2c6c0971fc5ceb7646fdfeaf988e89b1d385b815af86e909a6a39a6c7930b8
topk_sae,32768,32K core,1,dee41c8155a25b4a,last,historical_raw_C1,4,0.15154311411822824,0.5423200629634868,0.15132594633771002,0.5181367274573863,32768,20.0,300,213,25204,c7-camera-ready-300k-v1,complete,0,cells/topk_sae_d32768_seed1/detection.json,bffddf4f5b292ba2d68d3a82e6cb8ced64e3338b160e51a706eaaca442dd74b8,dc08e4296cd5e057bbea2ce6ba9a4e84209a48d207e45cefa0e5cf5eb2fd2735,1d2c6c0971fc5ceb7646fdfeaf988e89b1d385b815af86e909a6a39a6c7930b8
topk_sae,32768,32K core,1,dee41c8155a25b4a,last,historical_raw_C1,8,0.16167366001764175,0.5506615492840254,0.1604893794306797,0.5324843726986163,32768,20.0,300,213,25204,c7-camera-ready-300k-v1,complete,0,cells/topk_sae_d32768_seed1/detection.json,bffddf4f5b292ba2d68d3a82e6cb8ced64e3338b160e51a706eaaca442dd74b8,dc08e4296cd5e057bbea2ce6ba9a4e84209a48d207e45cefa0e5cf5eb2fd2735,1d2c6c0971fc5ceb7646fdfeaf988e89b1d385b815af86e909a6a39a6c7930b8
topk_sae,32768,32K core,1,dee41c8155a25b4a,last,historical_raw_C1,16,0.1820227982460212,0.5744289153571916,0.17893387548777195,0.5550555167583514,32768,20.0,300,213,25204,c7-camera-ready-300k-v1,complete,0,cells/topk_sae_d32768_seed1/detection.json,bffddf4f5b292ba2d68d3a82e6cb8ced64e3338b160e51a706eaaca442dd74b8,dc08e4296cd5e057bbea2ce6ba9a4e84209a48d207e45cefa0e5cf5eb2fd2735,1d2c6c0971fc5ceb7646fdfeaf988e89b1d385b815af86e909a6a39a6c7930b8
topk_sae,32768,32K core,1,dee41c8155a25b4a,last,historical_raw_C1,32,0.20185569779789705,0.600810212636445,0.19744869265515846,0.5879011294962839,32768,20.0,300,213,25204,c7-camera-ready-300k-v1,complete,0,cells/topk_sae_d32768_seed1/detection.json,bffddf4f5b292ba2d68d3a82e6cb8ced64e3338b160e51a706eaaca442dd74b8,dc08e4296cd5e057bbea2ce6ba9a4e84209a48d207e45cefa0e5cf5eb2fd2735,1d2c6c0971fc5ceb7646fdfeaf988e89b1d385b815af86e909a6a39a6c7930b8
topk_sae,32768,32K core,1,dee41c8155a25b4a,max,historical_raw_C1,1,0.1315930032794928,0.5087670505201795,0.1288292882953356,0.48718157084353964,32768,70.16945722901127,300,213,25204,c7-camera-ready-300k-v1,complete,0,cells/topk_sae_d32768_seed1/detection.json,bffddf4f5b292ba2d68d3a82e6cb8ced64e3338b160e51a706eaaca442dd74b8,dc08e4296cd5e057bbea2ce6ba9a4e84209a48d207e45cefa0e5cf5eb2fd2735,1d2c6c0971fc5ceb7646fdfeaf988e89b1d385b815af86e909a6a39a6c7930b8
topk_sae,32768,32K core,1,dee41c8155a25b4a,max,historical_raw_C1,2,0.13668941682704885,0.5186063750129174,0.1361442384963685,0.50341783199696,32768,70.16945722901127,300,213,25204,c7-camera-ready-300k-v1,complete,0,cells/topk_sae_d32768_seed1/detection.json,bffddf4f5b292ba2d68d3a82e6cb8ced64e3338b160e51a706eaaca442dd74b8,dc08e4296cd5e057bbea2ce6ba9a4e84209a48d207e45cefa0e5cf5eb2fd2735,1d2c6c0971fc5ceb7646fdfeaf988e89b1d385b815af86e909a6a39a6c7930b8
topk_sae,32768,32K core,1,dee41c8155a25b4a,max,historical_raw_C1,4,0.17291783007597133,0.5819112168469198,0.17582577085504136,0.5788130533032052,32768,70.16945722901127,300,213,25204,c7-camera-ready-300k-v1,complete,0,cells/topk_sae_d32768_seed1/detection.json,bffddf4f5b292ba2d68d3a82e6cb8ced64e3338b160e51a706eaaca442dd74b8,dc08e4296cd5e057bbea2ce6ba9a4e84209a48d207e45cefa0e5cf5eb2fd2735,1d2c6c0971fc5ceb7646fdfeaf988e89b1d385b815af86e909a6a39a6c7930b8
topk_sae,32768,32K core,1,dee41c8155a25b4a,max,historical_raw_C1,8,0.19465958479562392,0.6182232375730445,0.1918871208804636,0.6066281210298055,32768,70.16945722901127,300,213,25204,c7-camera-ready-300k-v1,complete,0,cells/topk_sae_d32768_seed1/detection.json,bffddf4f5b292ba2d68d3a82e6cb8ced64e3338b160e51a706eaaca442dd74b8,dc08e4296cd5e057bbea2ce6ba9a4e84209a48d207e45cefa0e5cf5eb2fd2735,1d2c6c0971fc5ceb7646fdfeaf988e89b1d385b815af86e909a6a39a6c7930b8
topk_sae,32768,32K core,1,dee41c8155a25b4a,max,historical_raw_C1,16,0.20482096134237623,0.6276224195954252,0.20062866577148683,0.6156158304908504,32768,70.16945722901127,300,213,25204,c7-camera-ready-300k-v1,complete,0,cells/topk_sae_d32768_seed1/detection.json,bffddf4f5b292ba2d68d3a82e6cb8ced64e3338b160e51a706eaaca442dd74b8,dc08e4296cd5e057bbea2ce6ba9a4e84209a48d207e45cefa0e5cf5eb2fd2735,1d2c6c0971fc5ceb7646fdfeaf988e89b1d385b815af86e909a6a39a6c7930b8
topk_sae,32768,32K core,1,dee41c8155a25b4a,max,historical_raw_C1,32,0.23209800510315773,0.65764275195451,0.2254522233182895,0.6508972608266934,32768,70.16945722901127,300,213,25204,c7-camera-ready-300k-v1,complete,0,cells/topk_sae_d32768_seed1/detection.json,bffddf4f5b292ba2d68d3a82e6cb8ced64e3338b160e51a706eaaca442dd74b8,dc08e4296cd5e057bbea2ce6ba9a4e84209a48d207e45cefa0e5cf5eb2fd2735,1d2c6c0971fc5ceb7646fdfeaf988e89b1d385b815af86e909a6a39a6c7930b8
topk_sae,32768,32K core,1,dee41c8155a25b4a,mean,historical_raw_C1,1,0.13275864940872412,0.5128148231973709,0.12637143747718368,0.4857992709753546,32768,70.16945722901127,300,213,25204,c7-camera-ready-300k-v1,complete,0,cells/topk_sae_d32768_seed1/detection.json,bffddf4f5b292ba2d68d3a82e6cb8ced64e3338b160e51a706eaaca442dd74b8,dc08e4296cd5e057bbea2ce6ba9a4e84209a48d207e45cefa0e5cf5eb2fd2735,1d2c6c0971fc5ceb7646fdfeaf988e89b1d385b815af86e909a6a39a6c7930b8
topk_sae,32768,32K core,1,dee41c8155a25b4a,mean,historical_raw_C1,2,0.15391906578177897,0.5696611306293354,0.15077216110465255,0.5479100384131702,32768,70.16945722901127,300,213,25204,c7-camera-ready-300k-v1,complete,0,cells/topk_sae_d32768_seed1/detection.json,bffddf4f5b292ba2d68d3a82e6cb8ced64e3338b160e51a706eaaca442dd74b8,dc08e4296cd5e057bbea2ce6ba9a4e84209a48d207e45cefa0e5cf5eb2fd2735,1d2c6c0971fc5ceb7646fdfeaf988e89b1d385b815af86e909a6a39a6c7930b8
topk_sae,32768,32K core,1,dee41c8155a25b4a,mean,historical_raw_C1,4,0.18081731453646815,0.605288275663165,0.17581375322908463,0.5874226958846489,32768,70.16945722901127,300,213,25204,c7-camera-ready-300k-v1,complete,0,cells/topk_sae_d32768_seed1/detection.json,bffddf4f5b292ba2d68d3a82e6cb8ced64e3338b160e51a706eaaca442dd74b8,dc08e4296cd5e057bbea2ce6ba9a4e84209a48d207e45cefa0e5cf5eb2fd2735,1d2c6c0971fc5ceb7646fdfeaf988e89b1d385b815af86e909a6a39a6c7930b8
topk_sae,32768,32K core,1,dee41c8155a25b4a,mean,historical_raw_C1,8,0.18808652229153952,0.6095776523689967,0.18267642256025562,0.5846234901401519,32768,70.16945722901127,300,213,25204,c7-camera-ready-300k-v1,complete,0,cells/topk_sae_d32768_seed1/detection.json,bffddf4f5b292ba2d68d3a82e6cb8ced64e3338b160e51a706eaaca442dd74b8,dc08e4296cd5e057bbea2ce6ba9a4e84209a48d207e45cefa0e5cf5eb2fd2735,1d2c6c0971fc5ceb7646fdfeaf988e89b1d385b815af86e909a6a39a6c7930b8
topk_sae,32768,32K core,1,dee41c8155a25b4a,mean,historical_raw_C1,16,0.22292134842263156,0.6388816434475404,0.2164293846376274,0.6240506887440539,32768,70.16945722901127,300,213,25204,c7-camera-ready-300k-v1,complete,0,cells/topk_sae_d32768_seed1/detection.json,bffddf4f5b292ba2d68d3a82e6cb8ced64e3338b160e51a706eaaca442dd74b8,dc08e4296cd5e057bbea2ce6ba9a4e84209a48d207e45cefa0e5cf5eb2fd2735,1d2c6c0971fc5ceb7646fdfeaf988e89b1d385b815af86e909a6a39a6c7930b8
topk_sae,32768,32K core,1,dee41c8155a25b4a,mean,historical_raw_C1,32,0.23495604546413973,0.6535778678385884,0.22802226218038962,0.6424973451184227,32768,70.16945722901127,300,213,25204,c7-camera-ready-300k-v1,complete,0,cells/topk_sae_d32768_seed1/detection.json,bffddf4f5b292ba2d68d3a82e6cb8ced64e3338b160e51a706eaaca442dd74b8,dc08e4296cd5e057bbea2ce6ba9a4e84209a48d207e45cefa0e5cf5eb2fd2735,1d2c6c0971fc5ceb7646fdfeaf988e89b1d385b815af86e909a6a39a6c7930b8
topk_sae,32768,32K core,1,dee41c8155a25b4a,position_identity,historical_raw_C1,1,0.1282962013572227,0.5044472010779073,0.12263005266452869,0.4755224035773719,163840,100.0,300,213,25204,c7-camera-ready-300k-v1,complete,0,cells/topk_sae_d32768_seed1/detection.json,bffddf4f5b292ba2d68d3a82e6cb8ced64e3338b160e51a706eaaca442dd74b8,dc08e4296cd5e057bbea2ce6ba9a4e84209a48d207e45cefa0e5cf5eb2fd2735,1d2c6c0971fc5ceb7646fdfeaf988e89b1d385b815af86e909a6a39a6c7930b8
topk_sae,32768,32K core,1,dee41c8155a25b4a,position_identity,historical_raw_C1,2,0.13169501357781843,0.5088641699105205,0.12777814018892258,0.48394697239675,163840,100.0,300,213,25204,c7-camera-ready-300k-v1,complete,0,cells/topk_sae_d32768_seed1/detection.json,bffddf4f5b292ba2d68d3a82e6cb8ced64e3338b160e51a706eaaca442dd74b8,dc08e4296cd5e057bbea2ce6ba9a4e84209a48d207e45cefa0e5cf5eb2fd2735,1d2c6c0971fc5ceb7646fdfeaf988e89b1d385b815af86e909a6a39a6c7930b8
topk_sae,32768,32K core,1,dee41c8155a25b4a,position_identity,historical_raw_C1,4,0.13546891715901663,0.5144998076397681,0.13120800633650093,0.49223033896488294,163840,100.0,300,213,25204,c7-camera-ready-300k-v1,complete,0,cells/topk_sae_d32768_seed1/detection.json,bffddf4f5b292ba2d68d3a82e6cb8ced64e3338b160e51a706eaaca442dd74b8,dc08e4296cd5e057bbea2ce6ba9a4e84209a48d207e45cefa0e5cf5eb2fd2735,1d2c6c0971fc5ceb7646fdfeaf988e89b1d385b815af86e909a6a39a6c7930b8
topk_sae,32768,32K core,1,dee41c8155a25b4a,position_identity,historical_raw_C1,8,0.14777382674456752,0.5433343198417144,0.14657025830367762,0.5234187084247264,163840,100.0,300,213,25204,c7-camera-ready-300k-v1,complete,0,cells/topk_sae_d32768_seed1/detection.json,bffddf4f5b292ba2d68d3a82e6cb8ced64e3338b160e51a706eaaca442dd74b8,dc08e4296cd5e057bbea2ce6ba9a4e84209a48d207e45cefa0e5cf5eb2fd2735,1d2c6c0971fc5ceb7646fdfeaf988e89b1d385b815af86e909a6a39a6c7930b8
topk_sae,32768,32K core,1,dee41c8155a25b4a,position_identity,historical_raw_C1,16,0.17343887325495075,0.5797384169388194,0.17092968416844428,0.5602649275017375,163840,100.0,300,213,25204,c7-camera-ready-300k-v1,complete,0,cells/topk_sae_d32768_seed1/detection.json,bffddf4f5b292ba2d68d3a82e6cb8ced64e3338b160e51a706eaaca442dd74b8,dc08e4296cd5e057bbea2ce6ba9a4e84209a48d207e45cefa0e5cf5eb2fd2735,1d2c6c0971fc5ceb7646fdfeaf988e89b1d385b815af86e909a6a39a6c7930b8
topk_sae,32768,32K core,1,dee41c8155a25b4a,position_identity,historical_raw_C1,32,0.1846526063671489,0.5820214819662979,0.1790853042783106,0.5693110726408966,163840,100.0,300,213,25204,c7-camera-ready-300k-v1,complete,0,cells/topk_sae_d32768_seed1/detection.json,bffddf4f5b292ba2d68d3a82e6cb8ced64e3338b160e51a706eaaca442dd74b8,dc08e4296cd5e057bbea2ce6ba9a4e84209a48d207e45cefa0e5cf5eb2fd2735,1d2c6c0971fc5ceb7646fdfeaf988e89b1d385b815af86e909a6a39a6c7930b8
topk_sae,32768,32K core,2,cfc47d5713a8d557,last,historical_raw_C1,1,0.12998061401807193,0.5060020403291898,0.12180760497193797,0.4728653022891735,32768,20.0,300,213,25204,c7-camera-ready-300k-v1,complete,0,cells/topk_sae_d32768_seed2/detection.json,e7b5658902990733519d440851e8a03acb6d0552bdb151638c5e6794addbed40,9158926bca4c97601271e38e3d06f5a05ca518effe59ed97904fcfff5c0b4e18,1d2c6c0971fc5ceb7646fdfeaf988e89b1d385b815af86e909a6a39a6c7930b8
topk_sae,32768,32K core,2,cfc47d5713a8d557,last,historical_raw_C1,2,0.13242834851938942,0.5053195784974982,0.12732837296353366,0.477727693463374,32768,20.0,300,213,25204,c7-camera-ready-300k-v1,complete,0,cells/topk_sae_d32768_seed2/detection.json,e7b5658902990733519d440851e8a03acb6d0552bdb151638c5e6794addbed40,9158926bca4c97601271e38e3d06f5a05ca518effe59ed97904fcfff5c0b4e18,1d2c6c0971fc5ceb7646fdfeaf988e89b1d385b815af86e909a6a39a6c7930b8
topk_sae,32768,32K core,2,cfc47d5713a8d557,last,historical_raw_C1,4,0.151012376843219,0.536148703669519,0.14812457074480254,0.5032848927983488,32768,20.0,300,213,25204,c7-camera-ready-300k-v1,complete,0,cells/topk_sae_d32768_seed2/detection.json,e7b5658902990733519d440851e8a03acb6d0552bdb151638c5e6794addbed40,9158926bca4c97601271e38e3d06f5a05ca518effe59ed97904fcfff5c0b4e18,1d2c6c0971fc5ceb7646fdfeaf988e89b1d385b815af86e909a6a39a6c7930b8
topk_sae,32768,32K core,2,cfc47d5713a8d557,last,historical_raw_C1,8,0.15449993002518536,0.5352232375489949,0.15188513808169848,0.5129678801396241,32768,20.0,300,213,25204,c7-camera-ready-300k-v1,complete,0,cells/topk_sae_d32768_seed2/detection.json,e7b5658902990733519d440851e8a03acb6d0552bdb151638c5e6794addbed40,9158926bca4c97601271e38e3d06f5a05ca518effe59ed97904fcfff5c0b4e18,1d2c6c0971fc5ceb7646fdfeaf988e89b1d385b815af86e909a6a39a6c7930b8
topk_sae,32768,32K core,2,cfc47d5713a8d557,last,historical_raw_C1,16,0.16780523246492346,0.5515385010987501,0.16544145655543183,0.5345016387552348,32768,20.0,300,213,25204,c7-camera-ready-300k-v1,complete,0,cells/topk_sae_d32768_seed2/detection.json,e7b5658902990733519d440851e8a03acb6d0552bdb151638c5e6794addbed40,9158926bca4c97601271e38e3d06f5a05ca518effe59ed97904fcfff5c0b4e18,1d2c6c0971fc5ceb7646fdfeaf988e89b1d385b815af86e909a6a39a6c7930b8
topk_sae,32768,32K core,2,cfc47d5713a8d557,last,historical_raw_C1,32,0.20162589941615056,0.6070804354720292,0.1977136164041931,0.6003221874491391,32768,20.0,300,213,25204,c7-camera-ready-300k-v1,complete,0,cells/topk_sae_d32768_seed2/detection.json,e7b5658902990733519d440851e8a03acb6d0552bdb151638c5e6794addbed40,9158926bca4c97601271e38e3d06f5a05ca518effe59ed97904fcfff5c0b4e18,1d2c6c0971fc5ceb7646fdfeaf988e89b1d385b815af86e909a6a39a6c7930b8
topk_sae,32768,32K core,2,cfc47d5713a8d557,max,historical_raw_C1,1,0.13822042708317198,0.5182660894373471,0.1370228891186267,0.49742541467241763,32768,70.46615616568799,300,213,25204,c7-camera-ready-300k-v1,complete,0,cells/topk_sae_d32768_seed2/detection.json,e7b5658902990733519d440851e8a03acb6d0552bdb151638c5e6794addbed40,9158926bca4c97601271e38e3d06f5a05ca518effe59ed97904fcfff5c0b4e18,1d2c6c0971fc5ceb7646fdfeaf988e89b1d385b815af86e909a6a39a6c7930b8
topk_sae,32768,32K core,2,cfc47d5713a8d557,max,historical_raw_C1,2,0.15630587077746125,0.5428360159278244,0.15529620141746175,0.5142254823807587,32768,70.46615616568799,300,213,25204,c7-camera-ready-300k-v1,complete,0,cells/topk_sae_d32768_seed2/detection.json,e7b5658902990733519d440851e8a03acb6d0552bdb151638c5e6794addbed40,9158926bca4c97601271e38e3d06f5a05ca518effe59ed97904fcfff5c0b4e18,1d2c6c0971fc5ceb7646fdfeaf988e89b1d385b815af86e909a6a39a6c7930b8
topk_sae,32768,32K core,2,cfc47d5713a8d557,max,historical_raw_C1,4,0.1681654921596252,0.5604429505324869,0.16623948565037944,0.5371882693580445,32768,70.46615616568799,300,213,25204,c7-camera-ready-300k-v1,complete,0,cells/topk_sae_d32768_seed2/detection.json,e7b5658902990733519d440851e8a03acb6d0552bdb151638c5e6794addbed40,9158926bca4c97601271e38e3d06f5a05ca518effe59ed97904fcfff5c0b4e18,1d2c6c0971fc5ceb7646fdfeaf988e89b1d385b815af86e909a6a39a6c7930b8
topk_sae,32768,32K core,2,cfc47d5713a8d557,max,historical_raw_C1,8,0.18386454637533883,0.5969963964605884,0.1833112085653032,0.585141584972357,32768,70.46615616568799,300,213,25204,c7-camera-ready-300k-v1,complete,0,cells/topk_sae_d32768_seed2/detection.json,e7b5658902990733519d440851e8a03acb6d0552bdb151638c5e6794addbed40,9158926bca4c97601271e38e3d06f5a05ca518effe59ed97904fcfff5c0b4e18,1d2c6c0971fc5ceb7646fdfeaf988e89b1d385b815af86e909a6a39a6c7930b8
topk_sae,32768,32K core,2,cfc47d5713a8d557,max,historical_raw_C1,16,0.19359921298557464,0.6192310906449332,0.19066558509736506,0.610649957829074,32768,70.46615616568799,300,213,25204,c7-camera-ready-300k-v1,complete,0,cells/topk_sae_d32768_seed2/detection.json,e7b5658902990733519d440851e8a03acb6d0552bdb151638c5e6794addbed40,9158926bca4c97601271e38e3d06f5a05ca518effe59ed97904fcfff5c0b4e18,1d2c6c0971fc5ceb7646fdfeaf988e89b1d385b815af86e909a6a39a6c7930b8
topk_sae,32768,32K core,2,cfc47d5713a8d557,max,historical_raw_C1,32,0.2207346654206475,0.6481025353482827,0.2162603089926986,0.6431244635549616,32768,70.46615616568799,300,213,25204,c7-camera-ready-300k-v1,complete,0,cells/topk_sae_d32768_seed2/detection.json,e7b5658902990733519d440851e8a03acb6d0552bdb151638c5e6794addbed40,9158926bca4c97601271e38e3d06f5a05ca518effe59ed97904fcfff5c0b4e18,1d2c6c0971fc5ceb7646fdfeaf988e89b1d385b815af86e909a6a39a6c7930b8
topk_sae,32768,32K core,2,cfc47d5713a8d557,mean,historical_raw_C1,1,0.12974122759083964,0.5072638708172038,0.12269958103675703,0.47982738955631776,32768,70.46615616568799,300,213,25204,c7-camera-ready-300k-v1,complete,0,cells/topk_sae_d32768_seed2/detection.json,e7b5658902990733519d440851e8a03acb6d0552bdb151638c5e6794addbed40,9158926bca4c97601271e38e3d06f5a05ca518effe59ed97904fcfff5c0b4e18,1d2c6c0971fc5ceb7646fdfeaf988e89b1d385b815af86e909a6a39a6c7930b8
topk_sae,32768,32K core,2,cfc47d5713a8d557,mean,historical_raw_C1,2,0.1338784650811521,0.5117370309460052,0.13192972045923673,0.4965558823304071,32768,70.46615616568799,300,213,25204,c7-camera-ready-300k-v1,complete,0,cells/topk_sae_d32768_seed2/detection.json,e7b5658902990733519d440851e8a03acb6d0552bdb151638c5e6794addbed40,9158926bca4c97601271e38e3d06f5a05ca518effe59ed97904fcfff5c0b4e18,1d2c6c0971fc5ceb7646fdfeaf988e89b1d385b815af86e909a6a39a6c7930b8
topk_sae,32768,32K core,2,cfc47d5713a8d557,mean,historical_raw_C1,4,0.15661031338931436,0.5557748265506477,0.15534279918465604,0.5324158337559735,32768,70.46615616568799,300,213,25204,c7-camera-ready-300k-v1,complete,0,cells/topk_sae_d32768_seed2/detection.json,e7b5658902990733519d440851e8a03acb6d0552bdb151638c5e6794addbed40,9158926bca4c97601271e38e3d06f5a05ca518effe59ed97904fcfff5c0b4e18,1d2c6c0971fc5ceb7646fdfeaf988e89b1d385b815af86e909a6a39a6c7930b8
topk_sae,32768,32K core,2,cfc47d5713a8d557,mean,historical_raw_C1,8,0.1922997715809717,0.6070014324888229,0.18917343551822002,0.5919947345594587,32768,70.46615616568799,300,213,25204,c7-camera-ready-300k-v1,complete,0,cells/topk_sae_d32768_seed2/detection.json,e7b5658902990733519d440851e8a03acb6d0552bdb151638c5e6794addbed40,9158926bca4c97601271e38e3d06f5a05ca518effe59ed97904fcfff5c0b4e18,1d2c6c0971fc5ceb7646fdfeaf988e89b1d385b815af86e909a6a39a6c7930b8
topk_sae,32768,32K core,2,cfc47d5713a8d557,mean,historical_raw_C1,16,0.20992001994973056,0.6286978130410417,0.2059974565954102,0.6212466640789134,32768,70.46615616568799,300,213,25204,c7-camera-ready-300k-v1,complete,0,cells/topk_sae_d32768_seed2/detection.json,e7b5658902990733519d440851e8a03acb6d0552bdb151638c5e6794addbed40,9158926bca4c97601271e38e3d06f5a05ca518effe59ed97904fcfff5c0b4e18,1d2c6c0971fc5ceb7646fdfeaf988e89b1d385b815af86e909a6a39a6c7930b8
topk_sae,32768,32K core,2,cfc47d5713a8d557,mean,historical_raw_C1,32,0.23746963517940584,0.6705178735856655,0.23114638056472503,0.663748405656883,32768,70.46615616568799,300,213,25204,c7-camera-ready-300k-v1,complete,0,cells/topk_sae_d32768_seed2/detection.json,e7b5658902990733519d440851e8a03acb6d0552bdb151638c5e6794addbed40,9158926bca4c97601271e38e3d06f5a05ca518effe59ed97904fcfff5c0b4e18,1d2c6c0971fc5ceb7646fdfeaf988e89b1d385b815af86e909a6a39a6c7930b8
topk_sae,32768,32K core,2,cfc47d5713a8d557,position_identity,historical_raw_C1,1,0.1291101660050186,0.503402330795955,0.12183246971595173,0.4722499984426223,163840,100.0,300,213,25204,c7-camera-ready-300k-v1,complete,0,cells/topk_sae_d32768_seed2/detection.json,e7b5658902990733519d440851e8a03acb6d0552bdb151638c5e6794addbed40,9158926bca4c97601271e38e3d06f5a05ca518effe59ed97904fcfff5c0b4e18,1d2c6c0971fc5ceb7646fdfeaf988e89b1d385b815af86e909a6a39a6c7930b8
topk_sae,32768,32K core,2,cfc47d5713a8d557,position_identity,historical_raw_C1,2,0.13110666796505677,0.5057129696143267,0.12563135000655315,0.47701737883225015,163840,100.0,300,213,25204,c7-camera-ready-300k-v1,complete,0,cells/topk_sae_d32768_seed2/detection.json,e7b5658902990733519d440851e8a03acb6d0552bdb151638c5e6794addbed40,9158926bca4c97601271e38e3d06f5a05ca518effe59ed97904fcfff5c0b4e18,1d2c6c0971fc5ceb7646fdfeaf988e89b1d385b815af86e909a6a39a6c7930b8
topk_sae,32768,32K core,2,cfc47d5713a8d557,position_identity,historical_raw_C1,4,0.13219838606861448,0.5072077148177077,0.12706668909584726,0.4814503562027278,163840,100.0,300,213,25204,c7-camera-ready-300k-v1,complete,0,cells/topk_sae_d32768_seed2/detection.json,e7b5658902990733519d440851e8a03acb6d0552bdb151638c5e6794addbed40,9158926bca4c97601271e38e3d06f5a05ca518effe59ed97904fcfff5c0b4e18,1d2c6c0971fc5ceb7646fdfeaf988e89b1d385b815af86e909a6a39a6c7930b8
topk_sae,32768,32K core,2,cfc47d5713a8d557,position_identity,historical_raw_C1,8,0.1412153667081583,0.5241978351986237,0.1415775173836597,0.5088983625193088,163840,100.0,300,213,25204,c7-camera-ready-300k-v1,complete,0,cells/topk_sae_d32768_seed2/detection.json,e7b5658902990733519d440851e8a03acb6d0552bdb151638c5e6794addbed40,9158926bca4c97601271e38e3d06f5a05ca518effe59ed97904fcfff5c0b4e18,1d2c6c0971fc5ceb7646fdfeaf988e89b1d385b815af86e909a6a39a6c7930b8
topk_sae,32768,32K core,2,cfc47d5713a8d557,position_identity,historical_raw_C1,16,0.161281543962765,0.5424953926697669,0.15812664527130296,0.5277624963813343,163840,100.0,300,213,25204,c7-camera-ready-300k-v1,complete,0,cells/topk_sae_d32768_seed2/detection.json,e7b5658902990733519d440851e8a03acb6d0552bdb151638c5e6794addbed40,9158926bca4c97601271e38e3d06f5a05ca518effe59ed97904fcfff5c0b4e18,1d2c6c0971fc5ceb7646fdfeaf988e89b1d385b815af86e909a6a39a6c7930b8
topk_sae,32768,32K core,2,cfc47d5713a8d557,position_identity,historical_raw_C1,32,0.1788414394525853,0.5805813765302121,0.1748038108520739,0.5739321955668364,163840,100.0,300,213,25204,c7-camera-ready-300k-v1,complete,0,cells/topk_sae_d32768_seed2/detection.json,e7b5658902990733519d440851e8a03acb6d0552bdb151638c5e6794addbed40,9158926bca4c97601271e38e3d06f5a05ca518effe59ed97904fcfff5c0b4e18,1d2c6c0971fc5ceb7646fdfeaf988e89b1d385b815af86e909a6a39a6c7930b8
topk_sae,32768,32K core,42,40d84ac2cdefba3d,last,historical_raw_C1,1,0.12943034126207792,0.503706051127861,0.12229373936808671,0.46910021443122807,32768,20.0,300,213,25204,c7-camera-ready-300k-v1,complete,0,cells/topk_sae_d32768_seed42/detection.json,e8ec179cc0de7f722ab31ebd9da95a6033bf8bf3cdcfe8a4859c10b6d9bff6d6,bf954f79e3d27612ee8fe709841824eb9c189c44d9c2d8740156f53ddecfc7cd,1d2c6c0971fc5ceb7646fdfeaf988e89b1d385b815af86e909a6a39a6c7930b8
topk_sae,32768,32K core,42,40d84ac2cdefba3d,last,historical_raw_C1,2,0.13061532437946724,0.5075891813601519,0.12488373256116725,0.4782516884302155,32768,20.0,300,213,25204,c7-camera-ready-300k-v1,complete,0,cells/topk_sae_d32768_seed42/detection.json,e8ec179cc0de7f722ab31ebd9da95a6033bf8bf3cdcfe8a4859c10b6d9bff6d6,bf954f79e3d27612ee8fe709841824eb9c189c44d9c2d8740156f53ddecfc7cd,1d2c6c0971fc5ceb7646fdfeaf988e89b1d385b815af86e909a6a39a6c7930b8
topk_sae,32768,32K core,42,40d84ac2cdefba3d,last,historical_raw_C1,4,0.1359673849320417,0.5180387964873143,0.13488888994456427,0.49952493175642215,32768,20.0,300,213,25204,c7-camera-ready-300k-v1,complete,0,cells/topk_sae_d32768_seed42/detection.json,e8ec179cc0de7f722ab31ebd9da95a6033bf8bf3cdcfe8a4859c10b6d9bff6d6,bf954f79e3d27612ee8fe709841824eb9c189c44d9c2d8740156f53ddecfc7cd,1d2c6c0971fc5ceb7646fdfeaf988e89b1d385b815af86e909a6a39a6c7930b8
topk_sae,32768,32K core,42,40d84ac2cdefba3d,last,historical_raw_C1,8,0.16074921558438982,0.5522640663037632,0.1606365414052961,0.5356094319953274,32768,20.0,300,213,25204,c7-camera-ready-300k-v1,complete,0,cells/topk_sae_d32768_seed42/detection.json,e8ec179cc0de7f722ab31ebd9da95a6033bf8bf3cdcfe8a4859c10b6d9bff6d6,bf954f79e3d27612ee8fe709841824eb9c189c44d9c2d8740156f53ddecfc7cd,1d2c6c0971fc5ceb7646fdfeaf988e89b1d385b815af86e909a6a39a6c7930b8
topk_sae,32768,32K core,42,40d84ac2cdefba3d,last,historical_raw_C1,16,0.19168621483770817,0.5862896312065236,0.19052067125949446,0.5706877945905361,32768,20.0,300,213,25204,c7-camera-ready-300k-v1,complete,0,cells/topk_sae_d32768_seed42/detection.json,e8ec179cc0de7f722ab31ebd9da95a6033bf8bf3cdcfe8a4859c10b6d9bff6d6,bf954f79e3d27612ee8fe709841824eb9c189c44d9c2d8740156f53ddecfc7cd,1d2c6c0971fc5ceb7646fdfeaf988e89b1d385b815af86e909a6a39a6c7930b8
topk_sae,32768,32K core,42,40d84ac2cdefba3d,last,historical_raw_C1,32,0.20799854896524858,0.6120250132139637,0.2046567202716119,0.6018947165368386,32768,20.0,300,213,25204,c7-camera-ready-300k-v1,complete,0,cells/topk_sae_d32768_seed42/detection.json,e8ec179cc0de7f722ab31ebd9da95a6033bf8bf3cdcfe8a4859c10b6d9bff6d6,bf954f79e3d27612ee8fe709841824eb9c189c44d9c2d8740156f53ddecfc7cd,1d2c6c0971fc5ceb7646fdfeaf988e89b1d385b815af86e909a6a39a6c7930b8
topk_sae,32768,32K core,42,40d84ac2cdefba3d,max,historical_raw_C1,1,0.1451504917423944,0.539824272054956,0.14852638508454613,0.5288340796932044,32768,70.10153150293604,300,213,25204,c7-camera-ready-300k-v1,complete,0,cells/topk_sae_d32768_seed42/detection.json,e8ec179cc0de7f722ab31ebd9da95a6033bf8bf3cdcfe8a4859c10b6d9bff6d6,bf954f79e3d27612ee8fe709841824eb9c189c44d9c2d8740156f53ddecfc7cd,1d2c6c0971fc5ceb7646fdfeaf988e89b1d385b815af86e909a6a39a6c7930b8
topk_sae,32768,32K core,42,40d84ac2cdefba3d,max,historical_raw_C1,2,0.15356785727076583,0.5559485630294022,0.15767389371387797,0.5447191897511224,32768,70.10153150293604,300,213,25204,c7-camera-ready-300k-v1,complete,0,cells/topk_sae_d32768_seed42/detection.json,e8ec179cc0de7f722ab31ebd9da95a6033bf8bf3cdcfe8a4859c10b6d9bff6d6,bf954f79e3d27612ee8fe709841824eb9c189c44d9c2d8740156f53ddecfc7cd,1d2c6c0971fc5ceb7646fdfeaf988e89b1d385b815af86e909a6a39a6c7930b8
topk_sae,32768,32K core,42,40d84ac2cdefba3d,max,historical_raw_C1,4,0.18283835011338162,0.5891221236718069,0.18305751786506427,0.5694041214874956,32768,70.10153150293604,300,213,25204,c7-camera-ready-300k-v1,complete,0,cells/topk_sae_d32768_seed42/detection.json,e8ec179cc0de7f722ab31ebd9da95a6033bf8bf3cdcfe8a4859c10b6d9bff6d6,bf954f79e3d27612ee8fe709841824eb9c189c44d9c2d8740156f53ddecfc7cd,1d2c6c0971fc5ceb7646fdfeaf988e89b1d385b815af86e909a6a39a6c7930b8
topk_sae,32768,32K core,42,40d84ac2cdefba3d,max,historical_raw_C1,8,0.19928769938017546,0.6171808557331441,0.19811714281668313,0.5997096689816819,32768,70.10153150293604,300,213,25204,c7-camera-ready-300k-v1,complete,0,cells/topk_sae_d32768_seed42/detection.json,e8ec179cc0de7f722ab31ebd9da95a6033bf8bf3cdcfe8a4859c10b6d9bff6d6,bf954f79e3d27612ee8fe709841824eb9c189c44d9c2d8740156f53ddecfc7cd,1d2c6c0971fc5ceb7646fdfeaf988e89b1d385b815af86e909a6a39a6c7930b8
topk_sae,32768,32K core,42,40d84ac2cdefba3d,max,historical_raw_C1,16,0.21547964740673625,0.6425823974808033,0.21053019741331855,0.6307061766604851,32768,70.10153150293604,300,213,25204,c7-camera-ready-300k-v1,complete,0,cells/topk_sae_d32768_seed42/detection.json,e8ec179cc0de7f722ab31ebd9da95a6033bf8bf3cdcfe8a4859c10b6d9bff6d6,bf954f79e3d27612ee8fe709841824eb9c189c44d9c2d8740156f53ddecfc7cd,1d2c6c0971fc5ceb7646fdfeaf988e89b1d385b815af86e909a6a39a6c7930b8
topk_sae,32768,32K core,42,40d84ac2cdefba3d,max,historical_raw_C1,32,0.22642978987201784,0.6560534281808581,0.22158953227948458,0.6500527610947414,32768,70.10153150293604,300,213,25204,c7-camera-ready-300k-v1,complete,0,cells/topk_sae_d32768_seed42/detection.json,e8ec179cc0de7f722ab31ebd9da95a6033bf8bf3cdcfe8a4859c10b6d9bff6d6,bf954f79e3d27612ee8fe709841824eb9c189c44d9c2d8740156f53ddecfc7cd,1d2c6c0971fc5ceb7646fdfeaf988e89b1d385b815af86e909a6a39a6c7930b8
topk_sae,32768,32K core,42,40d84ac2cdefba3d,mean,historical_raw_C1,1,0.1408217305313105,0.5328716867934224,0.1411839840197202,0.5207603970360988,32768,70.10153150293604,300,213,25204,c7-camera-ready-300k-v1,complete,0,cells/topk_sae_d32768_seed42/detection.json,e8ec179cc0de7f722ab31ebd9da95a6033bf8bf3cdcfe8a4859c10b6d9bff6d6,bf954f79e3d27612ee8fe709841824eb9c189c44d9c2d8740156f53ddecfc7cd,1d2c6c0971fc5ceb7646fdfeaf988e89b1d385b815af86e909a6a39a6c7930b8
topk_sae,32768,32K core,42,40d84ac2cdefba3d,mean,historical_raw_C1,2,0.1586073483150791,0.5666045559251327,0.15782627366952007,0.5463030680055675,32768,70.10153150293604,300,213,25204,c7-camera-ready-300k-v1,complete,0,cells/topk_sae_d32768_seed42/detection.json,e8ec179cc0de7f722ab31ebd9da95a6033bf8bf3cdcfe8a4859c10b6d9bff6d6,bf954f79e3d27612ee8fe709841824eb9c189c44d9c2d8740156f53ddecfc7cd,1d2c6c0971fc5ceb7646fdfeaf988e89b1d385b815af86e909a6a39a6c7930b8
topk_sae,32768,32K core,42,40d84ac2cdefba3d,mean,historical_raw_C1,4,0.17163378718903538,0.5831818418032872,0.1710245197233245,0.5643590624313726,32768,70.10153150293604,300,213,25204,c7-camera-ready-300k-v1,complete,0,cells/topk_sae_d32768_seed42/detection.json,e8ec179cc0de7f722ab31ebd9da95a6033bf8bf3cdcfe8a4859c10b6d9bff6d6,bf954f79e3d27612ee8fe709841824eb9c189c44d9c2d8740156f53ddecfc7cd,1d2c6c0971fc5ceb7646fdfeaf988e89b1d385b815af86e909a6a39a6c7930b8
topk_sae,32768,32K core,42,40d84ac2cdefba3d,mean,historical_raw_C1,8,0.19327096879734856,0.610773743207975,0.19009213251475454,0.595029745199392,32768,70.10153150293604,300,213,25204,c7-camera-ready-300k-v1,complete,0,cells/topk_sae_d32768_seed42/detection.json,e8ec179cc0de7f722ab31ebd9da95a6033bf8bf3cdcfe8a4859c10b6d9bff6d6,bf954f79e3d27612ee8fe709841824eb9c189c44d9c2d8740156f53ddecfc7cd,1d2c6c0971fc5ceb7646fdfeaf988e89b1d385b815af86e909a6a39a6c7930b8
topk_sae,32768,32K core,42,40d84ac2cdefba3d,mean,historical_raw_C1,16,0.2238388810962575,0.6418134039621517,0.21705973482349689,0.6297495528893726,32768,70.10153150293604,300,213,25204,c7-camera-ready-300k-v1,complete,0,cells/topk_sae_d32768_seed42/detection.json,e8ec179cc0de7f722ab31ebd9da95a6033bf8bf3cdcfe8a4859c10b6d9bff6d6,bf954f79e3d27612ee8fe709841824eb9c189c44d9c2d8740156f53ddecfc7cd,1d2c6c0971fc5ceb7646fdfeaf988e89b1d385b815af86e909a6a39a6c7930b8
topk_sae,32768,32K core,42,40d84ac2cdefba3d,mean,historical_raw_C1,32,0.22981961700346618,0.6599924550997925,0.22419132833175015,0.6555634009206645,32768,70.10153150293604,300,213,25204,c7-camera-ready-300k-v1,complete,0,cells/topk_sae_d32768_seed42/detection.json,e8ec179cc0de7f722ab31ebd9da95a6033bf8bf3cdcfe8a4859c10b6d9bff6d6,bf954f79e3d27612ee8fe709841824eb9c189c44d9c2d8740156f53ddecfc7cd,1d2c6c0971fc5ceb7646fdfeaf988e89b1d385b815af86e909a6a39a6c7930b8
topk_sae,32768,32K core,42,40d84ac2cdefba3d,position_identity,historical_raw_C1,1,0.13034168190090764,0.505773614907998,0.12456541547348773,0.47709411638430865,163840,100.0,300,213,25204,c7-camera-ready-300k-v1,complete,0,cells/topk_sae_d32768_seed42/detection.json,e8ec179cc0de7f722ab31ebd9da95a6033bf8bf3cdcfe8a4859c10b6d9bff6d6,bf954f79e3d27612ee8fe709841824eb9c189c44d9c2d8740156f53ddecfc7cd,1d2c6c0971fc5ceb7646fdfeaf988e89b1d385b815af86e909a6a39a6c7930b8
topk_sae,32768,32K core,42,40d84ac2cdefba3d,position_identity,historical_raw_C1,2,0.1313351451440953,0.5086957543126551,0.1280828144868939,0.4834764438198703,163840,100.0,300,213,25204,c7-camera-ready-300k-v1,complete,0,cells/topk_sae_d32768_seed42/detection.json,e8ec179cc0de7f722ab31ebd9da95a6033bf8bf3cdcfe8a4859c10b6d9bff6d6,bf954f79e3d27612ee8fe709841824eb9c189c44d9c2d8740156f53ddecfc7cd,1d2c6c0971fc5ceb7646fdfeaf988e89b1d385b815af86e909a6a39a6c7930b8
topk_sae,32768,32K core,42,40d84ac2cdefba3d,position_identity,historical_raw_C1,4,0.13292144070284023,0.5121758359181563,0.12780374874723655,0.4855243705275959,163840,100.0,300,213,25204,c7-camera-ready-300k-v1,complete,0,cells/topk_sae_d32768_seed42/detection.json,e8ec179cc0de7f722ab31ebd9da95a6033bf8bf3cdcfe8a4859c10b6d9bff6d6,bf954f79e3d27612ee8fe709841824eb9c189c44d9c2d8740156f53ddecfc7cd,1d2c6c0971fc5ceb7646fdfeaf988e89b1d385b815af86e909a6a39a6c7930b8
topk_sae,32768,32K core,42,40d84ac2cdefba3d,position_identity,historical_raw_C1,8,0.14440587772689156,0.5371403853441873,0.1422776544801996,0.5150521313412932,163840,100.0,300,213,25204,c7-camera-ready-300k-v1,complete,0,cells/topk_sae_d32768_seed42/detection.json,e8ec179cc0de7f722ab31ebd9da95a6033bf8bf3cdcfe8a4859c10b6d9bff6d6,bf954f79e3d27612ee8fe709841824eb9c189c44d9c2d8740156f53ddecfc7cd,1d2c6c0971fc5ceb7646fdfeaf988e89b1d385b815af86e909a6a39a6c7930b8
topk_sae,32768,32K core,42,40d84ac2cdefba3d,position_identity,historical_raw_C1,16,0.1652792727112451,0.5617966057841772,0.1644339982577347,0.5487975718941073,163840,100.0,300,213,25204,c7-camera-ready-300k-v1,complete,0,cells/topk_sae_d32768_seed42/detection.json,e8ec179cc0de7f722ab31ebd9da95a6033bf8bf3cdcfe8a4859c10b6d9bff6d6,bf954f79e3d27612ee8fe709841824eb9c189c44d9c2d8740156f53ddecfc7cd,1d2c6c0971fc5ceb7646fdfeaf988e89b1d385b815af86e909a6a39a6c7930b8
topk_sae,32768,32K core,42,40d84ac2cdefba3d,position_identity,historical_raw_C1,32,0.19163596906359973,0.5906707795206658,0.1871871570396214,0.5792453240895981,163840,100.0,300,213,25204,c7-camera-ready-300k-v1,complete,0,cells/topk_sae_d32768_seed42/detection.json,e8ec179cc0de7f722ab31ebd9da95a6033bf8bf3cdcfe8a4859c10b6d9bff6d6,bf954f79e3d27612ee8fe709841824eb9c189c44d9c2d8740156f53ddecfc7cd,1d2c6c0971fc5ceb7646fdfeaf988e89b1d385b815af86e909a6a39a6c7930b8
tsae_paper,16384,T-SAE 16K sensitivity,1,aaacbb71c87e42d7,last,historical_raw_C1,1,0.16726530833194836,0.6065590829779071,0.16274357730163272,0.6016236540407366,16384,22.42175845103952,300,213,25204,c7-camera-ready-300k-v1,complete,0,cells/tsae_paper_d16384_seed1/detection.json,27780894e0dff845f87fd1aed0e8a968d29ecdf8024c35c0f7b100836fc8daf1,f5c59f634a63fffb78270b1c7e4927dc751655d1f430f66bb3577afec0299a37,1d2c6c0971fc5ceb7646fdfeaf988e89b1d385b815af86e909a6a39a6c7930b8
tsae_paper,16384,T-SAE 16K sensitivity,1,aaacbb71c87e42d7,last,historical_raw_C1,2,0.1689664484100182,0.611777893492512,0.16484520468690236,0.6062917847141116,16384,22.42175845103952,300,213,25204,c7-camera-ready-300k-v1,complete,0,cells/tsae_paper_d16384_seed1/detection.json,27780894e0dff845f87fd1aed0e8a968d29ecdf8024c35c0f7b100836fc8daf1,f5c59f634a63fffb78270b1c7e4927dc751655d1f430f66bb3577afec0299a37,1d2c6c0971fc5ceb7646fdfeaf988e89b1d385b815af86e909a6a39a6c7930b8
tsae_paper,16384,T-SAE 16K sensitivity,1,aaacbb71c87e42d7,last,historical_raw_C1,4,0.1640573223525378,0.6058406066880548,0.1607420531635088,0.6012681780892628,16384,22.42175845103952,300,213,25204,c7-camera-ready-300k-v1,complete,0,cells/tsae_paper_d16384_seed1/detection.json,27780894e0dff845f87fd1aed0e8a968d29ecdf8024c35c0f7b100836fc8daf1,f5c59f634a63fffb78270b1c7e4927dc751655d1f430f66bb3577afec0299a37,1d2c6c0971fc5ceb7646fdfeaf988e89b1d385b815af86e909a6a39a6c7930b8
tsae_paper,16384,T-SAE 16K sensitivity,1,aaacbb71c87e42d7,last,historical_raw_C1,8,0.1734168107524099,0.6172501236835995,0.16884026616858488,0.6101237073495986,16384,22.42175845103952,300,213,25204,c7-camera-ready-300k-v1,complete,0,cells/tsae_paper_d16384_seed1/detection.json,27780894e0dff845f87fd1aed0e8a968d29ecdf8024c35c0f7b100836fc8daf1,f5c59f634a63fffb78270b1c7e4927dc751655d1f430f66bb3577afec0299a37,1d2c6c0971fc5ceb7646fdfeaf988e89b1d385b815af86e909a6a39a6c7930b8
tsae_paper,16384,T-SAE 16K sensitivity,1,aaacbb71c87e42d7,last,historical_raw_C1,16,0.19323283383907344,0.6360464868570493,0.18875917150141708,0.6297177680621273,16384,22.42175845103952,300,213,25204,c7-camera-ready-300k-v1,complete,0,cells/tsae_paper_d16384_seed1/detection.json,27780894e0dff845f87fd1aed0e8a968d29ecdf8024c35c0f7b100836fc8daf1,f5c59f634a63fffb78270b1c7e4927dc751655d1f430f66bb3577afec0299a37,1d2c6c0971fc5ceb7646fdfeaf988e89b1d385b815af86e909a6a39a6c7930b8
tsae_paper,16384,T-SAE 16K sensitivity,1,aaacbb71c87e42d7,last,historical_raw_C1,32,0.21449696023084036,0.654940599724797,0.20868562359864506,0.6480397482905182,16384,22.42175845103952,300,213,25204,c7-camera-ready-300k-v1,complete,0,cells/tsae_paper_d16384_seed1/detection.json,27780894e0dff845f87fd1aed0e8a968d29ecdf8024c35c0f7b100836fc8daf1,f5c59f634a63fffb78270b1c7e4927dc751655d1f430f66bb3577afec0299a37,1d2c6c0971fc5ceb7646fdfeaf988e89b1d385b815af86e909a6a39a6c7930b8
tsae_paper,16384,T-SAE 16K sensitivity,1,aaacbb71c87e42d7,max,historical_raw_C1,1,0.1608865609782474,0.5935667496668967,0.1559777003568013,0.5849761807125314,16384,71.34946833835899,300,213,25204,c7-camera-ready-300k-v1,complete,0,cells/tsae_paper_d16384_seed1/detection.json,27780894e0dff845f87fd1aed0e8a968d29ecdf8024c35c0f7b100836fc8daf1,f5c59f634a63fffb78270b1c7e4927dc751655d1f430f66bb3577afec0299a37,1d2c6c0971fc5ceb7646fdfeaf988e89b1d385b815af86e909a6a39a6c7930b8
tsae_paper,16384,T-SAE 16K sensitivity,1,aaacbb71c87e42d7,max,historical_raw_C1,2,0.16671772068919344,0.6081472187708713,0.16155219401738824,0.6010705450600228,16384,71.34946833835899,300,213,25204,c7-camera-ready-300k-v1,complete,0,cells/tsae_paper_d16384_seed1/detection.json,27780894e0dff845f87fd1aed0e8a968d29ecdf8024c35c0f7b100836fc8daf1,f5c59f634a63fffb78270b1c7e4927dc751655d1f430f66bb3577afec0299a37,1d2c6c0971fc5ceb7646fdfeaf988e89b1d385b815af86e909a6a39a6c7930b8
tsae_paper,16384,T-SAE 16K sensitivity,1,aaacbb71c87e42d7,max,historical_raw_C1,4,0.16971089814119758,0.6157329819648538,0.16501993603436954,0.6055570031411773,16384,71.34946833835899,300,213,25204,c7-camera-ready-300k-v1,complete,0,cells/tsae_paper_d16384_seed1/detection.json,27780894e0dff845f87fd1aed0e8a968d29ecdf8024c35c0f7b100836fc8daf1,f5c59f634a63fffb78270b1c7e4927dc751655d1f430f66bb3577afec0299a37,1d2c6c0971fc5ceb7646fdfeaf988e89b1d385b815af86e909a6a39a6c7930b8
tsae_paper,16384,T-SAE 16K sensitivity,1,aaacbb71c87e42d7,max,historical_raw_C1,8,0.20201018523274641,0.6382069749728632,0.19692937104569777,0.6285236423908347,16384,71.34946833835899,300,213,25204,c7-camera-ready-300k-v1,complete,0,cells/tsae_paper_d16384_seed1/detection.json,27780894e0dff845f87fd1aed0e8a968d29ecdf8024c35c0f7b100836fc8daf1,f5c59f634a63fffb78270b1c7e4927dc751655d1f430f66bb3577afec0299a37,1d2c6c0971fc5ceb7646fdfeaf988e89b1d385b815af86e909a6a39a6c7930b8
tsae_paper,16384,T-SAE 16K sensitivity,1,aaacbb71c87e42d7,max,historical_raw_C1,16,0.21636301708148675,0.6530840325725011,0.21017159858784007,0.6452839557939573,16384,71.34946833835899,300,213,25204,c7-camera-ready-300k-v1,complete,0,cells/tsae_paper_d16384_seed1/detection.json,27780894e0dff845f87fd1aed0e8a968d29ecdf8024c35c0f7b100836fc8daf1,f5c59f634a63fffb78270b1c7e4927dc751655d1f430f66bb3577afec0299a37,1d2c6c0971fc5ceb7646fdfeaf988e89b1d385b815af86e909a6a39a6c7930b8
tsae_paper,16384,T-SAE 16K sensitivity,1,aaacbb71c87e42d7,max,historical_raw_C1,32,0.2382652832602133,0.6756972641283314,0.23057468590144742,0.6700382141123059,16384,71.34946833835899,300,213,25204,c7-camera-ready-300k-v1,complete,0,cells/tsae_paper_d16384_seed1/detection.json,27780894e0dff845f87fd1aed0e8a968d29ecdf8024c35c0f7b100836fc8daf1,f5c59f634a63fffb78270b1c7e4927dc751655d1f430f66bb3577afec0299a37,1d2c6c0971fc5ceb7646fdfeaf988e89b1d385b815af86e909a6a39a6c7930b8
tsae_paper,16384,T-SAE 16K sensitivity,1,aaacbb71c87e42d7,mean,historical_raw_C1,1,0.16906649420950576,0.6094297712529507,0.16438593506781107,0.6039506198828952,16384,71.34946833835899,300,213,25204,c7-camera-ready-300k-v1,complete,0,cells/tsae_paper_d16384_seed1/detection.json,27780894e0dff845f87fd1aed0e8a968d29ecdf8024c35c0f7b100836fc8daf1,f5c59f634a63fffb78270b1c7e4927dc751655d1f430f66bb3577afec0299a37,1d2c6c0971fc5ceb7646fdfeaf988e89b1d385b815af86e909a6a39a6c7930b8
tsae_paper,16384,T-SAE 16K sensitivity,1,aaacbb71c87e42d7,mean,historical_raw_C1,2,0.17037026365788172,0.6148937686217334,0.1652614372290042,0.6091996488847062,16384,71.34946833835899,300,213,25204,c7-camera-ready-300k-v1,complete,0,cells/tsae_paper_d16384_seed1/detection.json,27780894e0dff845f87fd1aed0e8a968d29ecdf8024c35c0f7b100836fc8daf1,f5c59f634a63fffb78270b1c7e4927dc751655d1f430f66bb3577afec0299a37,1d2c6c0971fc5ceb7646fdfeaf988e89b1d385b815af86e909a6a39a6c7930b8
tsae_paper,16384,T-SAE 16K sensitivity,1,aaacbb71c87e42d7,mean,historical_raw_C1,4,0.1650617814969782,0.6065912866611366,0.1616310049769613,0.6018495275202257,16384,71.34946833835899,300,213,25204,c7-camera-ready-300k-v1,complete,0,cells/tsae_paper_d16384_seed1/detection.json,27780894e0dff845f87fd1aed0e8a968d29ecdf8024c35c0f7b100836fc8daf1,f5c59f634a63fffb78270b1c7e4927dc751655d1f430f66bb3577afec0299a37,1d2c6c0971fc5ceb7646fdfeaf988e89b1d385b815af86e909a6a39a6c7930b8
tsae_paper,16384,T-SAE 16K sensitivity,1,aaacbb71c87e42d7,mean,historical_raw_C1,8,0.1780185989600211,0.6202742197125917,0.1731573384209677,0.6113154772632512,16384,71.34946833835899,300,213,25204,c7-camera-ready-300k-v1,complete,0,cells/tsae_paper_d16384_seed1/detection.json,27780894e0dff845f87fd1aed0e8a968d29ecdf8024c35c0f7b100836fc8daf1,f5c59f634a63fffb78270b1c7e4927dc751655d1f430f66bb3577afec0299a37,1d2c6c0971fc5ceb7646fdfeaf988e89b1d385b815af86e909a6a39a6c7930b8
tsae_paper,16384,T-SAE 16K sensitivity,1,aaacbb71c87e42d7,mean,historical_raw_C1,16,0.20317678386151422,0.6492174850722052,0.19542411992435077,0.6426888560419419,16384,71.34946833835899,300,213,25204,c7-camera-ready-300k-v1,complete,0,cells/tsae_paper_d16384_seed1/detection.json,27780894e0dff845f87fd1aed0e8a968d29ecdf8024c35c0f7b100836fc8daf1,f5c59f634a63fffb78270b1c7e4927dc751655d1f430f66bb3577afec0299a37,1d2c6c0971fc5ceb7646fdfeaf988e89b1d385b815af86e909a6a39a6c7930b8
tsae_paper,16384,T-SAE 16K sensitivity,1,aaacbb71c87e42d7,mean,historical_raw_C1,32,0.23286002843290105,0.6802861499472087,0.22625274059231051,0.6747914169939487,16384,71.34946833835899,300,213,25204,c7-camera-ready-300k-v1,complete,0,cells/tsae_paper_d16384_seed1/detection.json,27780894e0dff845f87fd1aed0e8a968d29ecdf8024c35c0f7b100836fc8daf1,f5c59f634a63fffb78270b1c7e4927dc751655d1f430f66bb3577afec0299a37,1d2c6c0971fc5ceb7646fdfeaf988e89b1d385b815af86e909a6a39a6c7930b8
tsae_paper,16384,T-SAE 16K sensitivity,1,aaacbb71c87e42d7,position_identity,historical_raw_C1,1,0.16726530833194836,0.6065590829779071,0.16274357730163272,0.6016236540407366,81920,112.39077130614189,300,213,25204,c7-camera-ready-300k-v1,complete,0,cells/tsae_paper_d16384_seed1/detection.json,27780894e0dff845f87fd1aed0e8a968d29ecdf8024c35c0f7b100836fc8daf1,f5c59f634a63fffb78270b1c7e4927dc751655d1f430f66bb3577afec0299a37,1d2c6c0971fc5ceb7646fdfeaf988e89b1d385b815af86e909a6a39a6c7930b8
tsae_paper,16384,T-SAE 16K sensitivity,1,aaacbb71c87e42d7,position_identity,historical_raw_C1,2,0.16913318297316965,0.607381104112901,0.16440963763010305,0.6019277687473735,81920,112.39077130614189,300,213,25204,c7-camera-ready-300k-v1,complete,0,cells/tsae_paper_d16384_seed1/detection.json,27780894e0dff845f87fd1aed0e8a968d29ecdf8024c35c0f7b100836fc8daf1,f5c59f634a63fffb78270b1c7e4927dc751655d1f430f66bb3577afec0299a37,1d2c6c0971fc5ceb7646fdfeaf988e89b1d385b815af86e909a6a39a6c7930b8
tsae_paper,16384,T-SAE 16K sensitivity,1,aaacbb71c87e42d7,position_identity,historical_raw_C1,4,0.1704109134807398,0.6091724139638485,0.16534186099714626,0.6039333920625861,81920,112.39077130614189,300,213,25204,c7-camera-ready-300k-v1,complete,0,cells/tsae_paper_d16384_seed1/detection.json,27780894e0dff845f87fd1aed0e8a968d29ecdf8024c35c0f7b100836fc8daf1,f5c59f634a63fffb78270b1c7e4927dc751655d1f430f66bb3577afec0299a37,1d2c6c0971fc5ceb7646fdfeaf988e89b1d385b815af86e909a6a39a6c7930b8
tsae_paper,16384,T-SAE 16K sensitivity,1,aaacbb71c87e42d7,position_identity,historical_raw_C1,8,0.17145257498308447,0.6152831034250872,0.166875827233596,0.6099917133181864,81920,112.39077130614189,300,213,25204,c7-camera-ready-300k-v1,complete,0,cells/tsae_paper_d16384_seed1/detection.json,27780894e0dff845f87fd1aed0e8a968d29ecdf8024c35c0f7b100836fc8daf1,f5c59f634a63fffb78270b1c7e4927dc751655d1f430f66bb3577afec0299a37,1d2c6c0971fc5ceb7646fdfeaf988e89b1d385b815af86e909a6a39a6c7930b8
tsae_paper,16384,T-SAE 16K sensitivity,1,aaacbb71c87e42d7,position_identity,historical_raw_C1,16,0.16695592488492558,0.6094291447494091,0.16278228688377314,0.6042279262107968,81920,112.39077130614189,300,213,25204,c7-camera-ready-300k-v1,complete,0,cells/tsae_paper_d16384_seed1/detection.json,27780894e0dff845f87fd1aed0e8a968d29ecdf8024c35c0f7b100836fc8daf1,f5c59f634a63fffb78270b1c7e4927dc751655d1f430f66bb3577afec0299a37,1d2c6c0971fc5ceb7646fdfeaf988e89b1d385b815af86e909a6a39a6c7930b8
tsae_paper,16384,T-SAE 16K sensitivity,1,aaacbb71c87e42d7,position_identity,historical_raw_C1,32,0.17465538365583563,0.6166012164284369,0.1709500410604484,0.6088561808528745,81920,112.39077130614189,300,213,25204,c7-camera-ready-300k-v1,complete,0,cells/tsae_paper_d16384_seed1/detection.json,27780894e0dff845f87fd1aed0e8a968d29ecdf8024c35c0f7b100836fc8daf1,f5c59f634a63fffb78270b1c7e4927dc751655d1f430f66bb3577afec0299a37,1d2c6c0971fc5ceb7646fdfeaf988e89b1d385b815af86e909a6a39a6c7930b8
tsae_paper,16384,T-SAE 16K sensitivity,2,d3a811c75e026df6,last,historical_raw_C1,1,0.1623455882037424,0.5997021416668835,0.1572535028287803,0.5939541091251382,16384,21.105181717187747,300,213,25204,c7-camera-ready-300k-v1,complete,0,cells/tsae_paper_d16384_seed2/detection.json,894b8176024f930bb2574cc703f58fdca647eccb0744c509bf1eb4c2e862a521,89dabb088ccb097e79337b9ff25bdf2a3d1958d25b51d3868f4938686aba0e91,1d2c6c0971fc5ceb7646fdfeaf988e89b1d385b815af86e909a6a39a6c7930b8
tsae_paper,16384,T-SAE 16K sensitivity,2,d3a811c75e026df6,last,historical_raw_C1,2,0.16238257186393631,0.59997872589962,0.15655495789546064,0.5928081010567041,16384,21.105181717187747,300,213,25204,c7-camera-ready-300k-v1,complete,0,cells/tsae_paper_d16384_seed2/detection.json,894b8176024f930bb2574cc703f58fdca647eccb0744c509bf1eb4c2e862a521,89dabb088ccb097e79337b9ff25bdf2a3d1958d25b51d3868f4938686aba0e91,1d2c6c0971fc5ceb7646fdfeaf988e89b1d385b815af86e909a6a39a6c7930b8
tsae_paper,16384,T-SAE 16K sensitivity,2,d3a811c75e026df6,last,historical_raw_C1,4,0.1955347852379895,0.638183874462341,0.1908757796817512,0.6334429727284178,16384,21.105181717187747,300,213,25204,c7-camera-ready-300k-v1,complete,0,cells/tsae_paper_d16384_seed2/detection.json,894b8176024f930bb2574cc703f58fdca647eccb0744c509bf1eb4c2e862a521,89dabb088ccb097e79337b9ff25bdf2a3d1958d25b51d3868f4938686aba0e91,1d2c6c0971fc5ceb7646fdfeaf988e89b1d385b815af86e909a6a39a6c7930b8
tsae_paper,16384,T-SAE 16K sensitivity,2,d3a811c75e026df6,last,historical_raw_C1,8,0.1973517666682057,0.6357223646655463,0.19233167179038604,0.6285337170139332,16384,21.105181717187747,300,213,25204,c7-camera-ready-300k-v1,complete,0,cells/tsae_paper_d16384_seed2/detection.json,894b8176024f930bb2574cc703f58fdca647eccb0744c509bf1eb4c2e862a521,89dabb088ccb097e79337b9ff25bdf2a3d1958d25b51d3868f4938686aba0e91,1d2c6c0971fc5ceb7646fdfeaf988e89b1d385b815af86e909a6a39a6c7930b8
tsae_paper,16384,T-SAE 16K sensitivity,2,d3a811c75e026df6,last,historical_raw_C1,16,0.20997398236825487,0.6495064105067831,0.20638510111579783,0.6430176166993287,16384,21.105181717187747,300,213,25204,c7-camera-ready-300k-v1,complete,0,cells/tsae_paper_d16384_seed2/detection.json,894b8176024f930bb2574cc703f58fdca647eccb0744c509bf1eb4c2e862a521,89dabb088ccb097e79337b9ff25bdf2a3d1958d25b51d3868f4938686aba0e91,1d2c6c0971fc5ceb7646fdfeaf988e89b1d385b815af86e909a6a39a6c7930b8
tsae_paper,16384,T-SAE 16K sensitivity,2,d3a811c75e026df6,last,historical_raw_C1,32,0.22815175633056167,0.6656352664428343,0.22369462547864238,0.660111280549039,16384,21.105181717187747,300,213,25204,c7-camera-ready-300k-v1,complete,0,cells/tsae_paper_d16384_seed2/detection.json,894b8176024f930bb2574cc703f58fdca647eccb0744c509bf1eb4c2e862a521,89dabb088ccb097e79337b9ff25bdf2a3d1958d25b51d3868f4938686aba0e91,1d2c6c0971fc5ceb7646fdfeaf988e89b1d385b815af86e909a6a39a6c7930b8
tsae_paper,16384,T-SAE 16K sensitivity,2,d3a811c75e026df6,max,historical_raw_C1,1,0.15943404605827777,0.590984995390371,0.15299953007115832,0.5827177251715854,16384,67.5717346452944,300,213,25204,c7-camera-ready-300k-v1,complete,0,cells/tsae_paper_d16384_seed2/detection.json,894b8176024f930bb2574cc703f58fdca647eccb0744c509bf1eb4c2e862a521,89dabb088ccb097e79337b9ff25bdf2a3d1958d25b51d3868f4938686aba0e91,1d2c6c0971fc5ceb7646fdfeaf988e89b1d385b815af86e909a6a39a6c7930b8
tsae_paper,16384,T-SAE 16K sensitivity,2,d3a811c75e026df6,max,historical_raw_C1,2,0.1638560757777629,0.5965018441416223,0.16351280192159692,0.5879193454459374,16384,67.5717346452944,300,213,25204,c7-camera-ready-300k-v1,complete,0,cells/tsae_paper_d16384_seed2/detection.json,894b8176024f930bb2574cc703f58fdca647eccb0744c509bf1eb4c2e862a521,89dabb088ccb097e79337b9ff25bdf2a3d1958d25b51d3868f4938686aba0e91,1d2c6c0971fc5ceb7646fdfeaf988e89b1d385b815af86e909a6a39a6c7930b8
tsae_paper,16384,T-SAE 16K sensitivity,2,d3a811c75e026df6,max,historical_raw_C1,4,0.20217667811469556,0.644877768944431,0.19730174491318492,0.6357503907944152,16384,67.5717346452944,300,213,25204,c7-camera-ready-300k-v1,complete,0,cells/tsae_paper_d16384_seed2/detection.json,894b8176024f930bb2574cc703f58fdca647eccb0744c509bf1eb4c2e862a521,89dabb088ccb097e79337b9ff25bdf2a3d1958d25b51d3868f4938686aba0e91,1d2c6c0971fc5ceb7646fdfeaf988e89b1d385b815af86e909a6a39a6c7930b8
tsae_paper,16384,T-SAE 16K sensitivity,2,d3a811c75e026df6,max,historical_raw_C1,8,0.21743822306902735,0.6554152923552742,0.21248465150180665,0.6470949749111812,16384,67.5717346452944,300,213,25204,c7-camera-ready-300k-v1,complete,0,cells/tsae_paper_d16384_seed2/detection.json,894b8176024f930bb2574cc703f58fdca647eccb0744c509bf1eb4c2e862a521,89dabb088ccb097e79337b9ff25bdf2a3d1958d25b51d3868f4938686aba0e91,1d2c6c0971fc5ceb7646fdfeaf988e89b1d385b815af86e909a6a39a6c7930b8
tsae_paper,16384,T-SAE 16K sensitivity,2,d3a811c75e026df6,max,historical_raw_C1,16,0.22904257618792268,0.6741439817370729,0.22462125781613895,0.666341536310567,16384,67.5717346452944,300,213,25204,c7-camera-ready-300k-v1,complete,0,cells/tsae_paper_d16384_seed2/detection.json,894b8176024f930bb2574cc703f58fdca647eccb0744c509bf1eb4c2e862a521,89dabb088ccb097e79337b9ff25bdf2a3d1958d25b51d3868f4938686aba0e91,1d2c6c0971fc5ceb7646fdfeaf988e89b1d385b815af86e909a6a39a6c7930b8
tsae_paper,16384,T-SAE 16K sensitivity,2,d3a811c75e026df6,max,historical_raw_C1,32,0.2483927212386663,0.6888600411378634,0.24190047210329135,0.6842897172324673,16384,67.5717346452944,300,213,25204,c7-camera-ready-300k-v1,complete,0,cells/tsae_paper_d16384_seed2/detection.json,894b8176024f930bb2574cc703f58fdca647eccb0744c509bf1eb4c2e862a521,89dabb088ccb097e79337b9ff25bdf2a3d1958d25b51d3868f4938686aba0e91,1d2c6c0971fc5ceb7646fdfeaf988e89b1d385b815af86e909a6a39a6c7930b8
tsae_paper,16384,T-SAE 16K sensitivity,2,d3a811c75e026df6,mean,historical_raw_C1,1,0.16333701477802676,0.6016245869085901,0.15804895190608304,0.5952378967938997,16384,67.5717346452944,300,213,25204,c7-camera-ready-300k-v1,complete,0,cells/tsae_paper_d16384_seed2/detection.json,894b8176024f930bb2574cc703f58fdca647eccb0744c509bf1eb4c2e862a521,89dabb088ccb097e79337b9ff25bdf2a3d1958d25b51d3868f4938686aba0e91,1d2c6c0971fc5ceb7646fdfeaf988e89b1d385b815af86e909a6a39a6c7930b8
tsae_paper,16384,T-SAE 16K sensitivity,2,d3a811c75e026df6,mean,historical_raw_C1,2,0.1633884761513346,0.6019951493316675,0.1571814953070796,0.5935087778465411,16384,67.5717346452944,300,213,25204,c7-camera-ready-300k-v1,complete,0,cells/tsae_paper_d16384_seed2/detection.json,894b8176024f930bb2574cc703f58fdca647eccb0744c509bf1eb4c2e862a521,89dabb088ccb097e79337b9ff25bdf2a3d1958d25b51d3868f4938686aba0e91,1d2c6c0971fc5ceb7646fdfeaf988e89b1d385b815af86e909a6a39a6c7930b8
tsae_paper,16384,T-SAE 16K sensitivity,2,d3a811c75e026df6,mean,historical_raw_C1,4,0.1964182122382877,0.6417434952172022,0.19112165121362037,0.6354228760392453,16384,67.5717346452944,300,213,25204,c7-camera-ready-300k-v1,complete,0,cells/tsae_paper_d16384_seed2/detection.json,894b8176024f930bb2574cc703f58fdca647eccb0744c509bf1eb4c2e862a521,89dabb088ccb097e79337b9ff25bdf2a3d1958d25b51d3868f4938686aba0e91,1d2c6c0971fc5ceb7646fdfeaf988e89b1d385b815af86e909a6a39a6c7930b8
tsae_paper,16384,T-SAE 16K sensitivity,2,d3a811c75e026df6,mean,historical_raw_C1,8,0.2103869286214049,0.6522815962980331,0.20480700886746334,0.6441796997705034,16384,67.5717346452944,300,213,25204,c7-camera-ready-300k-v1,complete,0,cells/tsae_paper_d16384_seed2/detection.json,894b8176024f930bb2574cc703f58fdca647eccb0744c509bf1eb4c2e862a521,89dabb088ccb097e79337b9ff25bdf2a3d1958d25b51d3868f4938686aba0e91,1d2c6c0971fc5ceb7646fdfeaf988e89b1d385b815af86e909a6a39a6c7930b8
tsae_paper,16384,T-SAE 16K sensitivity,2,d3a811c75e026df6,mean,historical_raw_C1,16,0.21635586592841216,0.6608822068475277,0.21259262388772807,0.6576774893323203,16384,67.5717346452944,300,213,25204,c7-camera-ready-300k-v1,complete,0,cells/tsae_paper_d16384_seed2/detection.json,894b8176024f930bb2574cc703f58fdca647eccb0744c509bf1eb4c2e862a521,89dabb088ccb097e79337b9ff25bdf2a3d1958d25b51d3868f4938686aba0e91,1d2c6c0971fc5ceb7646fdfeaf988e89b1d385b815af86e909a6a39a6c7930b8
tsae_paper,16384,T-SAE 16K sensitivity,2,d3a811c75e026df6,mean,historical_raw_C1,32,0.24278006753738884,0.6796115233283576,0.23710960232784634,0.6755505294618999,16384,67.5717346452944,300,213,25204,c7-camera-ready-300k-v1,complete,0,cells/tsae_paper_d16384_seed2/detection.json,894b8176024f930bb2574cc703f58fdca647eccb0744c509bf1eb4c2e862a521,89dabb088ccb097e79337b9ff25bdf2a3d1958d25b51d3868f4938686aba0e91,1d2c6c0971fc5ceb7646fdfeaf988e89b1d385b815af86e909a6a39a6c7930b8
tsae_paper,16384,T-SAE 16K sensitivity,2,d3a811c75e026df6,position_identity,historical_raw_C1,1,0.1623455882037424,0.5997021416668835,0.1572535028287803,0.5939541091251382,81920,105.98226471988573,300,213,25204,c7-camera-ready-300k-v1,complete,0,cells/tsae_paper_d16384_seed2/detection.json,894b8176024f930bb2574cc703f58fdca647eccb0744c509bf1eb4c2e862a521,89dabb088ccb097e79337b9ff25bdf2a3d1958d25b51d3868f4938686aba0e91,1d2c6c0971fc5ceb7646fdfeaf988e89b1d385b815af86e909a6a39a6c7930b8
tsae_paper,16384,T-SAE 16K sensitivity,2,d3a811c75e026df6,position_identity,historical_raw_C1,2,0.1633716007832139,0.6002635800273918,0.15836260470940047,0.594396261204975,81920,105.98226471988573,300,213,25204,c7-camera-ready-300k-v1,complete,0,cells/tsae_paper_d16384_seed2/detection.json,894b8176024f930bb2574cc703f58fdca647eccb0744c509bf1eb4c2e862a521,89dabb088ccb097e79337b9ff25bdf2a3d1958d25b51d3868f4938686aba0e91,1d2c6c0971fc5ceb7646fdfeaf988e89b1d385b815af86e909a6a39a6c7930b8
tsae_paper,16384,T-SAE 16K sensitivity,2,d3a811c75e026df6,position_identity,historical_raw_C1,4,0.16401055774786855,0.6018945942064489,0.15897769128981093,0.5958867254345853,81920,105.98226471988573,300,213,25204,c7-camera-ready-300k-v1,complete,0,cells/tsae_paper_d16384_seed2/detection.json,894b8176024f930bb2574cc703f58fdca647eccb0744c509bf1eb4c2e862a521,89dabb088ccb097e79337b9ff25bdf2a3d1958d25b51d3868f4938686aba0e91,1d2c6c0971fc5ceb7646fdfeaf988e89b1d385b815af86e909a6a39a6c7930b8
tsae_paper,16384,T-SAE 16K sensitivity,2,d3a811c75e026df6,position_identity,historical_raw_C1,8,0.16410378273531506,0.6014369306615912,0.15816815846778529,0.5936655109133516,81920,105.98226471988573,300,213,25204,c7-camera-ready-300k-v1,complete,0,cells/tsae_paper_d16384_seed2/detection.json,894b8176024f930bb2574cc703f58fdca647eccb0744c509bf1eb4c2e862a521,89dabb088ccb097e79337b9ff25bdf2a3d1958d25b51d3868f4938686aba0e91,1d2c6c0971fc5ceb7646fdfeaf988e89b1d385b815af86e909a6a39a6c7930b8
tsae_paper,16384,T-SAE 16K sensitivity,2,d3a811c75e026df6,position_identity,historical_raw_C1,16,0.19605351066822338,0.637848480397756,0.189326803134431,0.6307346247611036,81920,105.98226471988573,300,213,25204,c7-camera-ready-300k-v1,complete,0,cells/tsae_paper_d16384_seed2/detection.json,894b8176024f930bb2574cc703f58fdca647eccb0744c509bf1eb4c2e862a521,89dabb088ccb097e79337b9ff25bdf2a3d1958d25b51d3868f4938686aba0e91,1d2c6c0971fc5ceb7646fdfeaf988e89b1d385b815af86e909a6a39a6c7930b8
tsae_paper,16384,T-SAE 16K sensitivity,2,d3a811c75e026df6,position_identity,historical_raw_C1,32,0.21007093580531438,0.6502943096348516,0.20458743214343786,0.6420310339921507,81920,105.98226471988573,300,213,25204,c7-camera-ready-300k-v1,complete,0,cells/tsae_paper_d16384_seed2/detection.json,894b8176024f930bb2574cc703f58fdca647eccb0744c509bf1eb4c2e862a521,89dabb088ccb097e79337b9ff25bdf2a3d1958d25b51d3868f4938686aba0e91,1d2c6c0971fc5ceb7646fdfeaf988e89b1d385b815af86e909a6a39a6c7930b8
tsae_paper,16384,T-SAE 16K sensitivity,42,b97e3c00153a5271,last,historical_raw_C1,1,0.17210329498257054,0.6131526826125637,0.16741212851198095,0.6080884544747687,16384,21.381090303126488,300,213,25204,c7-camera-ready-300k-v1,complete,0,cells/tsae_paper_d16384_seed42/detection.json,e5d51cebab342767c4be45d159dcb7b77496791dbb1f26be85bd06df1a778c2a,be6fc4ef8f1519f4ab468a2c3231cd4d002688351cd48ce45d781ddab6c3455c,1d2c6c0971fc5ceb7646fdfeaf988e89b1d385b815af86e909a6a39a6c7930b8
tsae_paper,16384,T-SAE 16K sensitivity,42,b97e3c00153a5271,last,historical_raw_C1,2,0.17212789099219108,0.6133589966163135,0.16708488346885075,0.6075253854366777,16384,21.381090303126488,300,213,25204,c7-camera-ready-300k-v1,complete,0,cells/tsae_paper_d16384_seed42/detection.json,e5d51cebab342767c4be45d159dcb7b77496791dbb1f26be85bd06df1a778c2a,be6fc4ef8f1519f4ab468a2c3231cd4d002688351cd48ce45d781ddab6c3455c,1d2c6c0971fc5ceb7646fdfeaf988e89b1d385b815af86e909a6a39a6c7930b8
tsae_paper,16384,T-SAE 16K sensitivity,42,b97e3c00153a5271,last,historical_raw_C1,4,0.17020540600882036,0.6170664669980741,0.16654541186721306,0.6099162574701326,16384,21.381090303126488,300,213,25204,c7-camera-ready-300k-v1,complete,0,cells/tsae_paper_d16384_seed42/detection.json,e5d51cebab342767c4be45d159dcb7b77496791dbb1f26be85bd06df1a778c2a,be6fc4ef8f1519f4ab468a2c3231cd4d002688351cd48ce45d781ddab6c3455c,1d2c6c0971fc5ceb7646fdfeaf988e89b1d385b815af86e909a6a39a6c7930b8
tsae_paper,16384,T-SAE 16K sensitivity,42,b97e3c00153a5271,last,historical_raw_C1,8,0.17891692816822072,0.6221984972110377,0.1743340743299698,0.6162419321566145,16384,21.381090303126488,300,213,25204,c7-camera-ready-300k-v1,complete,0,cells/tsae_paper_d16384_seed42/detection.json,e5d51cebab342767c4be45d159dcb7b77496791dbb1f26be85bd06df1a778c2a,be6fc4ef8f1519f4ab468a2c3231cd4d002688351cd48ce45d781ddab6c3455c,1d2c6c0971fc5ceb7646fdfeaf988e89b1d385b815af86e909a6a39a6c7930b8
tsae_paper,16384,T-SAE 16K sensitivity,42,b97e3c00153a5271,last,historical_raw_C1,16,0.19453472655876078,0.6325575685251513,0.1880217557494646,0.6267376988458148,16384,21.381090303126488,300,213,25204,c7-camera-ready-300k-v1,complete,0,cells/tsae_paper_d16384_seed42/detection.json,e5d51cebab342767c4be45d159dcb7b77496791dbb1f26be85bd06df1a778c2a,be6fc4ef8f1519f4ab468a2c3231cd4d002688351cd48ce45d781ddab6c3455c,1d2c6c0971fc5ceb7646fdfeaf988e89b1d385b815af86e909a6a39a6c7930b8
tsae_paper,16384,T-SAE 16K sensitivity,42,b97e3c00153a5271,last,historical_raw_C1,32,0.2054612943774433,0.6479557158557372,0.19927236775292095,0.6414873050798512,16384,21.381090303126488,300,213,25204,c7-camera-ready-300k-v1,complete,0,cells/tsae_paper_d16384_seed42/detection.json,e5d51cebab342767c4be45d159dcb7b77496791dbb1f26be85bd06df1a778c2a,be6fc4ef8f1519f4ab468a2c3231cd4d002688351cd48ce45d781ddab6c3455c,1d2c6c0971fc5ceb7646fdfeaf988e89b1d385b815af86e909a6a39a6c7930b8
tsae_paper,16384,T-SAE 16K sensitivity,42,b97e3c00153a5271,max,historical_raw_C1,1,0.16925631867219976,0.6073311010039483,0.16324246875681894,0.5999601597704904,16384,68.9928186002222,300,213,25204,c7-camera-ready-300k-v1,complete,0,cells/tsae_paper_d16384_seed42/detection.json,e5d51cebab342767c4be45d159dcb7b77496791dbb1f26be85bd06df1a778c2a,be6fc4ef8f1519f4ab468a2c3231cd4d002688351cd48ce45d781ddab6c3455c,1d2c6c0971fc5ceb7646fdfeaf988e89b1d385b815af86e909a6a39a6c7930b8
tsae_paper,16384,T-SAE 16K sensitivity,42,b97e3c00153a5271,max,historical_raw_C1,2,0.16935148120869448,0.6079340667476449,0.16240006376797417,0.5982938729607928,16384,68.9928186002222,300,213,25204,c7-camera-ready-300k-v1,complete,0,cells/tsae_paper_d16384_seed42/detection.json,e5d51cebab342767c4be45d159dcb7b77496791dbb1f26be85bd06df1a778c2a,be6fc4ef8f1519f4ab468a2c3231cd4d002688351cd48ce45d781ddab6c3455c,1d2c6c0971fc5ceb7646fdfeaf988e89b1d385b815af86e909a6a39a6c7930b8
tsae_paper,16384,T-SAE 16K sensitivity,42,b97e3c00153a5271,max,historical_raw_C1,4,0.17543517280785573,0.6179931881485042,0.17082399778582832,0.6047165633319664,16384,68.9928186002222,300,213,25204,c7-camera-ready-300k-v1,complete,0,cells/tsae_paper_d16384_seed42/detection.json,e5d51cebab342767c4be45d159dcb7b77496791dbb1f26be85bd06df1a778c2a,be6fc4ef8f1519f4ab468a2c3231cd4d002688351cd48ce45d781ddab6c3455c,1d2c6c0971fc5ceb7646fdfeaf988e89b1d385b815af86e909a6a39a6c7930b8
tsae_paper,16384,T-SAE 16K sensitivity,42,b97e3c00153a5271,max,historical_raw_C1,8,0.18369009595862312,0.6266188068284931,0.17967755524309204,0.6197855071928298,16384,68.9928186002222,300,213,25204,c7-camera-ready-300k-v1,complete,0,cells/tsae_paper_d16384_seed42/detection.json,e5d51cebab342767c4be45d159dcb7b77496791dbb1f26be85bd06df1a778c2a,be6fc4ef8f1519f4ab468a2c3231cd4d002688351cd48ce45d781ddab6c3455c,1d2c6c0971fc5ceb7646fdfeaf988e89b1d385b815af86e909a6a39a6c7930b8
tsae_paper,16384,T-SAE 16K sensitivity,42,b97e3c00153a5271,max,historical_raw_C1,16,0.20558972814855947,0.644147522880108,0.19865058929634144,0.6382568596404512,16384,68.9928186002222,300,213,25204,c7-camera-ready-300k-v1,complete,0,cells/tsae_paper_d16384_seed42/detection.json,e5d51cebab342767c4be45d159dcb7b77496791dbb1f26be85bd06df1a778c2a,be6fc4ef8f1519f4ab468a2c3231cd4d002688351cd48ce45d781ddab6c3455c,1d2c6c0971fc5ceb7646fdfeaf988e89b1d385b815af86e909a6a39a6c7930b8
tsae_paper,16384,T-SAE 16K sensitivity,42,b97e3c00153a5271,max,historical_raw_C1,32,0.22654718617397104,0.6672191518414082,0.21861682319708514,0.6636081557331945,16384,68.9928186002222,300,213,25204,c7-camera-ready-300k-v1,complete,0,cells/tsae_paper_d16384_seed42/detection.json,e5d51cebab342767c4be45d159dcb7b77496791dbb1f26be85bd06df1a778c2a,be6fc4ef8f1519f4ab468a2c3231cd4d002688351cd48ce45d781ddab6c3455c,1d2c6c0971fc5ceb7646fdfeaf988e89b1d385b815af86e909a6a39a6c7930b8
tsae_paper,16384,T-SAE 16K sensitivity,42,b97e3c00153a5271,mean,historical_raw_C1,1,0.17257444704738303,0.6164287951997544,0.16816758783604802,0.610975646693064,16384,68.9928186002222,300,213,25204,c7-camera-ready-300k-v1,complete,0,cells/tsae_paper_d16384_seed42/detection.json,e5d51cebab342767c4be45d159dcb7b77496791dbb1f26be85bd06df1a778c2a,be6fc4ef8f1519f4ab468a2c3231cd4d002688351cd48ce45d781ddab6c3455c,1d2c6c0971fc5ceb7646fdfeaf988e89b1d385b815af86e909a6a39a6c7930b8
tsae_paper,16384,T-SAE 16K sensitivity,42,b97e3c00153a5271,mean,historical_raw_C1,2,0.17262104333006964,0.6167605303735584,0.16782040044728355,0.6102565176617738,16384,68.9928186002222,300,213,25204,c7-camera-ready-300k-v1,complete,0,cells/tsae_paper_d16384_seed42/detection.json,e5d51cebab342767c4be45d159dcb7b77496791dbb1f26be85bd06df1a778c2a,be6fc4ef8f1519f4ab468a2c3231cd4d002688351cd48ce45d781ddab6c3455c,1d2c6c0971fc5ceb7646fdfeaf988e89b1d385b815af86e909a6a39a6c7930b8
tsae_paper,16384,T-SAE 16K sensitivity,42,b97e3c00153a5271,mean,historical_raw_C1,4,0.1676412910638548,0.6143741907351028,0.16402424956456135,0.6085239259409945,16384,68.9928186002222,300,213,25204,c7-camera-ready-300k-v1,complete,0,cells/tsae_paper_d16384_seed42/detection.json,e5d51cebab342767c4be45d159dcb7b77496791dbb1f26be85bd06df1a778c2a,be6fc4ef8f1519f4ab468a2c3231cd4d002688351cd48ce45d781ddab6c3455c,1d2c6c0971fc5ceb7646fdfeaf988e89b1d385b815af86e909a6a39a6c7930b8
tsae_paper,16384,T-SAE 16K sensitivity,42,b97e3c00153a5271,mean,historical_raw_C1,8,0.18073738053514937,0.6310730732450676,0.17534033944305932,0.6230789136563271,16384,68.9928186002222,300,213,25204,c7-camera-ready-300k-v1,complete,0,cells/tsae_paper_d16384_seed42/detection.json,e5d51cebab342767c4be45d159dcb7b77496791dbb1f26be85bd06df1a778c2a,be6fc4ef8f1519f4ab468a2c3231cd4d002688351cd48ce45d781ddab6c3455c,1d2c6c0971fc5ceb7646fdfeaf988e89b1d385b815af86e909a6a39a6c7930b8
tsae_paper,16384,T-SAE 16K sensitivity,42,b97e3c00153a5271,mean,historical_raw_C1,16,0.20259704755157074,0.6468591702015628,0.19402206713233994,0.6407747206153782,16384,68.9928186002222,300,213,25204,c7-camera-ready-300k-v1,complete,0,cells/tsae_paper_d16384_seed42/detection.json,e5d51cebab342767c4be45d159dcb7b77496791dbb1f26be85bd06df1a778c2a,be6fc4ef8f1519f4ab468a2c3231cd4d002688351cd48ce45d781ddab6c3455c,1d2c6c0971fc5ceb7646fdfeaf988e89b1d385b815af86e909a6a39a6c7930b8
tsae_paper,16384,T-SAE 16K sensitivity,42,b97e3c00153a5271,mean,historical_raw_C1,32,0.21734678377485744,0.6655855773501063,0.2114346182049633,0.6613545763957525,16384,68.9928186002222,300,213,25204,c7-camera-ready-300k-v1,complete,0,cells/tsae_paper_d16384_seed42/detection.json,e5d51cebab342767c4be45d159dcb7b77496791dbb1f26be85bd06df1a778c2a,be6fc4ef8f1519f4ab468a2c3231cd4d002688351cd48ce45d781ddab6c3455c,1d2c6c0971fc5ceb7646fdfeaf988e89b1d385b815af86e909a6a39a6c7930b8
tsae_paper,16384,T-SAE 16K sensitivity,42,b97e3c00153a5271,position_identity,historical_raw_C1,1,0.17210329498257054,0.6131526826125637,0.16741212851198095,0.6080884544747687,81920,107.39501666402158,300,213,25204,c7-camera-ready-300k-v1,complete,0,cells/tsae_paper_d16384_seed42/detection.json,e5d51cebab342767c4be45d159dcb7b77496791dbb1f26be85bd06df1a778c2a,be6fc4ef8f1519f4ab468a2c3231cd4d002688351cd48ce45d781ddab6c3455c,1d2c6c0971fc5ceb7646fdfeaf988e89b1d385b815af86e909a6a39a6c7930b8
tsae_paper,16384,T-SAE 16K sensitivity,42,b97e3c00153a5271,position_identity,historical_raw_C1,2,0.1737466993860513,0.6152480049141109,0.1694447837895745,0.6098600486632221,81920,107.39501666402158,300,213,25204,c7-camera-ready-300k-v1,complete,0,cells/tsae_paper_d16384_seed42/detection.json,e5d51cebab342767c4be45d159dcb7b77496791dbb1f26be85bd06df1a778c2a,be6fc4ef8f1519f4ab468a2c3231cd4d002688351cd48ce45d781ddab6c3455c,1d2c6c0971fc5ceb7646fdfeaf988e89b1d385b815af86e909a6a39a6c7930b8
tsae_paper,16384,T-SAE 16K sensitivity,42,b97e3c00153a5271,position_identity,historical_raw_C1,4,0.17432126607734505,0.616399143906421,0.16949084897260294,0.611074266297851,81920,107.39501666402158,300,213,25204,c7-camera-ready-300k-v1,complete,0,cells/tsae_paper_d16384_seed42/detection.json,e5d51cebab342767c4be45d159dcb7b77496791dbb1f26be85bd06df1a778c2a,be6fc4ef8f1519f4ab468a2c3231cd4d002688351cd48ce45d781ddab6c3455c,1d2c6c0971fc5ceb7646fdfeaf988e89b1d385b815af86e909a6a39a6c7930b8
tsae_paper,16384,T-SAE 16K sensitivity,42,b97e3c00153a5271,position_identity,historical_raw_C1,8,0.17410664620515864,0.6162951862780212,0.16928632967563745,0.6100923736248802,81920,107.39501666402158,300,213,25204,c7-camera-ready-300k-v1,complete,0,cells/tsae_paper_d16384_seed42/detection.json,e5d51cebab342767c4be45d159dcb7b77496791dbb1f26be85bd06df1a778c2a,be6fc4ef8f1519f4ab468a2c3231cd4d002688351cd48ce45d781ddab6c3455c,1d2c6c0971fc5ceb7646fdfeaf988e89b1d385b815af86e909a6a39a6c7930b8
tsae_paper,16384,T-SAE 16K sensitivity,42,b97e3c00153a5271,position_identity,historical_raw_C1,16,0.1727270294816218,0.617576842598041,0.1685901355845017,0.6088159396433411,81920,107.39501666402158,300,213,25204,c7-camera-ready-300k-v1,complete,0,cells/tsae_paper_d16384_seed42/detection.json,e5d51cebab342767c4be45d159dcb7b77496791dbb1f26be85bd06df1a778c2a,be6fc4ef8f1519f4ab468a2c3231cd4d002688351cd48ce45d781ddab6c3455c,1d2c6c0971fc5ceb7646fdfeaf988e89b1d385b815af86e909a6a39a6c7930b8
tsae_paper,16384,T-SAE 16K sensitivity,42,b97e3c00153a5271,position_identity,historical_raw_C1,32,0.1827428659880042,0.6265617124348288,0.17695525462048403,0.6191757884251817,81920,107.39501666402158,300,213,25204,c7-camera-ready-300k-v1,complete,0,cells/tsae_paper_d16384_seed42/detection.json,e5d51cebab342767c4be45d159dcb7b77496791dbb1f26be85bd06df1a778c2a,be6fc4ef8f1519f4ab468a2c3231cd4d002688351cd48ce45d781ddab6c3455c,1d2c6c0971fc5ceb7646fdfeaf988e89b1d385b815af86e909a6a39a6c7930b8
tsae_paper,32768,32K core,1,c8b4dfabbbcb7cbd,last,historical_raw_C1,1,0.17305147938890855,0.6224928122434795,0.16946787645385844,0.6172641519634094,32768,23.051102999523884,300,213,25204,c7-camera-ready-300k-v1,complete,0,cells/tsae_paper_d32768_seed1/detection.json,d06a76a2b378305d94270af13060ca044853ec7a7f2cde1da2fd4d13e3d625fa,bcab2698b2d39a8851a18dcf347f95cb65ea60aea7ccfa2c6f308b282f1f09aa,1d2c6c0971fc5ceb7646fdfeaf988e89b1d385b815af86e909a6a39a6c7930b8
tsae_paper,32768,32K core,1,c8b4dfabbbcb7cbd,last,historical_raw_C1,2,0.17263970774144116,0.6213575385776352,0.1690407789989773,0.6158111578849536,32768,23.051102999523884,300,213,25204,c7-camera-ready-300k-v1,complete,0,cells/tsae_paper_d32768_seed1/detection.json,d06a76a2b378305d94270af13060ca044853ec7a7f2cde1da2fd4d13e3d625fa,bcab2698b2d39a8851a18dcf347f95cb65ea60aea7ccfa2c6f308b282f1f09aa,1d2c6c0971fc5ceb7646fdfeaf988e89b1d385b815af86e909a6a39a6c7930b8
tsae_paper,32768,32K core,1,c8b4dfabbbcb7cbd,last,historical_raw_C1,4,0.17259473574209946,0.6213580945900525,0.169236379575146,0.6163424206147267,32768,23.051102999523884,300,213,25204,c7-camera-ready-300k-v1,complete,0,cells/tsae_paper_d32768_seed1/detection.json,d06a76a2b378305d94270af13060ca044853ec7a7f2cde1da2fd4d13e3d625fa,bcab2698b2d39a8851a18dcf347f95cb65ea60aea7ccfa2c6f308b282f1f09aa,1d2c6c0971fc5ceb7646fdfeaf988e89b1d385b815af86e909a6a39a6c7930b8
tsae_paper,32768,32K core,1,c8b4dfabbbcb7cbd,last,historical_raw_C1,8,0.1796345602343164,0.6322429496335176,0.1774201239844132,0.627178418854138,32768,23.051102999523884,300,213,25204,c7-camera-ready-300k-v1,complete,0,cells/tsae_paper_d32768_seed1/detection.json,d06a76a2b378305d94270af13060ca044853ec7a7f2cde1da2fd4d13e3d625fa,bcab2698b2d39a8851a18dcf347f95cb65ea60aea7ccfa2c6f308b282f1f09aa,1d2c6c0971fc5ceb7646fdfeaf988e89b1d385b815af86e909a6a39a6c7930b8
tsae_paper,32768,32K core,1,c8b4dfabbbcb7cbd,last,historical_raw_C1,16,0.18760984360368677,0.6345021024004005,0.1832617953463193,0.629967693182688,32768,23.051102999523884,300,213,25204,c7-camera-ready-300k-v1,complete,0,cells/tsae_paper_d32768_seed1/detection.json,d06a76a2b378305d94270af13060ca044853ec7a7f2cde1da2fd4d13e3d625fa,bcab2698b2d39a8851a18dcf347f95cb65ea60aea7ccfa2c6f308b282f1f09aa,1d2c6c0971fc5ceb7646fdfeaf988e89b1d385b815af86e909a6a39a6c7930b8
tsae_paper,32768,32K core,1,c8b4dfabbbcb7cbd,last,historical_raw_C1,32,0.2124638813291626,0.6548171030314963,0.2078419537325452,0.6492572811707014,32768,23.051102999523884,300,213,25204,c7-camera-ready-300k-v1,complete,0,cells/tsae_paper_d32768_seed1/detection.json,d06a76a2b378305d94270af13060ca044853ec7a7f2cde1da2fd4d13e3d625fa,bcab2698b2d39a8851a18dcf347f95cb65ea60aea7ccfa2c6f308b282f1f09aa,1d2c6c0971fc5ceb7646fdfeaf988e89b1d385b815af86e909a6a39a6c7930b8
tsae_paper,32768,32K core,1,c8b4dfabbbcb7cbd,max,historical_raw_C1,1,0.16024062066025074,0.6025530388933262,0.1561420153309966,0.5938939048387047,32768,77.17568639898428,300,213,25204,c7-camera-ready-300k-v1,complete,0,cells/tsae_paper_d32768_seed1/detection.json,d06a76a2b378305d94270af13060ca044853ec7a7f2cde1da2fd4d13e3d625fa,bcab2698b2d39a8851a18dcf347f95cb65ea60aea7ccfa2c6f308b282f1f09aa,1d2c6c0971fc5ceb7646fdfeaf988e89b1d385b815af86e909a6a39a6c7930b8
tsae_paper,32768,32K core,1,c8b4dfabbbcb7cbd,max,historical_raw_C1,2,0.16883038737760597,0.6175128009023092,0.16425265243068024,0.6104725026874611,32768,77.17568639898428,300,213,25204,c7-camera-ready-300k-v1,complete,0,cells/tsae_paper_d32768_seed1/detection.json,d06a76a2b378305d94270af13060ca044853ec7a7f2cde1da2fd4d13e3d625fa,bcab2698b2d39a8851a18dcf347f95cb65ea60aea7ccfa2c6f308b282f1f09aa,1d2c6c0971fc5ceb7646fdfeaf988e89b1d385b815af86e909a6a39a6c7930b8
tsae_paper,32768,32K core,1,c8b4dfabbbcb7cbd,max,historical_raw_C1,4,0.178510932873963,0.6288173138103963,0.17473731597806227,0.6224528979148538,32768,77.17568639898428,300,213,25204,c7-camera-ready-300k-v1,complete,0,cells/tsae_paper_d32768_seed1/detection.json,d06a76a2b378305d94270af13060ca044853ec7a7f2cde1da2fd4d13e3d625fa,bcab2698b2d39a8851a18dcf347f95cb65ea60aea7ccfa2c6f308b282f1f09aa,1d2c6c0971fc5ceb7646fdfeaf988e89b1d385b815af86e909a6a39a6c7930b8
tsae_paper,32768,32K core,1,c8b4dfabbbcb7cbd,max,historical_raw_C1,8,0.20438856351891976,0.6540145059067107,0.19917442915308034,0.6480105053902098,32768,77.17568639898428,300,213,25204,c7-camera-ready-300k-v1,complete,0,cells/tsae_paper_d32768_seed1/detection.json,d06a76a2b378305d94270af13060ca044853ec7a7f2cde1da2fd4d13e3d625fa,bcab2698b2d39a8851a18dcf347f95cb65ea60aea7ccfa2c6f308b282f1f09aa,1d2c6c0971fc5ceb7646fdfeaf988e89b1d385b815af86e909a6a39a6c7930b8
tsae_paper,32768,32K core,1,c8b4dfabbbcb7cbd,max,historical_raw_C1,16,0.21040709108550715,0.6558915264749441,0.2072509104337337,0.6511756841703755,32768,77.17568639898428,300,213,25204,c7-camera-ready-300k-v1,complete,0,cells/tsae_paper_d32768_seed1/detection.json,d06a76a2b378305d94270af13060ca044853ec7a7f2cde1da2fd4d13e3d625fa,bcab2698b2d39a8851a18dcf347f95cb65ea60aea7ccfa2c6f308b282f1f09aa,1d2c6c0971fc5ceb7646fdfeaf988e89b1d385b815af86e909a6a39a6c7930b8
tsae_paper,32768,32K core,1,c8b4dfabbbcb7cbd,max,historical_raw_C1,32,0.2198604756070084,0.6699902303316787,0.21481309321504533,0.664718254608424,32768,77.17568639898428,300,213,25204,c7-camera-ready-300k-v1,complete,0,cells/tsae_paper_d32768_seed1/detection.json,d06a76a2b378305d94270af13060ca044853ec7a7f2cde1da2fd4d13e3d625fa,bcab2698b2d39a8851a18dcf347f95cb65ea60aea7ccfa2c6f308b282f1f09aa,1d2c6c0971fc5ceb7646fdfeaf988e89b1d385b815af86e909a6a39a6c7930b8
tsae_paper,32768,32K core,1,c8b4dfabbbcb7cbd,mean,historical_raw_C1,1,0.17354107615597453,0.625282932054728,0.17001374783045697,0.6200355611998268,32768,77.17568639898428,300,213,25204,c7-camera-ready-300k-v1,complete,0,cells/tsae_paper_d32768_seed1/detection.json,d06a76a2b378305d94270af13060ca044853ec7a7f2cde1da2fd4d13e3d625fa,bcab2698b2d39a8851a18dcf347f95cb65ea60aea7ccfa2c6f308b282f1f09aa,1d2c6c0971fc5ceb7646fdfeaf988e89b1d385b815af86e909a6a39a6c7930b8
tsae_paper,32768,32K core,1,c8b4dfabbbcb7cbd,mean,historical_raw_C1,2,0.17311027245150198,0.6245996719267966,0.16932932455982438,0.6188551189718471,32768,77.17568639898428,300,213,25204,c7-camera-ready-300k-v1,complete,0,cells/tsae_paper_d32768_seed1/detection.json,d06a76a2b378305d94270af13060ca044853ec7a7f2cde1da2fd4d13e3d625fa,bcab2698b2d39a8851a18dcf347f95cb65ea60aea7ccfa2c6f308b282f1f09aa,1d2c6c0971fc5ceb7646fdfeaf988e89b1d385b815af86e909a6a39a6c7930b8
tsae_paper,32768,32K core,1,c8b4dfabbbcb7cbd,mean,historical_raw_C1,4,0.17434364888191942,0.6266873246417758,0.17040076754565184,0.621062284871532,32768,77.17568639898428,300,213,25204,c7-camera-ready-300k-v1,complete,0,cells/tsae_paper_d32768_seed1/detection.json,d06a76a2b378305d94270af13060ca044853ec7a7f2cde1da2fd4d13e3d625fa,bcab2698b2d39a8851a18dcf347f95cb65ea60aea7ccfa2c6f308b282f1f09aa,1d2c6c0971fc5ceb7646fdfeaf988e89b1d385b815af86e909a6a39a6c7930b8
tsae_paper,32768,32K core,1,c8b4dfabbbcb7cbd,mean,historical_raw_C1,8,0.17681140520749034,0.6341859178204498,0.17287895473924286,0.630535624103568,32768,77.17568639898428,300,213,25204,c7-camera-ready-300k-v1,complete,0,cells/tsae_paper_d32768_seed1/detection.json,d06a76a2b378305d94270af13060ca044853ec7a7f2cde1da2fd4d13e3d625fa,bcab2698b2d39a8851a18dcf347f95cb65ea60aea7ccfa2c6f308b282f1f09aa,1d2c6c0971fc5ceb7646fdfeaf988e89b1d385b815af86e909a6a39a6c7930b8
tsae_paper,32768,32K core,1,c8b4dfabbbcb7cbd,mean,historical_raw_C1,16,0.20220828952919034,0.6457361946593522,0.19843376447251118,0.6410733648088331,32768,77.17568639898428,300,213,25204,c7-camera-ready-300k-v1,complete,0,cells/tsae_paper_d32768_seed1/detection.json,d06a76a2b378305d94270af13060ca044853ec7a7f2cde1da2fd4d13e3d625fa,bcab2698b2d39a8851a18dcf347f95cb65ea60aea7ccfa2c6f308b282f1f09aa,1d2c6c0971fc5ceb7646fdfeaf988e89b1d385b815af86e909a6a39a6c7930b8
tsae_paper,32768,32K core,1,c8b4dfabbbcb7cbd,mean,historical_raw_C1,32,0.2247134956310326,0.6693298880281595,0.21920888240166758,0.6644431679913686,32768,77.17568639898428,300,213,25204,c7-camera-ready-300k-v1,complete,0,cells/tsae_paper_d32768_seed1/detection.json,d06a76a2b378305d94270af13060ca044853ec7a7f2cde1da2fd4d13e3d625fa,bcab2698b2d39a8851a18dcf347f95cb65ea60aea7ccfa2c6f308b282f1f09aa,1d2c6c0971fc5ceb7646fdfeaf988e89b1d385b815af86e909a6a39a6c7930b8
tsae_paper,32768,32K core,1,c8b4dfabbbcb7cbd,position_identity,historical_raw_C1,1,0.17305147938890855,0.6224928122434795,0.16946787645385844,0.6172641519634094,163840,116.2095302332963,300,213,25204,c7-camera-ready-300k-v1,complete,0,cells/tsae_paper_d32768_seed1/detection.json,d06a76a2b378305d94270af13060ca044853ec7a7f2cde1da2fd4d13e3d625fa,bcab2698b2d39a8851a18dcf347f95cb65ea60aea7ccfa2c6f308b282f1f09aa,1d2c6c0971fc5ceb7646fdfeaf988e89b1d385b815af86e909a6a39a6c7930b8
tsae_paper,32768,32K core,1,c8b4dfabbbcb7cbd,position_identity,historical_raw_C1,2,0.17312138242708325,0.6229713612161746,0.16911285860880165,0.617624504118387,163840,116.2095302332963,300,213,25204,c7-camera-ready-300k-v1,complete,0,cells/tsae_paper_d32768_seed1/detection.json,d06a76a2b378305d94270af13060ca044853ec7a7f2cde1da2fd4d13e3d625fa,bcab2698b2d39a8851a18dcf347f95cb65ea60aea7ccfa2c6f308b282f1f09aa,1d2c6c0971fc5ceb7646fdfeaf988e89b1d385b815af86e909a6a39a6c7930b8
tsae_paper,32768,32K core,1,c8b4dfabbbcb7cbd,position_identity,historical_raw_C1,4,0.1743649811016986,0.6247265751591456,0.17051036303363287,0.6190263016402302,163840,116.2095302332963,300,213,25204,c7-camera-ready-300k-v1,complete,0,cells/tsae_paper_d32768_seed1/detection.json,d06a76a2b378305d94270af13060ca044853ec7a7f2cde1da2fd4d13e3d625fa,bcab2698b2d39a8851a18dcf347f95cb65ea60aea7ccfa2c6f308b282f1f09aa,1d2c6c0971fc5ceb7646fdfeaf988e89b1d385b815af86e909a6a39a6c7930b8
tsae_paper,32768,32K core,1,c8b4dfabbbcb7cbd,position_identity,historical_raw_C1,8,0.17439325121568494,0.6247224655000496,0.17048196911744085,0.6190406008742939,163840,116.2095302332963,300,213,25204,c7-camera-ready-300k-v1,complete,0,cells/tsae_paper_d32768_seed1/detection.json,d06a76a2b378305d94270af13060ca044853ec7a7f2cde1da2fd4d13e3d625fa,bcab2698b2d39a8851a18dcf347f95cb65ea60aea7ccfa2c6f308b282f1f09aa,1d2c6c0971fc5ceb7646fdfeaf988e89b1d385b815af86e909a6a39a6c7930b8
tsae_paper,32768,32K core,1,c8b4dfabbbcb7cbd,position_identity,historical_raw_C1,16,0.17610881020683056,0.6248149396003739,0.1719993160367399,0.6196817822530967,163840,116.2095302332963,300,213,25204,c7-camera-ready-300k-v1,complete,0,cells/tsae_paper_d32768_seed1/detection.json,d06a76a2b378305d94270af13060ca044853ec7a7f2cde1da2fd4d13e3d625fa,bcab2698b2d39a8851a18dcf347f95cb65ea60aea7ccfa2c6f308b282f1f09aa,1d2c6c0971fc5ceb7646fdfeaf988e89b1d385b815af86e909a6a39a6c7930b8
tsae_paper,32768,32K core,1,c8b4dfabbbcb7cbd,position_identity,historical_raw_C1,32,0.17927749163329876,0.6307150293046464,0.176311374031173,0.6253282540620888,163840,116.2095302332963,300,213,25204,c7-camera-ready-300k-v1,complete,0,cells/tsae_paper_d32768_seed1/detection.json,d06a76a2b378305d94270af13060ca044853ec7a7f2cde1da2fd4d13e3d625fa,bcab2698b2d39a8851a18dcf347f95cb65ea60aea7ccfa2c6f308b282f1f09aa,1d2c6c0971fc5ceb7646fdfeaf988e89b1d385b815af86e909a6a39a6c7930b8
tsae_paper,32768,32K core,2,7a9792e9b23f9775,last,historical_raw_C1,1,0.1837711032277333,0.6331780750357956,0.17940515158924772,0.6286189825518556,32768,24.393588319314393,300,213,25204,c7-camera-ready-300k-v1,complete,0,cells/tsae_paper_d32768_seed2/detection.json,f204d663ce7201a470ca647b51205b73572e4fe330460794521dc50ff42c690a,26693cf1ba2c73d22f3b9664a8d711af28dd542af98974fb3726410271dbc92e,1d2c6c0971fc5ceb7646fdfeaf988e89b1d385b815af86e909a6a39a6c7930b8
tsae_paper,32768,32K core,2,7a9792e9b23f9775,last,historical_raw_C1,2,0.1837951411089786,0.6333489325532174,0.17926416521180308,0.6283931663552269,32768,24.393588319314393,300,213,25204,c7-camera-ready-300k-v1,complete,0,cells/tsae_paper_d32768_seed2/detection.json,f204d663ce7201a470ca647b51205b73572e4fe330460794521dc50ff42c690a,26693cf1ba2c73d22f3b9664a8d711af28dd542af98974fb3726410271dbc92e,1d2c6c0971fc5ceb7646fdfeaf988e89b1d385b815af86e909a6a39a6c7930b8
tsae_paper,32768,32K core,2,7a9792e9b23f9775,last,historical_raw_C1,4,0.1881240673014208,0.6433535020155547,0.18358087530581457,0.6392469652435527,32768,24.393588319314393,300,213,25204,c7-camera-ready-300k-v1,complete,0,cells/tsae_paper_d32768_seed2/detection.json,f204d663ce7201a470ca647b51205b73572e4fe330460794521dc50ff42c690a,26693cf1ba2c73d22f3b9664a8d711af28dd542af98974fb3726410271dbc92e,1d2c6c0971fc5ceb7646fdfeaf988e89b1d385b815af86e909a6a39a6c7930b8
tsae_paper,32768,32K core,2,7a9792e9b23f9775,last,historical_raw_C1,8,0.18738433519249792,0.6428033119242382,0.18328285942497574,0.6382707793755638,32768,24.393588319314393,300,213,25204,c7-camera-ready-300k-v1,complete,0,cells/tsae_paper_d32768_seed2/detection.json,f204d663ce7201a470ca647b51205b73572e4fe330460794521dc50ff42c690a,26693cf1ba2c73d22f3b9664a8d711af28dd542af98974fb3726410271dbc92e,1d2c6c0971fc5ceb7646fdfeaf988e89b1d385b815af86e909a6a39a6c7930b8
tsae_paper,32768,32K core,2,7a9792e9b23f9775,last,historical_raw_C1,16,0.19419643166668588,0.6446870817620101,0.1910334951075242,0.6389180971808026,32768,24.393588319314393,300,213,25204,c7-camera-ready-300k-v1,complete,0,cells/tsae_paper_d32768_seed2/detection.json,f204d663ce7201a470ca647b51205b73572e4fe330460794521dc50ff42c690a,26693cf1ba2c73d22f3b9664a8d711af28dd542af98974fb3726410271dbc92e,1d2c6c0971fc5ceb7646fdfeaf988e89b1d385b815af86e909a6a39a6c7930b8
tsae_paper,32768,32K core,2,7a9792e9b23f9775,last,historical_raw_C1,32,0.2128797327825212,0.6578949570060801,0.20818587688088475,0.6518732891668158,32768,24.393588319314393,300,213,25204,c7-camera-ready-300k-v1,complete,0,cells/tsae_paper_d32768_seed2/detection.json,f204d663ce7201a470ca647b51205b73572e4fe330460794521dc50ff42c690a,26693cf1ba2c73d22f3b9664a8d711af28dd542af98974fb3726410271dbc92e,1d2c6c0971fc5ceb7646fdfeaf988e89b1d385b815af86e909a6a39a6c7930b8
tsae_paper,32768,32K core,2,7a9792e9b23f9775,max,historical_raw_C1,1,0.1844096245682461,0.6311270831709066,0.17873430624980569,0.6249725203377425,32768,84.38783526424378,300,213,25204,c7-camera-ready-300k-v1,complete,0,cells/tsae_paper_d32768_seed2/detection.json,f204d663ce7201a470ca647b51205b73572e4fe330460794521dc50ff42c690a,26693cf1ba2c73d22f3b9664a8d711af28dd542af98974fb3726410271dbc92e,1d2c6c0971fc5ceb7646fdfeaf988e89b1d385b815af86e909a6a39a6c7930b8
tsae_paper,32768,32K core,2,7a9792e9b23f9775,max,historical_raw_C1,2,0.1860323235511906,0.6315475051350512,0.18302342858249673,0.6275175190678532,32768,84.38783526424378,300,213,25204,c7-camera-ready-300k-v1,complete,0,cells/tsae_paper_d32768_seed2/detection.json,f204d663ce7201a470ca647b51205b73572e4fe330460794521dc50ff42c690a,26693cf1ba2c73d22f3b9664a8d711af28dd542af98974fb3726410271dbc92e,1d2c6c0971fc5ceb7646fdfeaf988e89b1d385b815af86e909a6a39a6c7930b8
tsae_paper,32768,32K core,2,7a9792e9b23f9775,max,historical_raw_C1,4,0.19333351457900677,0.6532065099420532,0.18834396479250845,0.648822117599851,32768,84.38783526424378,300,213,25204,c7-camera-ready-300k-v1,complete,0,cells/tsae_paper_d32768_seed2/detection.json,f204d663ce7201a470ca647b51205b73572e4fe330460794521dc50ff42c690a,26693cf1ba2c73d22f3b9664a8d711af28dd542af98974fb3726410271dbc92e,1d2c6c0971fc5ceb7646fdfeaf988e89b1d385b815af86e909a6a39a6c7930b8
tsae_paper,32768,32K core,2,7a9792e9b23f9775,max,historical_raw_C1,8,0.1980084163453908,0.6484424501849195,0.19380629634145582,0.6444310140004323,32768,84.38783526424378,300,213,25204,c7-camera-ready-300k-v1,complete,0,cells/tsae_paper_d32768_seed2/detection.json,f204d663ce7201a470ca647b51205b73572e4fe330460794521dc50ff42c690a,26693cf1ba2c73d22f3b9664a8d711af28dd542af98974fb3726410271dbc92e,1d2c6c0971fc5ceb7646fdfeaf988e89b1d385b815af86e909a6a39a6c7930b8
tsae_paper,32768,32K core,2,7a9792e9b23f9775,max,historical_raw_C1,16,0.21912418214124404,0.6630425422978101,0.21384804357022189,0.6577408155346535,32768,84.38783526424378,300,213,25204,c7-camera-ready-300k-v1,complete,0,cells/tsae_paper_d32768_seed2/detection.json,f204d663ce7201a470ca647b51205b73572e4fe330460794521dc50ff42c690a,26693cf1ba2c73d22f3b9664a8d711af28dd542af98974fb3726410271dbc92e,1d2c6c0971fc5ceb7646fdfeaf988e89b1d385b815af86e909a6a39a6c7930b8
tsae_paper,32768,32K core,2,7a9792e9b23f9775,max,historical_raw_C1,32,0.2266252022577937,0.676126794634974,0.22234422558869665,0.6711022146055112,32768,84.38783526424378,300,213,25204,c7-camera-ready-300k-v1,complete,0,cells/tsae_paper_d32768_seed2/detection.json,f204d663ce7201a470ca647b51205b73572e4fe330460794521dc50ff42c690a,26693cf1ba2c73d22f3b9664a8d711af28dd542af98974fb3726410271dbc92e,1d2c6c0971fc5ceb7646fdfeaf988e89b1d385b815af86e909a6a39a6c7930b8
tsae_paper,32768,32K core,2,7a9792e9b23f9775,mean,historical_raw_C1,1,0.18631338618897053,0.6383528197489801,0.18263050009385948,0.6337527441175335,32768,84.38783526424378,300,213,25204,c7-camera-ready-300k-v1,complete,0,cells/tsae_paper_d32768_seed2/detection.json,f204d663ce7201a470ca647b51205b73572e4fe330460794521dc50ff42c690a,26693cf1ba2c73d22f3b9664a8d711af28dd542af98974fb3726410271dbc92e,1d2c6c0971fc5ceb7646fdfeaf988e89b1d385b815af86e909a6a39a6c7930b8
tsae_paper,32768,32K core,2,7a9792e9b23f9775,mean,historical_raw_C1,2,0.1863315488659025,0.6384722856297712,0.1825437448338572,0.6335011577940171,32768,84.38783526424378,300,213,25204,c7-camera-ready-300k-v1,complete,0,cells/tsae_paper_d32768_seed2/detection.json,f204d663ce7201a470ca647b51205b73572e4fe330460794521dc50ff42c690a,26693cf1ba2c73d22f3b9664a8d711af28dd542af98974fb3726410271dbc92e,1d2c6c0971fc5ceb7646fdfeaf988e89b1d385b815af86e909a6a39a6c7930b8
tsae_paper,32768,32K core,2,7a9792e9b23f9775,mean,historical_raw_C1,4,0.1936323123017989,0.6530743588916607,0.1900625413653096,0.6492341102536106,32768,84.38783526424378,300,213,25204,c7-camera-ready-300k-v1,complete,0,cells/tsae_paper_d32768_seed2/detection.json,f204d663ce7201a470ca647b51205b73572e4fe330460794521dc50ff42c690a,26693cf1ba2c73d22f3b9664a8d711af28dd542af98974fb3726410271dbc92e,1d2c6c0971fc5ceb7646fdfeaf988e89b1d385b815af86e909a6a39a6c7930b8
tsae_paper,32768,32K core,2,7a9792e9b23f9775,mean,historical_raw_C1,8,0.1913466389640081,0.6491430060726127,0.18757715163533312,0.6448627119582195,32768,84.38783526424378,300,213,25204,c7-camera-ready-300k-v1,complete,0,cells/tsae_paper_d32768_seed2/detection.json,f204d663ce7201a470ca647b51205b73572e4fe330460794521dc50ff42c690a,26693cf1ba2c73d22f3b9664a8d711af28dd542af98974fb3726410271dbc92e,1d2c6c0971fc5ceb7646fdfeaf988e89b1d385b815af86e909a6a39a6c7930b8
tsae_paper,32768,32K core,2,7a9792e9b23f9775,mean,historical_raw_C1,16,0.20646078483085165,0.6581381647293288,0.20295407374630875,0.6530250326816621,32768,84.38783526424378,300,213,25204,c7-camera-ready-300k-v1,complete,0,cells/tsae_paper_d32768_seed2/detection.json,f204d663ce7201a470ca647b51205b73572e4fe330460794521dc50ff42c690a,26693cf1ba2c73d22f3b9664a8d711af28dd542af98974fb3726410271dbc92e,1d2c6c0971fc5ceb7646fdfeaf988e89b1d385b815af86e909a6a39a6c7930b8
tsae_paper,32768,32K core,2,7a9792e9b23f9775,mean,historical_raw_C1,32,0.22800552612506478,0.677343669273365,0.2228587171576427,0.6726030971553834,32768,84.38783526424378,300,213,25204,c7-camera-ready-300k-v1,complete,0,cells/tsae_paper_d32768_seed2/detection.json,f204d663ce7201a470ca647b51205b73572e4fe330460794521dc50ff42c690a,26693cf1ba2c73d22f3b9664a8d711af28dd542af98974fb3726410271dbc92e,1d2c6c0971fc5ceb7646fdfeaf988e89b1d385b815af86e909a6a39a6c7930b8
tsae_paper,32768,32K core,2,7a9792e9b23f9775,position_identity,historical_raw_C1,1,0.1837711032277333,0.6331780750357956,0.17940515158924772,0.6286189825518556,163840,123.01967941596573,300,213,25204,c7-camera-ready-300k-v1,complete,0,cells/tsae_paper_d32768_seed2/detection.json,f204d663ce7201a470ca647b51205b73572e4fe330460794521dc50ff42c690a,26693cf1ba2c73d22f3b9664a8d711af28dd542af98974fb3726410271dbc92e,1d2c6c0971fc5ceb7646fdfeaf988e89b1d385b815af86e909a6a39a6c7930b8
tsae_paper,32768,32K core,2,7a9792e9b23f9775,position_identity,historical_raw_C1,2,0.18581579708845392,0.6358339567768574,0.18173682689852297,0.6310106923471459,163840,123.01967941596573,300,213,25204,c7-camera-ready-300k-v1,complete,0,cells/tsae_paper_d32768_seed2/detection.json,f204d663ce7201a470ca647b51205b73572e4fe330460794521dc50ff42c690a,26693cf1ba2c73d22f3b9664a8d711af28dd542af98974fb3726410271dbc92e,1d2c6c0971fc5ceb7646fdfeaf988e89b1d385b815af86e909a6a39a6c7930b8
tsae_paper,32768,32K core,2,7a9792e9b23f9775,position_identity,historical_raw_C1,4,0.18714411145627013,0.6379520680082995,0.18299417865348758,0.6334691581560448,163840,123.01967941596573,300,213,25204,c7-camera-ready-300k-v1,complete,0,cells/tsae_paper_d32768_seed2/detection.json,f204d663ce7201a470ca647b51205b73572e4fe330460794521dc50ff42c690a,26693cf1ba2c73d22f3b9664a8d711af28dd542af98974fb3726410271dbc92e,1d2c6c0971fc5ceb7646fdfeaf988e89b1d385b815af86e909a6a39a6c7930b8
tsae_paper,32768,32K core,2,7a9792e9b23f9775,position_identity,historical_raw_C1,8,0.18709301447401366,0.6378032283317345,0.1828362890739592,0.6329805138745175,163840,123.01967941596573,300,213,25204,c7-camera-ready-300k-v1,complete,0,cells/tsae_paper_d32768_seed2/detection.json,f204d663ce7201a470ca647b51205b73572e4fe330460794521dc50ff42c690a,26693cf1ba2c73d22f3b9664a8d711af28dd542af98974fb3726410271dbc92e,1d2c6c0971fc5ceb7646fdfeaf988e89b1d385b815af86e909a6a39a6c7930b8
tsae_paper,32768,32K core,2,7a9792e9b23f9775,position_identity,historical_raw_C1,16,0.19328297283563733,0.650690348347385,0.18923602383410906,0.6468445127638028,163840,123.01967941596573,300,213,25204,c7-camera-ready-300k-v1,complete,0,cells/tsae_paper_d32768_seed2/detection.json,f204d663ce7201a470ca647b51205b73572e4fe330460794521dc50ff42c690a,26693cf1ba2c73d22f3b9664a8d711af28dd542af98974fb3726410271dbc92e,1d2c6c0971fc5ceb7646fdfeaf988e89b1d385b815af86e909a6a39a6c7930b8
tsae_paper,32768,32K core,2,7a9792e9b23f9775,position_identity,historical_raw_C1,32,0.19286491007929216,0.6506443763448336,0.18861891887846433,0.6458928869222729,163840,123.01967941596573,300,213,25204,c7-camera-ready-300k-v1,complete,0,cells/tsae_paper_d32768_seed2/detection.json,f204d663ce7201a470ca647b51205b73572e4fe330460794521dc50ff42c690a,26693cf1ba2c73d22f3b9664a8d711af28dd542af98974fb3726410271dbc92e,1d2c6c0971fc5ceb7646fdfeaf988e89b1d385b815af86e909a6a39a6c7930b8
tsae_paper,32768,32K core,42,32f27809cdf34da9,last,historical_raw_C1,1,0.1676507479659416,0.6088709652470123,0.16355443196511021,0.6041442932344001,32768,23.486708458974768,300,213,25204,c7-camera-ready-300k-v1,complete,0,cells/tsae_paper_d32768_seed42/detection.json,f4640197d16c0cf314a773cae13fe27d109bf064e0751db4eca18dff0db4839f,65e0f344801a6ad55b6220c2a6e2a70aa23c2e5918c19bdf1390d2f713dd3316,1d2c6c0971fc5ceb7646fdfeaf988e89b1d385b815af86e909a6a39a6c7930b8
tsae_paper,32768,32K core,42,32f27809cdf34da9,last,historical_raw_C1,2,0.16766901110127053,0.6090210335126114,0.16314947222208248,0.60347872367772,32768,23.486708458974768,300,213,25204,c7-camera-ready-300k-v1,complete,0,cells/tsae_paper_d32768_seed42/detection.json,f4640197d16c0cf314a773cae13fe27d109bf064e0751db4eca18dff0db4839f,65e0f344801a6ad55b6220c2a6e2a70aa23c2e5918c19bdf1390d2f713dd3316,1d2c6c0971fc5ceb7646fdfeaf988e89b1d385b815af86e909a6a39a6c7930b8
tsae_paper,32768,32K core,42,32f27809cdf34da9,last,historical_raw_C1,4,0.1693731642926382,0.6137709982485362,0.16547410244349636,0.6098889836681552,32768,23.486708458974768,300,213,25204,c7-camera-ready-300k-v1,complete,0,cells/tsae_paper_d32768_seed42/detection.json,f4640197d16c0cf314a773cae13fe27d109bf064e0751db4eca18dff0db4839f,65e0f344801a6ad55b6220c2a6e2a70aa23c2e5918c19bdf1390d2f713dd3316,1d2c6c0971fc5ceb7646fdfeaf988e89b1d385b815af86e909a6a39a6c7930b8
tsae_paper,32768,32K core,42,32f27809cdf34da9,last,historical_raw_C1,8,0.1856350009138942,0.6310104054974078,0.17941107197531453,0.6217247611537426,32768,23.486708458974768,300,213,25204,c7-camera-ready-300k-v1,complete,0,cells/tsae_paper_d32768_seed42/detection.json,f4640197d16c0cf314a773cae13fe27d109bf064e0751db4eca18dff0db4839f,65e0f344801a6ad55b6220c2a6e2a70aa23c2e5918c19bdf1390d2f713dd3316,1d2c6c0971fc5ceb7646fdfeaf988e89b1d385b815af86e909a6a39a6c7930b8
tsae_paper,32768,32K core,42,32f27809cdf34da9,last,historical_raw_C1,16,0.19995946160018072,0.6427375097757466,0.1956942364032502,0.6398949274809727,32768,23.486708458974768,300,213,25204,c7-camera-ready-300k-v1,complete,0,cells/tsae_paper_d32768_seed42/detection.json,f4640197d16c0cf314a773cae13fe27d109bf064e0751db4eca18dff0db4839f,65e0f344801a6ad55b6220c2a6e2a70aa23c2e5918c19bdf1390d2f713dd3316,1d2c6c0971fc5ceb7646fdfeaf988e89b1d385b815af86e909a6a39a6c7930b8
tsae_paper,32768,32K core,42,32f27809cdf34da9,last,historical_raw_C1,32,0.22784224616189475,0.6712910211243499,0.22213311178437614,0.6668173707124048,32768,23.486708458974768,300,213,25204,c7-camera-ready-300k-v1,complete,0,cells/tsae_paper_d32768_seed42/detection.json,f4640197d16c0cf314a773cae13fe27d109bf064e0751db4eca18dff0db4839f,65e0f344801a6ad55b6220c2a6e2a70aa23c2e5918c19bdf1390d2f713dd3316,1d2c6c0971fc5ceb7646fdfeaf988e89b1d385b815af86e909a6a39a6c7930b8
tsae_paper,32768,32K core,42,32f27809cdf34da9,max,historical_raw_C1,1,0.16658260924236706,0.6033284463737616,0.16073737555587508,0.5964255709830233,32768,80.9117600380892,300,213,25204,c7-camera-ready-300k-v1,complete,0,cells/tsae_paper_d32768_seed42/detection.json,f4640197d16c0cf314a773cae13fe27d109bf064e0751db4eca18dff0db4839f,65e0f344801a6ad55b6220c2a6e2a70aa23c2e5918c19bdf1390d2f713dd3316,1d2c6c0971fc5ceb7646fdfeaf988e89b1d385b815af86e909a6a39a6c7930b8
tsae_paper,32768,32K core,42,32f27809cdf34da9,max,historical_raw_C1,2,0.16664894253840282,0.603787731899063,0.15965168270208513,0.5943558266657873,32768,80.9117600380892,300,213,25204,c7-camera-ready-300k-v1,complete,0,cells/tsae_paper_d32768_seed42/detection.json,f4640197d16c0cf314a773cae13fe27d109bf064e0751db4eca18dff0db4839f,65e0f344801a6ad55b6220c2a6e2a70aa23c2e5918c19bdf1390d2f713dd3316,1d2c6c0971fc5ceb7646fdfeaf988e89b1d385b815af86e909a6a39a6c7930b8
tsae_paper,32768,32K core,42,32f27809cdf34da9,max,historical_raw_C1,4,0.18603131278709178,0.6306405688401313,0.17975101575441121,0.6221415584074305,32768,80.9117600380892,300,213,25204,c7-camera-ready-300k-v1,complete,0,cells/tsae_paper_d32768_seed42/detection.json,f4640197d16c0cf314a773cae13fe27d109bf064e0751db4eca18dff0db4839f,65e0f344801a6ad55b6220c2a6e2a70aa23c2e5918c19bdf1390d2f713dd3316,1d2c6c0971fc5ceb7646fdfeaf988e89b1d385b815af86e909a6a39a6c7930b8
tsae_paper,32768,32K core,42,32f27809cdf34da9,max,historical_raw_C1,8,0.19939054226587727,0.6311866083618985,0.19413840809879668,0.6246500894364462,32768,80.9117600380892,300,213,25204,c7-camera-ready-300k-v1,complete,0,cells/tsae_paper_d32768_seed42/detection.json,f4640197d16c0cf314a773cae13fe27d109bf064e0751db4eca18dff0db4839f,65e0f344801a6ad55b6220c2a6e2a70aa23c2e5918c19bdf1390d2f713dd3316,1d2c6c0971fc5ceb7646fdfeaf988e89b1d385b815af86e909a6a39a6c7930b8
tsae_paper,32768,32K core,42,32f27809cdf34da9,max,historical_raw_C1,16,0.21730906870745875,0.6584173828023943,0.21207308657628346,0.6509155125781347,32768,80.9117600380892,300,213,25204,c7-camera-ready-300k-v1,complete,0,cells/tsae_paper_d32768_seed42/detection.json,f4640197d16c0cf314a773cae13fe27d109bf064e0751db4eca18dff0db4839f,65e0f344801a6ad55b6220c2a6e2a70aa23c2e5918c19bdf1390d2f713dd3316,1d2c6c0971fc5ceb7646fdfeaf988e89b1d385b815af86e909a6a39a6c7930b8
tsae_paper,32768,32K core,42,32f27809cdf34da9,max,historical_raw_C1,32,0.23824605163966517,0.6839268374630957,0.23320570702988114,0.6791855852264066,32768,80.9117600380892,300,213,25204,c7-camera-ready-300k-v1,complete,0,cells/tsae_paper_d32768_seed42/detection.json,f4640197d16c0cf314a773cae13fe27d109bf064e0751db4eca18dff0db4839f,65e0f344801a6ad55b6220c2a6e2a70aa23c2e5918c19bdf1390d2f713dd3316,1d2c6c0971fc5ceb7646fdfeaf988e89b1d385b815af86e909a6a39a6c7930b8
tsae_paper,32768,32K core,42,32f27809cdf34da9,mean,historical_raw_C1,1,0.16892446811917322,0.6108923546573279,0.16495195542406405,0.6057694509502259,32768,80.9117600380892,300,213,25204,c7-camera-ready-300k-v1,complete,0,cells/tsae_paper_d32768_seed42/detection.json,f4640197d16c0cf314a773cae13fe27d109bf064e0751db4eca18dff0db4839f,65e0f344801a6ad55b6220c2a6e2a70aa23c2e5918c19bdf1390d2f713dd3316,1d2c6c0971fc5ceb7646fdfeaf988e89b1d385b815af86e909a6a39a6c7930b8
tsae_paper,32768,32K core,42,32f27809cdf34da9,mean,historical_raw_C1,2,0.1689642477055806,0.611182297408314,0.1644811761649772,0.6047601555888417,32768,80.9117600380892,300,213,25204,c7-camera-ready-300k-v1,complete,0,cells/tsae_paper_d32768_seed42/detection.json,f4640197d16c0cf314a773cae13fe27d109bf064e0751db4eca18dff0db4839f,65e0f344801a6ad55b6220c2a6e2a70aa23c2e5918c19bdf1390d2f713dd3316,1d2c6c0971fc5ceb7646fdfeaf988e89b1d385b815af86e909a6a39a6c7930b8
tsae_paper,32768,32K core,42,32f27809cdf34da9,mean,historical_raw_C1,4,0.17197029449204826,0.6149937447673454,0.16764413898205388,0.6102164411404645,32768,80.9117600380892,300,213,25204,c7-camera-ready-300k-v1,complete,0,cells/tsae_paper_d32768_seed42/detection.json,f4640197d16c0cf314a773cae13fe27d109bf064e0751db4eca18dff0db4839f,65e0f344801a6ad55b6220c2a6e2a70aa23c2e5918c19bdf1390d2f713dd3316,1d2c6c0971fc5ceb7646fdfeaf988e89b1d385b815af86e909a6a39a6c7930b8
tsae_paper,32768,32K core,42,32f27809cdf34da9,mean,historical_raw_C1,8,0.18987288340159242,0.6340295936203729,0.1835619112956111,0.6250640082263916,32768,80.9117600380892,300,213,25204,c7-camera-ready-300k-v1,complete,0,cells/tsae_paper_d32768_seed42/detection.json,f4640197d16c0cf314a773cae13fe27d109bf064e0751db4eca18dff0db4839f,65e0f344801a6ad55b6220c2a6e2a70aa23c2e5918c19bdf1390d2f713dd3316,1d2c6c0971fc5ceb7646fdfeaf988e89b1d385b815af86e909a6a39a6c7930b8
tsae_paper,32768,32K core,42,32f27809cdf34da9,mean,historical_raw_C1,16,0.21006224753784503,0.6556475639917227,0.20351826772088744,0.6497862883878405,32768,80.9117600380892,300,213,25204,c7-camera-ready-300k-v1,complete,0,cells/tsae_paper_d32768_seed42/detection.json,f4640197d16c0cf314a773cae13fe27d109bf064e0751db4eca18dff0db4839f,65e0f344801a6ad55b6220c2a6e2a70aa23c2e5918c19bdf1390d2f713dd3316,1d2c6c0971fc5ceb7646fdfeaf988e89b1d385b815af86e909a6a39a6c7930b8
tsae_paper,32768,32K core,42,32f27809cdf34da9,mean,historical_raw_C1,32,0.23304212888453887,0.6812060116699038,0.226630958005433,0.6756865046521201,32768,80.9117600380892,300,213,25204,c7-camera-ready-300k-v1,complete,0,cells/tsae_paper_d32768_seed42/detection.json,f4640197d16c0cf314a773cae13fe27d109bf064e0751db4eca18dff0db4839f,65e0f344801a6ad55b6220c2a6e2a70aa23c2e5918c19bdf1390d2f713dd3316,1d2c6c0971fc5ceb7646fdfeaf988e89b1d385b815af86e909a6a39a6c7930b8
tsae_paper,32768,32K core,42,32f27809cdf34da9,position_identity,historical_raw_C1,1,0.16472101916051776,0.6037049371591687,0.16093590913833694,0.5992009470575335,163840,118.6571575940327,300,213,25204,c7-camera-ready-300k-v1,complete,0,cells/tsae_paper_d32768_seed42/detection.json,f4640197d16c0cf314a773cae13fe27d109bf064e0751db4eca18dff0db4839f,65e0f344801a6ad55b6220c2a6e2a70aa23c2e5918c19bdf1390d2f713dd3316,1d2c6c0971fc5ceb7646fdfeaf988e89b1d385b815af86e909a6a39a6c7930b8
tsae_paper,32768,32K core,42,32f27809cdf34da9,position_identity,historical_raw_C1,2,0.16980479858250566,0.6105974351349366,0.16594783915784503,0.6058789614588742,163840,118.6571575940327,300,213,25204,c7-camera-ready-300k-v1,complete,0,cells/tsae_paper_d32768_seed42/detection.json,f4640197d16c0cf314a773cae13fe27d109bf064e0751db4eca18dff0db4839f,65e0f344801a6ad55b6220c2a6e2a70aa23c2e5918c19bdf1390d2f713dd3316,1d2c6c0971fc5ceb7646fdfeaf988e89b1d385b815af86e909a6a39a6c7930b8
tsae_paper,32768,32K core,42,32f27809cdf34da9,position_identity,historical_raw_C1,4,0.17041530861534343,0.6105168717155555,0.16612343338169583,0.6056769248097296,163840,118.6571575940327,300,213,25204,c7-camera-ready-300k-v1,complete,0,cells/tsae_paper_d32768_seed42/detection.json,f4640197d16c0cf314a773cae13fe27d109bf064e0751db4eca18dff0db4839f,65e0f344801a6ad55b6220c2a6e2a70aa23c2e5918c19bdf1390d2f713dd3316,1d2c6c0971fc5ceb7646fdfeaf988e89b1d385b815af86e909a6a39a6c7930b8
tsae_paper,32768,32K core,42,32f27809cdf34da9,position_identity,historical_raw_C1,8,0.17041541859885395,0.6103714847343086,0.16582298547293411,0.6043219846678127,163840,118.6571575940327,300,213,25204,c7-camera-ready-300k-v1,complete,0,cells/tsae_paper_d32768_seed42/detection.json,f4640197d16c0cf314a773cae13fe27d109bf064e0751db4eca18dff0db4839f,65e0f344801a6ad55b6220c2a6e2a70aa23c2e5918c19bdf1390d2f713dd3316,1d2c6c0971fc5ceb7646fdfeaf988e89b1d385b815af86e909a6a39a6c7930b8
tsae_paper,32768,32K core,42,32f27809cdf34da9,position_identity,historical_raw_C1,16,0.17484504641372697,0.6172286038042014,0.1706408278318462,0.6124886445679415,163840,118.6571575940327,300,213,25204,c7-camera-ready-300k-v1,complete,0,cells/tsae_paper_d32768_seed42/detection.json,f4640197d16c0cf314a773cae13fe27d109bf064e0751db4eca18dff0db4839f,65e0f344801a6ad55b6220c2a6e2a70aa23c2e5918c19bdf1390d2f713dd3316,1d2c6c0971fc5ceb7646fdfeaf988e89b1d385b815af86e909a6a39a6c7930b8
tsae_paper,32768,32K core,42,32f27809cdf34da9,position_identity,historical_raw_C1,32,0.19218971294015452,0.6337240351815765,0.1854597924267753,0.6243621356568407,163840,118.6571575940327,300,213,25204,c7-camera-ready-300k-v1,complete,0,cells/tsae_paper_d32768_seed42/detection.json,f4640197d16c0cf314a773cae13fe27d109bf064e0751db4eca18dff0db4839f,65e0f344801a6ad55b6220c2a6e2a70aa23c2e5918c19bdf1390d2f713dd3316,1d2c6c0971fc5ceb7646fdfeaf988e89b1d385b815af86e909a6a39a6c7930b8
txc_base,32768,32K core,1,a300c63374c3597e,native,historical_raw_C1,1,0.16676587249601665,0.5962338066263184,0.16135993060526693,0.5883630226819363,32768,100.0,300,213,25204,c7-camera-ready-300k-v1,complete,0,cells/txc_base_d32768_seed1/detection.json,890a77040c74fca92d4a45260e4df86c41f453c24a8bf89e89b96aeff5fde1e4,4cd97b4da888d16edddaf592ce9e8f3cc35801dee993bd79a8678d50bfb76e36,1d2c6c0971fc5ceb7646fdfeaf988e89b1d385b815af86e909a6a39a6c7930b8
txc_base,32768,32K core,1,a300c63374c3597e,native,historical_raw_C1,2,0.1664198933378487,0.5946757636363635,0.16219775874533088,0.5866650799314296,32768,100.0,300,213,25204,c7-camera-ready-300k-v1,complete,0,cells/txc_base_d32768_seed1/detection.json,890a77040c74fca92d4a45260e4df86c41f453c24a8bf89e89b96aeff5fde1e4,4cd97b4da888d16edddaf592ce9e8f3cc35801dee993bd79a8678d50bfb76e36,1d2c6c0971fc5ceb7646fdfeaf988e89b1d385b815af86e909a6a39a6c7930b8
txc_base,32768,32K core,1,a300c63374c3597e,native,historical_raw_C1,4,0.1656818038888788,0.595693050755534,0.16372503805621236,0.5880256051522496,32768,100.0,300,213,25204,c7-camera-ready-300k-v1,complete,0,cells/txc_base_d32768_seed1/detection.json,890a77040c74fca92d4a45260e4df86c41f453c24a8bf89e89b96aeff5fde1e4,4cd97b4da888d16edddaf592ce9e8f3cc35801dee993bd79a8678d50bfb76e36,1d2c6c0971fc5ceb7646fdfeaf988e89b1d385b815af86e909a6a39a6c7930b8
txc_base,32768,32K core,1,a300c63374c3597e,native,historical_raw_C1,8,0.1767823892754726,0.6008033010190471,0.17291833269083234,0.5920725604858674,32768,100.0,300,213,25204,c7-camera-ready-300k-v1,complete,0,cells/txc_base_d32768_seed1/detection.json,890a77040c74fca92d4a45260e4df86c41f453c24a8bf89e89b96aeff5fde1e4,4cd97b4da888d16edddaf592ce9e8f3cc35801dee993bd79a8678d50bfb76e36,1d2c6c0971fc5ceb7646fdfeaf988e89b1d385b815af86e909a6a39a6c7930b8
txc_base,32768,32K core,1,a300c63374c3597e,native,historical_raw_C1,16,0.19826804830590194,0.6377404125266086,0.19423622563673032,0.6308321559915402,32768,100.0,300,213,25204,c7-camera-ready-300k-v1,complete,0,cells/txc_base_d32768_seed1/detection.json,890a77040c74fca92d4a45260e4df86c41f453c24a8bf89e89b96aeff5fde1e4,4cd97b4da888d16edddaf592ce9e8f3cc35801dee993bd79a8678d50bfb76e36,1d2c6c0971fc5ceb7646fdfeaf988e89b1d385b815af86e909a6a39a6c7930b8
txc_base,32768,32K core,1,a300c63374c3597e,native,historical_raw_C1,32,0.23613771865019792,0.671275898018132,0.22838200447526624,0.6636337898132887,32768,100.0,300,213,25204,c7-camera-ready-300k-v1,complete,0,cells/txc_base_d32768_seed1/detection.json,890a77040c74fca92d4a45260e4df86c41f453c24a8bf89e89b96aeff5fde1e4,4cd97b4da888d16edddaf592ce9e8f3cc35801dee993bd79a8678d50bfb76e36,1d2c6c0971fc5ceb7646fdfeaf988e89b1d385b815af86e909a6a39a6c7930b8
txc_base,32768,32K core,2,27078b0d7700ae05,native,historical_raw_C1,1,0.1480136312434078,0.5748169486273242,0.14316036659967857,0.5657299200481634,32768,100.0,300,213,25204,c7-camera-ready-300k-v1,complete,0,cells/txc_base_d32768_seed2/detection.json,b9e149a8aa66511900377fee625dbc3349ec7aa8bb0a02c4918dae767d21168a,8720cbc038e90601a88f5c435c988482881e205e641c53335b6abc1d08dc14ac,1d2c6c0971fc5ceb7646fdfeaf988e89b1d385b815af86e909a6a39a6c7930b8
txc_base,32768,32K core,2,27078b0d7700ae05,native,historical_raw_C1,2,0.14887928028243796,0.575071524599788,0.1440324464381651,0.5666298409476934,32768,100.0,300,213,25204,c7-camera-ready-300k-v1,complete,0,cells/txc_base_d32768_seed2/detection.json,b9e149a8aa66511900377fee625dbc3349ec7aa8bb0a02c4918dae767d21168a,8720cbc038e90601a88f5c435c988482881e205e641c53335b6abc1d08dc14ac,1d2c6c0971fc5ceb7646fdfeaf988e89b1d385b815af86e909a6a39a6c7930b8
txc_base,32768,32K core,2,27078b0d7700ae05,native,historical_raw_C1,4,0.15737393467483246,0.5821904670286553,0.1548694370436392,0.5729394263107196,32768,100.0,300,213,25204,c7-camera-ready-300k-v1,complete,0,cells/txc_base_d32768_seed2/detection.json,b9e149a8aa66511900377fee625dbc3349ec7aa8bb0a02c4918dae767d21168a,8720cbc038e90601a88f5c435c988482881e205e641c53335b6abc1d08dc14ac,1d2c6c0971fc5ceb7646fdfeaf988e89b1d385b815af86e909a6a39a6c7930b8
txc_base,32768,32K core,2,27078b0d7700ae05,native,historical_raw_C1,8,0.1747637315936526,0.6050778502606688,0.16827105421626173,0.5927523505126779,32768,100.0,300,213,25204,c7-camera-ready-300k-v1,complete,0,cells/txc_base_d32768_seed2/detection.json,b9e149a8aa66511900377fee625dbc3349ec7aa8bb0a02c4918dae767d21168a,8720cbc038e90601a88f5c435c988482881e205e641c53335b6abc1d08dc14ac,1d2c6c0971fc5ceb7646fdfeaf988e89b1d385b815af86e909a6a39a6c7930b8
txc_base,32768,32K core,2,27078b0d7700ae05,native,historical_raw_C1,16,0.20477990841828347,0.6422920752185777,0.19786445014098175,0.6325952007130571,32768,100.0,300,213,25204,c7-camera-ready-300k-v1,complete,0,cells/txc_base_d32768_seed2/detection.json,b9e149a8aa66511900377fee625dbc3349ec7aa8bb0a02c4918dae767d21168a,8720cbc038e90601a88f5c435c988482881e205e641c53335b6abc1d08dc14ac,1d2c6c0971fc5ceb7646fdfeaf988e89b1d385b815af86e909a6a39a6c7930b8
txc_base,32768,32K core,2,27078b0d7700ae05,native,historical_raw_C1,32,0.2204098480714512,0.6646453195393416,0.216036532182498,0.6590221758421995,32768,100.0,300,213,25204,c7-camera-ready-300k-v1,complete,0,cells/txc_base_d32768_seed2/detection.json,b9e149a8aa66511900377fee625dbc3349ec7aa8bb0a02c4918dae767d21168a,8720cbc038e90601a88f5c435c988482881e205e641c53335b6abc1d08dc14ac,1d2c6c0971fc5ceb7646fdfeaf988e89b1d385b815af86e909a6a39a6c7930b8
txc_base,32768,32K core,42,8787f8fe527218ad,native,historical_raw_C1,1,0.13982887584102113,0.5517677387860943,0.1330121986286597,0.5379752284565784,32768,100.0,300,213,25204,c7-camera-ready-300k-v1,complete,0,cells/txc_base_d32768_seed42/detection.json,b828255fc1dfeb86a9eef523544140dbf94c23e2fbfc4d7fda4547c8a98ae274,7f1fe6f1aa7f125f32812c17147eebf24e5137a73b43340eea42c49679226006,1d2c6c0971fc5ceb7646fdfeaf988e89b1d385b815af86e909a6a39a6c7930b8
txc_base,32768,32K core,42,8787f8fe527218ad,native,historical_raw_C1,2,0.14584510653316457,0.5611515118883089,0.14280503344327078,0.5511378130391974,32768,100.0,300,213,25204,c7-camera-ready-300k-v1,complete,0,cells/txc_base_d32768_seed42/detection.json,b828255fc1dfeb86a9eef523544140dbf94c23e2fbfc4d7fda4547c8a98ae274,7f1fe6f1aa7f125f32812c17147eebf24e5137a73b43340eea42c49679226006,1d2c6c0971fc5ceb7646fdfeaf988e89b1d385b815af86e909a6a39a6c7930b8
txc_base,32768,32K core,42,8787f8fe527218ad,native,historical_raw_C1,4,0.15667892025444935,0.5895768175162834,0.15440182023606022,0.5831564259590745,32768,100.0,300,213,25204,c7-camera-ready-300k-v1,complete,0,cells/txc_base_d32768_seed42/detection.json,b828255fc1dfeb86a9eef523544140dbf94c23e2fbfc4d7fda4547c8a98ae274,7f1fe6f1aa7f125f32812c17147eebf24e5137a73b43340eea42c49679226006,1d2c6c0971fc5ceb7646fdfeaf988e89b1d385b815af86e909a6a39a6c7930b8
txc_base,32768,32K core,42,8787f8fe527218ad,native,historical_raw_C1,8,0.18684719655580956,0.6294590396406065,0.18161937973616676,0.6237089606791112,32768,100.0,300,213,25204,c7-camera-ready-300k-v1,complete,0,cells/txc_base_d32768_seed42/detection.json,b828255fc1dfeb86a9eef523544140dbf94c23e2fbfc4d7fda4547c8a98ae274,7f1fe6f1aa7f125f32812c17147eebf24e5137a73b43340eea42c49679226006,1d2c6c0971fc5ceb7646fdfeaf988e89b1d385b815af86e909a6a39a6c7930b8
txc_base,32768,32K core,42,8787f8fe527218ad,native,historical_raw_C1,16,0.21586667610916604,0.6579492930572991,0.21136966817568537,0.6522226286918535,32768,100.0,300,213,25204,c7-camera-ready-300k-v1,complete,0,cells/txc_base_d32768_seed42/detection.json,b828255fc1dfeb86a9eef523544140dbf94c23e2fbfc4d7fda4547c8a98ae274,7f1fe6f1aa7f125f32812c17147eebf24e5137a73b43340eea42c49679226006,1d2c6c0971fc5ceb7646fdfeaf988e89b1d385b815af86e909a6a39a6c7930b8
txc_base,32768,32K core,42,8787f8fe527218ad,native,historical_raw_C1,32,0.2424384312341128,0.6830318056587781,0.23729946235625254,0.6767444331621078,32768,100.0,300,213,25204,c7-camera-ready-300k-v1,complete,0,cells/txc_base_d32768_seed42/detection.json,b828255fc1dfeb86a9eef523544140dbf94c23e2fbfc4d7fda4547c8a98ae274,7f1fe6f1aa7f125f32812c17147eebf24e5137a73b43340eea42c49679226006,1d2c6c0971fc5ceb7646fdfeaf988e89b1d385b815af86e909a6a39a6c7930b8
