{
  "sweep_value": 0.15,
  "window_size": 2,
  "d_in_single": 64,
  "d_in_window": 128,
  "samples_per_seq_single": 128,
  "samples_per_seq_window": 127,
  "single_position": {
    "mean_r2": 0.2609081733761049,
    "per_component_r2": [
      0.5240217112230344,
      0.11559416921548571,
      0.1431086396897946
    ]
  },
  "window": {
    "mean_r2": 0.27792546103293764,
    "per_component_r2": [
      0.5600490248773058,
      0.11988775756739256,
      0.1538396006541145
    ]
  }
}