{
  "sweep_value": 0.15,
  "window_size": 30,
  "d_in_single": 64,
  "d_in_window": 1920,
  "samples_per_seq_single": 128,
  "samples_per_seq_window": 99,
  "single_position": {
    "mean_r2": 0.2609081733761049,
    "per_component_r2": [
      0.5240217112230344,
      0.11559416921548571,
      0.1431086396897946
    ]
  },
  "window": {
    "mean_r2": 0.28372634029767174,
    "per_component_r2": [
      0.7076703768625938,
      0.010118367158338248,
      0.13339027687208316
    ]
  }
}