{
  "sweep_value": 0.15,
  "window_size": 20,
  "d_in_single": 64,
  "d_in_window": 1280,
  "samples_per_seq_single": 128,
  "samples_per_seq_window": 109,
  "single_position": {
    "mean_r2": 0.2609081733761049,
    "per_component_r2": [
      0.5240217112230344,
      0.11559416921548571,
      0.1431086396897946
    ]
  },
  "window": {
    "mean_r2": 0.30535923004916726,
    "per_component_r2": [
      0.6946723339640624,
      0.06555522833103677,
      0.1558501278524027
    ]
  }
}