{
  "sweep_value": 0.15,
  "window_size": 5,
  "d_in_single": 64,
  "d_in_window": 320,
  "samples_per_seq_single": 128,
  "samples_per_seq_window": 124,
  "single_position": {
    "mean_r2": 0.2609081733761049,
    "per_component_r2": [
      0.5240217112230344,
      0.11559416921548571,
      0.1431086396897946
    ]
  },
  "window": {
    "mean_r2": 0.29466107007068537,
    "per_component_r2": [
      0.6043736881740542,
      0.11723141556605643,
      0.1623781064719455
    ]
  }
}