{"l0":20,"_step":64999,"step":64999,"window_l0":20,"mean_max_cos_sim":0.9138146638870239,"_wandb":{"runtime":321},"recovery_90":0.734375,"recovery_80":0.765625,"auc":0.9117864173228346,"_timestamp":1.773996706288242e+09,"_runtime":321.8377675,"loss":1.954768419265747}