{"window_l0":50,"auc":0.6512672244094488,"_timestamp":1.7739865067385788e+09,"mean_max_cos_sim":0.6511032581329346,"recovery_80":0.2578125,"_runtime":281.643931382,"step":64999,"_step":64999,"l0":50,"loss":3.484144449234009,"_wandb":{"runtime":281},"recovery_90":0.125}