{"step":39999,"recovery_90":0.07999999821186066,"_timestamp":1.7726706310382643e+09,"auc":0.4677551020408163,"_runtime":88.066594645,"_step":39999,"recovery_80":0.11999999731779099,"loss":7.276689052581787,"_wandb":{"runtime":88},"mean_max_cos_sim":0.4687511622905731}