{"recovery_90":0,"_timestamp":1.7739996375176392e+09,"_wandb":{"runtime":895},"_step":64999,"window_l0":10,"l0":2,"auc":0.47576279527559057,"mean_max_cos_sim":0.4758044183254242,"loss":4.647538661956787,"recovery_80":0,"_runtime":895.641383086,"step":64999}