{"step":64999,"recovery_80":0,"recovery_90":0,"_step":64999,"l0":5,"window_l0":25,"_wandb":{"runtime":901},"_runtime":901.861694333,"mean_max_cos_sim":0.47691816091537476,"loss":4.338173866271973,"auc":0.4769931102362205,"_timestamp":1.774005342141754e+09}