{
  "n_unique_tags": 45,
  "n_cells": 15,
  "cells": [
    {
      "arch": "sae",
      "hook": "l0_ln1",
      "n_seeds": 3,
      "seeds_done": [
        0,
        1,
        2
      ],
      "test_asr_mean": 0.5133333333333333,
      "test_asr_std": 0.3247049943153528,
      "test_asr_per_seed": {
        "0": 0.73,
        "1": 0.14,
        "2": 0.67
      },
      "test_dce_mean": 0.005333333333333333,
      "test_dce_per_seed": {
        "0": -0.0,
        "1": 0.003,
        "2": 0.013
      },
      "f_per_seed": {
        "0": 684,
        "1": 1142,
        "2": 101
      },
      "alpha_per_seed": {
        "0": 2.0,
        "1": 2.0,
        "2": 2.0
      }
    },
    {
      "arch": "sae",
      "hook": "l0_mid",
      "n_seeds": 3,
      "seeds_done": [
        0,
        1,
        2
      ],
      "test_asr_mean": 0.31666666666666665,
      "test_asr_std": 0.5484827557301444,
      "test_asr_per_seed": {
        "0": 0.0,
        "1": 0.0,
        "2": 0.95
      },
      "test_dce_mean": -0.001,
      "test_dce_per_seed": {
        "0": -0.001,
        "1": -0.001,
        "2": -0.001
      },
      "f_per_seed": {
        "0": 102,
        "1": 1168,
        "2": 148
      },
      "alpha_per_seed": {
        "0": 2.0,
        "1": 2.0,
        "2": 2.0
      }
    },
    {
      "arch": "sae",
      "hook": "l0_post",
      "n_seeds": 3,
      "seeds_done": [
        0,
        1,
        2
      ],
      "test_asr_mean": 0.5,
      "test_asr_std": 0.2306512518934159,
      "test_asr_per_seed": {
        "0": 0.72,
        "1": 0.52,
        "2": 0.26
      },
      "test_dce_mean": 0.024666666666666667,
      "test_dce_per_seed": {
        "0": 0.038,
        "1": 0.035,
        "2": 0.001
      },
      "f_per_seed": {
        "0": 1261,
        "1": 1317,
        "2": 123
      },
      "alpha_per_seed": {
        "0": 2.0,
        "1": 0.5,
        "2": 2.0
      }
    },
    {
      "arch": "sae",
      "hook": "l0_pre",
      "n_seeds": 3,
      "seeds_done": [
        0,
        1,
        2
      ],
      "test_asr_mean": 0.6366666666666666,
      "test_asr_std": 0.5427092530382482,
      "test_asr_per_seed": {
        "0": 0.01,
        "1": 0.95,
        "2": 0.95
      },
      "test_dce_mean": 0.0006666666666666666,
      "test_dce_per_seed": {
        "0": 0.0,
        "1": 0.002,
        "2": -0.0
      },
      "f_per_seed": {
        "0": 684,
        "1": 621,
        "2": 1350
      },
      "alpha_per_seed": {
        "0": 2.0,
        "1": 2.0,
        "2": 2.0
      }
    },
    {
      "arch": "sae",
      "hook": "l1_ln1",
      "n_seeds": 3,
      "seeds_done": [
        0,
        1,
        2
      ],
      "test_asr_mean": 0.97,
      "test_asr_std": 0.026457513110645932,
      "test_asr_per_seed": {
        "0": 0.94,
        "1": 0.98,
        "2": 0.99
      },
      "test_dce_mean": 0.013666666666666667,
      "test_dce_per_seed": {
        "0": 0.0,
        "1": 0.042,
        "2": -0.001
      },
      "f_per_seed": {
        "0": 1517,
        "1": 906,
        "2": 1049
      },
      "alpha_per_seed": {
        "0": 2.0,
        "1": 2.0,
        "2": 0.5
      }
    },
    {
      "arch": "tsae",
      "hook": "l0_ln1",
      "n_seeds": 3,
      "seeds_done": [
        0,
        1,
        2
      ],
      "test_asr_mean": 0.0,
      "test_asr_std": 0.0,
      "test_asr_per_seed": {
        "0": 0.0,
        "1": 0.0,
        "2": 0.0
      },
      "test_dce_mean": 0.0,
      "test_dce_per_seed": {
        "0": 0.0,
        "1": 0.0,
        "2": -0.0
      },
      "f_per_seed": {
        "0": 443,
        "1": 395,
        "2": 317
      },
      "alpha_per_seed": {
        "0": 1.5,
        "1": 1.5,
        "2": 2.0
      }
    },
    {
      "arch": "tsae",
      "hook": "l0_mid",
      "n_seeds": 3,
      "seeds_done": [
        0,
        1,
        2
      ],
      "test_asr_mean": 0.33999999999999997,
      "test_asr_std": 0.24515301344262524,
      "test_asr_per_seed": {
        "0": 0.59,
        "1": 0.1,
        "2": 0.33
      },
      "test_dce_mean": 0.0006666666666666666,
      "test_dce_per_seed": {
        "0": 0.001,
        "1": 0.001,
        "2": 0.0
      },
      "f_per_seed": {
        "0": 965,
        "1": 1326,
        "2": 958
      },
      "alpha_per_seed": {
        "0": 2.0,
        "1": 2.0,
        "2": 2.0
      }
    },
    {
      "arch": "tsae",
      "hook": "l0_post",
      "n_seeds": 3,
      "seeds_done": [
        0,
        1,
        2
      ],
      "test_asr_mean": 0.6566666666666666,
      "test_asr_std": 0.5254839039716948,
      "test_asr_per_seed": {
        "0": 0.97,
        "1": 0.05,
        "2": 0.95
      },
      "test_dce_mean": 0.021333333333333333,
      "test_dce_per_seed": {
        "0": 0.041,
        "1": 0.018,
        "2": 0.005
      },
      "f_per_seed": {
        "0": 1405,
        "1": 594,
        "2": 1134
      },
      "alpha_per_seed": {
        "0": 1.5,
        "1": 2.0,
        "2": 2.0
      }
    },
    {
      "arch": "tsae",
      "hook": "l0_pre",
      "n_seeds": 3,
      "seeds_done": [
        0,
        1,
        2
      ],
      "test_asr_mean": 0.5166666666666666,
      "test_asr_std": 0.2914332399252586,
      "test_asr_per_seed": {
        "0": 0.61,
        "1": 0.19,
        "2": 0.75
      },
      "test_dce_mean": 0.004333333333333333,
      "test_dce_per_seed": {
        "0": 0.006,
        "1": 0.002,
        "2": 0.005
      },
      "f_per_seed": {
        "0": 1493,
        "1": 1493,
        "2": 960
      },
      "alpha_per_seed": {
        "0": 2.0,
        "1": 2.0,
        "2": 2.0
      }
    },
    {
      "arch": "tsae",
      "hook": "l1_ln1",
      "n_seeds": 3,
      "seeds_done": [
        0,
        1,
        2
      ],
      "test_asr_mean": 0.9033333333333333,
      "test_asr_std": 0.07505553499465135,
      "test_asr_per_seed": {
        "0": 0.86,
        "1": 0.99,
        "2": 0.86
      },
      "test_dce_mean": 0.008,
      "test_dce_per_seed": {
        "0": 0.019,
        "1": 0.001,
        "2": 0.004
      },
      "f_per_seed": {
        "0": 359,
        "1": 787,
        "2": 9
      },
      "alpha_per_seed": {
        "0": 1.0,
        "1": 2.0,
        "2": 2.0
      }
    },
    {
      "arch": "txc",
      "hook": "l0_ln1",
      "n_seeds": 3,
      "seeds_done": [
        0,
        1,
        2
      ],
      "test_asr_mean": 0.06666666666666667,
      "test_asr_std": 0.05686240703077327,
      "test_asr_per_seed": {
        "0": 0.02,
        "1": 0.13,
        "2": 0.05
      },
      "test_dce_mean": 0.0,
      "test_dce_per_seed": {
        "0": 0.0,
        "1": 0.0,
        "2": 0.0
      },
      "f_per_seed": {
        "0": 826,
        "1": 1427,
        "2": 755
      },
      "alpha_per_seed": {
        "0": 2.0,
        "1": 2.0,
        "2": 2.0
      }
    },
    {
      "arch": "txc",
      "hook": "l0_mid",
      "n_seeds": 3,
      "seeds_done": [
        0,
        1,
        2
      ],
      "test_asr_mean": 0.9133333333333333,
      "test_asr_std": 0.020816659994661344,
      "test_asr_per_seed": {
        "0": 0.92,
        "1": 0.89,
        "2": 0.93
      },
      "test_dce_mean": 0.0006666666666666666,
      "test_dce_per_seed": {
        "0": 0.001,
        "1": 0.0,
        "2": 0.001
      },
      "f_per_seed": {
        "0": 756,
        "1": 380,
        "2": 1176
      },
      "alpha_per_seed": {
        "0": 2.0,
        "1": 1.5,
        "2": 2.0
      }
    },
    {
      "arch": "txc",
      "hook": "l0_post",
      "n_seeds": 3,
      "seeds_done": [
        0,
        1,
        2
      ],
      "test_asr_mean": 0.7666666666666667,
      "test_asr_std": 0.13316656236958788,
      "test_asr_per_seed": {
        "0": 0.8,
        "1": 0.88,
        "2": 0.62
      },
      "test_dce_mean": 0.004,
      "test_dce_per_seed": {
        "0": 0.0,
        "1": -0.0,
        "2": 0.012
      },