{
  "cells": {
    "tsae_l0_ln1_s0": {
      "feature_idx": 443,
      "alpha": 1.5,
      "n_samples": 64,
      "recovery_mean": 0.3527211757524162,
      "recovery_std": 0.5107945006424737,
      "ce_steered_mean": 0.48029124876484275,
      "ce_poisoned_mean": 0.764937236905098,
      "recoveries": [
        -0.6161419698225474,
        0.25677082297464837,
        -0.9052876317145349,
        0.6310065248232517,
        0.37216270225984893,
        0.44131391810360465,
        0.6889932502683251,
        0.6084397709623477,
        0.7090188242487312,
        0.5359301632975015,
        0.5354403177820619,
        0.6662863341832779,
        0.7505651883243868,
        0.8581123767780521,
        0.730288832119982,
        -0.47608122651087936,
        0.8882700269267655,
        0.9281232954236229,
        0.7147986180476301,
        0.540581756444603,
        0.08113016080436453,
        -0.057394995791327785,
        0.12134979184594441,
        0.4900536118164627,
        0.0,
        -1.7505720498681128,
        -0.07914585412234088,
        -0.09133908582772188,
        0.6000205683123312,
        0.6066361687432796,
        0.11519072002828845,
        0.687949117376385,
        -0.8980251898776626,
        0.5654059488038002,
        0.7450115488108444,
        0.07359156308269788,
        0.5747836507987485,
        -0.014012403378560023,
        0.8706309868106347,
        0.48289466255812497,
        0.15166228065951615,
        -0.5609597106735085,
        0.5675052126099139,
        0.44494079640249007,
        0.5221413093436738,
        0.16384100816929448,
        0.5972713296665416,
        0.3052436684852957,
        0.5265135261872906,
        0.01271499981429669,
        0.3891807334654388,
        0.5752688624542469,
        0.7763424139596216,
        0.673040936299611,
        0.8564825110076942,
        0.4464817832262551,
        0.005635816085582279,
        0.11070356942330639,
        -0.010881177655942764,
        0.29641624018154566,
        0.9155825994413904,
        0.9155825994413904,
        0.9553465621564157,
        0.9553465621564157
      ]
    },
    "tsae_l0_ln1_s1": {
      "feature_idx": 395,
      "alpha": 1.5,
      "n_samples": 64,
      "recovery_mean": 0.4351067713742345,
      "recovery_std": 0.3646202475111338,
      "ce_steered_mean": 0.4223461183719337,
      "ce_poisoned_mean": 0.764937236905098,
      "recoveries": [
        0.20698447461478175,
        -0.5082886276644694,
        -0.02029135392914161,
        0.8743186233540672,
        0.6865407190771433,
        0.6773977447385703,
        0.7120908391845766,
        0.5233259460773205,
        0.6658187209004096,
        0.29780250862340607,
        0.6540259241858426,
        0.8210215682813229,
        0.6517701251786807,
        0.6423487292985597,
        0.13135758091474803,
        0.7125493414448691,
        0.9281232954236229,
        0.9281232954236229,
        0.827409131202953,
        0.9281232954236229,
        0.03412758438493402,
        0.30591529944335105,
        -0.2740826681968327,
        0.2881097995342743,
        -0.00397702505653319,
        0.36795129075076993,
        0.06404724671874251,
        -0.4111896591699711,
        0.23683728386982938,
        0.44929921576265297,
        0.424505594475295,
        0.45730113453261156,
        -0.02630551021314287,
        0.6255545611760996,
        0.08239138413186453,
        0.012177724105850052,
        0.5359642874649475,
        0.5272199900948762,
        0.7415353956048971,
        0.5682329833860986,
        -0.0456865702297653,
        -0.27463188088584456,
        -0.06679718649310828,
        0.26790738912616496,
        0.6959102651248237,
        0.7093878359053021,
        0.5319492042517433,
        0.5675712425190942,
        0.4668629278868194,
        0.4788783166278877,
        0.527743569164668,
        0.6624082959719684,
        0.6958410630812473,
        0.7763424139596216,
        0.7131839936953736,
        0.7902126053503187,
        0.17070218591071828,
        0.39564832802190364,
        0.441432723645084,
        -0.30721492413674034,
        0.9155825994413904,
        0.9155825994413904,
        0.5971442090519431,
        0.8747043669638805
      ]
    },
    "txc_l0_ln1_s0": {
      "feature_idx": 826,
      "alpha": 2.0,
      "n_samples": 64,
      "recovery_mean": -4.5333562102018,
      "recovery_std": 2.1454936869596177,
      "ce_steered_mean": 4.204475020989776,
      "ce_poisoned_mean": 0.764937236905098,
      "recoveries": [
        -4.99591363534569,
        -0.9532548352000296,
        -4.120509406942004,
        -4.5759354522412705,
        -5.2341478799098695,
        -3.914087324912545,
        -4.909839125615268,
        -4.310929467445073,
        -3.165691990161431,
        -2.2837063614412574,
        -3.2062486319637644,
        -3.5905279327663626,
        -3.015818070937887,
        -2.421735461255071,
        -1.476843753606699,
        -5.598126974175449,
        -3.196013649296236,
        -3.239240512717478,
        -3.6895090642713697,
        -4.071831760707109,
        -3.382324331321425,
        -2.863058618630345,
        -0.0620867420939093,
        -0.0620867420939093,
        -7.072779378799419,
        -6.0208673350132,
        -4.184482626844436,
        -4.4850709855365425,
        -8.580384028705474,
        -6.142354909751247,
        -6.49908495663925,
        -7.357939914465405,
        -8.496192330180774,
        -10.627182766465229,
        -10.610664285651392,
        -7.7936566875473865,
        -6.222029265753119,
        -6.065037989361288,
        -4.147991271320948,
        -6.064087097477574,
        0.0,
        -4.8784290069131515,
        -3.4116581222542726,
        -2.737431914797213,
        -3.2686972460299115,
        -4.271675418328513,
        -4.48809007958867,
        -5.529128290179542,
        -3.3514889890305337,
        -3.7477478360934144,
        -5.265067080582949,
        -4.623083791099013,
        -5.618243300850959,
        -5.073758715138785,
        -5.44408766355965,
        -5.800769479448173,
        -3.2197033658134977,
        -3.46489281968718,
        -4.061954179410559,
        -1.7734968186652926,
        -4.952585611352421,
        -3.6860882130361015,
        -6.225255799928509,
        -6.532190156562751
      ]
    },
    "txc_l0_ln1_s1": {
      "feature_idx": 1427,
      "alpha": 2.0,
      "n_samples": 64,
      "recovery_mean": -3.0207515993825322,
      "recovery_std": 3.0764826710672066,
      "ce_steered_mean": 3.071033940417692,
      "ce_poisoned_mean": 0.764937236905098,