{"_runtime":7.481156773,"mean_max_cos_sim":0.26708507537841797,"recovery_80":0,"l0":5,"_wandb":{"runtime":7},"recovery_90":0,"loss":0.5262764692306519,"auc":0.2677551020408163,"_step":999,"window_l0":10,"step":999,"_timestamp":1.7739831611730936e+09}