{"_timestamp":1.7740044380285282e+09,"loss":0.4989762604236603,"step":64999,"l0":20,"_step":64999,"recovery_80":0.78125,"mean_max_cos_sim":0.9108752608299255,"recovery_90":0.71875,"window_l0":20,"auc":0.9089566929133858,"_runtime":320.557284663,"_wandb":{"runtime":320}}