{
  "sweep_value": 0.05,
  "window_size": 5,
  "d_in_single": 64,
  "d_in_window": 320,
  "samples_per_seq_single": 128,
  "samples_per_seq_window": 124,
  "single_position": {
    "mean_r2": -0.00732774020715025,
    "per_component_r2": [
      -0.008673708111823775,
      -0.006284190015188651,
      -0.007025322494438324
    ]
  },
  "window": {
    "mean_r2": -0.017709376867996268,
    "per_component_r2": [
      -0.020591479429878268,
      -0.014338401206928975,
      -0.018198249967181557
    ]
  }
}