{
  "sweep_value": 0.05,
  "window_size": 10,
  "d_in_single": 64,
  "d_in_window": 640,
  "samples_per_seq_single": 128,
  "samples_per_seq_window": 119,
  "single_position": {
    "mean_r2": -0.00732774020715025,
    "per_component_r2": [
      -0.008673708111823775,
      -0.006284190015188651,
      -0.007025322494438324
    ]
  },
  "window": {
    "mean_r2": -0.026857685457810643,
    "per_component_r2": [
      -0.02901286698654193,
      -0.024240502803319686,
      -0.027319686583570313
    ]
  }
}