{
  "sweep_value": 0.05,
  "window_size": 30,
  "d_in_single": 64,
  "d_in_window": 1920,
  "samples_per_seq_single": 128,
  "samples_per_seq_window": 99,
  "single_position": {
    "mean_r2": -0.00732774020715025,
    "per_component_r2": [
      -0.008673708111823775,
      -0.006284190015188651,
      -0.007025322494438324
    ]
  },
  "window": {
    "mean_r2": -0.06247060800394899,
    "per_component_r2": [
      -0.06694596998669566,
      -0.06980593710675032,
      -0.05065991691840099
    ]
  }
}