{"_wandb":{"runtime":7},"step":999,"l0":10,"auc":0.26693877551020406,"mean_max_cos_sim":0.2668326795101166,"_runtime":7.520594344,"window_l0":20,"_step":999,"loss":1.53303861618042,"recovery_90":0,"recovery_80":0,"_timestamp":1.7739829799194098e+09}