{"_timestamp":1.7740004284460309e+09,"_wandb":{"runtime":470},"mean_max_cos_sim":0.6864545941352844,"auc":0.686761811023622,"loss":4.122139930725098,"_step":64999,"l0":2,"recovery_90":0,"_runtime":470.26143014,"window_l0":4,"step":64999,"recovery_80":0.0078125}