{"recovery_80":0.09999999403953552,"mean_max_cos_sim":0.501550018787384,"_timestamp":1.772670204337284e+09,"auc":0.5028571428571428,"_runtime":88.457516959,"_step":39999,"step":39999,"recovery_90":0.05999999865889549,"loss":2.1609530448913574,"_wandb":{"runtime":88}}