{"auc":0.5516117125984251,"mean_max_cos_sim":0.5518706440925598,"_timestamp":1.773993868823418e+09,"recovery_80":0.1015625,"loss":2.908071279525757,"_runtime":309.186986385,"_step":64999,"recovery_90":0.0546875,"l0":104,"step":64999,"window_l0":104,"_wandb":{"runtime":309}}