{"step":39999,"recovery_90":0,"_step":39999,"loss":2.0059940814971924,"auc":0.27202020202020205,"_timestamp":1.7726670570687628e+09,"_wandb":{"runtime":75},"_runtime":75.847484777,"recovery_80":0,"mean_max_cos_sim":0.2714940309524536}