{"l0":25,"_step":64999,"window_l0":50,"recovery_80":0.0078125,"_wandb":{"runtime":466},"auc":0.640501968503937,"loss":0.038634493947029114,"mean_max_cos_sim":0.6406822204589844,"recovery_90":0,"_runtime":466.848966749,"step":64999,"_timestamp":1.7739943381335614e+09}