{"_wandb":{"runtime":156},"_timestamp":1.7726744798421173e+09,"auc":0.47673469387755096,"step":79999,"loss":8.485089302062988,"recovery_80":0,"_runtime":156.538695667,"_step":79999,"mean_max_cos_sim":0.4756685793399811,"recovery_90":0}