{"_timestamp":1.773984592139303e+09,"mean_max_cos_sim":0.1817087084054947,"_runtime":4.404475106,"window_l0":4,"_wandb":{"runtime":4},"recovery_90":0,"recovery_80":0,"l0":4,"auc":0.18196358267716534,"loss":6.626920700073242,"_step":999,"step":999}