{"_wandb":{"runtime":4},"_runtime":4.212853379,"mean_max_cos_sim":0.21612825989723206,"_timestamp":1.7739846277936614e+09,"auc":0.2157972440944882,"loss":5.507399559020996,"recovery_80":0,"window_l0":34,"recovery_90":0,"l0":34,"_step":999,"step":999}