{"_wandb":{"runtime":5},"_runtime":5.163181892,"_step":999,"l0":10,"recovery_80":0,"_timestamp":1.7739845755826395e+09,"mean_max_cos_sim":0.19535213708877563,"loss":6.472548961639404,"window_l0":10,"auc":0.19555856299212598,"step":999,"recovery_90":0}