{"window_l0":16,"_runtime":5.278217316,"mean_max_cos_sim":0.19055041670799255,"auc":0.1906988188976378,"recovery_80":0,"_wandb":{"runtime":5},"_timestamp":1.7739844951753173e+09,"l0":16,"_step":999,"recovery_90":0,"loss":6.023947715759277,"step":999}