[grid] 198 cells, max_workers=24
[1/198     19s] batchtopk_sae/T1/d20/k1/s1/untrained       mode=0.489 tss=-0.003 cp=0.000 (cache t=True e=True)
[2/198     23s] tsae/T1/d20/k1/s1/untrained                mode=0.489 tss=-0.003 cp=0.000 (cache t=True e=True)
[3/198     81s] stacked_batchtopk/T4/d20/k1/s1/untrained   mode=0.646 tss=-0.001 cp=0.001 (cache t=False e=False)
[4/198     87s] stacked_batchtopk/T2/d20/k1/s1/untrained   mode=0.620 tss=-0.007 cp=0.002 (cache t=False e=False)
[5/198    585s] batchtopk_sae/T1/d8/k1/s1/trained          mode=0.999 tss=-0.010 cp=0.000 (cache t=False e=False)
[6/198    591s] stacked_batchtopk/T8/d20/k1/s1/untrained   mode=0.522 tss=-0.020 cp=0.012 (cache t=False e=False)
[7/198    591s] stacked_batchtopk/T8/d8/k1/s1/trained      mode=0.999 tss=-0.018 cp=0.001 (cache t=False e=False)
[8/198    599s] stacked_batchtopk/T4/d8/k1/s1/trained      mode=0.999 tss=0.005 cp=0.001 (cache t=False e=False)
[9/198    608s] stacked_batchtopk/T2/d8/k1/s1/trained      mode=0.989 tss=-0.002 cp=0.000 (cache t=False e=False)
[10/198    621s] batchtopk_sae/T1/d16/k1/s1/trained         mode=0.919 tss=-0.005 cp=-0.000 (cache t=False e=False)
[11/198    640s] batchtopk_sae/T1/d20/k1/s1/trained         mode=0.907 tss=-0.000 cp=0.001 (cache t=False e=False)
[12/198    648s] txc_batchtopk_pre/T2/d20/k1/s1/untrained   mode=0.534 tss=-0.004 cp=-0.000 (cache t=False e=False)
[13/198    660s] stacked_batchtopk/T8/d16/k1/s1/trained     mode=0.999 tss=-0.017 cp=0.015 (cache t=False e=False)
[14/198    664s] stacked_batchtopk/T4/d16/k1/s1/trained     mode=0.967 tss=0.004 cp=0.005 (cache t=False e=False)
[15/198    691s] stacked_batchtopk/T4/d20/k1/s1/trained     mode=0.966 tss=0.014 cp=-0.001 (cache t=False e=False)
[16/198    693s] stacked_batchtopk/T2/d16/k1/s1/trained     mode=0.945 tss=0.006 cp=0.001 (cache t=False e=False)
[17/198    713s] stacked_batchtopk/T4/d20/k2/s1/trained     mode=0.982 tss=-0.016 cp=0.007 (cache t=False e=False)
[18/198    719s] txc_batchtopk_pre/T4/d20/k1/s1/untrained   mode=0.432 tss=-0.012 cp=-0.005 (cache t=False e=False)
[19/198    746s] stacked_batchtopk/T2/d20/k1/s1/trained     mode=0.936 tss=-0.002 cp=0.000 (cache t=False e=False)
[20/198    771s] batchtopk_sae/T1/d20/k2/s1/trained         mode=0.977 tss=-0.008 cp=0.000 (cache t=False e=False)
[21/198    772s] stacked_batchtopk/T8/d20/k1/s1/trained     mode=0.966 tss=-0.013 cp=0.001 (cache t=False e=False)
[22/198    773s] batchtopk_sae/T1/d40/k1/s1/trained         mode=0.886 tss=0.004 cp=0.001 (cache t=False e=False)
[23/198    803s] stacked_batchtopk/T2/d20/k2/s1/trained     mode=0.984 tss=-0.010 cp=0.000 (cache t=False e=False)
[24/198    808s] txc_batchtopk_pre/T8/d20/k1/s1/untrained   mode=0.349 tss=0.009 cp=-0.000 (cache t=False e=False)
[25/198    854s] stacked_batchtopk/T2/d40/k1/s1/trained     mode=0.920 tss=0.010 cp=0.003 (cache t=False e=False)
[26/198    855s] stacked_batchtopk/T4/d40/k1/s1/trained     mode=0.963 tss=0.006 cp=0.004 (cache t=False e=False)
[27/198    920s] stacked_batchtopk/T8/d40/k1/s1/trained     mode=0.964 tss=-0.021 cp=-0.003 (cache t=False e=False)
[28/198   1137s] txc_batchtopk_pre/T2/d8/k1/s1/trained      mode=0.778 tss=-0.001 cp=0.000 (cache t=False e=False)
[29/198   1182s] txc_batchtopk_pre/T4/d8/k1/s1/trained      mode=0.495 tss=0.003 cp=0.000 (cache t=False e=False)
[30/198   1184s] txc_batchtopk_pre/T2/d16/k1/s1/trained     mode=0.999 tss=-0.004 cp=0.000 (cache t=False e=False)
[31/198   1191s] txc_batchtopk_post/T2/d20/k1/s1/untrained  mode=0.383 tss=0.238 cp=0.239 (cache t=False e=False)
[32/198   1246s] txc_batchtopk_pre/T2/d20/k1/s1/trained     mode=0.968 tss=-0.006 cp=0.000 (cache t=False e=False)
[33/198   1261s] txc_batchtopk_pre/T4/d16/k1/s1/trained     mode=0.709 tss=0.009 cp=0.002 (cache t=False e=False)
[34/198   1294s] txc_batchtopk_pre/T8/d8/k1/s1/trained      mode=0.209 tss=-0.026 cp=0.000 (cache t=False e=False)
[35/198   1312s] txc_batchtopk_pre/T2/d20/k2/s1/trained     mode=0.999 tss=0.000 cp=0.000 (cache t=False e=False)
[36/198   1318s] txc_batchtopk_post/T4/d20/k1/s1/untrained  mode=0.249 tss=0.136 cp=0.056 (cache t=False e=False)
[37/198   1350s] stacked_batchtopk/T8/d20/k2/s1/trained     mode=0.980 tss=-0.012 cp=0.013 (cache t=False e=False)
[38/198   1353s] txc_batchtopk_post/T2/d8/k1/s1/trained     mode=0.676 tss=0.163 cp=0.029 (cache t=False e=False)
[39/198   1378s] txc_batchtopk_pre/T4/d20/k2/s1/trained     mode=0.991 tss=0.009 cp=-0.002 (cache t=False e=False)
[40/198   1381s] txc_batchtopk_pre/T4/d20/k1/s1/trained     mode=0.900 tss=0.008 cp=-0.000 (cache t=False e=False)
[41/198   1383s] txc_batchtopk_pre/T2/d40/k1/s1/trained     mode=0.935 tss=0.001 cp=0.001 (cache t=False e=False)
[42/198   1387s] txc_batchtopk_post/T8/d20/k1/s1/untrained  mode=0.142 tss=0.044 cp=0.008 (cache t=False e=False)
[43/198   1389s] txc_batchtopk_pre/T8/d16/k1/s1/trained     mode=0.431 tss=-0.036 cp=0.001 (cache t=False e=False)
[44/198   1399s] txc_batchtopk_pre/T8/d20/k1/s1/trained     mode=0.573 tss=-0.032 cp=0.011 (cache t=False e=False)
[45/198   1426s] txc_batchtopk_post/T2/d16/k1/s1/trained    mode=0.712 tss=0.508 cp=0.689 (cache t=False e=False)
[46/198   1481s] txc_batchtopk_pre/T8/d20/k2/s1/trained     mode=0.633 tss=-0.027 cp=0.009 (cache t=False e=False)
[47/198   1488s] txc_batchtopk_post/T2/d20/k1/s1/trained    mode=0.691 tss=0.682 cp=0.917 (cache t=False e=False)
[48/198   1504s] batchtopk_sae/T1/d20/k1/s2/untrained       mode=0.455 tss=0.003 cp=-0.000 (cache t=False e=False)
[49/198   1517s] txc_batchtopk_pre/T8/d40/k1/s1/trained     mode=0.861 tss=-0.022 cp=-0.006 (cache t=False e=False)
[50/198   1521s] txc_batchtopk_pre/T4/d40/k1/s1/trained     mode=0.993 tss=0.003 cp=0.011 (cache t=False e=False)
[51/198   1650s] txc_batchtopk_post/T4/d8/k1/s1/trained     mode=0.287 tss=0.217 cp=0.173 (cache t=False e=False)
[52/198   1731s] txc_batchtopk_post/T2/d20/k2/s1/trained    mode=0.977 tss=0.003 cp=0.003 (cache t=False e=False)
[53/198   1736s] txc_batchtopk_post/T4/d16/k1/s1/trained    mode=0.453 tss=0.479 cp=0.499 (cache t=False e=False)
[54/198   1751s] tsae/T1/d20/k1/s2/untrained                mode=0.455 tss=0.003 cp=-0.000 (cache t=False e=False)
[55/198   1789s] txc_batchtopk_post/T8/d8/k1/s1/trained     mode=0.130 tss=0.131 cp=0.041 (cache t=False e=False)
[56/198   1817s] txc_batchtopk_post/T4/d20/k2/s1/trained    mode=0.630 tss=0.230 cp=0.135 (cache t=False e=False)
[57/198   1848s] txc_batchtopk_post/T8/d16/k1/s1/trained    mode=0.255 tss=0.431 cp=0.284 (cache t=False e=False)
[58/198   1872s] batchtopk_sae/T1/d8/k1/s2/trained          mode=1.000 tss=-0.014 cp=0.000 (cache t=False e=False)
[59/198   1890s] txc_batchtopk_post/T8/d20/k1/s1/trained    mode=0.265 tss=0.523 cp=0.371 (cache t=False e=False)
[60/198   1902s] stacked_batchtopk/T2/d20/k1/s2/untrained   mode=0.525 tss=0.004 cp=0.002 (cache t=False e=False)
[61/198   1922s] batchtopk_sae/T1/d16/k1/s2/trained         mode=0.920 tss=-0.014 cp=0.000 (cache t=False e=False)
[62/198   1937s] txc_batchtopk_post/T8/d20/k2/s1/trained    mode=0.395 tss=0.285 cp=0.263 (cache t=False e=False)
[63/198   1937s] txc_batchtopk_post/T4/d20/k1/s1/trained    mode=0.486 tss=0.634 cp=0.790 (cache t=False e=False)
[64/198   1942s] txc_batchtopk_post/T2/d40/k1/s1/trained    mode=0.732 tss=0.702 cp=0.919 (cache t=False e=False)
[65/198   1951s] txc_batchtopk_post/T4/d40/k1/s1/trained    mode=0.477 tss=0.610 cp=0.749 (cache t=False e=False)
[66/198   1965s] stacked_batchtopk/T4/d20/k1/s2/untrained   mode=0.610 tss=0.004 cp=0.005 (cache t=False e=False)
[67/198   1981s] batchtopk_sae/T1/d20/k1/s2/trained         mode=0.907 tss=-0.007 cp=-0.000 (cache t=False e=False)
[68/198   2040s] txc_batchtopk_post/T8/d40/k1/s1/trained    mode=0.260 tss=0.652 cp=0.524 (cache t=False e=False)
[69/198   2063s] batchtopk_sae/T1/d20/k2/s2/trained         mode=0.976 tss=-0.012 cp=-0.000 (cache t=False e=False)
[70/198   2188s] batchtopk_sae/T1/d40/k1/s2/trained         mode=0.882 tss=-0.012 cp=0.001 (cache t=False e=False)
[71/198   2322s] stacked_batchtopk/T2/d8/k1/s2/trained      mode=1.000 tss=-0.017 cp=0.000 (cache t=False e=False)
[72/198   2331s] stacked_batchtopk/T8/d20/k1/s2/untrained   mode=0.488 tss=-0.000 cp=0.007 (cache t=False e=False)
[73/198   2456s] stacked_batchtopk/T4/d8/k1/s2/trained      mode=0.999 tss=-0.010 cp=-0.001 (cache t=False e=False)
[74/198   2490s] stacked_batchtopk/T8/d8/k1/s2/trained      mode=0.999 tss=-0.001 cp=0.002 (cache t=False e=False)
[75/198   2526s] stacked_batchtopk/T4/d16/k1/s2/trained     mode=0.966 tss=0.001 cp=-0.010 (cache t=False e=False)
[76/198   2569s] stacked_batchtopk/T4/d20/k1/s2/trained     mode=0.965 tss=-0.010 cp=-0.004 (cache t=False e=False)
[77/198   2591s] stacked_batchtopk/T2/d20/k2/s2/trained     mode=0.983 tss=-0.007 cp=-0.000 (cache t=False e=False)
[78/198   2600s] txc_batchtopk_pre/T2/d20/k1/s2/untrained   mode=0.508 tss=0.007 cp=0.000 (cache t=False e=False)
[79/198   2610s] stacked_batchtopk/T2/d20/k1/s2/trained     mode=0.936 tss=-0.010 cp=-0.002 (cache t=False e=False)
[80/198   2635s] stacked_batchtopk/T4/d20/k2/s2/trained     mode=0.983 tss=-0.014 cp=-0.002 (cache t=False e=False)
[81/198   2638s] stacked_batchtopk/T2/d40/k1/s2/trained     mode=0.921 tss=-0.002 cp=0.001 (cache t=False e=False)
[82/198   2641s] stacked_batchtopk/T2/d16/k1/s2/trained     mode=0.944 tss=-0.010 cp=-0.001 (cache t=False e=False)
[83/198   2647s] stacked_batchtopk/T8/d16/k1/s2/trained     mode=0.955 tss=-0.013 cp=-0.016 (cache t=False e=False)
[84/198   2652s] txc_batchtopk_pre/T4/d20/k1/s2/untrained   mode=0.400 tss=0.003 cp=0.000 (cache t=False e=False)
[85/198   2699s] stacked_batchtopk/T8/d20/k1/s2/trained     mode=1.000 tss=-0.002 cp=0.007 (cache t=False e=False)
[86/198   2723s] stacked_batchtopk/T4/d40/k1/s2/trained     mode=0.963 tss=-0.011 cp=-0.006 (cache t=False e=False)
[87/198   2998s] txc_batchtopk_pre/T2/d8/k1/s2/trained      mode=0.820 tss=-0.021 cp=0.000 (cache t=False e=False)
[88/198   3025s] stacked_batchtopk/T8/d40/k1/s2/trained     mode=0.960 tss=-0.016 cp=-0.014 (cache t=False e=False)
[89/198   3044s] txc_batchtopk_pre/T2/d16/k1/s2/trained     mode=1.000 tss=-0.020 cp=0.000 (cache t=False e=False)
[90/198   3049s] txc_batchtopk_pre/T8/d20/k1/s2/untrained   mode=0.349 tss=-0.013 cp=-0.003 (cache t=False e=False)
[91/198   3051s] stacked_batchtopk/T8/d20/k2/s2/trained     mode=0.984 tss=-0.002 cp=-0.000 (cache t=False e=False)
[92/198   3122s] txc_batchtopk_pre/T4/d8/k1/s2/trained      mode=0.430 tss=-0.018 cp=0.000 (cache t=False e=False)
[93/198   3167s] txc_batchtopk_pre/T2/d20/k1/s2/trained     mode=1.000 tss=-0.008 cp=0.000 (cache t=False e=False)
[94/198   3207s] txc_batchtopk_pre/T2/d20/k2/s2/trained     mode=1.000 tss=-0.012 cp=0.000 (cache t=False e=False)
[95/198   3236s] txc_batchtopk_pre/T4/d20/k1/s2/trained     mode=0.922 tss=-0.002 cp=-0.000 (cache t=False e=False)
[96/198   3245s] txc_batchtopk_post/T2/d20/k1/s2/untrained  mode=0.384 tss=0.186 cp=0.135 (cache t=False e=False)
[97/198   3248s] txc_batchtopk_pre/T8/d8/k1/s2/trained      mode=0.177 tss=0.007 cp=0.000 (cache t=False e=False)
[98/198   3256s] txc_batchtopk_pre/T4/d16/k1/s2/trained     mode=0.842 tss=-0.000 cp=0.000 (cache t=False e=False)
[99/198   3281s] txc_batchtopk_pre/T4/d20/k2/s2/trained     mode=0.981 tss=-0.002 cp=-0.003 (cache t=False e=False)
[100/198   3387s] txc_batchtopk_pre/T4/d40/k1/s2/trained     mode=0.962 tss=-0.013 cp=-0.007 (cache t=False e=False)
[101/198   3406s] txc_batchtopk_pre/T2/d40/k1/s2/trained     mode=0.933 tss=-0.010 cp=-0.002 (cache t=False e=False)
[102/198   3412s] txc_batchtopk_post/T4/d20/k1/s2/untrained  mode=0.240 tss=0.109 cp=0.068 (cache t=False e=False)
[103/198   3476s] txc_batchtopk_pre/T8/d16/k1/s2/trained     mode=0.471 tss=-0.012 cp=0.002 (cache t=False e=False)
[104/198   3599s] txc_batchtopk_pre/T8/d20/k1/s2/trained     mode=0.611 tss=0.007 cp=0.000 (cache t=False e=False)
[105/198   3616s] txc_batchtopk_post/T2/d8/k1/s2/trained     mode=0.791 tss=0.165 cp=0.091 (cache t=False e=False)
[106/198   3692s] txc_batchtopk_pre/T8/d20/k2/s2/trained     mode=0.587 tss=-0.001 cp=0.002 (cache t=False e=False)
[107/198   3706s] txc_batchtopk_post/T2/d16/k1/s2/trained    mode=0.694 tss=0.608 cp=0.819 (cache t=False e=False)
[108/198   3712s] txc_batchtopk_post/T8/d20/k1/s2/untrained  mode=0.173 tss=0.102 cp=0.022 (cache t=False e=False)
[109/198   3731s] txc_batchtopk_post/T4/d8/k1/s2/trained     mode=0.279 tss=0.226 cp=0.195 (cache t=False e=False)
[110/198   3760s] txc_batchtopk_post/T4/d16/k1/s2/trained    mode=0.458 tss=0.502 cp=0.599 (cache t=False e=False)
[111/198   3802s] txc_batchtopk_post/T2/d20/k1/s2/trained    mode=0.695 tss=0.693 cp=0.928 (cache t=False e=False)
[112/198   3812s] txc_batchtopk_post/T4/d20/k1/s2/trained    mode=0.432 tss=0.611 cp=0.797 (cache t=False e=False)
[113/198   3950s] txc_batchtopk_post/T8/d8/k1/s2/trained     mode=0.134 tss=0.114 cp=0.039 (cache t=False e=False)
[114/198   3968s] batchtopk_sae/T1/d20/k1/s42/untrained      mode=0.541 tss=-0.002 cp=0.000 (cache t=False e=False)
[115/198   3997s] txc_batchtopk_post/T2/d20/k2/s2/trained    mode=0.975 tss=-0.011 cp=0.000 (cache t=False e=False)
[116/198   4014s] txc_batchtopk_post/T2/d40/k1/s2/trained    mode=0.689 tss=0.697 cp=0.915 (cache t=False e=False)
[117/198   4039s] tsae/T1/d8/k1/s1/trained                   mode=0.993 tss=-0.012 cp=0.000 (cache t=False e=False)
[118/198   4041s] tsae/T1/d20/k1/s1/trained                  mode=0.920 tss=0.003 cp=0.000 (cache t=False e=False)
[119/198   4075s] txc_batchtopk_post/T8/d16/k1/s2/trained    mode=0.214 tss=0.376 cp=0.231 (cache t=False e=False)
[120/198   4081s] tsae/T1/d16/k1/s1/trained                  mode=0.929 tss=-0.007 cp=-0.001 (cache t=False e=False)
[121/198   4087s] tsae/T1/d20/k2/s1/trained                  mode=0.986 tss=-0.009 cp=0.000 (cache t=False e=False)
[122/198   4092s] tsae/T1/d20/k1/s42/untrained               mode=0.541 tss=-0.002 cp=0.000 (cache t=False e=False)
[123/198   4126s] txc_batchtopk_post/T4/d40/k1/s2/trained    mode=0.418 tss=0.614 cp=0.752 (cache t=False e=False)
[124/198   4132s] txc_batchtopk_post/T4/d20/k2/s2/trained    mode=0.640 tss=0.208 cp=0.174 (cache t=False e=False)
[125/198   4150s] tsae/T1/d40/k1/s1/trained                  mode=0.896 tss=0.000 cp=0.001 (cache t=False e=False)
[126/198   4153s] txc_batchtopk_post/T8/d20/k1/s2/trained    mode=0.253 tss=0.539 cp=0.393 (cache t=False e=False)
[127/198   4163s] stacked_batchtopk/T2/d20/k1/s42/untrained  mode=0.507 tss=0.002 cp=-0.001 (cache t=False e=False)
[128/198   4198s] txc_batchtopk_pre/T8/d40/k1/s2/trained     mode=0.960 tss=0.004 cp=-0.004 (cache t=False e=False)
[129/198   4226s] batchtopk_sae/T1/d8/k1/s42/trained         mode=0.999 tss=-0.006 cp=0.000 (cache t=False e=False)
[130/198   4273s] batchtopk_sae/T1/d16/k1/s42/trained        mode=0.922 tss=-0.010 cp=0.000 (cache t=False e=False)
[131/198   4274s] txc_batchtopk_post/T8/d40/k1/s2/trained    mode=0.272 tss=0.637 cp=0.577 (cache t=False e=False)
[132/198   4285s] stacked_batchtopk/T4/d20/k1/s42/untrained  mode=0.603 tss=-0.006 cp=-0.006 (cache t=False e=False)
[133/198   4323s] txc_batchtopk_post/T8/d20/k2/s2/trained    mode=0.434 tss=0.249 cp=0.278 (cache t=False e=False)
[134/198   4364s] batchtopk_sae/T1/d20/k1/s42/trained        mode=0.909 tss=-0.006 cp=-0.001 (cache t=False e=False)
[135/198   4498s] batchtopk_sae/T1/d40/k1/s42/trained        mode=0.887 tss=-0.001 cp=0.003 (cache t=False e=False)
[136/198   4544s] batchtopk_sae/T1/d20/k2/s42/trained        mode=0.977 tss=-0.005 cp=0.000 (cache t=False e=False)
[137/198   4572s] stacked_batchtopk/T2/d8/k1/s42/trained     mode=0.999 tss=-0.018 cp=0.000 (cache t=False e=False)
[138/198   4581s] stacked_batchtopk/T8/d20/k1/s42/untrained  mode=0.510 tss=-0.026 cp=-0.021 (cache t=False e=False)
[139/198   4697s] stacked_batchtopk/T4/d8/k1/s42/trained     mode=0.999 tss=-0.028 cp=-0.003 (cache t=False e=False)
[140/198   4722s] stacked_batchtopk/T2/d16/k1/s42/trained    mode=0.948 tss=-0.022 cp=-0.000 (cache t=False e=False)
[141/198   4785s] stacked_batchtopk/T4/d16/k1/s42/trained    mode=0.974 tss=-0.026 cp=-0.001 (cache t=False e=False)
[142/198   4788s] stacked_batchtopk/T2/d20/k2/s42/trained    mode=0.985 tss=-0.022 cp=-0.000 (cache t=False e=False)
[143/198   4888s] stacked_batchtopk/T4/d20/k1/s42/trained    mode=0.971 tss=-0.030 cp=-0.004 (cache t=False e=False)
[144/198   4896s] stacked_batchtopk/T2/d20/k1/s42/trained    mode=0.941 tss=-0.013 cp=-0.002 (cache t=False e=False)
[145/198   4897s] txc_batchtopk_pre/T2/d20/k1/s42/untrained  mode=0.430 tss=-0.006 cp=0.000 (cache t=False e=False)
[146/198   4939s] stacked_batchtopk/T8/d8/k1/s42/trained     mode=0.997 tss=-0.019 cp=-0.004 (cache t=False e=False)
[147/198   4940s] stacked_batchtopk/T2/d40/k1/s42/trained    mode=0.921 tss=-0.010 cp=0.006 (cache t=False e=False)
[148/198   4968s] stacked_batchtopk/T8/d16/k1/s42/trained    mode=0.967 tss=-0.023 cp=-0.016 (cache t=False e=False)
[149/198   5042s] stacked_batchtopk/T4/d20/k2/s42/trained    mode=0.984 tss=-0.024 cp=-0.005 (cache t=False e=False)
[150/198   5044s] stacked_batchtopk/T4/d40/k1/s42/trained    mode=0.971 tss=-0.024 cp=0.002 (cache t=False e=False)
[151/198   5048s] txc_batchtopk_pre/T4/d20/k1/s42/untrained  mode=0.297 tss=-0.013 cp=0.001 (cache t=False e=False)
[152/198   5209s] stacked_batchtopk/T8/d20/k1/s42/trained    mode=0.967 tss=-0.021 cp=-0.012 (cache t=False e=False)
[153/198   5246s] stacked_batchtopk/T8/d20/k2/s42/trained    mode=0.984 tss=-0.026 cp=-0.021 (cache t=False e=False)
[154/198   5257s] txc_batchtopk_pre/T2/d8/k1/s42/trained     mode=0.862 tss=-0.016 cp=0.000 (cache t=False e=False)
[155/198   5334s] txc_batchtopk_pre/T2/d16/k1/s42/trained    mode=0.989 tss=-0.016 cp=0.000 (cache t=False e=False)
[156/198   5340s] txc_batchtopk_pre/T8/d20/k1/s42/untrained  mode=0.272 tss=-0.009 cp=0.003 (cache t=False e=False)
[157/198   5357s] stacked_batchtopk/T8/d40/k1/s42/trained    mode=0.964 tss=-0.022 cp=-0.018 (cache t=False e=False)
[158/198   5418s] tsae/T1/d8/k1/s2/trained                   mode=0.999 tss=-0.006 cp=0.000 (cache t=False e=False)
[159/198   5428s] tsae/T1/d16/k1/s2/trained                  mode=0.930 tss=-0.012 cp=0.000 (cache t=False e=False)
[160/198   5444s] txc_batchtopk_pre/T2/d20/k1/s42/trained    mode=0.970 tss=-0.014 cp=0.001 (cache t=False e=False)
[161/198   5469s] txc_batchtopk_pre/T4/d8/k1/s42/trained     mode=0.474 tss=-0.028 cp=0.000 (cache t=False e=False)
[162/198   5480s] txc_batchtopk_post/T2/d20/k1/s42/untrained mode=0.345 tss=0.182 cp=0.106 (cache t=False e=False)
[163/198   5494s] txc_batchtopk_pre/T2/d20/k2/s42/trained    mode=0.999 tss=-0.017 cp=0.000 (cache t=False e=False)
[164/198   5523s] txc_batchtopk_pre/T4/d16/k1/s42/trained    mode=0.784 tss=-0.030 cp=0.000 (cache t=False e=False)
[165/198   5548s] txc_batchtopk_pre/T4/d20/k1/s42/trained    mode=0.879 tss=-0.022 cp=0.000 (cache t=False e=False)
[166/198   5586s] txc_batchtopk_pre/T8/d8/k1/s42/trained     mode=0.212 tss=0.000 cp=0.001 (cache t=False e=False)
[167/198   5590s] txc_batchtopk_pre/T2/d40/k1/s42/trained    mode=0.939 tss=-0.020 cp=0.003 (cache t=False e=False)
[168/198   5596s] txc_batchtopk_post/T4/d20/k1/s42/untrained mode=0.216 tss=0.097 cp=0.013 (cache t=False e=False)
[169/198   5681s] txc_batchtopk_pre/T4/d20/k2/s42/trained    mode=0.989 tss=-0.031 cp=-0.000 (cache t=False e=False)
[170/198   5682s] tsae/T1/d20/k1/s2/trained                  mode=0.925 tss=-0.009 cp=0.000 (cache t=False e=False)
[171/198   5742s] txc_batchtopk_pre/T4/d40/k1/s42/trained    mode=0.968 tss=-0.033 cp=0.000 (cache t=False e=False)
[172/198   5811s] txc_batchtopk_pre/T8/d16/k1/s42/trained    mode=0.404 tss=-0.013 cp=0.000 (cache t=False e=False)
[173/198   5884s] txc_batchtopk_pre/T8/d20/k1/s42/trained    mode=0.435 tss=-0.018 cp=0.001 (cache t=False e=False)
[174/198   5890s] txc_batchtopk_post/T8/d20/k1/s42/untrained mode=0.113 tss=0.105 cp=0.005 (cache t=False e=False)
[175/198   5917s] txc_batchtopk_post/T2/d8/k1/s42/trained    mode=0.773 tss=0.141 cp=0.031 (cache t=False e=False)
[176/198   5963s] tsae/T1/d20/k2/s2/trained                  mode=0.984 tss=-0.014 cp=0.000 (cache t=False e=False)
[177/198   5983s] txc_batchtopk_post/T4/d8/k1/s42/trained    mode=0.437 tss=0.171 cp=0.097 (cache t=False e=False)
[178/198   5994s] txc_batchtopk_post/T2/d16/k1/s42/trained   mode=0.747 tss=0.568 cp=0.793 (cache t=False e=False)
[179/198   5999s] txc_batchtopk_pre/T8/d20/k2/s42/trained    mode=0.592 tss=-0.004 cp=0.001 (cache t=False e=False)
[180/198   6025s] txc_batchtopk_post/T2/d20/k1/s42/trained   mode=0.633 tss=0.603 cp=0.842 (cache t=False e=False)
[181/198   6030s] txc_batchtopk_post/T4/d16/k1/s42/trained   mode=0.492 tss=0.527 cp=0.685 (cache t=False e=False)
[182/198   6044s] tsae/T1/d40/k1/s2/trained                  mode=0.894 tss=-0.006 cp=-0.002 (cache t=False e=False)
[183/198   6061s] txc_batchtopk_post/T4/d20/k1/s42/trained   mode=0.451 tss=0.550 cp=0.672 (cache t=False e=False)
[184/198   6063s] txc_batchtopk_pre/T8/d40/k1/s42/trained    mode=0.990 tss=-0.011 cp=-0.007 (cache t=False e=False)
[185/198   6064s] txc_batchtopk_post/T2/d20/k2/s42/trained   mode=0.970 tss=-0.017 cp=-0.000 (cache t=False e=False)
[186/198   6071s] txc_batchtopk_post/T4/d20/k2/s42/trained   mode=0.697 tss=0.162 cp=0.053 (cache t=False e=False)
[187/198   6076s] txc_batchtopk_post/T8/d8/k1/s42/trained    mode=0.121 tss=0.149 cp=0.026 (cache t=False e=False)
[188/198   6093s] txc_batchtopk_post/T8/d16/k1/s42/trained   mode=0.216 tss=0.391 cp=0.243 (cache t=False e=False)
[189/198   6101s] txc_batchtopk_post/T4/d40/k1/s42/trained   mode=0.480 tss=0.562 cp=0.720 (cache t=False e=False)
[190/198   6123s] txc_batchtopk_post/T8/d20/k1/s42/trained   mode=0.252 tss=0.502 cp=0.355 (cache t=False e=False)
[191/198   6131s] txc_batchtopk_post/T2/d40/k1/s42/trained   mode=0.693 tss=0.684 cp=0.918 (cache t=False e=False)
[192/198   6146s] txc_batchtopk_post/T8/d20/k2/s42/trained   mode=0.346 tss=0.270 cp=0.241 (cache t=False e=False)
[193/198   6158s] txc_batchtopk_post/T8/d40/k1/s42/trained   mode=0.257 tss=0.612 cp=0.541 (cache t=False e=False)
[194/198   6425s] tsae/T1/d8/k1/s42/trained                  mode=0.998 tss=-0.007 cp=0.000 (cache t=False e=False)
[195/198   6426s] tsae/T1/d20/k2/s42/trained                 mode=0.982 tss=-0.005 cp=0.000 (cache t=False e=False)
[196/198   6432s] tsae/T1/d16/k1/s42/trained                 mode=0.931 tss=-0.007 cp=0.000 (cache t=False e=False)
[197/198   6449s] tsae/T1/d20/k1/s42/trained                 mode=0.925 tss=-0.008 cp=-0.001 (cache t=False e=False)
[198/198   6474s] tsae/T1/d40/k1/s42/trained                 mode=0.885 tss=0.002 cp=0.000 (cache t=False e=False)
  [train] step=     0 loss=9.7814
  [train] step=  1500 loss=3.9396
  [train] step=  3000 loss=3.0153
  [train] step=  4500 loss=2.6816
  [train] step=  6000 loss=2.6323
  [train] step=  7500 loss=2.6147
  [train] step=  9000 loss=2.5793
  [train] step= 10500 loss=2.5557
  [train] step= 12000 loss=2.6099
  [train] step= 13500 loss=2.5769
  [train] step= 15000 loss=2.6455
  [train] step= 16500 loss=2.6318
  [train] step= 18000 loss=2.6039
  [train] step= 19500 loss=2.6219
  [train] step= 21000 loss=2.5996
  [train] step= 22500 loss=2.6152
  [train] step= 24000 loss=2.6063
  [train] step= 25500 loss=2.6220
  [train] step= 27000 loss=2.5629
  [train] step= 28500 loss=2.5639
  [train] step= 29999 loss=2.5625
  [train] step=     0 loss=9.7935
  [train] step=  1500 loss=3.0494
  [train] step=  3000 loss=2.9085
  [train] step=  4500 loss=2.7558
  [train] step=  6000 loss=2.7131
  [train] step=  7500 loss=2.6037
  [train] step=  9000 loss=2.5540
  [train] step= 10500 loss=2.5609
  [train] step= 12000 loss=2.5650
  [train] step= 13500 loss=2.4889
  [train] step= 15000 loss=2.5454
  [train] step= 16500 loss=2.5156
  [train] step= 18000 loss=2.4828
  [train] step= 19500 loss=2.5061
  [train] step= 21000 loss=2.4775
  [train] step= 22500 loss=2.4865
  [train] step= 24000 loss=2.4771
  [train] step= 25500 loss=2.4832
  [train] step= 27000 loss=2.4552
  [train] step= 28500 loss=2.4200
  [train] step= 29999 loss=2.4489
  [train] step=     0 loss=9.8010
  [train] step=  1500 loss=6.3578
  [train] step=  3000 loss=6.1089
  [train] step=  4500 loss=6.0805
  [train] step=  6000 loss=5.9151
  [train] step=  7500 loss=6.0938
  [train] step=  9000 loss=5.9534
  [train] step= 10500 loss=5.9073
  [train] step= 12000 loss=6.0719
  [train] step= 13500 loss=5.9517
  [train] step= 15000 loss=5.7754
  [train] step= 16500 loss=5.8740
  [train] step= 18000 loss=5.8492
  [train] step= 19500 loss=5.8937
  [train] step= 21000 loss=6.0345
  [train] step= 22500 loss=5.9443
  [train] step= 24000 loss=5.7127
  [train] step= 25500 loss=5.6766
  [train] step= 27000 loss=6.0492
  [train] step= 28500 loss=5.7944
  [train] step= 29999 loss=5.9566
  [train] step=     0 loss=26.2720
  [train] step=  1500 loss=16.0450
  [train] step=  3000 loss=14.8379
  [train] step=  4500 loss=14.9127
  [train] step=  6000 loss=14.5151
  [train] step=  7500 loss=14.2589
  [train] step=  9000 loss=14.3802
  [train] step= 10500 loss=14.1255
  [train] step= 12000 loss=14.3926
  [train] step= 13500 loss=14.4174
  [train] step= 15000 loss=14.3103
  [train] step= 16500 loss=14.2384
  [train] step= 18000 loss=13.9154
  [train] step= 19500 loss=14.4247
  [train] step= 21000 loss=14.2503
  [train] step= 22500 loss=14.2920
  [train] step= 24000 loss=14.2422
  [train] step= 25500 loss=14.2630
  [train] step= 27000 loss=14.1854
  [train] step= 28500 loss=14.2232
  [train] step= 29999 loss=14.0818
  [train] step=     0 loss=9.4233
  [train] step=  1500 loss=2.5760
  [train] step=  3000 loss=2.4944
  [train] step=  4500 loss=2.4626
  [train] step=  6000 loss=2.4984
  [train] step=  7500 loss=2.4979
  [train] step=  9000 loss=2.5098
  [train] step= 10500 loss=2.4883
  [train] step= 12000 loss=2.5007
  [train] step= 13500 loss=2.4589
  [train] step= 15000 loss=2.4062
  [train] step= 16500 loss=2.4250
  [train] step= 18000 loss=2.4218
  [train] step= 19500 loss=2.4035
  [train] step= 21000 loss=2.4214
  [train] step= 22500 loss=2.4305
  [train] step= 24000 loss=2.4321
  [train] step= 25500 loss=2.4053
  [train] step= 27000 loss=2.4196
  [train] step= 28500 loss=2.3727
  [train] step= 29999 loss=2.4207
  [train] step=     0 loss=9.6806
  [train] step=  1500 loss=2.6178
  [train] step=  3000 loss=2.2815
  [train] step=  4500 loss=2.1768
  [train] step=  6000 loss=2.1079
  [train] step=  7500 loss=2.0850
  [train] step=  9000 loss=2.0488
  [train] step= 10500 loss=2.0597
  [train] step= 12000 loss=2.0771
  [train] step= 13500 loss=2.0480
  [train] step= 15000 loss=2.1112
  [train] step= 16500 loss=2.0771
  [train] step= 18000 loss=2.0788
  [train] step= 19500 loss=2.0919
  [train] step= 21000 loss=2.0651
  [train] step= 22500 loss=2.0703
  [train] step= 24000 loss=2.0814
  [train] step= 25500 loss=2.0764
  [train] step= 27000 loss=2.0607
  [train] step= 28500 loss=2.0168
  [train] step= 29999 loss=2.0749
  [train] step=     0 loss=9.6920
  [train] step=  1500 loss=5.0496
  [train] step=  3000 loss=4.7148
  [train] step=  4500 loss=4.6467
  [train] step=  6000 loss=4.5355
  [train] step=  7500 loss=4.7726
  [train] step=  9000 loss=4.5235
  [train] step= 10500 loss=4.5923
  [train] step= 12000 loss=4.7120
  [train] step= 13500 loss=4.5386
  [train] step= 15000 loss=4.5657
  [train] step= 16500 loss=4.4263
  [train] step= 18000 loss=4.4999
  [train] step= 19500 loss=4.5022
  [train] step= 21000 loss=4.6703
  [train] step= 22500 loss=4.4087
  [train] step= 24000 loss=4.4156
  [train] step= 25500 loss=4.3328
  [train] step= 27000 loss=4.6781
  [train] step= 28500 loss=4.4070
  [train] step= 29999 loss=4.4692
  [train] step=     0 loss=9.3622
  [train] step=  1500 loss=2.8254
  [train] step=  3000 loss=2.5198
  [train] step=  4500 loss=2.4882
  [train] step=  6000 loss=2.4573
  [train] step=  7500 loss=2.4854
  [train] step=  9000 loss=2.4867
  [train] step= 10500 loss=2.4452
  [train] step= 12000 loss=2.4283
  [train] step= 13500 loss=2.4423
  [train] step= 15000 loss=2.4677
  [train] step= 16500 loss=2.4464
  [train] step= 18000 loss=2.4601
  [train] step= 19500 loss=2.4544
  [train] step= 21000 loss=2.4528
  [train] step= 22500 loss=2.4157
  [train] step= 24000 loss=2.4530
  [train] step= 25500 loss=2.4435
  [train] step= 27000 loss=2.3884
  [train] step= 28500 loss=2.4325
  [train] step= 29999 loss=2.4625
  [train] step=     0 loss=9.9898
  [train] step=  1500 loss=3.3846
  [train] step=  3000 loss=3.0706
  [train] step=  4500 loss=2.8276
  [train] step=  6000 loss=2.7777
  [train] step=  7500 loss=2.7759
  [train] step=  9000 loss=2.5798
  [train] step= 10500 loss=2.6261
  [train] step= 12000 loss=2.5574
  [train] step= 13500 loss=2.5522
  [train] step= 15000 loss=2.5260
  [train] step= 16500 loss=2.5245
  [train] step= 18000 loss=2.5031
  [train] step= 19500 loss=2.5018
  [train] step= 21000 loss=2.4799
  [train] step= 22500 loss=2.4732
  [train] step= 24000 loss=2.4451
  [train] step= 25500 loss=2.4688
  [train] step= 27000 loss=2.4397
  [train] step= 28500 loss=2.4815
  [train] step= 29999 loss=2.4628
  [train] step=     0 loss=9.9652
  [train] step=  1500 loss=6.0629
  [train] step=  3000 loss=6.0022
  [train] step=  4500 loss=5.8029
  [train] step=  6000 loss=5.8758
  [train] step=  7500 loss=5.8898
  [train] step=  9000 loss=5.9028
  [train] step= 10500 loss=5.8737
  [train] step= 12000 loss=5.5179
  [train] step= 13500 loss=5.4073
  [train] step= 15000 loss=5.4397
  [train] step= 16500 loss=5.4969
  [train] step= 18000 loss=5.5004
  [train] step= 19500 loss=5.3410
  [train] step= 21000 loss=5.3331
  [train] step= 22500 loss=5.3743
  [train] step= 24000 loss=5.1550
  [train] step= 25500 loss=5.4077
  [train] step= 27000 loss=5.2524
  [train] step= 28500 loss=5.2752
  [train] step= 29999 loss=5.5297
  [train] step=     0 loss=9.3131
  [train] step=  1500 loss=2.9045
  [train] step=  3000 loss=2.5405
  [train] step=  4500 loss=2.4703
  [train] step=  6000 loss=2.5234
  [train] step=  7500 loss=2.5618
  [train] step=  9000 loss=2.4800
  [train] step= 10500 loss=2.4660
  [train] step= 12000 loss=2.4077
  [train] step= 13500 loss=2.4945
  [train] step= 15000 loss=2.4767
  [train] step= 16500 loss=2.4785
  [train] step= 18000 loss=2.4359
  [train] step= 19500 loss=2.4467
  [train] step= 21000 loss=2.4566
  [train] step= 22500 loss=2.4320
  [train] step= 24000 loss=2.4278
  [train] step= 25500 loss=2.4013
  [train] step= 27000 loss=2.4186
  [train] step= 28500 loss=2.4469
  [train] step= 29999 loss=2.4243
  [train] step=     0 loss=9.6686
  [train] step=  1500 loss=2.6125
  [train] step=  3000 loss=2.2781
  [train] step=  4500 loss=2.1656
  [train] step=  6000 loss=2.1102
  [train] step=  7500 loss=2.1228
  [train] step=  9000 loss=2.0650
  [train] step= 10500 loss=2.0499
  [train] step= 12000 loss=2.0000
  [train] step= 13500 loss=2.0919
  [train] step= 15000 loss=2.0829
  [train] step= 16500 loss=2.0652
  [train] step= 18000 loss=2.0243
  [train] step= 19500 loss=2.0298
  [train] step= 21000 loss=2.0621
  [train] step= 22500 loss=2.0921
  [train] step= 24000 loss=2.0710
  [train] step= 25500 loss=2.0945
  [train] step= 27000 loss=2.0456
  [train] step= 28500 loss=2.0729
  [train] step= 29999 loss=2.0506
  [train] step=     0 loss=9.8001
  [train] step=  1500 loss=6.5031
  [train] step=  3000 loss=6.4723
  [train] step=  4500 loss=6.4103
  [train] step=  6000 loss=6.5835
  [train] step=  7500 loss=6.4282
  [train] step=  9000 loss=6.2786
  [train] step= 10500 loss=6.3447
  [train] step= 12000 loss=6.5915
  [train] step= 13500 loss=6.3235
  [train] step= 15000 loss=6.5107
  [train] step= 16500 loss=6.2598
  [train] step= 18000 loss=6.3853
  [train] step= 19500 loss=6.5735
  [train] step= 21000 loss=6.4866
  [train] step= 22500 loss=6.4785
  [train] step= 24000 loss=6.4250
  [train] step= 25500 loss=6.5652
  [train] step= 27000 loss=6.4910
  [train] step= 28500 loss=6.2059
  [train] step= 29999 loss=6.5023
  [train] step=     0 loss=9.2894
  [train] step=  1500 loss=2.5386
  [train] step=  3000 loss=2.4866
  [train] step=  4500 loss=2.4629
  [train] step=  6000 loss=2.4988
  [train] step=  7500 loss=2.4943
  [train] step=  9000 loss=2.4905
  [train] step= 10500 loss=2.4715
  [train] step= 12000 loss=2.4494
  [train] step= 13500 loss=2.4358
  [train] step= 15000 loss=2.3822
  [train] step= 16500 loss=2.4037
  [train] step= 18000 loss=2.3764
  [train] step= 19500 loss=2.3643
  [train] step= 21000 loss=2.3919
  [train] step= 22500 loss=2.3997
  [train] step= 24000 loss=2.3987
  [train] step= 25500 loss=2.3601
  [train] step= 27000 loss=2.3849
  [train] step= 28500 loss=2.3383
  [train] step= 29999 loss=2.3904
  [train] step=     0 loss=9.8800
  [train] step=  1500 loss=4.9564
  [train] step=  3000 loss=4.6090
  [train] step=  4500 loss=4.5733
  [train] step=  6000 loss=4.1873
  [train] step=  7500 loss=4.0877
  [train] step=  9000 loss=4.1532
  [train] step= 10500 loss=4.1287
  [train] step= 12000 loss=4.1456
  [train] step= 13500 loss=4.0137
  [train] step= 15000 loss=3.9151
  [train] step= 16500 loss=3.9835
  [train] step= 18000 loss=4.1263
  [train] step= 19500 loss=4.0052
  [train] step= 21000 loss=4.0344
  [train] step= 22500 loss=3.9171
  [train] step= 24000 loss=3.9998
  [train] step= 25500 loss=3.9860
  [train] step= 27000 loss=4.0344
  [train] step= 28500 loss=4.1459
  [train] step= 29999 loss=4.1027
  [train] step=     0 loss=26.9218
  [train] step=  1500 loss=18.4350
  [train] step=  3000 loss=17.6136
  [train] step=  4500 loss=17.7061
  [train] step=  6000 loss=17.1121
  [train] step=  7500 loss=17.2844
  [train] step=  9000 loss=17.2094
  [train] step= 10500 loss=17.6175
  [train] step= 12000 loss=17.5009
  [train] step= 13500 loss=17.2718
  [train] step= 15000 loss=17.3570
  [train] step= 16500 loss=17.5850
  [train] step= 18000 loss=17.3306
  [train] step= 19500 loss=17.4088
  [train] step= 21000 loss=17.3550
  [train] step= 22500 loss=17.1422
  [train] step= 24000 loss=17.5175
  [train] step= 25500 loss=17.4972
  [train] step= 27000 loss=17.5053
  [train] step= 28500 loss=17.2489
  [train] step= 29999 loss=17.1842
  [train] step=     0 loss=9.7167
  [train] step=  1500 loss=4.6787
  [train] step=  3000 loss=4.4607
  [train] step=  4500 loss=4.4033
  [train] step=  6000 loss=4.5528
  [train] step=  7500 loss=4.4583
  [train] step=  9000 loss=4.4655
  [train] step= 10500 loss=4.1215
  [train] step= 12000 loss=4.1242
  [train] step= 13500 loss=4.2050
  [train] step= 15000 loss=4.2109
  [train] step= 16500 loss=4.1443
  [train] step= 18000 loss=4.1950
  [train] step= 19500 loss=4.2220
  [train] step= 21000 loss=4.1537
  [train] step= 22500 loss=4.1803
  [train] step= 24000 loss=4.1355
  [train] step= 25500 loss=4.0089
  [train] step= 27000 loss=4.0631
  [train] step= 28500 loss=4.2592
  [train] step= 29999 loss=3.9928
  [train] step=     0 loss=9.5638
  [train] step=  1500 loss=3.5824
  [train] step=  3000 loss=3.0161
  [train] step=  4500 loss=2.8073
  [train] step=  6000 loss=2.6981
  [train] step=  7500 loss=2.6728
  [train] step=  9000 loss=2.6428
  [train] step= 10500 loss=2.6440
  [train] step= 12000 loss=2.6644
  [train] step= 13500 loss=2.6623
  [train] step= 15000 loss=2.5965
  [train] step= 16500 loss=2.6539
  [train] step= 18000 loss=2.6367
  [train] step= 19500 loss=2.6431
  [train] step= 21000 loss=2.6748
  [train] step= 22500 loss=2.5870
  [train] step= 24000 loss=2.6197
  [train] step= 25500 loss=2.6273
  [train] step= 27000 loss=2.6859
  [train] step= 28500 loss=2.5957
  [train] step= 29999 loss=2.6367
  [train] step=     0 loss=9.8923
  [train] step=  1500 loss=3.9802
  [train] step=  3000 loss=3.4759
  [train] step=  4500 loss=3.4144
  [train] step=  6000 loss=3.2599
  [train] step=  7500 loss=3.1835
  [train] step=  9000 loss=3.1831
  [train] step= 10500 loss=3.0723
  [train] step= 12000 loss=2.9468
  [train] step= 13500 loss=3.0320
  [train] step= 15000 loss=3.0680
  [train] step= 16500 loss=2.6788
  [train] step= 18000 loss=2.6768
  [train] step= 19500 loss=2.6496
  [train] step= 21000 loss=2.7052
  [train] step= 22500 loss=2.6711
  [train] step= 24000 loss=2.6583
  [train] step= 25500 loss=2.6922
  [train] step= 27000 loss=2.6432
  [train] step= 28500 loss=2.6241
  [train] step= 29999 loss=2.6584
  [train] step=     0 loss=9.6413
  [train] step=  1500 loss=2.9697
  [train] step=  3000 loss=2.6620
  [train] step=  4500 loss=2.6464
  [train] step=  6000 loss=2.5856
  [train] step=  7500 loss=2.5926
  [train] step=  9000 loss=2.5696
  [train] step= 10500 loss=2.5960
  [train] step= 12000 loss=2.6003
  [train] step= 13500 loss=2.5738
  [train] step= 15000 loss=2.6414
  [train] step= 16500 loss=2.6046
  [train] step= 18000 loss=2.5649
  [train] step= 19500 loss=2.5674
  [train] step= 21000 loss=2.5556
  [train] step= 22500 loss=2.5482
  [train] step= 24000 loss=2.5387
  [train] step= 25500 loss=2.5975
  [train] step= 27000 loss=2.5119
  [train] step= 28500 loss=2.4822
  [train] step= 29999 loss=2.5144
  [train] step=     0 loss=26.3971
  [train] step=  1500 loss=17.8874
  [train] step=  3000 loss=16.8039
  [train] step=  4500 loss=16.7394
  [train] step=  6000 loss=16.7575
  [train] step=  7500 loss=16.9193
  [train] step=  9000 loss=16.8013
  [train] step= 10500 loss=16.5405
  [train] step= 12000 loss=16.1739
  [train] step= 13500 loss=15.5663
  [train] step= 15000 loss=15.3574
  [train] step= 16500 loss=14.7804
  [train] step= 18000 loss=14.6756
  [train] step= 19500 loss=14.6183
  [train] step= 21000 loss=14.8504
  [train] step= 22500 loss=15.0110
  [train] step= 24000 loss=14.7907
  [train] step= 25500 loss=14.8193
  [train] step= 27000 loss=14.9086
  [train] step= 28500 loss=14.2440
  [train] step= 29999 loss=14.0046
  [train] step=     0 loss=9.5844
  [train] step=  1500 loss=2.6316
  [train] step=  3000 loss=2.4937
  [train] step=  4500 loss=2.4886
  [train] step=  6000 loss=2.4573
  [train] step=  7500 loss=2.4602
  [train] step=  9000 loss=2.4486
  [train] step= 10500 loss=2.4522
  [train] step= 12000 loss=2.4548
  [train] step= 13500 loss=2.4333
  [train] step= 15000 loss=2.5337
  [train] step= 16500 loss=2.5162
  [train] step= 18000 loss=2.4782
  [train] step= 19500 loss=2.4978
  [train] step= 21000 loss=2.4691
  [train] step= 22500 loss=2.4431
  [train] step= 24000 loss=2.4315
  [train] step= 25500 loss=2.4358
  [train] step= 27000 loss=2.4130
  [train] step= 28500 loss=2.3831
  [train] step= 29999 loss=2.4202
  [train] step=     0 loss=9.7194
  [train] step=  1500 loss=3.8569
  [train] step=  3000 loss=3.0600
  [train] step=  4500 loss=2.8414
  [train] step=  6000 loss=2.7194
  [train] step=  7500 loss=2.6848
  [train] step=  9000 loss=2.6731
  [train] step= 10500 loss=2.7024
  [train] step= 12000 loss=2.6953
  [train] step= 13500 loss=2.6443
  [train] step= 15000 loss=2.5641
  [train] step= 16500 loss=2.6028
  [train] step= 18000 loss=2.5872
  [train] step= 19500 loss=2.5875
  [train] step= 21000 loss=2.6328
  [train] step= 22500 loss=2.5807
  [train] step= 24000 loss=2.5577
  [train] step= 25500 loss=2.5725
  [train] step= 27000 loss=2.6071
  [train] step= 28500 loss=2.5428
  [train] step= 29999 loss=2.5175
  [train] step=     0 loss=26.7086
  [train] step=  1500 loss=17.3408
  [train] step=  3000 loss=16.0371
  [train] step=  4500 loss=16.1702
  [train] step=  6000 loss=16.1923
  [train] step=  7500 loss=16.0668
  [train] step=  9000 loss=16.3004
  [train] step= 10500 loss=15.9821
  [train] step= 12000 loss=16.2135
  [train] step= 13500 loss=16.0767
  [train] step= 15000 loss=15.9730
  [train] step= 16500 loss=15.8674
  [train] step= 18000 loss=16.5526
  [train] step= 19500 loss=15.9515
  [train] step= 21000 loss=16.3084
  [train] step= 22500 loss=15.9183
  [train] step= 24000 loss=16.0669
  [train] step= 25500 loss=16.1714
  [train] step= 27000 loss=16.1875
  [train] step= 28500 loss=16.1626
  [train] step= 29999 loss=15.9272
  [train] step=     0 loss=9.7040
  [train] step=  1500 loss=4.5391
  [train] step=  3000 loss=4.3867
  [train] step=  4500 loss=4.3687
  [train] step=  6000 loss=4.4648
  [train] step=  7500 loss=4.5108
  [train] step=  9000 loss=4.4507
  [train] step= 10500 loss=4.0994
  [train] step= 12000 loss=4.0964
  [train] step= 13500 loss=4.1624
  [train] step= 15000 loss=4.1209
  [train] step= 16500 loss=4.0148
  [train] step= 18000 loss=4.0745
  [train] step= 19500 loss=4.0553
  [train] step= 21000 loss=4.0024
  [train] step= 22500 loss=3.9949
  [train] step= 24000 loss=4.0470
  [train] step= 25500 loss=3.9288
  [train] step= 27000 loss=4.0422
  [train] step= 28500 loss=4.1270
  [train] step= 29999 loss=3.9142
  [train] step=     0 loss=9.3134
  [train] step=  1500 loss=2.9376
  [train] step=  3000 loss=2.5953
  [train] step=  4500 loss=2.5497
  [train] step=  6000 loss=2.4818
  [train] step=  7500 loss=2.5334
  [train] step=  9000 loss=2.5584
  [train] step= 10500 loss=2.4931
  [train] step= 12000 loss=2.4871
  [train] step= 13500 loss=2.5226
  [train] step= 15000 loss=2.4458
  [train] step= 16500 loss=2.4535
  [train] step= 18000 loss=2.5247
  [train] step= 19500 loss=2.4686
  [train] step= 21000 loss=2.5387
  [train] step= 22500 loss=2.5020
  [train] step= 24000 loss=2.5105
  [train] step= 25500 loss=2.5072
  [train] step= 27000 loss=2.5347
  [train] step= 28500 loss=2.4837
  [train] step= 29999 loss=2.5292
  [train] step=     0 loss=9.9106
  [train] step=  1500 loss=6.4826
  [train] step=  3000 loss=5.9164
  [train] step=  4500 loss=5.8199
  [train] step=  6000 loss=5.4957
  [train] step=  7500 loss=5.6558
  [train] step=  9000 loss=5.6503
  [train] step= 10500 loss=5.5492
  [train] step= 12000 loss=5.6752
  [train] step= 13500 loss=5.6075
  [train] step= 15000 loss=5.4730
  [train] step= 16500 loss=5.5551
  [train] step= 18000 loss=5.7299
  [train] step= 19500 loss=5.5867
  [train] step= 21000 loss=5.8397
  [train] step= 22500 loss=5.3755
  [train] step= 24000 loss=5.5350
  [train] step= 25500 loss=5.5068
  [train] step= 27000 loss=5.4222
  [train] step= 28500 loss=5.7060
  [train] step= 29999 loss=5.5701
  [train] step=     0 loss=9.6195
  [train] step=  1500 loss=3.2283
  [train] step=  3000 loss=2.4913
  [train] step=  4500 loss=2.4444
  [train] step=  6000 loss=2.4495
  [train] step=  7500 loss=2.4853
  [train] step=  9000 loss=2.4658
  [train] step= 10500 loss=2.4410
  [train] step= 12000 loss=2.4648
  [train] step= 13500 loss=2.4298
  [train] step= 15000 loss=2.3882
  [train] step= 16500 loss=2.4584
  [train] step= 18000 loss=2.4661
  [train] step= 19500 loss=2.4602
  [train] step= 21000 loss=2.4872
  [train] step= 22500 loss=2.3679
  [train] step= 24000 loss=2.4500
  [train] step= 25500 loss=2.4102
  [train] step= 27000 loss=2.4671
  [train] step= 28500 loss=2.4412
  [train] step= 29999 loss=2.4468
  [train] step=     0 loss=9.6434
  [train] step=  1500 loss=4.0010
  [train] step=  3000 loss=3.1893
  [train] step=  4500 loss=2.7774
  [train] step=  6000 loss=2.7552
  [train] step=  7500 loss=2.8100
  [train] step=  9000 loss=2.7827
  [train] step= 10500 loss=2.8241
  [train] step= 12000 loss=2.7928
  [train] step= 13500 loss=2.7953
  [train] step= 15000 loss=2.7460
  [train] step= 16500 loss=2.7800
  [train] step= 18000 loss=2.7883
  [train] step= 19500 loss=2.7308
  [train] step= 21000 loss=2.7530
  [train] step= 22500 loss=2.7587
  [train] step= 24000 loss=2.6984
  [train] step= 25500 loss=2.7069
  [train] step= 27000 loss=2.6825
  [train] step= 28500 loss=2.7283
  [train] step= 29999 loss=2.7381
  [train] step=     0 loss=9.8427
  [train] step=  1500 loss=5.0429
  [train] step=  3000 loss=4.8023
  [train] step=  4500 loss=4.7327
  [train] step=  6000 loss=4.6071
  [train] step=  7500 loss=4.7606
  [train] step=  9000 loss=4.6582
  [train] step= 10500 loss=4.6471
  [train] step= 12000 loss=4.7205
  [train] step= 13500 loss=4.7362
  [train] step= 15000 loss=4.7302
  [train] step= 16500 loss=4.5889
  [train] step= 18000 loss=4.7229
  [train] step= 19500 loss=4.7144
  [train] step= 21000 loss=4.9025
  [train] step= 22500 loss=4.7482
  [train] step= 24000 loss=4.7761
  [train] step= 25500 loss=4.8850
  [train] step= 27000 loss=4.6641
  [train] step= 28500 loss=4.6675
  [train] step= 29999 loss=4.6985
  [train] step=     0 loss=9.8135
  [train] step=  1500 loss=6.1402
  [train] step=  3000 loss=5.8431
  [train] step=  4500 loss=5.6044
  [train] step=  6000 loss=5.5680
  [train] step=  7500 loss=5.7104
  [train] step=  9000 loss=5.6906
  [train] step= 10500 loss=5.6210
  [train] step= 12000 loss=5.6419
  [train] step= 13500 loss=5.6824
  [train] step= 15000 loss=5.6873
  [train] step= 16500 loss=5.6515
  [train] step= 18000 loss=5.5064
  [train] step= 19500 loss=5.6555
  [train] step= 21000 loss=5.6568
  [train] step= 22500 loss=5.6285
  [train] step= 24000 loss=5.7899
  [train] step= 25500 loss=5.5667
  [train] step= 27000 loss=5.5333
  [train] step= 28500 loss=5.7217
  [train] step= 29999 loss=5.5295
  [train] step=     0 loss=9.7656
  [train] step=  1500 loss=7.7581
  [train] step=  3000 loss=7.2072
  [train] step=  4500 loss=7.2598
  [train] step=  6000 loss=7.1817
  [train] step=  7500 loss=7.2961
  [train] step=  9000 loss=7.1554
  [train] step= 10500 loss=6.9917
  [train] step= 12000 loss=6.8429
  [train] step= 13500 loss=7.0597
  [train] step= 15000 loss=6.8858
  [train] step= 16500 loss=6.9782
  [train] step= 18000 loss=7.0018
  [train] step= 19500 loss=7.0802
  [train] step= 21000 loss=7.0688
  [train] step= 22500 loss=6.9600
  [train] step= 24000 loss=7.1124
  [train] step= 25500 loss=7.0970
  [train] step= 27000 loss=6.9838
  [train] step= 28500 loss=7.1440
  [train] step= 29999 loss=6.9059
  [train] step=     0 loss=9.4620
  [train] step=  1500 loss=3.5004
  [train] step=  3000 loss=2.6728
  [train] step=  4500 loss=2.4791
  [train] step=  6000 loss=2.5109
  [train] step=  7500 loss=2.5579
  [train] step=  9000 loss=2.4870
  [train] step= 10500 loss=2.4684
  [train] step= 12000 loss=2.4099
  [train] step= 13500 loss=2.5007
  [train] step= 15000 loss=2.4940
  [train] step= 16500 loss=2.4794
  [train] step= 18000 loss=2.4449
  [train] step= 19500 loss=2.4528
  [train] step= 21000 loss=2.4528
  [train] step= 22500 loss=2.4351
  [train] step= 24000 loss=2.4529
  [train] step= 25500 loss=2.4073
  [train] step= 27000 loss=2.4312
  [train] step= 28500 loss=2.4602
  [train] step= 29999 loss=2.4329
  [train] step=     0 loss=9.7486
  [train] step=  1500 loss=3.4230
  [train] step=  3000 loss=2.7057
  [train] step=  4500 loss=2.5889
  [train] step=  6000 loss=2.6049
  [train] step=  7500 loss=2.6470
  [train] step=  9000 loss=2.6052
  [train] step= 10500 loss=2.5858
  [train] step= 12000 loss=2.5113
  [train] step= 13500 loss=2.6120
  [train] step= 15000 loss=2.6091
  [train] step= 16500 loss=2.6036
  [train] step= 18000 loss=2.5462
  [train] step= 19500 loss=2.5591
  [train] step= 21000 loss=2.6107
  [train] step= 22500 loss=2.6388
  [train] step= 24000 loss=2.6127
  [train] step= 25500 loss=2.5934
  [train] step= 27000 loss=2.5819
  [train] step= 28500 loss=2.5977
  [train] step= 29999 loss=2.5916
  [train] step=     0 loss=10.1030
  [train] step=  1500 loss=5.7728
  [train] step=  3000 loss=5.7074
  [train] step=  4500 loss=5.6156
  [train] step=  6000 loss=5.4583
  [train] step=  7500 loss=5.4650
  [train] step=  9000 loss=5.4633
  [train] step= 10500 loss=5.5104
  [train] step= 12000 loss=5.5501
  [train] step= 13500 loss=5.5073
  [train] step= 15000 loss=5.5312
  [train] step= 16500 loss=5.4688
  [train] step= 18000 loss=5.5040
  [train] step= 19500 loss=5.6664
  [train] step= 21000 loss=5.3185
  [train] step= 22500 loss=5.4142
  [train] step= 24000 loss=5.6737
  [train] step= 25500 loss=5.2909
  [train] step= 27000 loss=5.3377
  [train] step= 28500 loss=5.5108
  [train] step= 29999 loss=5.7283
  [train] step=     0 loss=26.0643
  [train] step=  1500 loss=15.2747
  [train] step=  3000 loss=14.7068
  [train] step=  4500 loss=14.7443
  [train] step=  6000 loss=14.6569
  [train] step=  7500 loss=14.8367
  [train] step=  9000 loss=14.8673
  [train] step= 10500 loss=14.2303
  [train] step= 12000 loss=14.2345
  [train] step= 13500 loss=14.1211
  [train] step= 15000 loss=13.7444
  [train] step= 16500 loss=13.6919
  [train] step= 18000 loss=13.6471
  [train] step= 19500 loss=13.4681
  [train] step= 21000 loss=13.7018
  [train] step= 22500 loss=13.8129
  [train] step= 24000 loss=13.6632
  [train] step= 25500 loss=13.8527
  [train] step= 27000 loss=13.8393
  [train] step= 28500 loss=14.0082
  [train] step= 29999 loss=13.8766
  [train] step=     0 loss=9.5372
  [train] step=  1500 loss=4.0923
  [train] step=  3000 loss=3.3589
  [train] step=  4500 loss=2.8683
  [train] step=  6000 loss=2.9687
  [train] step=  7500 loss=2.7561
  [train] step=  9000 loss=2.7450
  [train] step= 10500 loss=2.6543
  [train] step= 12000 loss=2.7611
  [train] step= 13500 loss=2.6982
  [train] step= 15000 loss=2.7590
  [train] step= 16500 loss=2.7491
  [train] step= 18000 loss=2.7283
  [train] step= 19500 loss=2.7913
  [train] step= 21000 loss=2.7038
  [train] step= 22500 loss=2.7310
  [train] step= 24000 loss=2.6816
  [train] step= 25500 loss=2.7772
  [train] step= 27000 loss=2.7321
  [train] step= 28500 loss=2.6325
  [train] step= 29999 loss=2.7149
  [train] step=     0 loss=9.8022
  [train] step=  1500 loss=4.8736
  [train] step=  3000 loss=4.5195
  [train] step=  4500 loss=4.4603
  [train] step=  6000 loss=4.6203
  [train] step=  7500 loss=4.6538
  [train] step=  9000 loss=4.6379
  [train] step= 10500 loss=4.3722
  [train] step= 12000 loss=4.4662
  [train] step= 13500 loss=4.6365
  [train] step= 15000 loss=4.5928
  [train] step= 16500 loss=4.4620
  [train] step= 18000 loss=4.5959
  [train] step= 19500 loss=4.5593
  [train] step= 21000 loss=4.5657
  [train] step= 22500 loss=4.5905
  [train] step= 24000 loss=4.6039
  [train] step= 25500 loss=4.4403
  [train] step= 27000 loss=4.5044
  [train] step= 28500 loss=4.6519
  [train] step= 29999 loss=4.4812
  [train] step=     0 loss=10.1596
  [train] step=  1500 loss=5.0910
  [train] step=  3000 loss=4.4752
  [train] step=  4500 loss=4.1184
  [train] step=  6000 loss=4.0704
  [train] step=  7500 loss=4.0598
  [train] step=  9000 loss=3.9921
  [train] step= 10500 loss=4.0346
  [train] step= 12000 loss=3.9705
  [train] step= 13500 loss=4.0184
  [train] step= 15000 loss=4.0614
  [train] step= 16500 loss=3.9617
  [train] step= 18000 loss=4.0311
  [train] step= 19500 loss=4.0352
  [train] step= 21000 loss=3.8683
  [train] step= 22500 loss=3.9630
  [train] step= 24000 loss=4.1839
  [train] step= 25500 loss=3.9173
  [train] step= 27000 loss=3.9843
  [train] step= 28500 loss=3.8803
  [train] step= 29999 loss=4.0905
  [train] step=     0 loss=9.5823
  [train] step=  1500 loss=3.8465
  [train] step=  3000 loss=3.2156
  [train] step=  4500 loss=3.0145
  [train] step=  6000 loss=2.8267
  [train] step=  7500 loss=2.7759
  [train] step=  9000 loss=2.7816
  [train] step= 10500 loss=2.7477
  [train] step= 12000 loss=2.7176
  [train] step= 13500 loss=2.7576
  [train] step= 15000 loss=2.6952
  [train] step= 16500 loss=2.6842
  [train] step= 18000 loss=2.7650
  [train] step= 19500 loss=2.7237
  [train] step= 21000 loss=2.7410
  [train] step= 22500 loss=2.7354
  [train] step= 24000 loss=2.7197
  [train] step= 25500 loss=2.6964
  [train] step= 27000 loss=2.7157
  [train] step= 28500 loss=2.6540
  [train] step= 29999 loss=2.7364
  [train] step=     0 loss=10.0291
  [train] step=  1500 loss=5.1886
  [train] step=  3000 loss=4.8746
  [train] step=  4500 loss=4.6794
  [train] step=  6000 loss=4.7113
  [train] step=  7500 loss=4.6912
  [train] step=  9000 loss=4.5998
  [train] step= 10500 loss=4.6814
  [train] step= 12000 loss=4.7290
  [train] step= 13500 loss=4.6058
  [train] step= 15000 loss=4.6852
  [train] step= 16500 loss=4.6992
  [train] step= 18000 loss=4.7183
  [train] step= 19500 loss=4.5629
  [train] step= 21000 loss=4.6287
  [train] step= 22500 loss=4.5663
  [train] step= 24000 loss=4.5797
  [train] step= 25500 loss=4.7535
  [train] step= 27000 loss=4.6616
  [train] step= 28500 loss=4.6999
  [train] step= 29999 loss=4.5507
  [train] step=     0 loss=9.6827
  [train] step=  1500 loss=4.3956
  [train] step=  3000 loss=4.3337
  [train] step=  4500 loss=4.2645
  [train] step=  6000 loss=4.2406
  [train] step=  7500 loss=4.2114
  [train] step=  9000 loss=4.1397
  [train] step= 10500 loss=4.1623
  [train] step= 12000 loss=4.0894
  [train] step= 13500 loss=3.9254
  [train] step= 15000 loss=3.8227
  [train] step= 16500 loss=3.8275
  [train] step= 18000 loss=3.6599
  [train] step= 19500 loss=3.6583
  [train] step= 21000 loss=3.6488
  [train] step= 22500 loss=3.6297
  [train] step= 24000 loss=3.5964
  [train] step= 25500 loss=3.6324
  [train] step= 27000 loss=3.4901
  [train] step= 28500 loss=3.6443
  [train] step= 29999 loss=3.5573
  [train] step=     0 loss=9.3177
  [train] step=  1500 loss=2.5666
  [train] step=  3000 loss=2.5389
  [train] step=  4500 loss=2.5006
  [train] step=  6000 loss=2.5114
  [train] step=  7500 loss=2.5247
  [train] step=  9000 loss=2.4960
  [train] step= 10500 loss=2.5399
  [train] step= 12000 loss=2.5032
  [train] step= 13500 loss=2.4899
  [train] step= 15000 loss=2.4855
  [train] step= 16500 loss=2.4953
  [train] step= 18000 loss=2.4982
  [train] step= 19500 loss=2.4965
  [train] step= 21000 loss=2.4721
  [train] step= 22500 loss=2.4910
  [train] step= 24000 loss=2.4468
  [train] step= 25500 loss=2.4741
  [train] step= 27000 loss=2.4417
  [train] step= 28500 loss=2.4884
  [train] step= 29999 loss=2.4582
  [train] step=     0 loss=9.8104
  [train] step=  1500 loss=6.6053
  [train] step=  3000 loss=6.2846
  [train] step=  4500 loss=6.1729
  [train] step=  6000 loss=6.0922
  [train] step=  7500 loss=6.0169
  [train] step=  9000 loss=6.0632
  [train] step= 10500 loss=6.2263
  [train] step= 12000 loss=6.0849
  [train] step= 13500 loss=6.1765
  [train] step= 15000 loss=6.2706
  [train] step= 16500 loss=6.1548
  [train] step= 18000 loss=6.0852
  [train] step= 19500 loss=6.0960
  [train] step= 21000 loss=6.1106
  [train] step= 22500 loss=6.0714
  [train] step= 24000 loss=6.2355
  [train] step= 25500 loss=6.1531
  [train] step= 27000 loss=6.0475
  [train] step= 28500 loss=6.2202
  [train] step= 29999 loss=5.9953
  [train] step=     0 loss=9.7773
  [train] step=  1500 loss=7.8464
  [train] step=  3000 loss=7.4933
  [train] step=  4500 loss=7.3617
  [train] step=  6000 loss=7.4198
  [train] step=  7500 loss=7.5152
  [train] step=  9000 loss=7.4491
  [train] step= 10500 loss=7.4681
  [train] step= 12000 loss=7.2724
  [train] step= 13500 loss=7.4753
  [train] step= 15000 loss=7.5890
  [train] step= 16500 loss=7.4700
  [train] step= 18000 loss=7.4023
  [train] step= 19500 loss=7.5436
  [train] step= 21000 loss=7.5995
  [train] step= 22500 loss=7.3523
  [train] step= 24000 loss=7.5156
  [train] step= 25500 loss=7.4734
  [train] step= 27000 loss=7.4488
  [train] step= 28500 loss=7.5943
  [train] step= 29999 loss=7.4679
  [train] step=     0 loss=9.2560
  [train] step=  1500 loss=2.4229
  [train] step=  3000 loss=2.1017
  [train] step=  4500 loss=1.4450
  [train] step=  6000 loss=1.3428
  [train] step=  7500 loss=1.3796
  [train] step=  9000 loss=1.3670
  [train] step= 10500 loss=1.3746
  [train] step= 12000 loss=1.3141
  [train] step= 13500 loss=1.2895
  [train] step= 15000 loss=1.2096
  [train] step= 16500 loss=1.2109
  [train] step= 18000 loss=1.2335
  [train] step= 19500 loss=1.1917
  [train] step= 21000 loss=1.2432
  [train] step= 22500 loss=1.2522
  [train] step= 24000 loss=1.2060
  [train] step= 25500 loss=1.2393
  [train] step= 27000 loss=1.2254
  [train] step= 28500 loss=1.2511
  [train] step= 29999 loss=1.2296
  [train] step=     0 loss=9.3708
  [train] step=  1500 loss=2.6619
  [train] step=  3000 loss=2.5228
  [train] step=  4500 loss=2.4800
  [train] step=  6000 loss=2.4624
  [train] step=  7500 loss=2.4751
  [train] step=  9000 loss=2.4838
  [train] step= 10500 loss=2.4679
  [train] step= 12000 loss=2.5356
  [train] step= 13500 loss=2.4700
  [train] step= 15000 loss=2.4345
  [train] step= 16500 loss=2.4777
  [train] step= 18000 loss=2.4833
  [train] step= 19500 loss=2.4560
  [train] step= 21000 loss=2.4744
  [train] step= 22500 loss=2.4682
  [train] step= 24000 loss=2.5244
  [train] step= 25500 loss=2.4705
  [train] step= 27000 loss=2.5261
  [train] step= 28500 loss=2.4653
  [train] step= 29999 loss=2.5402
  [train] step=     0 loss=9.7764
  [train] step=  1500 loss=5.1466
  [train] step=  3000 loss=4.8373
  [train] step=  4500 loss=4.9195
  [train] step=  6000 loss=4.9935
  [train] step=  7500 loss=5.1064
  [train] step=  9000 loss=5.0131
  [train] step= 10500 loss=4.7915
  [train] step= 12000 loss=4.8471
  [train] step= 13500 loss=5.0508
  [train] step= 15000 loss=4.9260
  [train] step= 16500 loss=4.7698
  [train] step= 18000 loss=5.0194
  [train] step= 19500 loss=4.8637
  [train] step= 21000 loss=4.9441
  [train] step= 22500 loss=5.0190
  [train] step= 24000 loss=5.0030
  [train] step= 25500 loss=4.7838
  [train] step= 27000 loss=4.9067
  [train] step= 28500 loss=5.0417
  [train] step= 29999 loss=4.8996
  [train] step=     0 loss=9.2878
  [train] step=  1500 loss=2.5865
  [train] step=  3000 loss=2.4761
  [train] step=  4500 loss=2.4816
  [train] step=  6000 loss=2.4625
  [train] step=  7500 loss=2.4736
  [train] step=  9000 loss=2.4430
  [train] step= 10500 loss=2.4519
  [train] step= 12000 loss=2.4502
  [train] step= 13500 loss=2.4319
  [train] step= 15000 loss=2.5356
  [train] step= 16500 loss=2.4946
  [train] step= 18000 loss=2.4681
  [train] step= 19500 loss=2.4914
  [train] step= 21000 loss=2.4384
  [train] step= 22500 loss=2.4011
  [train] step= 24000 loss=2.4032
  [train] step= 25500 loss=2.4058
  [train] step= 27000 loss=2.3644
  [train] step= 28500 loss=2.3493
  [train] step= 29999 loss=2.3726
  [train] step=     0 loss=9.9910
  [train] step=  1500 loss=5.1510
  [train] step=  3000 loss=5.1195
  [train] step=  4500 loss=4.9211
  [train] step=  6000 loss=4.9156
  [train] step=  7500 loss=4.8934
  [train] step=  9000 loss=4.8814
  [train] step= 10500 loss=4.9020
  [train] step= 12000 loss=4.9427
  [train] step= 13500 loss=4.9583
  [train] step= 15000 loss=4.9782
  [train] step= 16500 loss=4.8933
  [train] step= 18000 loss=4.9932
  [train] step= 19500 loss=4.8985
  [train] step= 21000 loss=4.9210
  [train] step= 22500 loss=4.8767
  [train] step= 24000 loss=4.9185
  [train] step= 25500 loss=4.9070
  [train] step= 27000 loss=4.8501
  [train] step= 28500 loss=5.0291
  [train] step= 29999 loss=4.8071
  [train] step=     0 loss=9.9058
  [train] step=  1500 loss=7.6294
  [train] step=  3000 loss=7.3366
  [train] step=  4500 loss=7.4779
  [train] step=  6000 loss=7.2281
  [train] step=  7500 loss=7.3232
  [train] step=  9000 loss=7.2988
  [train] step= 10500 loss=7.1412
  [train] step= 12000 loss=7.1623
  [train] step= 13500 loss=7.0492
  [train] step= 15000 loss=6.9173
  [train] step= 16500 loss=6.9413
  [train] step= 18000 loss=7.1311
  [train] step= 19500 loss=7.0849
  [train] step= 21000 loss=7.2188
  [train] step= 22500 loss=6.8520
  [train] step= 24000 loss=7.0037
  [train] step= 25500 loss=6.9398
  [train] step= 27000 loss=6.9737
  [train] step= 28500 loss=7.2336
  [train] step= 29999 loss=7.0880
  [train] step=     0 loss=9.4351
  [train] step=  1500 loss=2.6306
  [train] step=  3000 loss=2.5103
  [train] step=  4500 loss=2.4947
  [train] step=  6000 loss=2.4838
  [train] step=  7500 loss=2.5106
  [train] step=  9000 loss=2.5057
  [train] step= 10500 loss=2.4624
  [train] step= 12000 loss=2.4482
  [train] step= 13500 loss=2.4716
  [train] step= 15000 loss=2.4883
  [train] step= 16500 loss=2.4699
  [train] step= 18000 loss=2.4839
  [train] step= 19500 loss=2.4782
  [train] step= 21000 loss=2.4540
  [train] step= 22500 loss=2.4145
  [train] step= 24000 loss=2.4476
  [train] step= 25500 loss=2.4357
  [train] step= 27000 loss=2.3765
  [train] step= 28500 loss=2.4154
  [train] step= 29999 loss=2.4434
  [train] step=     0 loss=10.0497
  [train] step=  1500 loss=6.7067
  [train] step=  3000 loss=6.2964
  [train] step=  4500 loss=6.0355
  [train] step=  6000 loss=6.2195
  [train] step=  7500 loss=6.2645
  [train] step=  9000 loss=6.1320
  [train] step= 10500 loss=6.2819
  [train] step= 12000 loss=6.1699
  [train] step= 13500 loss=6.0554
  [train] step= 15000 loss=6.1402
  [train] step= 16500 loss=6.1614
  [train] step= 18000 loss=6.2170
  [train] step= 19500 loss=6.0146
  [train] step= 21000 loss=5.9072
  [train] step= 22500 loss=6.1192
  [train] step= 24000 loss=5.8544
  [train] step= 25500 loss=6.0647
  [train] step= 27000 loss=5.9039
  [train] step= 28500 loss=5.8447
  [train] step= 29999 loss=6.2718
  [train] step=     0 loss=9.7133
  [train] step=  1500 loss=4.4812
  [train] step=  3000 loss=4.3322
  [train] step=  4500 loss=4.3356
  [train] step=  6000 loss=4.2371
  [train] step=  7500 loss=4.3123
  [train] step=  9000 loss=4.3315
  [train] step= 10500 loss=4.0709
  [train] step= 12000 loss=4.0409
  [train] step= 13500 loss=4.0951
  [train] step= 15000 loss=3.9857
  [train] step= 16500 loss=4.0425
  [train] step= 18000 loss=4.1261
  [train] step= 19500 loss=4.0048
  [train] step= 21000 loss=4.0943
  [train] step= 22500 loss=4.0913
  [train] step= 24000 loss=4.0543
  [train] step= 25500 loss=4.2167
  [train] step= 27000 loss=4.0101
  [train] step= 28500 loss=4.1069
  [train] step= 29999 loss=4.1478
  [train] step=     0 loss=9.7399
  [train] step=  1500 loss=6.8060
  [train] step=  3000 loss=6.4784
  [train] step=  4500 loss=6.4149
  [train] step=  6000 loss=6.4199
  [train] step=  7500 loss=6.3406
  [train] step=  9000 loss=6.3779
  [train] step= 10500 loss=6.3000
  [train] step= 12000 loss=6.2275
  [train] step= 13500 loss=6.3197
  [train] step= 15000 loss=6.2354
  [train] step= 16500 loss=6.2006
  [train] step= 18000 loss=6.2078
  [train] step= 19500 loss=6.2133
  [train] step= 21000 loss=6.2680
  [train] step= 22500 loss=6.2266
  [train] step= 24000 loss=6.2824
  [train] step= 25500 loss=6.2215
  [train] step= 27000 loss=6.2772
  [train] step= 28500 loss=6.2593
  [train] step= 29999 loss=6.1364
  [train] step=     0 loss=9.8085
  [train] step=  1500 loss=3.8544
  [train] step=  3000 loss=3.1797
  [train] step=  4500 loss=2.9759
  [train] step=  6000 loss=2.8728
  [train] step=  7500 loss=2.8853
  [train] step=  9000 loss=2.7917
  [train] step= 10500 loss=2.7913
  [train] step= 12000 loss=2.8417
  [train] step= 13500 loss=2.7701
  [train] step= 15000 loss=2.7541
  [train] step= 16500 loss=2.7384
  [train] step= 18000 loss=2.7812
  [train] step= 19500 loss=2.7494
  [train] step= 21000 loss=2.7336
  [train] step= 22500 loss=2.7823
  [train] step= 24000 loss=2.8179
  [train] step= 25500 loss=2.7794
  [train] step= 27000 loss=2.8226
  [train] step= 28500 loss=2.7672
  [train] step= 29999 loss=2.8397
  [train] step=     0 loss=9.7677
  [train] step=  1500 loss=5.0646
  [train] step=  3000 loss=4.6717
  [train] step=  4500 loss=4.7057
  [train] step=  6000 loss=4.5657
  [train] step=  7500 loss=4.4542
  [train] step=  9000 loss=4.4632
  [train] step= 10500 loss=4.5012
  [train] step= 12000 loss=4.5845
  [train] step= 13500 loss=4.4656
  [train] step= 15000 loss=4.5027
  [train] step= 16500 loss=4.5138
  [train] step= 18000 loss=4.4906
  [train] step= 19500 loss=4.6924
  [train] step= 21000 loss=4.5071
  [train] step= 22500 loss=4.5431
  [train] step= 24000 loss=4.4897
  [train] step= 25500 loss=4.6347
  [train] step= 27000 loss=4.6212
  [train] step= 28500 loss=4.3951
  [train] step= 29999 loss=4.6164
  [train] step=     0 loss=9.7379
  [train] step=  1500 loss=6.2797
  [train] step=  3000 loss=6.0745
  [train] step=  4500 loss=6.0543
  [train] step=  6000 loss=6.1089
  [train] step=  7500 loss=6.0106
  [train] step=  9000 loss=5.8945
  [train] step= 10500 loss=5.8619
  [train] step= 12000 loss=5.9605
  [train] step= 13500 loss=5.6915
  [train] step= 15000 loss=5.7284
  [train] step= 16500 loss=5.6081
  [train] step= 18000 loss=5.6900
  [train] step= 19500 loss=5.8639
  [train] step= 21000 loss=5.7272
  [train] step= 22500 loss=5.7132
  [train] step= 24000 loss=5.8162
  [train] step= 25500 loss=5.9724
  [train] step= 27000 loss=5.8811
  [train] step= 28500 loss=5.5887
  [train] step= 29999 loss=5.9484
  [train] step=     0 loss=9.3508
  [train] step=  1500 loss=2.7752
  [train] step=  3000 loss=2.5194
  [train] step=  4500 loss=2.4961
  [train] step=  6000 loss=2.4821
  [train] step=  7500 loss=2.4907
  [train] step=  9000 loss=2.4559
  [train] step= 10500 loss=2.4928
  [train] step= 12000 loss=2.4787
  [train] step= 13500 loss=2.5085
  [train] step= 15000 loss=2.4490
  [train] step= 16500 loss=2.4779
  [train] step= 18000 loss=2.4760
  [train] step= 19500 loss=2.4645
  [train] step= 21000 loss=2.5361
  [train] step= 22500 loss=2.4680
  [train] step= 24000 loss=2.4568
  [train] step= 25500 loss=2.4754
  [train] step= 27000 loss=2.5410
  [train] step= 28500 loss=2.4673
  [train] step= 29999 loss=2.4904
  [train] step=     0 loss=9.8193
  [train] step=  1500 loss=5.0340
  [train] step=  3000 loss=4.6437
  [train] step=  4500 loss=4.5283
  [train] step=  6000 loss=4.4283
  [train] step=  7500 loss=4.5332
  [train] step=  9000 loss=4.4413
  [train] step= 10500 loss=4.4583
  [train] step= 12000 loss=4.6230
  [train] step= 13500 loss=4.4480
  [train] step= 15000 loss=4.4660
  [train] step= 16500 loss=4.4909
  [train] step= 18000 loss=4.4946
  [train] step= 19500 loss=4.4742
  [train] step= 21000 loss=4.5971
  [train] step= 22500 loss=4.4687
  [train] step= 24000 loss=4.3778
  [train] step= 25500 loss=4.4054
  [train] step= 27000 loss=4.6033
  [train] step= 28500 loss=4.3972
  [train] step= 29999 loss=4.4355
  [train] step=     0 loss=9.7841
  [train] step=  1500 loss=6.4884
  [train] step=  3000 loss=6.2129
  [train] step=  4500 loss=6.1723
  [train] step=  6000 loss=5.9160
  [train] step=  7500 loss=6.1930
  [train] step=  9000 loss=6.0229
  [train] step= 10500 loss=5.8490
  [train] step= 12000 loss=5.9086
  [train] step= 13500 loss=5.7651
  [train] step= 15000 loss=5.7127
  [train] step= 16500 loss=5.6729
  [train] step= 18000 loss=5.7061
  [train] step= 19500 loss=5.7464
  [train] step= 21000 loss=5.8844
  [train] step= 22500 loss=5.7015
  [train] step= 24000 loss=5.5679
  [train] step= 25500 loss=5.5096
  [train] step= 27000 loss=5.8391
  [train] step= 28500 loss=5.6114
  [train] step= 29999 loss=5.8162
  [train] step=     0 loss=9.4661
  [train] step=  1500 loss=2.6260
  [train] step=  3000 loss=2.5290
  [train] step=  4500 loss=2.4908
  [train] step=  6000 loss=2.5116
  [train] step=  7500 loss=2.5222
  [train] step=  9000 loss=2.4958
  [train] step= 10500 loss=2.5376
  [train] step= 12000 loss=2.5034
  [train] step= 13500 loss=2.4871
  [train] step= 15000 loss=2.4802
  [train] step= 16500 loss=2.4895
  [train] step= 18000 loss=2.4889
  [train] step= 19500 loss=2.4965
  [train] step= 21000 loss=2.4777
  [train] step= 22500 loss=2.4828
  [train] step= 24000 loss=2.4483
  [train] step= 25500 loss=2.4640
  [train] step= 27000 loss=2.4354
  [train] step= 28500 loss=2.4895
  [train] step= 29999 loss=2.4587
  [train] step=     0 loss=9.5184
  [train] step=  1500 loss=3.2444
  [train] step=  3000 loss=2.8973
  [train] step=  4500 loss=2.7220
  [train] step=  6000 loss=2.6413
  [train] step=  7500 loss=2.6979
  [train] step=  9000 loss=2.6643
  [train] step= 10500 loss=2.5849
  [train] step= 12000 loss=2.5614
  [train] step= 13500 loss=2.5215
  [train] step= 15000 loss=2.4451
  [train] step= 16500 loss=2.4231
  [train] step= 18000 loss=2.4300
  [train] step= 19500 loss=2.4036
  [train] step= 21000 loss=2.4040
  [train] step= 22500 loss=2.4171
  [train] step= 24000 loss=2.4470
  [train] step= 25500 loss=2.4273
  [train] step= 27000 loss=2.3604
  [train] step= 28500 loss=2.4180
  [train] step= 29999 loss=2.4464
  [train] step=     0 loss=9.8960
  [train] step=  1500 loss=4.8055
  [train] step=  3000 loss=4.6645
  [train] step=  4500 loss=4.5385
  [train] step=  6000 loss=4.6122
  [train] step=  7500 loss=4.6689
  [train] step=  9000 loss=4.6154
  [train] step= 10500 loss=4.8206
  [train] step= 12000 loss=4.6512
  [train] step= 13500 loss=4.4314
  [train] step= 15000 loss=4.5610
  [train] step= 16500 loss=4.5161
  [train] step= 18000 loss=4.5837
  [train] step= 19500 loss=4.4907
  [train] step= 21000 loss=4.4601
  [train] step= 22500 loss=4.5307
  [train] step= 24000 loss=4.3564
  [train] step= 25500 loss=4.5423
  [train] step= 27000 loss=4.3541
  [train] step= 28500 loss=4.4245
  [train] step= 29999 loss=4.6094
  [train] step=     0 loss=9.2205
  [train] step=  1500 loss=2.5989
  [train] step=  3000 loss=2.5143
  [train] step=  4500 loss=2.4537
  [train] step=  6000 loss=2.4917
  [train] step=  7500 loss=2.5354
  [train] step=  9000 loss=2.4405
  [train] step= 10500 loss=2.4372
  [train] step= 12000 loss=2.3798
  [train] step= 13500 loss=2.4749
  [train] step= 15000 loss=2.4587
  [train] step= 16500 loss=2.4599
  [train] step= 18000 loss=2.4294
  [train] step= 19500 loss=2.4303
  [train] step= 21000 loss=2.4263
  [train] step= 22500 loss=2.3876
  [train] step= 24000 loss=2.4002
  [train] step= 25500 loss=2.3718
  [train] step= 27000 loss=2.4134
  [train] step= 28500 loss=2.4031
  [train] step= 29999 loss=2.3724
  [train] step=     0 loss=9.7615
  [train] step=  1500 loss=4.8145
  [train] step=  3000 loss=4.1111
  [train] step=  4500 loss=4.0321
  [train] step=  6000 loss=3.9873
  [train] step=  7500 loss=4.0056
  [train] step=  9000 loss=3.8834
  [train] step= 10500 loss=3.8612
  [train] step= 12000 loss=3.9356
  [train] step= 13500 loss=3.8987
  [train] step= 15000 loss=3.8214
  [train] step= 16500 loss=3.8723
  [train] step= 18000 loss=3.8404
  [train] step= 19500 loss=3.9591
  [train] step= 21000 loss=3.9008
  [train] step= 22500 loss=3.9169
  [train] step= 24000 loss=3.8557
  [train] step= 25500 loss=4.0239
  [train] step= 27000 loss=3.9474
  [train] step= 28500 loss=3.7990
  [train] step= 29999 loss=4.0261
  [train] step=     0 loss=9.7340
  [train] step=  1500 loss=6.1206
  [train] step=  3000 loss=6.0211
  [train] step=  4500 loss=5.9706
  [train] step=  6000 loss=6.0891
  [train] step=  7500 loss=5.9686
  [train] step=  9000 loss=5.8351
  [train] step= 10500 loss=5.7546
  [train] step= 12000 loss=5.7655
  [train] step= 13500 loss=5.6261
  [train] step= 15000 loss=5.6373
  [train] step= 16500 loss=5.5518
  [train] step= 18000 loss=5.5647
  [train] step= 19500 loss=5.8284
  [train] step= 21000 loss=5.5585
  [train] step= 22500 loss=5.6370
  [train] step= 24000 loss=5.7551
  [train] step= 25500 loss=5.8704
  [train] step= 27000 loss=5.8113
  [train] step= 28500 loss=5.4750
  [train] step= 29999 loss=5.9490
  [train] step=     0 loss=9.5713
  [train] step=  1500 loss=3.6636
  [train] step=  3000 loss=2.7849
  [train] step=  4500 loss=2.6326
  [train] step=  6000 loss=2.7120
  [train] step=  7500 loss=2.6818
  [train] step=  9000 loss=2.7050
  [train] step= 10500 loss=2.6605
  [train] step= 12000 loss=2.7235
  [train] step= 13500 loss=2.7287
  [train] step= 15000 loss=2.6697
  [train] step= 16500 loss=2.6742
  [train] step= 18000 loss=2.6409
  [train] step= 19500 loss=2.7056
  [train] step= 21000 loss=2.7043
  [train] step= 22500 loss=2.6713
  [train] step= 24000 loss=2.6403
  [train] step= 25500 loss=2.6427
  [train] step= 27000 loss=2.6439
  [train] step= 28500 loss=2.6225
  [train] step= 29999 loss=2.6753
  [train] step=     0 loss=9.0168
  [train] step=  1500 loss=2.4951
  [train] step=  3000 loss=2.0815
  [train] step=  4500 loss=1.7744
  [train] step=  6000 loss=1.4143
  [train] step=  7500 loss=1.4085
  [train] step=  9000 loss=1.3736
  [train] step= 10500 loss=1.3197
  [train] step= 12000 loss=1.2929
  [train] step= 13500 loss=1.3336
  [train] step= 15000 loss=1.2955
  [train] step= 16500 loss=1.2927
  [train] step= 18000 loss=1.3417
  [train] step= 19500 loss=1.3096
  [train] step= 21000 loss=1.3436
  [train] step= 22500 loss=1.3157
  [train] step= 24000 loss=1.3294
  [train] step= 25500 loss=1.3420
  [train] step= 27000 loss=1.3691
  [train] step= 28500 loss=1.3156
  [train] step= 29999 loss=1.3356
  [train] step=     0 loss=9.9295
  [train] step=  1500 loss=7.7213
  [train] step=  3000 loss=7.4420
  [train] step=  4500 loss=7.6436
  [train] step=  6000 loss=7.3999
  [train] step=  7500 loss=7.4845
  [train] step=  9000 loss=7.4693
  [train] step= 10500 loss=7.5757
  [train] step= 12000 loss=7.4974
  [train] step= 13500 loss=7.5657
  [train] step= 15000 loss=7.2968
  [train] step= 16500 loss=7.4288
  [train] step= 18000 loss=7.5924
  [train] step= 19500 loss=7.5052
  [train] step= 21000 loss=7.7748
  [train] step= 22500 loss=7.3443
  [train] step= 24000 loss=7.5228
  [train] step= 25500 loss=7.2114
  [train] step= 27000 loss=7.3751
  [train] step= 28500 loss=7.6442
  [train] step= 29999 loss=7.6886
  [train] step=     0 loss=9.6361
  [train] step=  1500 loss=3.5025
  [train] step=  3000 loss=2.7649
  [train] step=  4500 loss=2.7510
  [train] step=  6000 loss=2.7258
  [train] step=  7500 loss=2.7351
  [train] step=  9000 loss=2.7020
  [train] step= 10500 loss=2.6706
  [train] step= 12000 loss=2.6741
  [train] step= 13500 loss=2.6796
  [train] step= 15000 loss=2.7428
  [train] step= 16500 loss=2.7426
  [train] step= 18000 loss=2.6728
  [train] step= 19500 loss=2.6630
  [train] step= 21000 loss=2.6558
  [train] step= 22500 loss=2.6875
  [train] step= 24000 loss=2.7108
  [train] step= 25500 loss=2.6882
  [train] step= 27000 loss=2.5954
  [train] step= 28500 loss=2.6495
  [train] step= 29999 loss=2.6607
  [train] step=     0 loss=8.9338
  [train] step=  1500 loss=2.3951
  [train] step=  3000 loss=2.0025
  [train] step=  4500 loss=1.7121
  [train] step=  6000 loss=1.3913
  [train] step=  7500 loss=1.3496
  [train] step=  9000 loss=1.3658
  [train] step= 10500 loss=1.3633
  [train] step= 12000 loss=1.3402
  [train] step= 13500 loss=1.3615
  [train] step= 15000 loss=1.3192
  [train] step= 16500 loss=1.3475
  [train] step= 18000 loss=1.3425
  [train] step= 19500 loss=1.3545
  [train] step= 21000 loss=1.3454
  [train] step= 22500 loss=1.3127
  [train] step= 24000 loss=1.3536
  [train] step= 25500 loss=1.3145
  [train] step= 27000 loss=1.3389
  [train] step= 28500 loss=1.3322
  [train] step= 29999 loss=1.3157
  [train] step=     0 loss=9.8315
  [train] step=  1500 loss=5.0730
  [train] step=  3000 loss=4.9863
  [train] step=  4500 loss=4.8927
  [train] step=  6000 loss=4.8108
  [train] step=  7500 loss=4.9233
  [train] step=  9000 loss=4.9028
  [train] step= 10500 loss=4.8228
  [train] step= 12000 loss=4.8743
  [train] step= 13500 loss=4.8751
  [train] step= 15000 loss=4.9529
  [train] step= 16500 loss=4.9270
  [train] step= 18000 loss=4.9050
  [train] step= 19500 loss=4.9368
  [train] step= 21000 loss=5.1293
  [train] step= 22500 loss=5.0185
  [train] step= 24000 loss=5.0168
  [train] step= 25500 loss=5.0581
  [train] step= 27000 loss=4.8866
  [train] step= 28500 loss=5.0023
  [train] step= 29999 loss=5.0156
  [train] step=     0 loss=9.7684
  [train] step=  1500 loss=7.7109
  [train] step=  3000 loss=7.2414
  [train] step=  4500 loss=7.1921
  [train] step=  6000 loss=7.0686
  [train] step=  7500 loss=7.1801
  [train] step=  9000 loss=7.1300
  [train] step= 10500 loss=6.9414
  [train] step= 12000 loss=6.8412
  [train] step= 13500 loss=6.9692
  [train] step= 15000 loss=6.8429
  [train] step= 16500 loss=6.8675
  [train] step= 18000 loss=6.8233
  [train] step= 19500 loss=6.9898
  [train] step= 21000 loss=6.9427
  [train] step= 22500 loss=6.9137
  [train] step= 24000 loss=6.9496
  [train] step= 25500 loss=7.0259
  [train] step= 27000 loss=6.8436
  [train] step= 28500 loss=7.0401
  [train] step= 29999 loss=6.8371
  [train] step=     0 loss=9.0649
  [train] step=  1500 loss=2.4411
  [train] step=  3000 loss=1.8073
  [train] step=  4500 loss=1.4722
  [train] step=  6000 loss=1.3556
  [train] step=  7500 loss=1.3420
  [train] step=  9000 loss=1.3196
  [train] step= 10500 loss=1.3091
  [train] step= 12000 loss=1.2883
  [train] step= 13500 loss=1.3098
  [train] step= 15000 loss=1.3153
  [train] step= 16500 loss=1.3046
  [train] step= 18000 loss=1.2842
  [train] step= 19500 loss=1.3049
  [train] step= 21000 loss=1.2873
  [train] step= 22500 loss=1.1998
  [train] step= 24000 loss=1.2306
  [train] step= 25500 loss=1.2012
  [train] step= 27000 loss=1.2075
  [train] step= 28500 loss=1.2102
  [train] step= 29999 loss=1.1891
  [train] step=     0 loss=9.6071
  [train] step=  1500 loss=2.7796
  [train] step=  3000 loss=2.7319
  [train] step=  4500 loss=2.5419
  [train] step=  6000 loss=2.5249
  [train] step=  7500 loss=2.5604
  [train] step=  9000 loss=2.4995
  [train] step= 10500 loss=2.4773
  [train] step= 12000 loss=2.4402
  [train] step= 13500 loss=2.4987
  [train] step= 15000 loss=2.4197
  [train] step= 16500 loss=2.4587
  [train] step= 18000 loss=2.3962
  [train] step= 19500 loss=2.3984
  [train] step= 21000 loss=2.4188
  [train] step= 22500 loss=2.4208
  [train] step= 24000 loss=2.4551
  [train] step= 25500 loss=2.3973
  [train] step= 27000 loss=2.4130
  [train] step= 28500 loss=2.4450
  [train] step= 29999 loss=2.4074
  [train] step=     0 loss=9.6570
  [train] step=  1500 loss=4.9639
  [train] step=  3000 loss=4.5796
  [train] step=  4500 loss=4.5002
  [train] step=  6000 loss=4.6420
  [train] step=  7500 loss=4.6239
  [train] step=  9000 loss=4.5182
  [train] step= 10500 loss=4.5031
  [train] step= 12000 loss=4.6128
  [train] step= 13500 loss=4.4955
  [train] step= 15000 loss=4.5444
  [train] step= 16500 loss=4.3296
  [train] step= 18000 loss=4.4290
  [train] step= 19500 loss=4.5110
  [train] step= 21000 loss=4.4195
  [train] step= 22500 loss=4.3854
  [train] step= 24000 loss=4.4482
  [train] step= 25500 loss=4.6698
  [train] step= 27000 loss=4.6417
  [train] step= 28500 loss=4.3344
  [train] step= 29999 loss=4.5053
  [train] step=     0 loss=9.3279
  [train] step=  1500 loss=2.9456
  [train] step=  3000 loss=2.6586
  [train] step=  4500 loss=2.5832
  [train] step=  6000 loss=2.5141
  [train] step=  7500 loss=2.5940
  [train] step=  9000 loss=2.5660
  [train] step= 10500 loss=2.5257
  [train] step= 12000 loss=2.5295
  [train] step= 13500 loss=2.5315
  [train] step= 15000 loss=2.4912
  [train] step= 16500 loss=2.4947
  [train] step= 18000 loss=2.5798
  [train] step= 19500 loss=2.5035
  [train] step= 21000 loss=2.5328
  [train] step= 22500 loss=2.5040
  [train] step= 24000 loss=2.5520
  [train] step= 25500 loss=2.5487
  [train] step= 27000 loss=2.5515
  [train] step= 28500 loss=2.5222
  [train] step= 29999 loss=2.5528
  [train] step=     0 loss=9.9265
  [train] step=  1500 loss=6.7877
  [train] step=  3000 loss=6.3310
  [train] step=  4500 loss=6.4249
  [train] step=  6000 loss=6.0015
  [train] step=  7500 loss=6.1924
  [train] step=  9000 loss=6.1325
  [train] step= 10500 loss=6.1612
  [train] step= 12000 loss=6.3678
  [train] step= 13500 loss=6.0770
  [train] step= 15000 loss=5.9947
  [train] step= 16500 loss=6.0239
  [train] step= 18000 loss=6.2190
  [train] step= 19500 loss=6.1688
  [train] step= 21000 loss=6.1973
  [train] step= 22500 loss=6.2228
  [train] step= 24000 loss=6.0538
  [train] step= 25500 loss=5.8573
  [train] step= 27000 loss=6.3060
  [train] step= 28500 loss=6.0578
  [train] step= 29999 loss=6.1594
  [train] step=     0 loss=9.8769
  [train] step=  1500 loss=6.8077
  [train] step=  3000 loss=6.5811
  [train] step=  4500 loss=6.6383
  [train] step=  6000 loss=6.4708
  [train] step=  7500 loss=6.5726
  [train] step=  9000 loss=6.3693
  [train] step= 10500 loss=6.4258
  [train] step= 12000 loss=6.6004
  [train] step= 13500 loss=6.4090
  [train] step= 15000 loss=6.3414
  [train] step= 16500 loss=6.3487
  [train] step= 18000 loss=6.4749
  [train] step= 19500 loss=6.4847
  [train] step= 21000 loss=6.5460
  [train] step= 22500 loss=6.5085
  [train] step= 24000 loss=6.3918
  [train] step= 25500 loss=6.2348
  [train] step= 27000 loss=6.6953
  [train] step= 28500 loss=6.3118
  [train] step= 29999 loss=6.5657
  [train] step=     0 loss=26.5369
  [train] step=  1500 loss=17.2176
  [train] step=  3000 loss=15.2868
  [train] step=  4500 loss=15.4173
  [train] step=  6000 loss=15.5180
  [train] step=  7500 loss=15.3182
  [train] step=  9000 loss=15.5887
  [train] step= 10500 loss=15.3597
  [train] step= 12000 loss=15.4962
  [train] step= 13500 loss=15.4850
  [train] step= 15000 loss=15.4827
  [train] step= 16500 loss=15.5393
  [train] step= 18000 loss=15.2454
  [train] step= 19500 loss=15.7578
  [train] step= 21000 loss=15.5279
  [train] step= 22500 loss=15.6126
  [train] step= 24000 loss=15.3334
  [train] step= 25500 loss=15.4537
  [train] step= 27000 loss=15.5525
  [train] step= 28500 loss=15.3324
  [train] step= 29999 loss=15.2940
  [train] step=     0 loss=10.1074
  [train] step=  1500 loss=7.6373
  [train] step=  3000 loss=7.2407
  [train] step=  4500 loss=7.1918
  [train] step=  6000 loss=7.1285
  [train] step=  7500 loss=7.0341
  [train] step=  9000 loss=7.1544
  [train] step= 10500 loss=6.9789
  [train] step= 12000 loss=7.0261
  [train] step= 13500 loss=6.9705
  [train] step= 15000 loss=7.0309
  [train] step= 16500 loss=6.9385
  [train] step= 18000 loss=6.9814
  [train] step= 19500 loss=7.2251
  [train] step= 21000 loss=6.8587
  [train] step= 22500 loss=6.9084
  [train] step= 24000 loss=7.1907
  [train] step= 25500 loss=6.7555
  [train] step= 27000 loss=6.8891
  [train] step= 28500 loss=6.9557
  [train] step= 29999 loss=7.2137
  [train] step=     0 loss=9.4700
  [train] step=  1500 loss=3.6678
  [train] step=  3000 loss=2.6464
  [train] step=  4500 loss=2.4633
  [train] step=  6000 loss=2.4684
  [train] step=  7500 loss=2.4695
  [train] step=  9000 loss=2.4674
  [train] step= 10500 loss=2.4833
  [train] step= 12000 loss=2.4883
  [train] step= 13500 loss=2.4683
  [train] step= 15000 loss=2.4123
  [train] step= 16500 loss=2.4390
  [train] step= 18000 loss=2.4316
  [train] step= 19500 loss=2.4190
  [train] step= 21000 loss=2.4335
  [train] step= 22500 loss=2.4471
  [train] step= 24000 loss=2.4479
  [train] step= 25500 loss=2.4079
  [train] step= 27000 loss=2.4361
  [train] step= 28500 loss=2.3797
  [train] step= 29999 loss=2.4370
  [train] step=     0 loss=9.6717
  [train] step=  1500 loss=2.9718
  [train] step=  3000 loss=2.6269
  [train] step=  4500 loss=2.6043
  [train] step=  6000 loss=2.5701
  [train] step=  7500 loss=2.5620
  [train] step=  9000 loss=2.5425
  [train] step= 10500 loss=2.5654
  [train] step= 12000 loss=2.5516
  [train] step= 13500 loss=2.4514
  [train] step= 15000 loss=2.5024
  [train] step= 16500 loss=2.4639
  [train] step= 18000 loss=2.4362
  [train] step= 19500 loss=2.4528
  [train] step= 21000 loss=2.4177
  [train] step= 22500 loss=2.4530
  [train] step= 24000 loss=2.4263
  [train] step= 25500 loss=2.4202
  [train] step= 27000 loss=2.3840
  [train] step= 28500 loss=2.3754
  [train] step= 29999 loss=2.3981
  [train] step=     0 loss=9.8618
  [train] step=  1500 loss=6.8351
  [train] step=  3000 loss=6.5955
  [train] step=  4500 loss=6.7366
  [train] step=  6000 loss=6.4453
  [train] step=  7500 loss=6.4732
  [train] step=  9000 loss=6.4956
  [train] step= 10500 loss=6.4618
  [train] step= 12000 loss=6.3350
  [train] step= 13500 loss=6.2019
  [train] step= 15000 loss=6.0610
  [train] step= 16500 loss=6.2840
  [train] step= 18000 loss=6.3029
  [train] step= 19500 loss=6.2846
  [train] step= 21000 loss=6.4784
  [train] step= 22500 loss=6.1231
  [train] step= 24000 loss=6.2368
  [train] step= 25500 loss=6.1617
  [train] step= 27000 loss=6.2471
  [train] step= 28500 loss=6.4852
  [train] step= 29999 loss=6.2210
  [train] step=     0 loss=9.4678
  [train] step=  1500 loss=2.9408
  [train] step=  3000 loss=2.6320
  [train] step=  4500 loss=2.5368
  [train] step=  6000 loss=2.5260
  [train] step=  7500 loss=2.5433
  [train] step=  9000 loss=2.5235
  [train] step= 10500 loss=2.5724
  [train] step= 12000 loss=2.5217
  [train] step= 13500 loss=2.5134
  [train] step= 15000 loss=2.5123
  [train] step= 16500 loss=2.5147
  [train] step= 18000 loss=2.5325
  [train] step= 19500 loss=2.5147
  [train] step= 21000 loss=2.5074
  [train] step= 22500 loss=2.5438
  [train] step= 24000 loss=2.4807
  [train] step= 25500 loss=2.4869
  [train] step= 27000 loss=2.4813
  [train] step= 28500 loss=2.5261
  [train] step= 29999 loss=2.4888
  [train] step=     0 loss=9.6648
  [train] step=  1500 loss=3.4917
  [train] step=  3000 loss=3.1120
  [train] step=  4500 loss=3.0155
  [train] step=  6000 loss=2.8783
  [train] step=  7500 loss=2.9614
  [train] step=  9000 loss=2.7292
  [train] step= 10500 loss=2.6697
  [train] step= 12000 loss=2.5842
  [train] step= 13500 loss=2.5830
  [train] step= 15000 loss=2.5931
  [train] step= 16500 loss=2.6375
  [train] step= 18000 loss=2.6004
  [train] step= 19500 loss=2.6103
  [train] step= 21000 loss=2.5807
  [train] step= 22500 loss=2.6106
  [train] step= 24000 loss=2.6409
  [train] step= 25500 loss=2.6479
  [train] step= 27000 loss=2.5353
  [train] step= 28500 loss=2.5975
  [train] step= 29999 loss=2.6301
  [train] step=     0 loss=9.7005
  [train] step=  1500 loss=4.2923
  [train] step=  3000 loss=4.1468
  [train] step=  4500 loss=4.1435
  [train] step=  6000 loss=4.0719
  [train] step=  7500 loss=4.1725
  [train] step=  9000 loss=4.1623
  [train] step= 10500 loss=3.9387
  [train] step= 12000 loss=3.9015
  [train] step= 13500 loss=3.9118
  [train] step= 15000 loss=3.8330
  [train] step= 16500 loss=3.7604
  [train] step= 18000 loss=3.7799
  [train] step= 19500 loss=3.7768
  [train] step= 21000 loss=3.8665
  [train] step= 22500 loss=3.7679
  [train] step= 24000 loss=3.8169
  [train] step= 25500 loss=3.8835
  [train] step= 27000 loss=3.7348
  [train] step= 28500 loss=3.7747
  [train] step= 29999 loss=3.8641
  [train] step=     0 loss=9.4438
  [train] step=  1500 loss=3.2249
  [train] step=  3000 loss=2.6139
  [train] step=  4500 loss=2.5152
  [train] step=  6000 loss=2.4406
  [train] step=  7500 loss=2.4928
  [train] step=  9000 loss=2.4864
  [train] step= 10500 loss=2.4664
  [train] step= 12000 loss=2.4454
  [train] step= 13500 loss=2.4282
  [train] step= 15000 loss=2.3881
  [train] step= 16500 loss=2.4262
  [train] step= 18000 loss=2.4239
  [train] step= 19500 loss=2.4149
  [train] step= 21000 loss=2.4307
  [train] step= 22500 loss=2.4739
  [train] step= 24000 loss=2.4169
  [train] step= 25500 loss=2.4004
  [train] step= 27000 loss=2.3745
  [train] step= 28500 loss=2.4111
  [train] step= 29999 loss=2.3639
  [train] step=     0 loss=9.5726
  [train] step=  1500 loss=3.1046
  [train] step=  3000 loss=2.6045
  [train] step=  4500 loss=2.4881
  [train] step=  6000 loss=2.4756
  [train] step=  7500 loss=2.4856
  [train] step=  9000 loss=2.4771
  [train] step= 10500 loss=2.4741
  [train] step= 12000 loss=2.5328
  [train] step= 13500 loss=2.4791
  [train] step= 15000 loss=2.4441
  [train] step= 16500 loss=2.4818
  [train] step= 18000 loss=2.4895
  [train] step= 19500 loss=2.4587
  [train] step= 21000 loss=2.4829
  [train] step= 22500 loss=2.4721
  [train] step= 24000 loss=2.5261
  [train] step= 25500 loss=2.4690
  [train] step= 27000 loss=2.5388
  [train] step= 28500 loss=2.4785
  [train] step= 29999 loss=2.5444
  [train] step=     0 loss=9.6887
  [train] step=  1500 loss=3.2422
  [train] step=  3000 loss=3.0356
  [train] step=  4500 loss=2.7849
  [train] step=  6000 loss=2.7442
  [train] step=  7500 loss=2.7028
  [train] step=  9000 loss=2.6559
  [train] step= 10500 loss=2.5530
  [train] step= 12000 loss=2.6640
  [train] step= 13500 loss=2.5700
  [train] step= 15000 loss=2.5990
  [train] step= 16500 loss=2.6100
  [train] step= 18000 loss=2.5724
  [train] step= 19500 loss=2.6423
  [train] step= 21000 loss=2.5337
  [train] step= 22500 loss=2.5334
  [train] step= 24000 loss=2.4831
  [train] step= 25500 loss=2.5523
  [train] step= 27000 loss=2.5032
  [train] step= 28500 loss=2.4087
  [train] step= 29999 loss=2.4808
  [train] step=     0 loss=10.0935
  [train] step=  1500 loss=7.2977
  [train] step=  3000 loss=7.2368
  [train] step=  4500 loss=7.2768
  [train] step=  6000 loss=7.1956
  [train] step=  7500 loss=7.2446
  [train] step=  9000 loss=7.3261
  [train] step= 10500 loss=6.8868
  [train] step= 12000 loss=6.9248
  [train] step= 13500 loss=6.8460
  [train] step= 15000 loss=6.9529
  [train] step= 16500 loss=6.8977
  [train] step= 18000 loss=6.8618
  [train] step= 19500 loss=7.1257
  [train] step= 21000 loss=6.7013
  [train] step= 22500 loss=6.9605
  [train] step= 24000 loss=6.9930
  [train] step= 25500 loss=6.6241
  [train] step= 27000 loss=6.6932
  [train] step= 28500 loss=6.9643
  [train] step= 29999 loss=7.0882
  [train] step=     0 loss=9.1123
  [train] step=  1500 loss=2.7172
  [train] step=  3000 loss=2.5341
  [train] step=  4500 loss=2.5066
  [train] step=  6000 loss=2.4442
  [train] step=  7500 loss=2.5258
  [train] step=  9000 loss=2.5234
  [train] step= 10500 loss=2.4842
  [train] step= 12000 loss=2.4707
  [train] step= 13500 loss=2.5024
  [train] step= 15000 loss=2.4439
  [train] step= 16500 loss=2.4409
  [train] step= 18000 loss=2.5128
  [train] step= 19500 loss=2.4653
  [train] step= 21000 loss=2.5124
  [train] step= 22500 loss=2.4791
  [train] step= 24000 loss=2.4907
  [train] step= 25500 loss=2.4982
  [train] step= 27000 loss=2.5086
  [train] step= 28500 loss=2.4834
  [train] step= 29999 loss=2.5226
  [train] step=     0 loss=9.7909
  [train] step=  1500 loss=4.3358
  [train] step=  3000 loss=4.3115
  [train] step=  4500 loss=4.1879
  [train] step=  6000 loss=4.1576
  [train] step=  7500 loss=4.0948
  [train] step=  9000 loss=4.0705
  [train] step= 10500 loss=4.1031
  [train] step= 12000 loss=3.9812
  [train] step= 13500 loss=3.8289
  [train] step= 15000 loss=3.9377
  [train] step= 16500 loss=3.8492
  [train] step= 18000 loss=3.8964
  [train] step= 19500 loss=3.8244
  [train] step= 21000 loss=3.8411
  [train] step= 22500 loss=3.7985
  [train] step= 24000 loss=3.7709
  [train] step= 25500 loss=3.8982
  [train] step= 27000 loss=3.7352
  [train] step= 28500 loss=3.7902
  [train] step= 29999 loss=3.7710
  [train] step=     0 loss=9.3175
  [train] step=  1500 loss=2.3267
  [train] step=  3000 loss=1.7488
  [train] step=  4500 loss=1.3477
  [train] step=  6000 loss=1.2744
  [train] step=  7500 loss=1.2722
  [train] step=  9000 loss=1.2844
  [train] step= 10500 loss=1.2885
  [train] step= 12000 loss=1.2344
  [train] step= 13500 loss=1.2333
  [train] step= 15000 loss=1.2258
  [train] step= 16500 loss=1.2110
  [train] step= 18000 loss=1.2420
  [train] step= 19500 loss=1.2042
  [train] step= 21000 loss=1.2143
  [train] step= 22500 loss=1.1552
  [train] step= 24000 loss=1.1960
  [train] step= 25500 loss=1.1734
  [train] step= 27000 loss=1.2030
  [train] step= 28500 loss=1.1997
  [train] step= 29999 loss=1.1953
  [train] step=     0 loss=9.1844
  [train] step=  1500 loss=2.7890
  [train] step=  3000 loss=2.5099
  [train] step=  4500 loss=2.5386
  [train] step=  6000 loss=2.4643
  [train] step=  7500 loss=2.5050
  [train] step=  9000 loss=2.5333
  [train] step= 10500 loss=2.5243
  [train] step= 12000 loss=2.5205
  [train] step= 13500 loss=2.5763
  [train] step= 15000 loss=2.4722
  [train] step= 16500 loss=2.5241
  [train] step= 18000 loss=2.5207
  [train] step= 19500 loss=2.5302
  [train] step= 21000 loss=2.5098
  [train] step= 22500 loss=2.5223
  [train] step= 24000 loss=2.5165
  [train] step= 25500 loss=2.4632
  [train] step= 27000 loss=2.5278
  [train] step= 28500 loss=2.4936
  [train] step= 29999 loss=2.4987
  [train] step=     0 loss=9.8264
  [train] step=  1500 loss=7.5726
  [train] step=  3000 loss=7.2003
  [train] step=  4500 loss=7.1584
  [train] step=  6000 loss=7.1468
  [train] step=  7500 loss=7.2635
  [train] step=  9000 loss=7.1143
  [train] step= 10500 loss=7.1014
  [train] step= 12000 loss=7.0588
  [train] step= 13500 loss=7.1270
  [train] step= 15000 loss=7.2948
  [train] step= 16500 loss=7.1664
  [train] step= 18000 loss=7.1480
  [train] step= 19500 loss=7.2171
  [train] step= 21000 loss=7.3060
  [train] step= 22500 loss=7.0413
  [train] step= 24000 loss=7.2316
  [train] step= 25500 loss=7.2322
  [train] step= 27000 loss=7.0948
  [train] step= 28500 loss=7.2692
  [train] step= 29999 loss=7.0580
  [train] step=     0 loss=10.0271
  [train] step=  1500 loss=6.6300
  [train] step=  3000 loss=6.5112
  [train] step=  4500 loss=6.3812
  [train] step=  6000 loss=6.5228
  [train] step=  7500 loss=6.6921
  [train] step=  9000 loss=6.5115
  [train] step= 10500 loss=6.6306
  [train] step= 12000 loss=6.4150
  [train] step= 13500 loss=6.4117
  [train] step= 15000 loss=6.4788
  [train] step= 16500 loss=6.5272
  [train] step= 18000 loss=6.5263
  [train] step= 19500 loss=6.3523
  [train] step= 21000 loss=6.3672
  [train] step= 22500 loss=6.5055
  [train] step= 24000 loss=6.2715
  [train] step= 25500 loss=6.5410
  [train] step= 27000 loss=6.3494
  [train] step= 28500 loss=6.3155
  [train] step= 29999 loss=6.6050
  [train] step=     0 loss=9.6643
  [train] step=  1500 loss=3.1153
  [train] step=  3000 loss=2.8558
  [train] step=  4500 loss=2.6784
  [train] step=  6000 loss=2.6142
  [train] step=  7500 loss=2.6701
  [train] step=  9000 loss=2.6994
  [train] step= 10500 loss=2.6365
  [train] step= 12000 loss=2.6615
  [train] step= 13500 loss=2.6447
  [train] step= 15000 loss=2.6526
  [train] step= 16500 loss=2.6585
  [train] step= 18000 loss=2.6786
  [train] step= 19500 loss=2.7074
  [train] step= 21000 loss=2.6809
  [train] step= 22500 loss=2.6867
  [train] step= 24000 loss=2.6913
  [train] step= 25500 loss=2.6610
  [train] step= 27000 loss=2.6718
  [train] step= 28500 loss=2.6540
  [train] step= 29999 loss=2.6342
  [train] step=     0 loss=9.2560
  [train] step=  1500 loss=2.7446
  [train] step=  3000 loss=2.5889
  [train] step=  4500 loss=2.4590
  [train] step=  6000 loss=2.4395
  [train] step=  7500 loss=2.4630
  [train] step=  9000 loss=2.4626
  [train] step= 10500 loss=2.3980
  [train] step= 12000 loss=2.5028
  [train] step= 13500 loss=2.4673
  [train] step= 15000 loss=2.4823
  [train] step= 16500 loss=2.4618
  [train] step= 18000 loss=2.4914
  [train] step= 19500 loss=2.5123
  [train] step= 21000 loss=2.4548
  [train] step= 22500 loss=2.4692
  [train] step= 24000 loss=2.4258
  [train] step= 25500 loss=2.5214
  [train] step= 27000 loss=2.4852
  [train] step= 28500 loss=2.3957
  [train] step= 29999 loss=2.4838
  [train] step=     0 loss=9.8427
  [train] step=  1500 loss=6.5460
  [train] step=  3000 loss=6.2483
  [train] step=  4500 loss=6.1248
  [train] step=  6000 loss=6.2319
  [train] step=  7500 loss=5.9979
  [train] step=  9000 loss=5.8633
  [train] step= 10500 loss=5.9488
  [train] step= 12000 loss=6.1741
  [train] step= 13500 loss=5.8774
  [train] step= 15000 loss=6.0655
  [train] step= 16500 loss=5.8362
  [train] step= 18000 loss=5.9125
  [train] step= 19500 loss=6.1797
  [train] step= 21000 loss=5.9182
  [train] step= 22500 loss=5.9301
  [train] step= 24000 loss=5.9106
  [train] step= 25500 loss=6.1348
  [train] step= 27000 loss=6.0814
  [train] step= 28500 loss=5.7367
  [train] step= 29999 loss=6.1661
  [train] step=     0 loss=9.5869
  [train] step=  1500 loss=2.6812
  [train] step=  3000 loss=2.5481
  [train] step=  4500 loss=2.4738
  [train] step=  6000 loss=2.5115
  [train] step=  7500 loss=2.5610
  [train] step=  9000 loss=2.4923
  [train] step= 10500 loss=2.4681
  [train] step= 12000 loss=2.4126
  [train] step= 13500 loss=2.4934
  [train] step= 15000 loss=2.4887
  [train] step= 16500 loss=2.4795
  [train] step= 18000 loss=2.4443
  [train] step= 19500 loss=2.4397
  [train] step= 21000 loss=2.4675
  [train] step= 22500 loss=2.4682
  [train] step= 24000 loss=2.4756
  [train] step= 25500 loss=2.4579
  [train] step= 27000 loss=2.4737
  [train] step= 28500 loss=2.4843
  [train] step= 29999 loss=2.4727
  [train] step=     0 loss=9.5257
  [train] step=  1500 loss=3.1619
  [train] step=  3000 loss=2.6835
  [train] step=  4500 loss=2.5253
  [train] step=  6000 loss=2.4636
  [train] step=  7500 loss=2.4645
  [train] step=  9000 loss=2.4465
  [train] step= 10500 loss=2.4433
  [train] step= 12000 loss=2.4537
  [train] step= 13500 loss=2.4346
  [train] step= 15000 loss=2.5312
  [train] step= 16500 loss=2.5039
  [train] step= 18000 loss=2.4701
  [train] step= 19500 loss=2.4896
  [train] step= 21000 loss=2.4419
  [train] step= 22500 loss=2.4751
  [train] step= 24000 loss=2.4227
  [train] step= 25500 loss=2.4272
  [train] step= 27000 loss=2.3923
  [train] step= 28500 loss=2.3711
  [train] step= 29999 loss=2.3987
  [train] step=     0 loss=9.9625
  [train] step=  1500 loss=7.5120
  [train] step=  3000 loss=7.2576
  [train] step=  4500 loss=7.3173
  [train] step=  6000 loss=7.1240
  [train] step=  7500 loss=7.2203
  [train] step=  9000 loss=7.2899
  [train] step= 10500 loss=7.2096
  [train] step= 12000 loss=7.3935
  [train] step= 13500 loss=7.2137
  [train] step= 15000 loss=7.1170
  [train] step= 16500 loss=7.2832
  [train] step= 18000 loss=7.3420
  [train] step= 19500 loss=7.2205
  [train] step= 21000 loss=7.4734
  [train] step= 22500 loss=7.0706
  [train] step= 24000 loss=7.3076
  [train] step= 25500 loss=6.9287
  [train] step= 27000 loss=7.1333
  [train] step= 28500 loss=7.3855
  [train] step= 29999 loss=7.3086
  [train] step=     0 loss=9.7324
  [train] step=  1500 loss=6.2886
  [train] step=  3000 loss=6.0766
  [train] step=  4500 loss=5.9459
  [train] step=  6000 loss=5.7547
  [train] step=  7500 loss=5.9164
  [train] step=  9000 loss=5.7756
  [train] step= 10500 loss=5.5715
  [train] step= 12000 loss=5.5789
  [train] step= 13500 loss=5.3977
  [train] step= 15000 loss=5.4454
  [train] step= 16500 loss=5.3121
  [train] step= 18000 loss=5.3710
  [train] step= 19500 loss=5.4616
  [train] step= 21000 loss=5.4669
  [train] step= 22500 loss=5.4087
  [train] step= 24000 loss=5.2880
  [train] step= 25500 loss=5.2329
  [train] step= 27000 loss=5.5015
  [train] step= 28500 loss=5.4192
  [train] step= 29999 loss=5.4414
  [train] step=     0 loss=9.1890
  [train] step=  1500 loss=2.3373
  [train] step=  3000 loss=2.0048
  [train] step=  4500 loss=1.5873
  [train] step=  6000 loss=1.3730
  [train] step=  7500 loss=1.3478
  [train] step=  9000 loss=1.3118
  [train] step= 10500 loss=1.3300
  [train] step= 12000 loss=1.3049
  [train] step= 13500 loss=1.3003
  [train] step= 15000 loss=1.2730
  [train] step= 16500 loss=1.3071
  [train] step= 18000 loss=1.3065
  [train] step= 19500 loss=1.2984
  [train] step= 21000 loss=1.3043
  [train] step= 22500 loss=1.2906
  [train] step= 24000 loss=1.2910
  [train] step= 25500 loss=1.2950
  [train] step= 27000 loss=1.2643
  [train] step= 28500 loss=1.2958
  [train] step= 29999 loss=1.2874
  [train] step=     0 loss=10.0399
  [train] step=  1500 loss=5.2636
  [train] step=  3000 loss=4.8480
  [train] step=  4500 loss=4.5876
  [train] step=  6000 loss=4.8265
  [train] step=  7500 loss=4.6010
  [train] step=  9000 loss=4.7665
  [train] step= 10500 loss=4.9067
  [train] step= 12000 loss=4.7077
  [train] step= 13500 loss=4.7287
  [train] step= 15000 loss=4.7629
  [train] step= 16500 loss=4.7950
  [train] step= 18000 loss=4.6231
  [train] step= 19500 loss=4.7169
  [train] step= 21000 loss=4.7006
  [train] step= 22500 loss=4.6223
  [train] step= 24000 loss=4.4839
  [train] step= 25500 loss=4.6436
  [train] step= 27000 loss=4.6424
  [train] step= 28500 loss=4.5199
  [train] step= 29999 loss=4.6774
  [train] step=     0 loss=10.0157
  [train] step=  1500 loss=6.0793
  [train] step=  3000 loss=6.0215
  [train] step=  4500 loss=5.9438
  [train] step=  6000 loss=6.0910
  [train] step=  7500 loss=6.0471
  [train] step=  9000 loss=6.0540
  [train] step= 10500 loss=6.1602
  [train] step= 12000 loss=5.9105
  [train] step= 13500 loss=5.8272
  [train] step= 15000 loss=5.9059
  [train] step= 16500 loss=5.9821
  [train] step= 18000 loss=5.9901
  [train] step= 19500 loss=5.8019
  [train] step= 21000 loss=5.7682
  [train] step= 22500 loss=5.7948
  [train] step= 24000 loss=5.6316
  [train] step= 25500 loss=5.9445
  [train] step= 27000 loss=5.7252
  [train] step= 28500 loss=5.7795
  [train] step= 29999 loss=6.0146
  [train] step=     0 loss=9.5821
  [train] step=  1500 loss=2.5964
  [train] step=  3000 loss=2.4959
  [train] step=  4500 loss=2.5079
  [train] step=  6000 loss=2.4622
  [train] step=  7500 loss=2.5039
  [train] step=  9000 loss=2.5017
  [train] step= 10500 loss=2.4850
  [train] step= 12000 loss=2.4623
  [train] step= 13500 loss=2.4309
  [train] step= 15000 loss=2.4053
  [train] step= 16500 loss=2.4367
  [train] step= 18000 loss=2.4328
  [train] step= 19500 loss=2.4344
  [train] step= 21000 loss=2.4445
  [train] step= 22500 loss=2.4863
  [train] step= 24000 loss=2.4352
  [train] step= 25500 loss=2.4184
  [train] step= 27000 loss=2.3972
  [train] step= 28500 loss=2.4431
  [train] step= 29999 loss=2.3938
  [train] step=     0 loss=9.1561
  [train] step=  1500 loss=2.5733
  [train] step=  3000 loss=2.5525
  [train] step=  4500 loss=2.4523
  [train] step=  6000 loss=2.4540
  [train] step=  7500 loss=2.4590
  [train] step=  9000 loss=2.4562
  [train] step= 10500 loss=2.3935
  [train] step= 12000 loss=2.5003
  [train] step= 13500 loss=2.4668
  [train] step= 15000 loss=2.4855
  [train] step= 16500 loss=2.4781
  [train] step= 18000 loss=2.4833
  [train] step= 19500 loss=2.5115
  [train] step= 21000 loss=2.4643
  [train] step= 22500 loss=2.4712
  [train] step= 24000 loss=2.4329
  [train] step= 25500 loss=2.5214
  [train] step= 27000 loss=2.4852
  [train] step= 28500 loss=2.3988
  [train] step= 29999 loss=2.4804
  [train] step=     0 loss=9.7475
  [train] step=  1500 loss=4.3816
  [train] step=  3000 loss=4.0472
  [train] step=  4500 loss=3.9310
  [train] step=  6000 loss=3.9056
  [train] step=  7500 loss=3.7654
  [train] step=  9000 loss=3.7457
  [train] step= 10500 loss=3.7184
  [train] step= 12000 loss=3.8726
  [train] step= 13500 loss=3.7420
  [train] step= 15000 loss=3.7584
  [train] step= 16500 loss=3.7706
  [train] step= 18000 loss=3.8311
  [train] step= 19500 loss=3.9218
  [train] step= 21000 loss=3.7887
  [train] step= 22500 loss=3.7213
  [train] step= 24000 loss=3.7923
  [train] step= 25500 loss=3.8200
  [train] step= 27000 loss=3.8632
  [train] step= 28500 loss=3.7258
  [train] step= 29999 loss=3.8995
  [train] step=     0 loss=10.1440
  [train] step=  1500 loss=7.6865
  [train] step=  3000 loss=7.5752
  [train] step=  4500 loss=7.4688
  [train] step=  6000 loss=7.3685
  [train] step=  7500 loss=7.4183
  [train] step=  9000 loss=7.5277
  [train] step= 10500 loss=7.4370
  [train] step= 12000 loss=7.5397
  [train] step= 13500 loss=7.4992
  [train] step= 15000 loss=7.6516
  [train] step= 16500 loss=7.3551
  [train] step= 18000 loss=7.3124
  [train] step= 19500 loss=7.7257
  [train] step= 21000 loss=7.4497
  [train] step= 22500 loss=7.4458
  [train] step= 24000 loss=7.5898
  [train] step= 25500 loss=7.3474
  [train] step= 27000 loss=7.2852
  [train] step= 28500 loss=7.4476
  [train] step= 29999 loss=7.5623
  [train] step=     0 loss=9.1845
  [train] step=  1500 loss=2.4458
  [train] step=  3000 loss=1.9037
  [train] step=  4500 loss=1.3169
  [train] step=  6000 loss=1.2488
  [train] step=  7500 loss=1.2520
  [train] step=  9000 loss=1.2427
  [train] step= 10500 loss=1.2479
  [train] step= 12000 loss=1.2577
  [train] step= 13500 loss=1.2679
  [train] step= 15000 loss=1.2431
  [train] step= 16500 loss=1.2327
  [train] step= 18000 loss=1.2329
  [train] step= 19500 loss=1.2335
  [train] step= 21000 loss=1.2572
  [train] step= 22500 loss=1.2469
  [train] step= 24000 loss=1.2507
  [train] step= 25500 loss=1.2214
  [train] step= 27000 loss=1.2400
  [train] step= 28500 loss=1.2137
  [train] step= 29999 loss=1.2479
  [train] step=     0 loss=9.9140
  [train] step=  1500 loss=6.5434
  [train] step=  3000 loss=6.2197
  [train] step=  4500 loss=6.3358
  [train] step=  6000 loss=5.9537
  [train] step=  7500 loss=6.0664
  [train] step=  9000 loss=6.1254
  [train] step= 10500 loss=6.1513
  [train] step= 12000 loss=6.1642
  [train] step= 13500 loss=6.0241
  [train] step= 15000 loss=5.8441
  [train] step= 16500 loss=6.1101
  [train] step= 18000 loss=6.1941
  [train] step= 19500 loss=6.0764
  [train] step= 21000 loss=6.2682
  [train] step= 22500 loss=5.8618
  [train] step= 24000 loss=6.0448
  [train] step= 25500 loss=5.9275
  [train] step= 27000 loss=5.9009
  [train] step= 28500 loss=6.1787
  [train] step= 29999 loss=6.1129
  [train] step=     0 loss=9.7811
  [train] step=  1500 loss=3.8049
  [train] step=  3000 loss=2.8380
  [train] step=  4500 loss=2.7856
  [train] step=  6000 loss=2.8325
  [train] step=  7500 loss=2.6173
  [train] step=  9000 loss=2.5190
  [train] step= 10500 loss=2.5021
  [train] step= 12000 loss=2.5292
  [train] step= 13500 loss=2.5258
  [train] step= 15000 loss=2.5022
  [train] step= 16500 loss=2.5393
  [train] step= 18000 loss=2.5615
  [train] step= 19500 loss=2.5524
  [train] step= 21000 loss=2.5821
  [train] step= 22500 loss=2.4701
  [train] step= 24000 loss=2.5257
  [train] step= 25500 loss=2.4977
  [train] step= 27000 loss=2.5690
  [train] step= 28500 loss=2.5380
  [train] step= 29999 loss=2.5343
  [train] step=     0 loss=9.1350
  [train] step=  1500 loss=2.5925
  [train] step=  3000 loss=2.4797
  [train] step=  4500 loss=2.4731
  [train] step=  6000 loss=2.4541
  [train] step=  7500 loss=2.4918
  [train] step=  9000 loss=2.4854
  [train] step= 10500 loss=2.4421
  [train] step= 12000 loss=2.4310
  [train] step= 13500 loss=2.4425
  [train] step= 15000 loss=2.4772
  [train] step= 16500 loss=2.4455
  [train] step= 18000 loss=2.4639
  [train] step= 19500 loss=2.4538
  [train] step= 21000 loss=2.4596
  [train] step= 22500 loss=2.3767
  [train] step= 24000 loss=2.3943
  [train] step= 25500 loss=2.3967
  [train] step= 27000 loss=2.3436
  [train] step= 28500 loss=2.4009
  [train] step= 29999 loss=2.4147
  [train] step=     0 loss=9.9863
  [train] step=  1500 loss=4.6017
  [train] step=  3000 loss=4.1624
  [train] step=  4500 loss=3.9459
  [train] step=  6000 loss=4.0069
  [train] step=  7500 loss=3.9939
  [train] step=  9000 loss=3.8583
  [train] step= 10500 loss=4.0581
  [train] step= 12000 loss=3.8384
  [train] step= 13500 loss=3.8802
  [train] step= 15000 loss=3.9138
  [train] step= 16500 loss=3.9981
  [train] step= 18000 loss=3.9470
  [train] step= 19500 loss=3.9295
  [train] step= 21000 loss=3.7969
  [train] step= 22500 loss=3.9919
  [train] step= 24000 loss=3.8122
  [train] step= 25500 loss=3.8251
  [train] step= 27000 loss=3.7879
  [train] step= 28500 loss=3.7868
  [train] step= 29999 loss=3.9394
  [train] step=     0 loss=9.5422
  [train] step=  1500 loss=2.7016
  [train] step=  3000 loss=2.5758
  [train] step=  4500 loss=2.6031
  [train] step=  6000 loss=2.5835
  [train] step=  7500 loss=2.6013
  [train] step=  9000 loss=2.5993
  [train] step= 10500 loss=2.5451
  [train] step= 12000 loss=2.5157
  [train] step= 13500 loss=2.5395
  [train] step= 15000 loss=2.5545
  [train] step= 16500 loss=2.5123
  [train] step= 18000 loss=2.5245
  [train] step= 19500 loss=2.5328
  [train] step= 21000 loss=2.5166
  [train] step= 22500 loss=2.5394
  [train] step= 24000 loss=2.5717
  [train] step= 25500 loss=2.5473
  [train] step= 27000 loss=2.4987
  [train] step= 28500 loss=2.5122
  [train] step= 29999 loss=2.5248
  [train] step=     0 loss=27.0143
  [train] step=  1500 loss=17.5229
  [train] step=  3000 loss=17.3186
  [train] step=  4500 loss=17.0912
  [train] step=  6000 loss=17.2671
  [train] step=  7500 loss=17.3048
  [train] step=  9000 loss=17.2001
  [train] step= 10500 loss=17.2412
  [train] step= 12000 loss=17.4151
  [train] step= 13500 loss=16.9980
  [train] step= 15000 loss=17.1328
  [train] step= 16500 loss=17.5117
  [train] step= 18000 loss=17.1755
  [train] step= 19500 loss=17.2897
  [train] step= 21000 loss=17.1552
  [train] step= 22500 loss=17.3935
  [train] step= 24000 loss=16.9233
  [train] step= 25500 loss=17.2312
  [train] step= 27000 loss=17.3062
  [train] step= 28500 loss=17.4766
  [train] step= 29999 loss=17.2805
  [train] step=     0 loss=9.0910
  [train] step=  1500 loss=2.6158
  [train] step=  3000 loss=2.4838
  [train] step=  4500 loss=2.4820
  [train] step=  6000 loss=2.4736
  [train] step=  7500 loss=2.4790
  [train] step=  9000 loss=2.4550
  [train] step= 10500 loss=2.4724
  [train] step= 12000 loss=2.4713
  [train] step= 13500 loss=2.4901
  [train] step= 15000 loss=2.4319
  [train] step= 16500 loss=2.4652
  [train] step= 18000 loss=2.4690
  [train] step= 19500 loss=2.4603
  [train] step= 21000 loss=2.5228
  [train] step= 22500 loss=2.4544
  [train] step= 24000 loss=2.4549
  [train] step= 25500 loss=2.4602
  [train] step= 27000 loss=2.5313
  [train] step= 28500 loss=2.4653
  [train] step= 29999 loss=2.4890
  [train] step=     0 loss=9.8662
  [train] step=  1500 loss=4.4946
  [train] step=  3000 loss=4.4540
  [train] step=  4500 loss=4.4741
  [train] step=  6000 loss=4.4125
  [train] step=  7500 loss=4.3523
  [train] step=  9000 loss=4.3040
  [train] step= 10500 loss=4.3409
  [train] step= 12000 loss=4.2155
  [train] step= 13500 loss=4.1819
  [train] step= 15000 loss=4.2323
  [train] step= 16500 loss=4.1345
  [train] step= 18000 loss=4.1995
  [train] step= 19500 loss=4.1470
  [train] step= 21000 loss=4.1766
  [train] step= 22500 loss=4.1095
  [train] step= 24000 loss=4.1115
  [train] step= 25500 loss=4.2015
  [train] step= 27000 loss=4.0664
  [train] step= 28500 loss=4.0889
  [train] step= 29999 loss=4.0701
  [train] step=     0 loss=9.5327
  [train] step=  1500 loss=2.9491
  [train] step=  3000 loss=2.4736
  [train] step=  4500 loss=2.4268
  [train] step=  6000 loss=2.4481
  [train] step=  7500 loss=2.4976
  [train] step=  9000 loss=2.4565
  [train] step= 10500 loss=2.4333
  [train] step= 12000 loss=2.4489
  [train] step= 13500 loss=2.4116
  [train] step= 15000 loss=2.3818
  [train] step= 16500 loss=2.4557
  [train] step= 18000 loss=2.4577
  [train] step= 19500 loss=2.4526
  [train] step= 21000 loss=2.4753
  [train] step= 22500 loss=2.3651
  [train] step= 24000 loss=2.4230
  [train] step= 25500 loss=2.3980
  [train] step= 27000 loss=2.4484
  [train] step= 28500 loss=2.4139
  [train] step= 29999 loss=2.4377
  [train] step=     0 loss=9.3644
  [train] step=  1500 loss=3.9294
  [train] step=  3000 loss=3.2288
  [train] step=  4500 loss=2.9551
  [train] step=  6000 loss=2.8322
  [train] step=  7500 loss=2.7658
  [train] step=  9000 loss=2.7780
  [train] step= 10500 loss=2.7689
  [train] step= 12000 loss=2.7276
  [train] step= 13500 loss=2.8371
  [train] step= 15000 loss=2.7482
  [train] step= 16500 loss=2.7704
  [train] step= 18000 loss=2.7510
  [train] step= 19500 loss=2.7529
  [train] step= 21000 loss=2.7715
  [train] step= 22500 loss=2.7175
  [train] step= 24000 loss=2.7737
  [train] step= 25500 loss=2.7071
  [train] step= 27000 loss=2.7315
  [train] step= 28500 loss=2.7100
  [train] step= 29999 loss=2.7309
  [train] step=     0 loss=9.6917
  [train] step=  1500 loss=3.1554
  [train] step=  3000 loss=2.8217
  [train] step=  4500 loss=2.7194
  [train] step=  6000 loss=2.6564
  [train] step=  7500 loss=2.7340
  [train] step=  9000 loss=2.6875
  [train] step= 10500 loss=2.6655
  [train] step= 12000 loss=2.5965
  [train] step= 13500 loss=2.6516
  [train] step= 15000 loss=2.6667
  [train] step= 16500 loss=2.6672
  [train] step= 18000 loss=2.6637
  [train] step= 19500 loss=2.6513
  [train] step= 21000 loss=2.6445
  [train] step= 22500 loss=2.6750
  [train] step= 24000 loss=2.6926
  [train] step= 25500 loss=2.6796
  [train] step= 27000 loss=2.6144
  [train] step= 28500 loss=2.6512
  [train] step= 29999 loss=2.6479
  [train] step=     0 loss=9.8517
  [train] step=  1500 loss=6.0469
  [train] step=  3000 loss=5.5847
  [train] step=  4500 loss=5.5573
  [train] step=  6000 loss=5.4682
  [train] step=  7500 loss=5.5823
  [train] step=  9000 loss=5.5583
  [train] step= 10500 loss=5.4806
  [train] step= 12000 loss=5.4445
  [train] step= 13500 loss=5.5463
  [train] step= 15000 loss=5.5921
  [train] step= 16500 loss=5.5066
  [train] step= 18000 loss=5.3821
  [train] step= 19500 loss=5.5573
  [train] step= 21000 loss=5.5593
  [train] step= 22500 loss=5.5713
  [train] step= 24000 loss=5.6214
  [train] step= 25500 loss=5.5775
  [train] step= 27000 loss=5.3846
  [train] step= 28500 loss=5.6314
  [train] step= 29999 loss=5.4379
  [train] step=     0 loss=9.7249
  [train] step=  1500 loss=7.4549
  [train] step=  3000 loss=7.1855
  [train] step=  4500 loss=7.1670
  [train] step=  6000 loss=7.1208
  [train] step=  7500 loss=7.2072
  [train] step=  9000 loss=7.2342
  [train] step= 10500 loss=6.8520
  [train] step= 12000 loss=6.6316
  [train] step= 13500 loss=6.7615
  [train] step= 15000 loss=6.7359
  [train] step= 16500 loss=6.6952
  [train] step= 18000 loss=6.6611
  [train] step= 19500 loss=6.7032
  [train] step= 21000 loss=6.7286
  [train] step= 22500 loss=6.5994
  [train] step= 24000 loss=6.7219
  [train] step= 25500 loss=6.7385
  [train] step= 27000 loss=6.6587
  [train] step= 28500 loss=6.8390
  [train] step= 29999 loss=6.5701
  [train] step=     0 loss=9.0053
  [train] step=  1500 loss=2.4484
  [train] step=  3000 loss=1.9284
  [train] step=  4500 loss=1.4525
  [train] step=  6000 loss=1.3016
  [train] step=  7500 loss=1.3225
  [train] step=  9000 loss=1.3095
  [train] step= 10500 loss=1.2510
  [train] step= 12000 loss=1.3060
  [train] step= 13500 loss=1.2956
  [train] step= 15000 loss=1.2975
  [train] step= 16500 loss=1.3101
  [train] step= 18000 loss=1.3029
  [train] step= 19500 loss=1.3082
  [train] step= 21000 loss=1.2912
  [train] step= 22500 loss=1.3129
  [train] step= 24000 loss=1.2874
  [train] step= 25500 loss=1.3425
  [train] step= 27000 loss=1.3066
  [train] step= 28500 loss=1.2698
  [train] step= 29999 loss=1.3208
  [train] step=     0 loss=10.1888
  [train] step=  1500 loss=7.4743
  [train] step=  3000 loss=7.3562
  [train] step=  4500 loss=7.2692
  [train] step=  6000 loss=7.0234
  [train] step=  7500 loss=7.1505
  [train] step=  9000 loss=7.2408
  [train] step= 10500 loss=7.1458
  [train] step= 12000 loss=7.1910
  [train] step= 13500 loss=7.1776
  [train] step= 15000 loss=7.1822
  [train] step= 16500 loss=7.1379
  [train] step= 18000 loss=7.1330
  [train] step= 19500 loss=7.3610
  [train] step= 21000 loss=7.0192
  [train] step= 22500 loss=7.1233
  [train] step= 24000 loss=7.3210
  [train] step= 25500 loss=6.9094
  [train] step= 27000 loss=6.9552
  [train] step= 28500 loss=7.2417
  [train] step= 29999 loss=7.3926
  [train] step=     0 loss=9.6759
  [train] step=  1500 loss=6.1373
  [train] step=  3000 loss=6.0724
  [train] step=  4500 loss=5.9841
  [train] step=  6000 loss=5.8858
  [train] step=  7500 loss=5.8025
  [train] step=  9000 loss=5.7860
  [train] step= 10500 loss=5.4756
  [train] step= 12000 loss=5.5632
  [train] step= 13500 loss=5.3420
  [train] step= 15000 loss=5.3674
  [train] step= 16500 loss=5.1990
  [train] step= 18000 loss=5.3549
  [train] step= 19500 loss=5.4773
  [train] step= 21000 loss=5.2766
  [train] step= 22500 loss=5.2062
  [train] step= 24000 loss=5.2874
  [train] step= 25500 loss=5.4629
  [train] step= 27000 loss=5.4339
  [train] step= 28500 loss=5.1766
  [train] step= 29999 loss=5.4127
  [train] step=     0 loss=9.2546
  [train] step=  1500 loss=2.6340
  [train] step=  3000 loss=1.8381
  [train] step=  4500 loss=1.4832
  [train] step=  6000 loss=1.3305
  [train] step=  7500 loss=1.2735
  [train] step=  9000 loss=1.2458
  [train] step= 10500 loss=1.2588
  [train] step= 12000 loss=1.2551
  [train] step= 13500 loss=1.2528
  [train] step= 15000 loss=1.2947
  [train] step= 16500 loss=1.2837
  [train] step= 18000 loss=1.2761
  [train] step= 19500 loss=1.2740
  [train] step= 21000 loss=1.2410
  [train] step= 22500 loss=1.2635
  [train] step= 24000 loss=1.2662
  [train] step= 25500 loss=1.2577
  [train] step= 27000 loss=1.2650
  [train] step= 28500 loss=1.2329
  [train] step= 29999 loss=1.2226
  [train] step=     0 loss=9.9166
  [train] step=  1500 loss=5.9820
  [train] step=  3000 loss=5.8381
  [train] step=  4500 loss=5.7767
  [train] step=  6000 loss=5.5607
  [train] step=  7500 loss=5.6284
  [train] step=  9000 loss=5.5091
  [train] step= 10500 loss=5.4903
  [train] step= 12000 loss=5.6102
  [train] step= 13500 loss=5.4767
  [train] step= 15000 loss=5.2933
  [train] step= 16500 loss=5.5438
  [train] step= 18000 loss=5.5903
  [train] step= 19500 loss=5.5223
  [train] step= 21000 loss=5.7597
  [train] step= 22500 loss=5.3724
  [train] step= 24000 loss=5.4556
  [train] step= 25500 loss=5.3833
  [train] step= 27000 loss=5.4053
  [train] step= 28500 loss=5.6636
  [train] step= 29999 loss=5.5292
  [train] step=     0 loss=9.3561
  [train] step=  1500 loss=2.5447
  [train] step=  3000 loss=2.4372
  [train] step=  4500 loss=2.4186
  [train] step=  6000 loss=2.4496
  [train] step=  7500 loss=2.4910
  [train] step=  9000 loss=2.4675
  [train] step= 10500 loss=2.4342
  [train] step= 12000 loss=2.4409
  [train] step= 13500 loss=2.3878
  [train] step= 15000 loss=2.3537
  [train] step= 16500 loss=2.4072
  [train] step= 18000 loss=2.4246
  [train] step= 19500 loss=2.4140
  [train] step= 21000 loss=2.4494
  [train] step= 22500 loss=2.3111
  [train] step= 24000 loss=2.3957
  [train] step= 25500 loss=2.3481
  [train] step= 27000 loss=2.4030
  [train] step= 28500 loss=2.3764
  [train] step= 29999 loss=2.3942
  [train] step=     0 loss=9.0093
  [train] step=  1500 loss=2.6091
  [train] step=  3000 loss=2.4790
  [train] step=  4500 loss=2.5324
  [train] step=  6000 loss=2.4451
  [train] step=  7500 loss=2.5062
  [train] step=  9000 loss=2.5212
  [train] step= 10500 loss=2.5156
  [train] step= 12000 loss=2.4599
  [train] step= 13500 loss=2.5542
  [train] step= 15000 loss=2.4578
  [train] step= 16500 loss=2.4890
  [train] step= 18000 loss=2.5006
  [train] step= 19500 loss=2.5172
  [train] step= 21000 loss=2.5068
  [train] step= 22500 loss=2.4722
  [train] step= 24000 loss=2.5108
  [train] step= 25500 loss=2.4467
  [train] step= 27000 loss=2.5083
  [train] step= 28500 loss=2.4785
  [train] step= 29999 loss=2.4779
  [train] step=     0 loss=9.7398
  [train] step=  1500 loss=5.1487
  [train] step=  3000 loss=4.7409
  [train] step=  4500 loss=4.3183
  [train] step=  6000 loss=4.2898
  [train] step=  7500 loss=4.2142
  [train] step=  9000 loss=4.0998
  [train] step= 10500 loss=4.1345
  [train] step= 12000 loss=4.0917
  [train] step= 13500 loss=4.2103
  [train] step= 15000 loss=4.1397
  [train] step= 16500 loss=4.1681
  [train] step= 18000 loss=4.1214
  [train] step= 19500 loss=4.2027
  [train] step= 21000 loss=4.2082
  [train] step= 22500 loss=4.0742
  [train] step= 24000 loss=4.1311
  [train] step= 25500 loss=4.0720
  [train] step= 27000 loss=3.8922
  [train] step= 28500 loss=4.0886
  [train] step= 29999 loss=3.9493
  [train] step=     0 loss=9.3585
  [train] step=  1500 loss=3.0226
  [train] step=  3000 loss=2.5891
  [train] step=  4500 loss=2.4595
  [train] step=  6000 loss=2.4518
  [train] step=  7500 loss=2.4550
  [train] step=  9000 loss=2.4700
  [train] step= 10500 loss=2.4100
  [train] step= 12000 loss=2.5138
  [train] step= 13500 loss=2.4752
  [train] step= 15000 loss=2.4902
  [train] step= 16500 loss=2.4716
  [train] step= 18000 loss=2.4899
  [train] step= 19500 loss=2.5159
  [train] step= 21000 loss=2.4625
  [train] step= 22500 loss=2.4748
  [train] step= 24000 loss=2.4446
  [train] step= 25500 loss=2.5259
  [train] step= 27000 loss=2.4942
  [train] step= 28500 loss=2.4100
  [train] step= 29999 loss=2.4846
  [train] step=     0 loss=9.7327
  [train] step=  1500 loss=3.7559
  [train] step=  3000 loss=3.1659
  [train] step=  4500 loss=2.9816
  [train] step=  6000 loss=2.9875
  [train] step=  7500 loss=3.0954
  [train] step=  9000 loss=3.0099
  [train] step= 10500 loss=2.7203
  [train] step= 12000 loss=2.6367
  [train] step= 13500 loss=2.5863
  [train] step= 15000 loss=2.5058
  [train] step= 16500 loss=2.4859
  [train] step= 18000 loss=2.4381
  [train] step= 19500 loss=2.4438
  [train] step= 21000 loss=2.4750
  [train] step= 22500 loss=2.4894
  [train] step= 24000 loss=2.4870
  [train] step= 25500 loss=2.4689
  [train] step= 27000 loss=2.4682
  [train] step= 28500 loss=2.4914
  [train] step= 29999 loss=2.4787
  [train] step=     0 loss=9.6031
  [train] step=  1500 loss=4.2696
  [train] step=  3000 loss=4.0384
  [train] step=  4500 loss=3.9706
  [train] step=  6000 loss=4.1008
  [train] step=  7500 loss=4.1269
  [train] step=  9000 loss=4.1056
  [train] step= 10500 loss=3.8691
  [train] step= 12000 loss=3.6546
  [train] step= 13500 loss=3.7933
  [train] step= 15000 loss=3.7221
  [train] step= 16500 loss=3.6278
  [train] step= 18000 loss=3.6805
  [train] step= 19500 loss=3.6926
  [train] step= 21000 loss=3.6784
  [train] step= 22500 loss=3.6635
  [train] step= 24000 loss=3.6793
  [train] step= 25500 loss=3.5876
  [train] step= 27000 loss=3.6368
  [train] step= 28500 loss=3.7830
  [train] step= 29999 loss=3.6172
  [train] step=     0 loss=25.9497
  [train] step=  1500 loss=15.3891
  [train] step=  3000 loss=14.8324
  [train] step=  4500 loss=14.2304
  [train] step=  6000 loss=14.3942
  [train] step=  7500 loss=14.1888
  [train] step=  9000 loss=14.2267
  [train] step= 10500 loss=14.2485
  [train] step= 12000 loss=14.3240
  [train] step= 13500 loss=14.1043
  [train] step= 15000 loss=14.1349
  [train] step= 16500 loss=14.2990
  [train] step= 18000 loss=14.2023
  [train] step= 19500 loss=14.3895
  [train] step= 21000 loss=14.1354
  [train] step= 22500 loss=14.2334
  [train] step= 24000 loss=14.0245
  [train] step= 25500 loss=14.5307
  [train] step= 27000 loss=14.3265
  [train] step= 28500 loss=14.2123
  [train] step= 29999 loss=14.3002
  [train] step=     0 loss=9.6549
  [train] step=  1500 loss=4.2115
  [train] step=  3000 loss=3.0739
  [train] step=  4500 loss=2.8007
  [train] step=  6000 loss=2.7462
  [train] step=  7500 loss=2.7794
  [train] step=  9000 loss=2.7317
  [train] step= 10500 loss=2.7084
  [train] step= 12000 loss=2.6633
  [train] step= 13500 loss=2.7781
  [train] step= 15000 loss=2.8144
  [train] step= 16500 loss=2.7757
  [train] step= 18000 loss=2.6548
  [train] step= 19500 loss=2.6412
  [train] step= 21000 loss=2.6592
  [train] step= 22500 loss=2.6780
  [train] step= 24000 loss=2.6658
  [train] step= 25500 loss=2.6674
  [train] step= 27000 loss=2.6701
  [train] step= 28500 loss=2.6952
  [train] step= 29999 loss=2.6621
  [train] step=     0 loss=9.2604
  [train] step=  1500 loss=2.5051
  [train] step=  3000 loss=2.0899
  [train] step=  4500 loss=1.6431
  [train] step=  6000 loss=1.4103
  [train] step=  7500 loss=1.3597
  [train] step=  9000 loss=1.3344
  [train] step= 10500 loss=1.3317
  [train] step= 12000 loss=1.3747
  [train] step= 13500 loss=1.3127
  [train] step= 15000 loss=1.3023
  [train] step= 16500 loss=1.3234
  [train] step= 18000 loss=1.3109
  [train] step= 19500 loss=1.3256
  [train] step= 21000 loss=1.3322
  [train] step= 22500 loss=1.3294
  [train] step= 24000 loss=1.3562
  [train] step= 25500 loss=1.3180
  [train] step= 27000 loss=1.3619
  [train] step= 28500 loss=1.3378
  [train] step= 29999 loss=1.3422
  [train] step=     0 loss=10.1069
  [train] step=  1500 loss=6.0800
  [train] step=  3000 loss=5.7954
  [train] step=  4500 loss=5.7618
  [train] step=  6000 loss=5.5214
  [train] step=  7500 loss=5.6390
  [train] step=  9000 loss=5.5691
  [train] step= 10500 loss=5.5388
  [train] step= 12000 loss=5.6811
  [train] step= 13500 loss=5.5390
  [train] step= 15000 loss=5.6383
  [train] step= 16500 loss=5.5274
  [train] step= 18000 loss=5.5049
  [train] step= 19500 loss=5.7112
  [train] step= 21000 loss=5.4642
  [train] step= 22500 loss=5.5009
  [train] step= 24000 loss=5.7196
  [train] step= 25500 loss=5.3455
  [train] step= 27000 loss=5.4225
  [train] step= 28500 loss=5.5116
  [train] step= 29999 loss=5.7628
  [train] step=     0 loss=10.0385
  [train] step=  1500 loss=6.5173
  [train] step=  3000 loss=6.4845
  [train] step=  4500 loss=6.4195
  [train] step=  6000 loss=6.2765
  [train] step=  7500 loss=6.2589
  [train] step=  9000 loss=6.2618
  [train] step= 10500 loss=6.2713
  [train] step= 12000 loss=6.2660
  [train] step= 13500 loss=6.3060
  [train] step= 15000 loss=6.2043
  [train] step= 16500 loss=6.2485
  [train] step= 18000 loss=6.2386
  [train] step= 19500 loss=6.4161
  [train] step= 21000 loss=6.0088
  [train] step= 22500 loss=6.1538
  [train] step= 24000 loss=6.3029
  [train] step= 25500 loss=6.0487
  [train] step= 27000 loss=5.9843
  [train] step= 28500 loss=6.2600
  [train] step= 29999 loss=6.4483
  [train] step=     0 loss=26.9237
  [train] step=  1500 loss=16.9150
  [train] step=  3000 loss=16.0956
  [train] step=  4500 loss=16.1344
  [train] step=  6000 loss=15.7764
  [train] step=  7500 loss=16.0972
  [train] step=  9000 loss=16.3065
  [train] step= 10500 loss=16.1486
  [train] step= 12000 loss=16.2372
  [train] step= 13500 loss=15.8993
  [train] step= 15000 loss=16.0960
  [train] step= 16500 loss=16.5054
  [train] step= 18000 loss=15.8681
  [train] step= 19500 loss=16.0130
  [train] step= 21000 loss=16.0212
  [train] step= 22500 loss=16.1317
  [train] step= 24000 loss=15.9023
  [train] step= 25500 loss=15.9766
  [train] step= 27000 loss=16.0001
  [train] step= 28500 loss=16.1819
  [train] step= 29999 loss=16.2393
  [train] step=     0 loss=26.6334
  [train] step=  1500 loss=15.9775
  [train] step=  3000 loss=15.2692
  [train] step=  4500 loss=15.0632
  [train] step=  6000 loss=14.9952
  [train] step=  7500 loss=14.7132
  [train] step=  9000 loss=14.7542
  [train] step= 10500 loss=14.7684
  [train] step= 12000 loss=14.7710
  [train] step= 13500 loss=14.8172
  [train] step= 15000 loss=14.7792
  [train] step= 16500 loss=14.7597
  [train] step= 18000 loss=14.8832
  [train] step= 19500 loss=14.8982
  [train] step= 21000 loss=14.8993
  [train] step= 22500 loss=14.6460
  [train] step= 24000 loss=14.8793
  [train] step= 25500 loss=14.8913
  [train] step= 27000 loss=14.8111
  [train] step= 28500 loss=14.9315
  [train] step= 29999 loss=14.6461
  [train] step=     0 loss=8.9868
  [train] step=  1500 loss=2.5056
  [train] step=  3000 loss=1.9576
  [train] step=  4500 loss=1.6043
  [train] step=  6000 loss=1.3552
  [train] step=  7500 loss=1.3372
  [train] step=  9000 loss=1.2914
  [train] step= 10500 loss=1.3079
  [train] step= 12000 loss=1.3235
  [train] step= 13500 loss=1.3138
  [train] step= 15000 loss=1.2769
  [train] step= 16500 loss=1.2911
  [train] step= 18000 loss=1.3110
  [train] step= 19500 loss=1.3041
  [train] step= 21000 loss=1.3103
  [train] step= 22500 loss=1.2948
  [train] step= 24000 loss=1.2986
  [train] step= 25500 loss=1.3148
  [train] step= 27000 loss=1.3456
  [train] step= 28500 loss=1.3030
  [train] step= 29999 loss=1.3142
  [train] step=     0 loss=9.7523
  [train] step=  1500 loss=4.3566
  [train] step=  3000 loss=3.9514
  [train] step=  4500 loss=3.9319
  [train] step=  6000 loss=3.8525
  [train] step=  7500 loss=3.8969
  [train] step=  9000 loss=3.8200
  [train] step= 10500 loss=3.7987
  [train] step= 12000 loss=3.9599
  [train] step= 13500 loss=3.8252
  [train] step= 15000 loss=3.8281
  [train] step= 16500 loss=3.8375
  [train] step= 18000 loss=3.8255
  [train] step= 19500 loss=3.8411
  [train] step= 21000 loss=3.8747
  [train] step= 22500 loss=3.8123
  [train] step= 24000 loss=3.7209
  [train] step= 25500 loss=3.7362
  [train] step= 27000 loss=3.8932
  [train] step= 28500 loss=3.7733
  [train] step= 29999 loss=3.7811
  [train] step=     0 loss=9.9066
  [train] step=  1500 loss=7.7368
  [train] step=  3000 loss=7.3508
  [train] step=  4500 loss=7.5277
  [train] step=  6000 loss=7.1924
  [train] step=  7500 loss=7.3196
  [train] step=  9000 loss=7.3579
  [train] step= 10500 loss=7.1120
  [train] step= 12000 loss=7.0670
  [train] step= 13500 loss=6.9600
  [train] step= 15000 loss=6.8068
  [train] step= 16500 loss=6.9233
  [train] step= 18000 loss=6.9811
  [train] step= 19500 loss=6.9802
  [train] step= 21000 loss=7.1763
  [train] step= 22500 loss=6.7454
  [train] step= 24000 loss=6.9275
  [train] step= 25500 loss=6.8378
  [train] step= 27000 loss=6.7712
  [train] step= 28500 loss=7.1075
  [train] step= 29999 loss=6.9514
  [train] step=     0 loss=9.1519
  [train] step=  1500 loss=2.2858
  [train] step=  3000 loss=1.8853
  [train] step=  4500 loss=1.4898
  [train] step=  6000 loss=1.3017
  [train] step=  7500 loss=1.3188
  [train] step=  9000 loss=1.3213
  [train] step= 10500 loss=1.2652
  [train] step= 12000 loss=1.2476
  [train] step= 13500 loss=1.2889
  [train] step= 15000 loss=1.2815
  [train] step= 16500 loss=1.2758
  [train] step= 18000 loss=1.2993
  [train] step= 19500 loss=1.2752
  [train] step= 21000 loss=1.2559
  [train] step= 22500 loss=1.2321
  [train] step= 24000 loss=1.2422
  [train] step= 25500 loss=1.2470
  [train] step= 27000 loss=1.2026
  [train] step= 28500 loss=1.2319
  [train] step= 29999 loss=1.2431
  [train] step=     0 loss=9.5325
  [train] step=  1500 loss=2.6287
  [train] step=  3000 loss=2.1918
  [train] step=  4500 loss=2.0881
  [train] step=  6000 loss=2.0824
  [train] step=  7500 loss=2.0971
  [train] step=  9000 loss=2.1120
  [train] step= 10500 loss=2.0313
  [train] step= 12000 loss=2.0479
  [train] step= 13500 loss=2.0554
  [train] step= 15000 loss=2.0635
  [train] step= 16500 loss=2.0528
  [train] step= 18000 loss=2.0921
  [train] step= 19500 loss=2.0742
  [train] step= 21000 loss=2.0591
  [train] step= 22500 loss=2.0838
  [train] step= 24000 loss=2.1019
  [train] step= 25500 loss=2.0691
  [train] step= 27000 loss=2.0108
  [train] step= 28500 loss=2.0546
  [train] step= 29999 loss=2.0583
  [train] step=     0 loss=9.5508
  [train] step=  1500 loss=4.5306
  [train] step=  3000 loss=4.3433
  [train] step=  4500 loss=4.2983
  [train] step=  6000 loss=4.2075
  [train] step=  7500 loss=4.3079
  [train] step=  9000 loss=4.3598
  [train] step= 10500 loss=4.0128
  [train] step= 12000 loss=3.8950
  [train] step= 13500 loss=3.7689
  [train] step= 15000 loss=3.7118
  [train] step= 16500 loss=3.7188
  [train] step= 18000 loss=3.6567
  [train] step= 19500 loss=3.6789
  [train] step= 21000 loss=3.7124
  [train] step= 22500 loss=3.6344
  [train] step= 24000 loss=3.6007
  [train] step= 25500 loss=3.7149
  [train] step= 27000 loss=3.5325
  [train] step= 28500 loss=3.6242
  [train] step= 29999 loss=3.7054
  [train] step=     0 loss=26.4408
  [train] step=  1500 loss=17.1204
  [train] step=  3000 loss=16.6508
  [train] step=  4500 loss=16.6775
  [train] step=  6000 loss=16.9986
  [train] step=  7500 loss=16.5099
  [train] step=  9000 loss=16.6488
  [train] step= 10500 loss=16.7005
  [train] step= 12000 loss=16.7730
  [train] step= 13500 loss=16.7812
  [train] step= 15000 loss=16.5348
  [train] step= 16500 loss=16.5870
  [train] step= 18000 loss=16.8957
  [train] step= 19500 loss=16.6514
  [train] step= 21000 loss=16.5753
  [train] step= 22500 loss=16.5959
  [train] step= 24000 loss=16.3724
  [train] step= 25500 loss=16.0734
  [train] step= 27000 loss=16.0079
  [train] step= 28500 loss=16.2258
  [train] step= 29999 loss=16.1809
  [train] step=     0 loss=26.4679
  [train] step=  1500 loss=17.2708
  [train] step=  3000 loss=17.6008
  [train] step=  4500 loss=16.7361
  [train] step=  6000 loss=16.6320
  [train] step=  7500 loss=16.7590
  [train] step=  9000 loss=16.6845
  [train] step= 10500 loss=16.7568
  [train] step= 12000 loss=16.7861
  [train] step= 13500 loss=16.7719
  [train] step= 15000 loss=16.9968
  [train] step= 16500 loss=16.8242
  [train] step= 18000 loss=16.6832
  [train] step= 19500 loss=16.8542
  [train] step= 21000 loss=16.9095
  [train] step= 22500 loss=16.6658
  [train] step= 24000 loss=16.8416
  [train] step= 25500 loss=16.7457
  [train] step= 27000 loss=16.8342
  [train] step= 28500 loss=16.9177
  [train] step= 29999 loss=16.8657
  [train] step=     0 loss=26.8866
  [train] step=  1500 loss=17.0095
  [train] step=  3000 loss=16.0102
  [train] step=  4500 loss=16.2349
  [train] step=  6000 loss=16.2285
  [train] step=  7500 loss=15.9295
  [train] step=  9000 loss=15.8711
  [train] step= 10500 loss=15.9077
  [train] step= 12000 loss=15.9465
  [train] step= 13500 loss=16.0774
  [train] step= 15000 loss=15.9418
  [train] step= 16500 loss=16.0109
  [train] step= 18000 loss=16.1151
  [train] step= 19500 loss=16.1435
  [train] step= 21000 loss=16.1377
  [train] step= 22500 loss=15.9063
  [train] step= 24000 loss=16.1549
  [train] step= 25500 loss=16.1439
  [train] step= 27000 loss=16.0825
  [train] step= 28500 loss=15.4620
  [train] step= 29999 loss=15.3618
  [train] step=     0 loss=9.2915
  [train] step=  1500 loss=2.8611
  [train] step=  3000 loss=2.5805
  [train] step=  4500 loss=2.5293
  [train] step=  6000 loss=2.4990
  [train] step=  7500 loss=2.5232
  [train] step=  9000 loss=2.4989
  [train] step= 10500 loss=2.4950
  [train] step= 12000 loss=2.5102
  [train] step= 13500 loss=2.5400
  [train] step= 15000 loss=2.4743
  [train] step= 16500 loss=2.5085
  [train] step= 18000 loss=2.4745
  [train] step= 19500 loss=2.4941
  [train] step= 21000 loss=2.5408
  [train] step= 22500 loss=2.4760
  [train] step= 24000 loss=2.4661
  [train] step= 25500 loss=2.4713
  [train] step= 27000 loss=2.5853
  [train] step= 28500 loss=2.4716
  [train] step= 29999 loss=2.5268
  [train] step=     0 loss=9.8003
  [train] step=  1500 loss=4.5145
  [train] step=  3000 loss=4.0345
  [train] step=  4500 loss=3.9799
  [train] step=  6000 loss=3.9077
  [train] step=  7500 loss=3.9696
  [train] step=  9000 loss=3.9597
  [train] step= 10500 loss=3.9853
  [train] step= 12000 loss=4.0884
  [train] step= 13500 loss=3.8706
  [train] step= 15000 loss=3.9077
  [train] step= 16500 loss=3.9493
  [train] step= 18000 loss=3.9526
  [train] step= 19500 loss=3.9250
  [train] step= 21000 loss=3.9835
  [train] step= 22500 loss=3.8564
  [train] step= 24000 loss=3.9251
  [train] step= 25500 loss=3.8285
  [train] step= 27000 loss=4.0203
  [train] step= 28500 loss=3.8888
  [train] step= 29999 loss=3.9655
  [train] step=     0 loss=9.8876
  [train] step=  1500 loss=7.4578
  [train] step=  3000 loss=7.2219
  [train] step=  4500 loss=7.3396
  [train] step=  6000 loss=7.0664
  [train] step=  7500 loss=7.1464
  [train] step=  9000 loss=7.2310
  [train] step= 10500 loss=6.9549
  [train] step= 12000 loss=6.8682
  [train] step= 13500 loss=6.6396
  [train] step= 15000 loss=6.5414
  [train] step= 16500 loss=6.7079
  [train] step= 18000 loss=6.8218
  [train] step= 19500 loss=6.7207
  [train] step= 21000 loss=6.7996
  [train] step= 22500 loss=6.5247
  [train] step= 24000 loss=6.6638
  [train] step= 25500 loss=6.6276
  [train] step= 27000 loss=6.5278
  [train] step= 28500 loss=6.8440
  [train] step= 29999 loss=6.6589
  [train] step=     0 loss=9.2084
  [train] step=  1500 loss=2.9978
  [train] step=  3000 loss=2.6516
  [train] step=  4500 loss=2.5863
  [train] step=  6000 loss=2.4767
  [train] step=  7500 loss=2.5268
  [train] step=  9000 loss=2.5489
  [train] step= 10500 loss=2.5440
  [train] step= 12000 loss=2.4920
  [train] step= 13500 loss=2.5677
  [train] step= 15000 loss=2.4692
  [train] step= 16500 loss=2.5007
  [train] step= 18000 loss=2.5003
  [train] step= 19500 loss=2.5176
  [train] step= 21000 loss=2.5050
  [train] step= 22500 loss=2.4736
  [train] step= 24000 loss=2.5082
  [train] step= 25500 loss=2.4477
  [train] step= 27000 loss=2.5009
  [train] step= 28500 loss=2.4810
  [train] step= 29999 loss=2.4777
  [train] step=     0 loss=9.9571
  [train] step=  1500 loss=3.9687
  [train] step=  3000 loss=3.9377
  [train] step=  4500 loss=3.7877
  [train] step=  6000 loss=3.8864
  [train] step=  7500 loss=3.8959
  [train] step=  9000 loss=3.7848
  [train] step= 10500 loss=3.9921
  [train] step= 12000 loss=3.8422
  [train] step= 13500 loss=3.8175
  [train] step= 15000 loss=3.8193
  [train] step= 16500 loss=3.8717
  [train] step= 18000 loss=3.9054
  [train] step= 19500 loss=3.8320
  [train] step= 21000 loss=3.7724
  [train] step= 22500 loss=3.8451
  [train] step= 24000 loss=3.6823
  [train] step= 25500 loss=3.7368
  [train] step= 27000 loss=3.7132
  [train] step= 28500 loss=3.7369
  [train] step= 29999 loss=3.8078
  [train] step=     0 loss=9.9751
  [train] step=  1500 loss=6.1935
  [train] step=  3000 loss=6.0848
  [train] step=  4500 loss=6.0269
  [train] step=  6000 loss=6.0791
  [train] step=  7500 loss=6.1344
  [train] step=  9000 loss=6.0066
  [train] step= 10500 loss=6.1909
  [train] step= 12000 loss=5.8086
  [train] step= 13500 loss=5.6287
  [train] step= 15000 loss=5.7822
  [train] step= 16500 loss=5.8319
  [train] step= 18000 loss=5.7880
  [train] step= 19500 loss=5.6608
  [train] step= 21000 loss=5.6052
  [train] step= 22500 loss=5.7250
  [train] step= 24000 loss=5.4916
  [train] step= 25500 loss=5.7311
  [train] step= 27000 loss=5.5576
  [train] step= 28500 loss=5.5731
  [train] step= 29999 loss=5.8588
  [train] step=     0 loss=9.1825
  [train] step=  1500 loss=3.1231
  [train] step=  3000 loss=2.5160
  [train] step=  4500 loss=2.5046
  [train] step=  6000 loss=2.4455
  [train] step=  7500 loss=2.4851
  [train] step=  9000 loss=2.4878
  [train] step= 10500 loss=2.4523
  [train] step= 12000 loss=2.4636
  [train] step= 13500 loss=2.3881
  [train] step= 15000 loss=2.3594
  [train] step= 16500 loss=2.3793
  [train] step= 18000 loss=2.3817
  [train] step= 19500 loss=2.3702
  [train] step= 21000 loss=2.3860
  [train] step= 22500 loss=2.4164
  [train] step= 24000 loss=2.3644
  [train] step= 25500 loss=2.3658
  [train] step= 27000 loss=2.3391
  [train] step= 28500 loss=2.3781
  [train] step= 29999 loss=2.3389
  [train] step=     0 loss=9.5293
  [train] step=  1500 loss=2.8976
  [train] step=  3000 loss=2.5951
  [train] step=  4500 loss=2.4986
  [train] step=  6000 loss=2.4892
  [train] step=  7500 loss=2.4944
  [train] step=  9000 loss=2.4777
  [train] step= 10500 loss=2.4718
  [train] step= 12000 loss=2.5456
  [train] step= 13500 loss=2.4804
  [train] step= 15000 loss=2.4476
  [train] step= 16500 loss=2.4895
  [train] step= 18000 loss=2.4859
  [train] step= 19500 loss=2.4669
  [train] step= 21000 loss=2.4661
  [train] step= 22500 loss=2.4770
  [train] step= 24000 loss=2.5346
  [train] step= 25500 loss=2.4819
  [train] step= 27000 loss=2.5304
  [train] step= 28500 loss=2.4795
  [train] step= 29999 loss=2.5408
  [train] step=     0 loss=10.1227
  [train] step=  1500 loss=6.5425
  [train] step=  3000 loss=6.2727
  [train] step=  4500 loss=6.1277
  [train] step=  6000 loss=5.9844
  [train] step=  7500 loss=6.0493
  [train] step=  9000 loss=6.1223
  [train] step= 10500 loss=6.1256
  [train] step= 12000 loss=6.0552
  [train] step= 13500 loss=6.0223
  [train] step= 15000 loss=6.0611
  [train] step= 16500 loss=6.0516
  [train] step= 18000 loss=6.0330
  [train] step= 19500 loss=6.2206
  [train] step= 21000 loss=5.8664
  [train] step= 22500 loss=5.9613
  [train] step= 24000 loss=6.2472
  [train] step= 25500 loss=5.8350
  [train] step= 27000 loss=5.9449
  [train] step= 28500 loss=6.0627
  [train] step= 29999 loss=6.2305
  [train] step=     0 loss=10.1066
  [train] step=  1500 loss=7.3327
  [train] step=  3000 loss=7.2563
  [train] step=  4500 loss=7.2493
  [train] step=  6000 loss=7.0524
  [train] step=  7500 loss=7.0581
  [train] step=  9000 loss=7.1442
  [train] step= 10500 loss=6.8271
  [train] step= 12000 loss=6.7373
  [train] step= 13500 loss=6.6714
  [train] step= 15000 loss=6.6306
  [train] step= 16500 loss=6.6994
  [train] step= 18000 loss=6.6147
  [train] step= 19500 loss=6.8378
  [train] step= 21000 loss=6.5309
  [train] step= 22500 loss=6.5912
  [train] step= 24000 loss=6.8160
  [train] step= 25500 loss=6.4374
  [train] step= 27000 loss=6.4913
  [train] step= 28500 loss=6.6938
  [train] step= 29999 loss=6.8316
  [train] step=     0 loss=26.2770
  [train] step=  1500 loss=15.8976
  [train] step=  3000 loss=15.6894
  [train] step=  4500 loss=15.5705
  [train] step=  6000 loss=15.7507
  [train] step=  7500 loss=15.2654
  [train] step=  9000 loss=15.4910
  [train] step= 10500 loss=15.4049
  [train] step= 12000 loss=15.7060
  [train] step= 13500 loss=15.2269
  [train] step= 15000 loss=15.5023
  [train] step= 16500 loss=15.5352
  [train] step= 18000 loss=15.4746
  [train] step= 19500 loss=15.5925
  [train] step= 21000 loss=15.1825
  [train] step= 22500 loss=15.4001
  [train] step= 24000 loss=15.2099
  [train] step= 25500 loss=15.8087
  [train] step= 27000 loss=15.4330
  [train] step= 28500 loss=15.4828
  [train] step= 29999 loss=15.3765
  [train] step=     0 loss=25.8227
  [train] step=  1500 loss=15.0050
  [train] step=  3000 loss=14.8369
  [train] step=  4500 loss=14.8615
  [train] step=  6000 loss=14.6880
  [train] step=  7500 loss=14.6726
  [train] step=  9000 loss=14.8271
  [train] step= 10500 loss=14.7732
  [train] step= 12000 loss=14.5746
  [train] step= 13500 loss=14.3160
  [train] step= 15000 loss=14.2476
  [train] step= 16500 loss=13.8788
  [train] step= 18000 loss=13.6524
  [train] step= 19500 loss=13.6855
  [train] step= 21000 loss=13.6831
  [train] step= 22500 loss=13.4869
  [train] step= 24000 loss=13.4994
  [train] step= 25500 loss=13.2208
  [train] step= 27000 loss=13.2594
  [train] step= 28500 loss=13.2630
  [train] step= 29999 loss=13.3010
[grid] DONE 198/198 ok in 6475s -> /workspace/temp_xc/experiments/explorations/synthetic/changepoint/results/changepoint_grid_results.json
