{"loss":4.372487545013428,"window_l0":50,"mean_max_cos_sim":0.5704440474510193,"_timestamp":1.7739876577652075e+09,"recovery_90":0.203125,"_step":64999,"l0":50,"auc":0.5703740157480314,"step":64999,"_runtime":267.402917395,"recovery_80":0.2421875,"_wandb":{"runtime":267}}