{"mean_max_cos_sim":0.2919120490550995,"recovery_90":0.009999999776482582,"_step":39999,"_wandb":{"runtime":91},"loss":20.82598876953125,"step":39999,"recovery_80":0.009999999776482582,"auc":0.29181818181818187,"_runtime":91.151407064,"_timestamp":1.772667935761561e+09}