{"_timestamp":1.773997630782893e+09,"loss":0.7372600436210632,"_wandb":{"runtime":915},"mean_max_cos_sim":0.4729127883911133,"step":64999,"recovery_90":0,"recovery_80":0,"_step":64999,"l0":5,"window_l0":25,"auc":0.4728100393700787,"_runtime":915.201938815}