{"_timestamp":1.7726669342671487e+09,"recovery_90":0.009999999776482582,"_runtime":78.291780174,"recovery_80":0.019999999552965164,"loss":12.070301055908203,"mean_max_cos_sim":0.4049590826034546,"_wandb":{"runtime":78},"step":39999,"auc":0.404949494949495,"_step":39999}