{"recovery_80":0,"_step":999,"step":999,"window_l0":5,"_wandb":{"runtime":3},"auc":0.26979591836734695,"_timestamp":1.7739827650696404e+09,"_runtime":3.7322425580000003,"recovery_90":0,"mean_max_cos_sim":0.2692409157752991,"loss":2.8189215660095215,"l0":5}