{"recovery_80":0,"_wandb":{"runtime":6},"auc":0.18934547244094488,"_runtime":6.256680134,"recovery_90":0,"mean_max_cos_sim":0.18887591361999512,"_step":999,"window_l0":50,"step":999,"_timestamp":1.7739846217949314e+09,"loss":7.753965854644775,"l0":25}