{"mean_max_cos_sim":0.31698790192604065,"_timestamp":1.7726681018216426e+09,"step":39999,"loss":18.303504943847656,"recovery_80":0,"_runtime":76.057782733,"recovery_90":0,"auc":0.316969696969697,"_step":39999,"_wandb":{"runtime":76}}