{"loss":2.11328125,"recovery_80":0.640625,"_step":64999,"recovery_90":0.5546875,"l0":20,"auc":0.797859251968504,"_wandb":{"runtime":320},"_runtime":320.090662457,"mean_max_cos_sim":0.7980257868766785,"_timestamp":1.7739884643864574e+09,"window_l0":20,"step":64999}