{"auc":0.2546938775510204,"recovery_90":0,"window_l0":25,"recovery_80":0,"_wandb":{"runtime":13},"_timestamp":1.773982868196802e+09,"l0":5,"loss":1.6650911569595337,"_runtime":13.028949225,"mean_max_cos_sim":0.25345945358276367,"step":999,"_step":999}