{"auc":0.25795918367346937,"loss":2.4551987648010254,"_runtime":7.277251032,"window_l0":20,"_step":999,"recovery_90":0,"recovery_80":0,"_timestamp":1.773982721778493e+09,"l0":10,"step":999,"mean_max_cos_sim":0.25701943039894104,"_wandb":{"runtime":7}}