{"auc":0.9718367346938774,"mean_max_cos_sim":0.979133129119873,"_timestamp":1.7726748197966158e+09,"_step":79999,"loss":0.6675440073013306,"recovery_90":0.9799999594688416,"_wandb":{"runtime":157},"_runtime":157.288836821,"recovery_80":0.9799999594688416,"step":79999}