{"l0":10,"step":64999,"mean_max_cos_sim":0.9338856339454651,"loss":2.6227219104766846,"_wandb":{"runtime":313},"_timestamp":1.773999954163321e+09,"window_l0":10,"recovery_80":0.921875,"_step":64999,"_runtime":313.928869071,"auc":0.9347317913385828,"recovery_90":0.921875}