{"recovery_90":0,"mean_max_cos_sim":0.2552717626094818,"recovery_80":0,"_timestamp":1.7739827950210595e+09,"auc":0.2551020408163265,"_runtime":6.062664098,"loss":2.1377053260803223,"window_l0":4,"_wandb":{"runtime":6},"_step":999,"step":999,"l0":2}