{"_timestamp":1.7739827504804156e+09,"l0":5,"window_l0":5,"recovery_80":0,"loss":2.9931960105895996,"auc":0.25469387755102035,"_step":999,"mean_max_cos_sim":0.2552873492240906,"recovery_90":0,"_runtime":3.69079569,"_wandb":{"runtime":3},"step":999}