{"_step":999,"_runtime":5.8190440070000005,"recovery_90":0,"auc":0.26653061224489794,"step":999,"loss":0.9461652636528015,"_wandb":{"runtime":5},"recovery_80":0,"mean_max_cos_sim":0.2663263976573944,"window_l0":10,"l0":5,"_timestamp":1.7739828830252407e+09}