{"_timestamp":1.7726703695416617e+09,"step":39999,"auc":0.5012244897959184,"_wandb":{"runtime":86},"_runtime":86.196187228,"recovery_80":0.11999999731779099,"loss":6.883192539215088,"mean_max_cos_sim":0.5016303062438965,"recovery_90":0.07999999821186066,"_step":39999}