{"_step":64999,"auc":0.7783587598425199,"step":64999,"window_l0":10,"_runtime":330.00813827,"recovery_90":0.7421875,"recovery_80":0.7421875,"loss":3.2009434700012207,"mean_max_cos_sim":0.7782398462295532,"_timestamp":1.7739904935466228e+09,"_wandb":{"runtime":330},"l0":10}