{"_step":39999,"mean_max_cos_sim":0.2727052569389343,"_wandb":{"runtime":86},"_runtime":86.709235795,"_timestamp":1.7726668549219751e+09,"step":39999,"recovery_90":0,"auc":0.2727272727272727,"recovery_80":0,"loss":6.484628200531006}