{"recovery_90":0.35999998450279236,"step":79999,"_timestamp":1.7726729393256924e+09,"_step":79999,"loss":1.1798224449157715,"_wandb":{"runtime":170},"recovery_80":0.3799999952316284,"auc":0.6297959183673469,"_runtime":170.223402993,"mean_max_cos_sim":0.6309961080551147}