{"mean_max_cos_sim":0.47059178352355957,"_wandb":{"runtime":897},"auc":0.4709030511811023,"recovery_90":0,"_step":64999,"l0":21.200000762939453,"step":64999,"recovery_80":0,"loss":0.029864028096199036,"window_l0":106.00000381469727,"_runtime":897.109554145,"_timestamp":1.7740016698201406e+09}