{"_timestamp":1.7726732935932126e+09,"_runtime":173.368515744,"_wandb":{"runtime":173},"mean_max_cos_sim":0.7521340250968933,"step":79999,"loss":1.2495524883270264,"_step":79999,"recovery_80":0.5199999809265137,"recovery_90":0.47999998927116394,"auc":0.7493877551020408}