{"recovery_80":0,"recovery_90":0,"mean_max_cos_sim":0.41879934072494507,"_step":999,"_runtime":5.135144397,"loss":1.1551399230957031,"_timestamp":1.7739831518024282e+09,"window_l0":5,"auc":0.4183673469387755,"step":999,"l0":5,"_wandb":{"runtime":5}}