{
  "sweep_parameter": "delta",
  "sweep_value": 0.1,
  "generator_params": [
    [
      "component_type",
      "process_name",
      "process_params"
    ],
    [
      "component_type",
      "process_name",
      "process_params"
    ],
    [
      "component_type",
      "process_name",
      "process_params"
    ]
  ],
  "transformer": {
    "final_loss": 1.081051230430603,
    "was_loaded": true,
    "eval_resid_l2_mean": 29.258893966674805,
    "config": {
      "n_layers": 3,
      "d_model": 64,
      "n_heads": 2,
      "d_head": 32,
      "d_mlp": 256,
      "n_ctx": 128,
      "act_fn": "gelu",
      "normalization_type": "LN",
      "attention_dir": "causal",
      "default_prepend_bos": false,
      "init_mode": "gpt2",
      "initializer_range": 0.001,
      "probe_layer": 1,
      "probe_hook_name": "blocks.1.hook_resid_post",
      "extract_batch_size": 16,
      "load_if_exists": true,
      "training": {
        "steps": 20000,
        "batch_size": 128,
        "lr": 0.001,
        "data_chunks": 4,
        "data_chunk_size": 5000
      }
    }
  },
  "dense_linear": null,
  "dense_mlp": null,
  "architectures": {
    "MatTXC_batchtopk_k10": {
      "best_single_r2": 0.01242080962723624,
      "per_component_best_r2": [
        0.01242080962723624,
        -0.01373942849688703,
        -0.017193950443142425
      ],
      "linear_mean_r2": 0.0366163932092497,
      "linear_per_component_r2": [
        0.09035872242684806,
        0.007530181344959197,
        0.011960275855941838
      ],
      "sae_final_loss": 676.3883056640625,
      "family": "mattxc",
      "config": {
        "dict_size": 128,
        "matryoshka_widths": [
          8,
          16,
          32,
          64,
          128
        ],
        "k": 1,
        "fixed_k_total": 10,
        "inner_weight": 10.0,
        "window_size": 60,
        "temporal_steps": 1500,
        "n_sequences": 400,
        "seq_len": 128,
        "sparsity_method": "batchtopk"
      }
    },
    "MatTXC_topk_k10_baseline": {
      "best_single_r2": 0.01242080962723624,
      "per_component_best_r2": [
        0.01242080962723624,
        -0.01373942849688703,
        -0.017193950443142425
      ],
      "linear_mean_r2": 0.0366163932092497,
      "linear_per_component_r2": [
        0.09035872242684806,
        0.007530181344959197,
        0.011960275855941838
      ],
      "sae_final_loss": 676.3883056640625,
      "family": "mattxc",
      "config": {
        "dict_size": 128,
        "matryoshka_widths": [
          8,
          16,
          32,
          64,
          128
        ],
        "k": 1,
        "fixed_k_total": 10,
        "inner_weight": 10.0,
        "window_size": 60,
        "temporal_steps": 1500,
        "n_sequences": 400,
        "seq_len": 128,
        "sparsity_method": "topk"
      }
    },
    "T-SAE Paper": {
      "best_single_r2": 0.00463752735498657,
      "per_component_best_r2": [
        0.00463752735498657,
        0.0012417855155439916,
        0.000707751469215423
      ],
      "linear_mean_r2": 0.003644635392357191,
      "linear_per_component_r2": [
        0.012373869022620831,
        -0.0006069589932782282,
        -0.0008330038522710304
      ],
      "sae_final_loss": 46.53855895996094,
      "family": "tsae",
      "config": {
        "dict_size": 128,
        "k": 10,
        "group_fractions": [
          0.2,
          0.8
        ],
        "group_weights": [
          0.5,
          0.5
        ],
        "temporal_alpha": 0.1,
        "temporal": true,
        "temporal_steps": 25000,
        "lr": 0.0003,
        "n_sequences": 1000,
        "seq_len": 128
      }
    }
  },
  "cell_elapsed_sec": 955.2907440662384
}