{
  "sweep_parameter": "delta",
  "sweep_value": 0.05,
  "generator_params": [
    [
      "component_type",
      "process_name",
      "process_params"
    ],
    [
      "component_type",
      "process_name",
      "process_params"
    ],
    [
      "component_type",
      "process_name",
      "process_params"
    ]
  ],
  "transformer": {
    "final_loss": 1.089774250984192,
    "was_loaded": true,
    "eval_resid_l2_mean": 40.54325866699219,
    "config": {
      "n_layers": 3,
      "d_model": 64,
      "n_heads": 2,
      "d_head": 32,
      "d_mlp": 256,
      "n_ctx": 128,
      "act_fn": "gelu",
      "normalization_type": "LN",
      "attention_dir": "causal",
      "default_prepend_bos": false,
      "init_mode": "gpt2",
      "initializer_range": 0.001,
      "probe_layer": 1,
      "probe_hook_name": "blocks.1.hook_resid_post",
      "extract_batch_size": 16,
      "load_if_exists": true,
      "training": {
        "steps": 20000,
        "batch_size": 128,
        "lr": 0.001,
        "data_chunks": 4,
        "data_chunk_size": 5000
      }
    }
  },
  "dense_linear": null,
  "dense_mlp": null,
  "architectures": {
    "MatTXC_batchtopk_k10": {
      "best_single_r2": 0.0030481022429916793,
      "per_component_best_r2": [
        0.0030481022429916793,
        -0.010534374757964704,
        -0.019803431623973244
      ],
      "linear_mean_r2": -0.025961312751761795,
      "linear_per_component_r2": [
        -0.03676811377559419,
        -0.011905004760988547,
        -0.029210819718702652
      ],
      "sae_final_loss": 1410.5318603515625,
      "family": "mattxc",
      "config": {
        "dict_size": 128,
        "matryoshka_widths": [
          8,
          16,
          32,
          64,
          128
        ],
        "k": 1,
        "fixed_k_total": 10,
        "inner_weight": 10.0,
        "window_size": 60,
        "temporal_steps": 1500,
        "n_sequences": 400,
        "seq_len": 128,
        "sparsity_method": "batchtopk"
      }
    },
    "MatTXC_topk_k10_baseline": {
      "best_single_r2": 0.0030481022429916793,
      "per_component_best_r2": [
        0.0030481022429916793,
        -0.010534374757964704,
        -0.019803431623973244
      ],
      "linear_mean_r2": -0.025961312751761795,
      "linear_per_component_r2": [
        -0.03676811377559419,
        -0.011905004760988547,
        -0.029210819718702652
      ],
      "sae_final_loss": 1410.5318603515625,
      "family": "mattxc",
      "config": {
        "dict_size": 128,
        "matryoshka_widths": [
          8,
          16,
          32,
          64,
          128
        ],
        "k": 1,
        "fixed_k_total": 10,
        "inner_weight": 10.0,
        "window_size": 60,
        "temporal_steps": 1500,
        "n_sequences": 400,
        "seq_len": 128,
        "sparsity_method": "topk"
      }
    },
    "T-SAE Paper": {
      "best_single_r2": 0.00021381383284513333,
      "per_component_best_r2": [
        0.00021381383284513333,
        -0.0005544543087194764,
        -0.0012439252715468196
      ],
      "linear_mean_r2": -0.009978036816123007,
      "linear_per_component_r2": [
        -0.017382433219351512,
        -0.004684340638875462,
        -0.007867336590142049
      ],
      "sae_final_loss": 50.632774353027344,
      "family": "tsae",
      "config": {
        "dict_size": 128,
        "k": 10,
        "group_fractions": [
          0.2,
          0.8
        ],
        "group_weights": [
          0.5,
          0.5
        ],
        "temporal_alpha": 0.1,
        "temporal": true,
        "temporal_steps": 25000,
        "lr": 0.0003,
        "n_sequences": 1000,
        "seq_len": 128
      }
    }
  },
  "cell_elapsed_sec": 975.3799698352814
}