{
  "sweep_parameter": "delta",
  "sweep_value": 0.15,
  "generator_params": [
    [
      "component_type",
      "process_name",
      "process_params"
    ],
    [
      "component_type",
      "process_name",
      "process_params"
    ],
    [
      "component_type",
      "process_name",
      "process_params"
    ]
  ],
  "transformer": {
    "final_loss": 1.0663191080093384,
    "was_loaded": true,
    "eval_resid_l2_mean": 14.814253807067871,
    "config": {
      "n_layers": 3,
      "d_model": 64,
      "n_heads": 2,
      "d_head": 32,
      "d_mlp": 256,
      "n_ctx": 128,
      "act_fn": "gelu",
      "normalization_type": "LN",
      "attention_dir": "causal",
      "default_prepend_bos": false,
      "init_mode": "gpt2",
      "initializer_range": 0.001,
      "probe_layer": 1,
      "probe_hook_name": "blocks.1.hook_resid_post",
      "extract_batch_size": 16,
      "load_if_exists": true,
      "training": {
        "steps": 20000,
        "batch_size": 128,
        "lr": 0.001,
        "data_chunks": 4,
        "data_chunk_size": 5000
      }
    }
  },
  "dense_linear": null,
  "dense_mlp": null,
  "architectures": {
    "MatTXC_batchtopk_k10": {
      "best_single_r2": 0.5639152651379788,
      "per_component_best_r2": [
        0.5639152651379788,
        0.10257682127588608,
        0.14072961254902494
      ],
      "linear_mean_r2": 0.3381920403177388,
      "linear_per_component_r2": [
        0.7052036722493069,
        0.11161164514455435,
        0.1977608035593552
      ],
      "sae_final_loss": 142.8751220703125,
      "family": "mattxc",
      "config": {
        "dict_size": 128,
        "matryoshka_widths": [
          8,
          16,
          32,
          64,
          128
        ],
        "k": 1,
        "fixed_k_total": 10,
        "inner_weight": 10.0,
        "window_size": 60,
        "temporal_steps": 1500,
        "n_sequences": 400,
        "seq_len": 128,
        "sparsity_method": "batchtopk"
      }
    },
    "MatTXC_topk_k10_baseline": {
      "best_single_r2": 0.5639152651379788,
      "per_component_best_r2": [
        0.5639152651379788,
        0.10257682127588608,
        0.14072961254902494
      ],
      "linear_mean_r2": 0.3381920403177388,
      "linear_per_component_r2": [
        0.7052036722493069,
        0.11161164514455435,
        0.1977608035593552
      ],
      "sae_final_loss": 142.8751220703125,
      "family": "mattxc",
      "config": {
        "dict_size": 128,
        "matryoshka_widths": [
          8,
          16,
          32,
          64,
          128
        ],
        "k": 1,
        "fixed_k_total": 10,
        "inner_weight": 10.0,
        "window_size": 60,
        "temporal_steps": 1500,
        "n_sequences": 400,
        "seq_len": 128,
        "sparsity_method": "topk"
      }
    },
    "T-SAE Paper": {
      "best_single_r2": 0.2854417995397851,
      "per_component_best_r2": [
        0.2854417995397851,
        0.07246160180296946,
        0.06955594773980367
      ],
      "linear_mean_r2": 0.26912935608362004,
      "linear_per_component_r2": [
        0.5305519538974413,
        0.10199824718818307,
        0.17483786716523575
      ],
      "sae_final_loss": 18.01333999633789,
      "family": "tsae",
      "config": {
        "dict_size": 128,
        "k": 10,
        "group_fractions": [
          0.2,
          0.8
        ],
        "group_weights": [
          0.5,
          0.5
        ],
        "temporal_alpha": 0.1,
        "temporal": true,
        "temporal_steps": 25000,
        "lr": 0.0003,
        "n_sequences": 1000,
        "seq_len": 128
      }
    }
  },
  "cell_elapsed_sec": 925.6526653766632
}