{
  "n_holdout_positions": 480,
  "ce_clean": {
    "mean": 2.274438915731662,
    "median": 1.4354488849639893,
    "std": 2.78979303628789
  },
  "topk_sae": {
    "ce_mean": 6.999073573139807,
    "ce_median": 6.365866422653198,
    "ce_std": 3.8014862870668775,
    "delta_ce_mean": 4.724634657408145,
    "delta_ce_median": 4.332605201750994,
    "delta_ce_std": 3.4121077185672593,
    "delta_ce_p25": 2.466657891869545,
    "delta_ce_p75": 6.694883853197098
  },
  "tsae_paper_k20": {
    "ce_mean": 5.723866555684556,
    "ce_median": 4.530576944351196,
    "ce_std": 4.219740021066258,
    "delta_ce_mean": 3.4494276399528947,
    "delta_ce_median": 2.414015054702759,
    "delta_ce_std": 3.635950473233617,
    "delta_ce_p25": 1.086973987519741,
    "delta_ce_p75": 4.691121630487032
  },
  "agentic_txc_02": {
    "ce_mean": 5.873207566747442,
    "ce_median": 4.632943391799927,
    "ce_std": 4.5989071981607745,
    "delta_ce_mean": 3.59876865101578,
    "delta_ce_median": 2.5553514659404755,
    "delta_ce_std": 3.9031315795944654,
    "delta_ce_p25": 0.9809649139642715,
    "delta_ce_p75": 4.9354650638997555
  },
  "phase5b_subseq_h8": {
    "ce_mean": 9.385486826921502,
    "ce_median": 8.687065601348877,
    "ce_std": 5.408017532114598,
    "delta_ce_mean": 7.111047911189841,
    "delta_ce_median": 6.295770421624184,
    "delta_ce_std": 5.283811878978166,
    "delta_ce_p25": 3.3804210126399994,
    "delta_ce_p75": 9.954338436247781
  },
  "zero": {
    "ce_mean": 7.1927311829601726,
    "ce_median": 6.670042514801025,
    "ce_std": 3.7788129302115228,
    "delta_ce_mean": 4.9182922672285105,
    "delta_ce_median": 4.392980456352234,
    "delta_ce_std": 3.48437475268624,
    "delta_ce_p25": 2.573036551475525,
    "delta_ce_p75": 6.664797395467758
  },
  "mean_residual": {
    "ce_mean": 6.300769113407781,
    "ce_median": 5.198057651519775,
    "ce_std": 4.602715119152893,
    "delta_ce_mean": 4.026330197676119,
    "delta_ce_median": 2.8885457515716553,
    "delta_ce_std": 4.05114815929037,
    "delta_ce_p25": 1.1832112073898315,
    "delta_ce_p75": 5.778574764728546
  },
  "x_t_minus_1": {
    "ce_mean": 10.759086576197296,
    "ce_median": 10.224350929260254,
    "ce_std": 5.966599759381944,
    "delta_ce_mean": 8.484647660465635,
    "delta_ce_median": 7.920406777004246,
    "delta_ce_std": 5.5211413099954445,
    "delta_ce_p25": 4.454852002672851,
    "delta_ce_p75": 11.693269053241238
  },
  "mean_context_T5": {
    "ce_mean": 8.464371592489382,
    "ce_median": 7.503314018249512,
    "ce_std": 5.682899488291928,
    "delta_ce_mean": 6.18993267675772,
    "delta_ce_median": 5.183171302080154,
    "delta_ce_std": 5.113506745464635,
    "delta_ce_p25": 2.4709160327911377,
    "delta_ce_p75": 9.024779319763184
  }
}