{
  "n_passages": 30,
  "max_len": 256,
  "archs": {
    "topk_sae": {
      "src_class": "TopKSAE",
      "T": 1,
      "d_sae": 18432,
      "baseline": {
        "fve": 0.9473702694678405,
        "mse": 2121.637451171875,
        "n_valid": 6927
      },
      "width_sweep": {
        "1": {
          "fve": 0.001585851637503688,
          "mse": 40248.59765625,
          "n_valid": 6927
        },
        "2": {
          "fve": 0.0027305401285557807,
          "mse": 23821.84765625,
          "n_valid": 6897
        },
        "3": {
          "fve": 0.0029335889189668896,
          "mse": 22098.134765625,
          "n_valid": 6867
        }
      },
      "position_ablation": {
        "right": {
          "fve": 0.001585851637503688,
          "mse": 40248.59765625,
          "n_valid": 6927
        },
        "center": {
          "fve": 0.001585851637503688,
          "mse": 40248.59765625,
          "n_valid": 6927
        },
        "left": {
          "fve": 0.001585851637503688,
          "mse": 40248.59765625,
          "n_valid": 6927
        }
      }
    },
    "tsae_paper_k20": {
      "src_class": "TemporalMatryoshkaBatchTopKSAE",
      "T": 1,
      "d_sae": 18432,
      "baseline": {
        "fve": 0.8619071794234248,
        "mse": 5566.87060546875,
        "n_valid": 6927
      },
      "width_sweep": {
        "1": {
          "fve": 0.10893422843608536,
          "mse": 35921.11328125,
          "n_valid": 6927
        },
        "2": {
          "fve": 0.17676107982375733,
          "mse": 19664.767578125,
          "n_valid": 6897
        },
        "3": {
          "fve": 0.18766473843568132,
          "mse": 18003.91015625,
          "n_valid": 6867
        }
      },
      "position_ablation": {
        "right": {
          "fve": 0.10893422843608536,
          "mse": 35921.11328125,
          "n_valid": 6927
        },
        "center": {
          "fve": 0.10893422843608536,
          "mse": 35921.11328125,
          "n_valid": 6927
        },
        "left": {
          "fve": 0.10893422843608536,
          "mse": 35921.11328125,
          "n_valid": 6927
        }
      }
    },
    "agentic_txc_02": {
      "src_class": "MatryoshkaTXCDRContrastiveMultiscale",
      "T": 5,
      "d_sae": 18432,
      "baseline": {
        "fve": 0.7972751797871798,
        "mse": 4493.75634765625,
        "n_valid": 6807
      },
      "width_sweep": {
        "1": {
          "fve": 0.28448460362322525,
          "mse": 15860.671875,
          "n_valid": 6807
        },
        "2": {
          "fve": 0.2267825459055013,
          "mse": 17141.3203125,
          "n_valid": 6817
        },
        "3": {
          "fve": 0.10200083740493282,
          "mse": 19905.673828125,
          "n_valid": 6827
        }
      },
      "position_ablation": {
        "right": {
          "fve": 0.28448460362322525,
          "mse": 15860.671875,
          "n_valid": 6807,
          "window_offset": 4
        },
        "center": {
          "fve": 0.23781410174399442,
          "mse": 16895.142578125,
          "n_valid": 6827,
          "window_offset": 2
        },
        "left": {
          "fve": 0.284916293208166,
          "mse": 28976.33984375,
          "n_valid": 6847,
          "window_offset": 0
        }
      }
    },
    "phase5b_subseq_h8": {
      "src_class": "SubseqH8",
      "T": 10,
      "d_sae": 18432,
      "baseline": {
        "fve": 0.5217541552338961,
        "mse": 10605.1884765625,
        "n_valid": 6657
      },
      "width_sweep": {
        "1": {
          "fve": -2.137756499140852,
          "mse": 69580.3203125,
          "n_valid": 6657
        },
        "2": {
          "fve": -1.730034778803498,
          "mse": 60534.74609375,
          "n_valid": 6687
        },
        "3": {
          "fve": -1.2094380642889893,
          "mse": 48979.2890625,
          "n_valid": 6717
        }
      },
      "position_ablation": {
        "right": {
          "fve": -2.137756499140852,
          "mse": 69580.3203125,
          "n_valid": 6657,
          "window_offset": 9
        },
        "center": {
          "fve": -0.700019309311821,
          "mse": 37675.5390625,
          "n_valid": 6697,
          "window_offset": 5
        },
        "left": {
          "fve": -0.8005984192431834,
          "mse": 73450.671875,
          "n_valid": 6747,
          "window_offset": 0
        }
      }
    }
  },
  "naive_baselines": {
    "predict_zero": {
      "fve": 0.0,
      "mse": 40312.52734375,
      "n_valid": 6927
    },
    "predict_mean_residual": {
      "fve": 0.24526393247601475,
      "mse": 30425.318359375,
      "n_valid": 6927
    },
    "predict_x_t_minus_1": {
      "fve": -0.16905628788322913,
      "mse": 27925.33203125,
      "n_valid": 6897
    },
    "predict_mean_context_T5": {
      "fve": 0.3519554044794122,
      "mse": 14365.0615234375,
      "n_valid": 6807
    },
    "predict_mean_context_T10": {
      "fve": 0.42558130645244674,
      "mse": 12737.8388671875,
      "n_valid": 6657
    }
  },
  "widths": [
    1,
    2,
    3
  ],
  "wall_time_seconds": 294.9138722419739
}