{"mean_max_cos_sim":0.2578718364238739,"recovery_90":0,"window_l0":5,"_timestamp":1.773982889308028e+09,"step":999,"_wandb":{"runtime":4},"loss":1.6728280782699585,"recovery_80":0,"_step":999,"auc":0.25755102040816324,"_runtime":4.305462097,"l0":5}