{"_wandb":{"runtime":345},"loss":4.072015285491943,"window_l0":50,"_runtime":345.100191273,"step":64999,"l0":50,"recovery_90":0.546875,"mean_max_cos_sim":0.8247966766357422,"_step":64999,"recovery_80":0.640625,"auc":0.8241879921259843,"_timestamp":1.773995934893569e+09}