{
  "0.0": {
    "cdec": 0.0880725346505642,
    "recovery_global": 0.887313981850942,
    "recovery_local": 0.8859121402104696,
    "recovery_mean": 0.8866130312283834
  },
  "0.1": {
    "cdec": 0.07511967420578003,
    "recovery_global": 0.9301896492640177,
    "recovery_local": 0.7336710890134176,
    "recovery_mean": 0.8319303393363953
  },
  "0.2": {
    "cdec": 0.0930083692073822,
    "recovery_global": 0.9527206023534139,
    "recovery_local": 0.692306806643804,
    "recovery_mean": 0.8225136995315552
  },
  "0.3": {
    "cdec": 0.09220687051614125,
    "recovery_global": 0.9440622528394064,
    "recovery_local": 0.7805391947428385,
    "recovery_mean": 0.8623007337252299
  },
  "0.5": {
    "cdec": 0.11290233830610912,
    "recovery_global": 0.9000802834828695,
    "recovery_local": 0.683420717716217,
    "recovery_mean": 0.7917504906654358
  },
  "0.7": {
    "cdec": 0.1316428283850352,
    "recovery_global": 0.8383716543515524,
    "recovery_local": 0.5105452040831248,
    "recovery_mean": 0.6744584242502848
  }
}