{"auc":0.18528543307086612,"l0":10,"_runtime":7.440986359,"mean_max_cos_sim":0.18534693121910095,"_step":999,"step":999,"recovery_80":0,"_wandb":{"runtime":7},"window_l0":20,"_timestamp":1.7739846601509435e+09,"recovery_90":0,"loss":7.334061145782471}