{
  "2": {
    "cdec": 0.13108714669942856,
    "recovery_global": 0.7211797833442688,
    "recovery_local": 0.12639086941878,
    "recovery_mean": 0.4237853487332662
  },
  "4": {
    "cdec": 0.10951472570498784,
    "recovery_global": 0.8652856548627218,
    "recovery_local": 0.16176627079645792,
    "recovery_mean": 0.51352592309316
  },
  "6": {
    "cdec": 0.10088026275237401,
    "recovery_global": 0.9529639482498169,
    "recovery_local": 0.2518037011226018,
    "recovery_mean": 0.6023838718732198
  },
  "8": {
    "cdec": 0.07474285115798314,
    "recovery_global": 0.9820352792739868,
    "recovery_local": 0.40773582458496094,
    "recovery_mean": 0.6948855916659037
  },
  "10": {
    "cdec": 0.06185113017757734,
    "recovery_global": 0.9114562471707662,
    "recovery_local": 0.5531297127405802,
    "recovery_mean": 0.7322929700215658
  },
  "12": {
    "cdec": 0.05903642252087593,
    "recovery_global": 0.8514271775881449,
    "recovery_local": 0.6134054859479269,
    "recovery_mean": 0.7324163715044657
  },
  "14": {
    "cdec": 0.06276279439528783,
    "recovery_global": 0.7834949493408203,
    "recovery_local": 0.5866203506787618,
    "recovery_mean": 0.6850576599438986
  },
  "17": {
    "cdec": 0.06156852593024572,
    "recovery_global": 0.7541044155756632,
    "recovery_local": 0.5617023706436157,
    "recovery_mean": 0.6579034129778544
  },
  "20": {
    "cdec": 0.07598304748535156,
    "recovery_global": 0.7059622804323832,
    "recovery_local": 0.43609224756558734,
    "recovery_mean": 0.5710272590319315
  }
}