{"_timestamp":1.7739829231223404e+09,"loss":3.6189229488372803,"recovery_90":0,"auc":0.26367346938775504,"mean_max_cos_sim":0.26443445682525635,"_step":999,"step":999,"window_l0":4,"recovery_80":0,"_wandb":{"runtime":7},"l0":2,"_runtime":7.152128753}