{"auc":0.2904773622047244,"mean_max_cos_sim":0.29049918055534363,"step":64999,"_timestamp":1.7739858395270205e+09,"window_l0":103,"_runtime":219.07716014,"loss":5.306407451629639,"l0":103,"recovery_80":0,"recovery_90":0,"_step":64999,"_wandb":{"runtime":219}}