{"l0":10,"step":64999,"loss":1.4689794778823853,"_runtime":320.557128251,"window_l0":10,"auc":0.9777928149606301,"recovery_90":0.96875,"recovery_80":0.96875,"_step":64999,"_wandb":{"runtime":320},"mean_max_cos_sim":0.9792280197143555,"_timestamp":1.7740076746687577e+09}