{
  "sweep_parameter": "delta",
  "sweep_value": 0.0,
  "generator_params": [
    [
      "component_type",
      "process_name",
      "process_params"
    ],
    [
      "component_type",
      "process_name",
      "process_params"
    ],
    [
      "component_type",
      "process_name",
      "process_params"
    ]
  ],
  "transformer": {
    "final_loss": 1.0890229940414429,
    "was_loaded": false,
    "eval_resid_l2_mean": 38.38037109375,
    "config": {
      "n_layers": 3,
      "d_model": 64,
      "n_heads": 2,
      "d_head": 32,
      "d_mlp": 256,
      "n_ctx": 128,
      "act_fn": "gelu",
      "normalization_type": "LN",
      "attention_dir": "causal",
      "default_prepend_bos": false,
      "init_mode": "gpt2",
      "initializer_range": 0.001,
      "probe_layer": 1,
      "probe_hook_name": "blocks.1.hook_resid_post",
      "extract_batch_size": 16,
      "load_if_exists": true,
      "training": {
        "steps": 20000,
        "batch_size": 128,
        "lr": 0.001,
        "data_chunks": 4,
        "data_chunk_size": 5000
      }
    }
  },
  "dense_linear": {
    "per_component_r2": [
      -0.026634721414493967,
      -0.007342983362592204,
      -0.01189600075679853
    ],
    "mean_r2": -0.015291235177961568
  },
  "dense_mlp": {
    "per_component_r2": [
      -0.04683887958526611,
      -0.024134039878845215,
      -0.020864486694335938
    ],
    "mean_r2": -0.030612468719482422,
    "hidden": 64,
    "epochs_trained": 36,
    "early_stop_patience": 10,
    "best_val_mse": 0.22350706160068512
  },
  "architectures": {
    "TopK SAE": {
      "best_single_r2": 7.587328424385476e-05,
      "per_component_best_r2": [
        7.587328424385476e-05,
        -0.0007610646555846756,
        -0.0012967843474369634
      ],
      "linear_mean_r2": -0.008526081600365313,
      "linear_per_component_r2": [
        -0.015027541634204278,
        -0.004778207349184216,
        -0.005772495817707446
      ],
      "sae_final_loss": 235.31842041015625,
      "family": "topk",
      "config": {
        "dict_size": 64,
        "k": 4,
        "sae_steps": 2000,
        "n_sequences": 1000,
        "seq_len": 128
      }
    },
    "TXC": {
      "best_single_r2": 0.0006586465823639198,
      "per_component_best_r2": [
        0.0006586465823639198,
        -0.0006991646719078926,
        -0.0015989246001664181
      ],
      "linear_mean_r2": -0.02113384766339932,
      "linear_per_component_r2": [
        -0.03854018982841323,
        -0.014818346826222184,
        -0.010043006335562543
      ],
      "sae_final_loss": 675.388427734375,
      "family": "txc",
      "config": {
        "dict_size": 64,
        "k": 1,
        "window_size": 30,
        "temporal_steps": 3000,
        "n_sequences": 1000,
        "seq_len": 128
      }
    },
    "MatryoshkaTXC": {
      "best_single_r2": 0.0006664280630136465,
      "per_component_best_r2": [
        0.0006664280630136465,
        -0.015077543160132212,
        -0.016534779494310925
      ],
      "linear_mean_r2": -0.027050227350175076,
      "linear_per_component_r2": [
        -0.03938803243382205,
        -0.02576581803783551,
        -0.015996831578867665
      ],
      "sae_final_loss": 1332.51904296875,
      "family": "mattxc",
      "config": {
        "dict_size": 128,
        "matryoshka_widths": [
          8,
          16,
          32,
          64,
          128
        ],
        "k": 1,
        "fixed_k_total": 10,
        "inner_weight": 10.0,
        "window_size": 60,
        "temporal_steps": 1500,
        "n_sequences": 400,
        "seq_len": 128
      }
    },
    "MultiLayerCrosscoder": {
      "best_single_r2": 0.00011681218041459385,
      "per_component_best_r2": [
        0.00011681218041459385,
        6.3103074475767684e-06,
        -0.0015574684468595557
      ],
      "linear_mean_r2": -0.011728417298581947,
      "linear_per_component_r2": [
        -0.019650429977580597,
        -0.006116696832043855,
        -0.009418125086121387
      ],
      "sae_final_loss": 180.15939331054688,
      "family": "mlxc",
      "config": {
        "dict_size": 64,
        "k": 4,
        "temporal_steps": 2000,
        "n_sequences": 1000,
        "seq_len": 128
      }
    },
    "TFA": {
      "best_single_r2": 0.00013857476783774025,
      "per_component_best_r2": [
        0.00013857476783774025,
        -0.000732211202378874,
        -0.001629437153623181
      ],
      "linear_mean_r2": -0.019423520204409146,
      "linear_per_component_r2": [
        -0.030796469286401562,
        -0.008976628764948869,
        -0.01849746256187701
      ],
      "sae_final_loss": 4.654078960418701,
      "family": "tfa",
      "config": {
        "dict_size": 128,
        "k": 10,
        "sae_diff_type": "topk",
        "n_heads": 4,
        "n_attn_layers": 1,
        "bottleneck_factor": 1,
        "tied_weights": true,
        "use_pos_encoding": false,
        "tfa_steps": 3000,
        "batch_size": 64,
        "lr": 0.001,
        "min_lr": 0.0009,
        "weight_decay": 0.0001,
        "warmup_steps": 200,
        "n_sequences": 1000,
        "seq_len": 128
      }
    },
    "TFA-pos": {
      "best_single_r2": 0.00010574437368582323,
      "per_component_best_r2": [
        0.00010574437368582323,
        -0.0007915802587952214,
        -0.001268254484219078
      ],
      "linear_mean_r2": -0.026251714123574892,
      "linear_per_component_r2": [
        -0.03882937748679427,
        -0.014426181570656782,
        -0.02549958331327362
      ],
      "sae_final_loss": 4.639657020568848,
      "family": "tfa",
      "config": {
        "dict_size": 128,
        "k": 10,
        "sae_diff_type": "topk",
        "n_heads": 4,
        "n_attn_layers": 1,
        "bottleneck_factor": 1,
        "tied_weights": true,
        "use_pos_encoding": true,
        "tfa_steps": 3000,
        "batch_size": 64,
        "lr": 0.001,
        "min_lr": 0.0009,
        "weight_decay": 0.0001,
        "warmup_steps": 200,
        "n_sequences": 1000,
        "seq_len": 128
      }
    },
    "Temporal BatchTopK SAE": {
      "best_single_r2": 1.923414577398308e-05,
      "per_component_best_r2": [
        1.923414577398308e-05,
        -0.0006245869147438743,
        -0.0014900749085620113
      ],
      "linear_mean_r2": -0.015321289866777166,
      "linear_per_component_r2": [
        -0.026237420033702108,
        -0.0077074121588782685,
        -0.01201903740775112
      ],
      "sae_final_loss": 66.35139465332031,
      "family": "tsae",
      "config": {
        "dict_size": 128,
        "k": 10,
        "group_fractions": [
          0.5,
          0.5
        ],
        "group_weights": [
          0.5,
          0.5
        ],
        "temporal_alpha": 0.1,
        "temporal": true,
        "temporal_steps": 2000,
        "lr": 0.0003,
        "n_sequences": 1000,
        "seq_len": 128
      }
    }
  },
  "cell_elapsed_sec": 1203.13613820076
}