{
  "sweep_value": 0.0,
  "window_size": 60,
  "d_in_single": 64,
  "d_in_window": 3840,
  "samples_per_seq_single": 128,
  "samples_per_seq_window": 69,
  "single_position": {
    "mean_r2": -0.01529304274386504,
    "per_component_r2": [
      -0.026640429624304796,
      -0.007346268502701037,
      -0.011892430104589291
    ]
  },
  "window": {
    "mean_r2": -0.1100351996690309,
    "per_component_r2": [
      -0.17861046501580646,
      -0.09703869562193201,
      -0.05445643836935421
    ]
  }
}