{
  "sweep_value": 0.0,
  "window_size": 10,
  "d_in_single": 64,
  "d_in_window": 640,
  "samples_per_seq_single": 128,
  "samples_per_seq_window": 119,
  "single_position": {
    "mean_r2": -0.01529304274386504,
    "per_component_r2": [
      -0.026640429624304796,
      -0.007346268502701037,
      -0.011892430104589291
    ]
  },
  "window": {
    "mean_r2": -0.03319514782234282,
    "per_component_r2": [
      -0.047666169623038046,
      -0.02955286509255517,
      -0.02236640875143525
    ]
  }
}