{
  "sweep_value": 0.0,
  "window_size": 30,
  "d_in_single": 64,
  "d_in_window": 1920,
  "samples_per_seq_single": 128,
  "samples_per_seq_window": 99,
  "single_position": {
    "mean_r2": -0.01529304274386504,
    "per_component_r2": [
      -0.026640429624304796,
      -0.007346268502701037,
      -0.011892430104589291
    ]
  },
  "window": {
    "mean_r2": -0.05501669050397188,
    "per_component_r2": [
      -0.08348181781576836,
      -0.048539866738874116,
      -0.03302838695727317
    ]
  }
}