{"_wandb":{"runtime":5},"_step":999,"l0":10,"recovery_80":0,"recovery_90":0,"_timestamp":1.773982988653446e+09,"loss":1.3841509819030762,"auc":0.2946938775510204,"step":999,"_runtime":5.58059406,"window_l0":10,"mean_max_cos_sim":0.2935645878314972}