{"recovery_80":0.015625,"mean_max_cos_sim":0.7094072103500366,"l0":5,"window_l0":10,"loss":2.4840469360351562,"recovery_90":0.015625,"auc":0.7093996062992125,"_runtime":468.726958487,"_timestamp":1.773998439283132e+09,"step":64999,"_step":64999,"_wandb":{"runtime":468}}