{"step":39999,"mean_max_cos_sim":0.2134665995836258,"_runtime":88.296252974,"recovery_90":0,"loss":22.79170799255371,"recovery_80":0,"_timestamp":1.7726666758118715e+09,"auc":0.21313131313131317,"_wandb":{"runtime":88},"_step":39999}