{"_runtime":4.765597495,"auc":0.2612244897959184,"l0":2,"step":999,"_wandb":{"runtime":4},"loss":2.5029826164245605,"recovery_90":0,"_timestamp":1.773982930459536e+09,"window_l0":2,"recovery_80":0,"mean_max_cos_sim":0.26117783784866333,"_step":999}