{"loss":3.657104730606079,"_timestamp":1.7739828011110253e+09,"window_l0":2,"_wandb":{"runtime":4},"auc":0.25918367346938775,"_runtime":4.040027243,"recovery_90":0,"step":999,"l0":2,"recovery_80":0,"mean_max_cos_sim":0.2594851553440094,"_step":999}