[grid] 298 cells, max_workers=10
[1/298     16s] circ/batchtopk_sae/T1/d64/k1/s1/trained              vel=+0.000 orc=0.103 nmse=0.594 (cache t=True e=False)
[2/298     17s] circ/batchtopk_sae/T1/d32/k1/s1/trained              vel=-0.000 orc=0.103 nmse=0.594 (cache t=True e=False)
[3/298     19s] circ/batchtopk_sae/T1/d101/k1/s1/trained             vel=+0.000 orc=0.103 nmse=0.595 (cache t=True e=False)
[4/298     19s] circ/batchtopk_sae/T1/d101/k1/s1/untrained           vel=+0.002 orc=0.103 nmse=0.945 (cache t=True e=False)
[5/298     20s] circ/batchtopk_sae/T1/d101/k2/s1/trained             vel=-0.002 orc=0.103 nmse=0.540 (cache t=True e=False)
[6/298     21s] circ/batchtopk_sae/T1/d256/k1/s1/trained             vel=+0.000 orc=0.103 nmse=0.597 (cache t=True e=False)
[7/298     24s] rand/batchtopk_sae/T1/d101/k1/s1/trained             vel=+0.013 orc=0.107 nmse=0.576 (cache t=True e=False)
[8/298     24s] circ/tsae/T1/d101/k1/s1/untrained                    vel=+0.002 orc=0.103 nmse=0.945 (cache t=True e=False)
[9/298    116s] circ/txc_batchtopk_pre/T2/d64/k1/s1/trained          vel=+0.030 orc=0.686 nmse=0.594 (cache t=False e=False)
[10/298    117s] circ/txc_batchtopk_pre/T2/d32/k1/s1/trained          vel=+0.029 orc=0.686 nmse=0.593 (cache t=False e=False)
[11/298    120s] circ/txc_batchtopk_pre/T2/d101/k1/s1/untrained       vel=+0.003 orc=0.686 nmse=0.973 (cache t=False e=False)
[12/298    121s] circ/txc_batchtopk_pre/T2/d101/k1/s1/trained         vel=+0.026 orc=0.686 nmse=0.594 (cache t=False e=False)
[13/298    129s] circ/txc_batchtopk_pre/T2/d256/k1/s1/trained         vel=+0.007 orc=0.686 nmse=0.592 (cache t=False e=False)
[14/298    194s] circ/txc_batchtopk_pre/T2/d101/k2/s1/trained         vel=+0.024 orc=0.686 nmse=0.546 (cache t=False e=False)
[15/298    196s] circ/txc_batchtopk_pre/T4/d32/k1/s1/trained          vel=+0.054 orc=0.886 nmse=0.586 (cache t=False e=False)
[16/298    201s] rand/txc_batchtopk_pre/T2/d101/k1/s1/trained         vel=+0.037 orc=1.000 nmse=0.747 (cache t=False e=False)
[17/298    203s] circ/txc_batchtopk_pre/T4/d101/k1/s1/untrained       vel=+0.000 orc=0.886 nmse=0.987 (cache t=False e=False)
[18/298    204s] circ/txc_batchtopk_pre/T4/d64/k1/s1/trained          vel=+0.059 orc=0.886 nmse=0.594 (cache t=False e=False)
[19/298    268s] circ/txc_batchtopk_pre/T4/d101/k1/s1/trained         vel=+0.043 orc=0.886 nmse=0.593 (cache t=False e=False)
[20/298    269s] circ/txc_batchtopk_pre/T4/d256/k1/s1/trained         vel=+0.062 orc=0.886 nmse=0.587 (cache t=False e=False)
[21/298    280s] circ/txc_batchtopk_pre/T4/d101/k2/s1/trained         vel=+0.058 orc=0.886 nmse=0.546 (cache t=False e=False)
[22/298    283s] rand/txc_batchtopk_pre/T4/d101/k1/s1/trained         vel=+0.045 orc=1.000 nmse=0.846 (cache t=False e=False)
[23/298    343s] circ/txc_batchtopk_pre/T8/d32/k1/s1/trained          vel=+0.128 orc=0.990 nmse=0.578 (cache t=False e=False)
[24/298    343s] circ/txc_batchtopk_pre/T8/d64/k1/s1/trained          vel=+0.109 orc=0.990 nmse=0.579 (cache t=False e=False)
[25/298    344s] circ/txc_batchtopk_pre/T8/d101/k1/s1/untrained       vel=-0.005 orc=0.990 nmse=0.993 (cache t=False e=False)
[26/298    355s] circ/txc_batchtopk_pre/T8/d101/k1/s1/trained         vel=+0.140 orc=0.990 nmse=0.578 (cache t=False e=False)
[27/298    356s] circ/txc_batchtopk_pre/T8/d256/k1/s1/trained         vel=+0.133 orc=0.990 nmse=0.579 (cache t=False e=False)
[28/298    417s] circ/txc_batchtopk_pre/T8/d101/k2/s1/trained         vel=+0.114 orc=0.990 nmse=0.550 (cache t=False e=False)
[29/298    422s] rand/txc_batchtopk_pre/T8/d101/k1/s1/trained         vel=+0.074 orc=1.000 nmse=0.898 (cache t=False e=False)
[30/298    429s] circ/txc_batchtopk_pre/T16/d32/k1/s1/trained         vel=+0.260 orc=1.000 nmse=0.580 (cache t=False e=False)
[31/298    430s] circ/txc_batchtopk_pre/T16/d64/k1/s1/trained         vel=+0.255 orc=1.000 nmse=0.573 (cache t=False e=False)
[32/298    431s] circ/txc_batchtopk_pre/T16/d101/k1/s1/untrained      vel=+0.016 orc=1.000 nmse=0.997 (cache t=False e=False)
[33/298    492s] circ/txc_batchtopk_pre/T16/d101/k1/s1/trained        vel=+0.250 orc=1.000 nmse=0.571 (cache t=False e=False)
[34/298    495s] circ/txc_batchtopk_pre/T16/d256/k1/s1/trained        vel=+0.250 orc=1.000 nmse=0.570 (cache t=False e=False)
[35/298    505s] circ/txc_batchtopk_pre/T16/d101/k2/s1/trained        vel=+0.221 orc=1.000 nmse=0.556 (cache t=False e=False)
[36/298    508s] rand/txc_batchtopk_pre/T16/d101/k1/s1/trained        vel=+0.103 orc=1.000 nmse=0.927 (cache t=False e=False)
[37/298    535s] circ/tsae/T1/d64/k1/s1/trained                       vel=+0.002 orc=0.103 nmse=0.600 (cache t=False e=False)
[38/298    535s] circ/tsae/T1/d32/k1/s1/trained                       vel=-0.000 orc=0.103 nmse=0.607 (cache t=False e=False)
[39/298    535s] circ/tsae/T1/d101/k1/s1/trained                      vel=-0.001 orc=0.103 nmse=0.600 (cache t=False e=False)
[40/298    537s] circ/tsae/T1/d101/k2/s1/trained                      vel=-0.001 orc=0.103 nmse=0.542 (cache t=False e=False)
[41/298    539s] circ/txc_batchtopk_post/T2/d101/k1/s1/untrained      vel=+0.063 orc=0.686 nmse=0.973 (cache t=False e=False)
[42/298    544s] circ/tsae/T1/d256/k1/s1/trained                      vel=-0.001 orc=0.103 nmse=0.599 (cache t=False e=False)
[43/298    553s] rand/tsae/T1/d101/k1/s1/trained                      vel=+0.011 orc=0.107 nmse=0.575 (cache t=False e=False)
[44/298    572s] circ/txc_batchtopk_post/T2/d32/k1/s1/trained         vel=+0.186 orc=0.686 nmse=0.638 (cache t=False e=False)
[45/298    575s] circ/txc_batchtopk_post/T2/d64/k1/s1/trained         vel=+0.191 orc=0.686 nmse=0.651 (cache t=False e=False)
[46/298    576s] circ/txc_batchtopk_post/T4/d101/k1/s1/untrained      vel=+0.110 orc=0.886 nmse=0.987 (cache t=False e=False)
[47/298    596s] circ/txc_batchtopk_post/T2/d101/k1/s1/trained        vel=+0.196 orc=0.686 nmse=0.640 (cache t=False e=False)
[48/298    599s] circ/txc_batchtopk_post/T2/d256/k1/s1/trained        vel=+0.191 orc=0.686 nmse=0.642 (cache t=False e=False)
[49/298    660s] circ/txc_batchtopk_post/T4/d32/k1/s1/trained         vel=+0.295 orc=0.886 nmse=0.686 (cache t=False e=False)
[50/298    665s] circ/txc_batchtopk_post/T4/d101/k1/s1/trained        vel=+0.260 orc=0.886 nmse=0.693 (cache t=False e=False)
[51/298    666s] circ/txc_batchtopk_post/T2/d101/k2/s1/trained        vel=+0.380 orc=0.686 nmse=0.566 (cache t=False e=False)
[52/298    666s] circ/txc_batchtopk_post/T4/d64/k1/s1/trained         vel=+0.313 orc=0.886 nmse=0.667 (cache t=False e=False)
[53/298    668s] circ/txc_batchtopk_post/T8/d101/k1/s1/untrained      vel=+0.147 orc=0.990 nmse=0.993 (cache t=False e=False)
[54/298    669s] rand/txc_batchtopk_post/T2/d101/k1/s1/trained        vel=+0.035 orc=1.000 nmse=0.761 (cache t=False e=False)
[55/298    676s] circ/txc_batchtopk_post/T4/d256/k1/s1/trained        vel=+0.194 orc=0.886 nmse=0.724 (cache t=False e=False)
[56/298    697s] circ/txc_batchtopk_post/T4/d101/k2/s1/trained        vel=+0.630 orc=0.886 nmse=0.580 (cache t=False e=False)
[57/298    701s] rand/txc_batchtopk_post/T4/d101/k1/s1/trained        vel=+0.050 orc=1.000 nmse=0.862 (cache t=False e=False)
[58/298    715s] circ/txc_batchtopk_post/T8/d32/k1/s1/trained         vel=+0.365 orc=0.990 nmse=0.740 (cache t=False e=False)
[59/298    718s] circ/txc_batchtopk_post/T16/d101/k1/s1/untrained     vel=+0.184 orc=1.000 nmse=0.996 (cache t=False e=False)
[60/298    719s] circ/txc_batchtopk_post/T8/d64/k1/s1/trained         vel=+0.265 orc=0.990 nmse=0.750 (cache t=False e=False)
[61/298    781s] circ/txc_batchtopk_post/T8/d101/k1/s1/trained        vel=+0.271 orc=0.990 nmse=0.755 (cache t=False e=False)
[62/298    784s] circ/txc_batchtopk_post/T8/d256/k1/s1/trained        vel=+0.313 orc=0.990 nmse=0.727 (cache t=False e=False)
[63/298    791s] circ/txc_batchtopk_post/T8/d101/k2/s1/trained        vel=+0.616 orc=0.990 nmse=0.601 (cache t=False e=False)
[64/298    792s] circ/txc_batchtopk_post/T16/d32/k1/s1/trained        vel=+0.472 orc=1.000 nmse=0.761 (cache t=False e=False)
[65/298    796s] rand/txc_batchtopk_post/T8/d101/k1/s1/trained        vel=+0.076 orc=1.000 nmse=0.913 (cache t=False e=False)
[66/298    798s] circ/txc_batchtopk_post/T16/d64/k1/s1/trained        vel=+0.428 orc=1.000 nmse=0.753 (cache t=False e=False)
[67/298    805s] circ/spectral_txc/T2/d101/k1/s1/untrained            vel=+0.111 orc=0.686 nmse=0.949 (cache t=False e=False)
[68/298    819s] circ/txc_batchtopk_post/T16/d101/k1/s1/trained       vel=+0.580 orc=1.000 nmse=0.723 (cache t=False e=False)
[69/298    821s] circ/txc_batchtopk_post/T16/d256/k1/s1/trained       vel=+0.517 orc=1.000 nmse=0.735 (cache t=False e=False)
[70/298    839s] circ/txc_batchtopk_post/T16/d101/k2/s1/trained       vel=+0.896 orc=1.000 nmse=0.597 (cache t=False e=False)
[71/298    844s] rand/txc_batchtopk_post/T16/d101/k1/s1/trained       vel=+0.159 orc=1.000 nmse=0.936 (cache t=False e=False)
[72/298    964s] circ/spectral_txc/T2/d32/k1/s1/trained               vel=+0.415 orc=0.686 nmse=0.580 (cache t=False e=False)
[73/298    969s] circ/spectral_txc/T2/d64/k1/s1/trained               vel=+0.379 orc=0.686 nmse=0.584 (cache t=False e=False)
[74/298    971s] circ/spectral_txc/T4/d101/k1/s1/untrained            vel=+0.375 orc=0.886 nmse=0.959 (cache t=False e=False)
[75/298    997s] circ/spectral_txc/T2/d101/k1/s1/trained              vel=+0.419 orc=0.686 nmse=0.580 (cache t=False e=False)
[76/298    997s] circ/spectral_txc/T2/d101/k2/s1/trained              vel=+0.490 orc=0.686 nmse=0.536 (cache t=False e=False)
[77/298   1002s] circ/spectral_txc/T2/d256/k1/s1/trained              vel=+0.363 orc=0.686 nmse=0.582 (cache t=False e=False)
[78/298   1012s] rand/spectral_txc/T2/d101/k1/s1/trained              vel=+0.070 orc=1.000 nmse=0.801 (cache t=False e=False)
[79/298   1091s] circ/spectral_txc/T4/d32/k1/s1/trained               vel=+0.759 orc=0.886 nmse=0.564 (cache t=False e=False)
[80/298   1093s] circ/spectral_txc/T4/d64/k1/s1/trained               vel=+0.770 orc=0.886 nmse=0.567 (cache t=False e=False)
[81/298   1096s] circ/spectral_txc/T8/d101/k1/s1/untrained            vel=+0.535 orc=0.990 nmse=0.966 (cache t=False e=False)
[82/298   1106s] circ/spectral_txc/T4/d101/k1/s1/trained              vel=+0.768 orc=0.886 nmse=0.562 (cache t=False e=False)
[83/298   1118s] circ/spectral_txc/T4/d256/k1/s1/trained              vel=+0.758 orc=0.886 nmse=0.565 (cache t=False e=False)
[84/298   1227s] circ/spectral_txc/T4/d101/k2/s1/trained              vel=+0.783 orc=0.886 nmse=0.540 (cache t=False e=False)
[85/298   1228s] rand/spectral_txc/T4/d101/k1/s1/trained              vel=+0.111 orc=1.000 nmse=0.896 (cache t=False e=False)
[86/298   1253s] circ/spectral_txc/T8/d64/k1/s1/trained               vel=+0.951 orc=0.990 nmse=0.557 (cache t=False e=False)
[87/298   1256s] circ/spectral_txc/T16/d101/k1/s1/untrained           vel=+0.646 orc=1.000 nmse=0.974 (cache t=False e=False)
[88/298   1269s] circ/spectral_txc/T8/d32/k1/s1/trained               vel=+0.926 orc=0.990 nmse=0.562 (cache t=False e=False)
[89/298   1272s] circ/spectral_txc/T8/d101/k1/s1/trained              vel=+0.970 orc=0.990 nmse=0.556 (cache t=False e=False)
[90/298   1285s] circ/spectral_txc/T8/d256/k1/s1/trained              vel=+0.959 orc=0.990 nmse=0.555 (cache t=False e=False)
[91/298   1335s] circ/spectral_txc/T8/d101/k2/s1/trained              vel=+0.934 orc=0.990 nmse=0.545 (cache t=False e=False)
[92/298   1337s] rand/spectral_txc/T8/d101/k1/s1/trained              vel=+0.365 orc=1.000 nmse=0.916 (cache t=False e=False)
[93/298   1348s] circ/spectral_txc/T16/d32/k1/s1/trained              vel=+0.994 orc=1.000 nmse=0.565 (cache t=False e=False)
[94/298   1359s] circ/batchtopk_sae/T1/d101/k1/s2/untrained           vel=+0.000 orc=0.109 nmse=0.944 (cache t=False e=False)
[95/298   1372s] circ/spectral_txc/T16/d64/k1/s1/trained              vel=+0.998 orc=1.000 nmse=0.559 (cache t=False e=False)
[96/298   1380s] circ/batchtopk_sae/T1/d32/k1/s2/trained              vel=-0.004 orc=0.109 nmse=0.596 (cache t=False e=False)
[97/298   1397s] circ/batchtopk_sae/T1/d64/k1/s2/trained              vel=-0.005 orc=0.109 nmse=0.594 (cache t=False e=False)
[98/298   1454s] circ/batchtopk_sae/T1/d101/k1/s2/trained             vel=-0.006 orc=0.109 nmse=0.595 (cache t=False e=False)
[99/298   1457s] circ/batchtopk_sae/T1/d256/k1/s2/trained             vel=-0.005 orc=0.109 nmse=0.595 (cache t=False e=False)
[100/298   1474s] circ/batchtopk_sae/T1/d101/k2/s2/trained             vel=-0.005 orc=0.109 nmse=0.538 (cache t=False e=False)
[101/298   1482s] circ/tsae/T1/d101/k1/s2/untrained                    vel=+0.000 orc=0.109 nmse=0.944 (cache t=False e=False)
[102/298   1485s] rand/batchtopk_sae/T1/d101/k1/s2/trained             vel=-0.010 orc=0.105 nmse=0.577 (cache t=False e=False)
[103/298   1486s] circ/spectral_txc/T16/d256/k1/s1/trained             vel=+0.999 orc=1.000 nmse=0.554 (cache t=False e=False)
[104/298   1490s] circ/spectral_txc/T16/d101/k1/s1/trained             vel=+0.999 orc=1.000 nmse=0.558 (cache t=False e=False)
[105/298   1516s] circ/spectral_txc/T16/d101/k2/s1/trained             vel=+0.999 orc=1.000 nmse=0.552 (cache t=False e=False)
[106/298   1547s] rand/spectral_txc/T16/d101/k1/s1/trained             vel=+0.580 orc=1.000 nmse=0.923 (cache t=False e=False)
[107/298   1578s] circ/txc_batchtopk_pre/T2/d32/k1/s2/trained          vel=+0.038 orc=0.704 nmse=0.593 (cache t=False e=False)
[108/298   1582s] circ/txc_batchtopk_pre/T2/d101/k1/s2/untrained       vel=+0.005 orc=0.704 nmse=0.975 (cache t=False e=False)
[109/298   1594s] circ/txc_batchtopk_pre/T2/d64/k1/s2/trained          vel=+0.047 orc=0.704 nmse=0.592 (cache t=False e=False)
[110/298   1614s] circ/txc_batchtopk_pre/T2/d101/k1/s2/trained         vel=+0.025 orc=0.704 nmse=0.593 (cache t=False e=False)
[111/298   1648s] circ/txc_batchtopk_pre/T2/d256/k1/s2/trained         vel=+0.042 orc=0.704 nmse=0.593 (cache t=False e=False)
[112/298   1679s] circ/txc_batchtopk_pre/T2/d101/k2/s2/trained         vel=+0.033 orc=0.704 nmse=0.544 (cache t=False e=False)
[113/298   1685s] rand/txc_batchtopk_pre/T2/d101/k1/s2/trained         vel=+0.017 orc=1.000 nmse=0.749 (cache t=False e=False)
[114/298   1692s] circ/txc_batchtopk_pre/T4/d32/k1/s2/trained          vel=+0.069 orc=0.890 nmse=0.586 (cache t=False e=False)
[115/298   1694s] circ/txc_batchtopk_pre/T4/d101/k1/s2/untrained       vel=+0.000 orc=0.890 nmse=0.986 (cache t=False e=False)
[116/298   1731s] circ/txc_batchtopk_pre/T4/d64/k1/s2/trained          vel=+0.055 orc=0.890 nmse=0.586 (cache t=False e=False)
[117/298   1760s] circ/txc_batchtopk_pre/T4/d101/k1/s2/trained         vel=+0.045 orc=0.890 nmse=0.587 (cache t=False e=False)
[118/298   1763s] circ/txc_batchtopk_pre/T4/d256/k1/s2/trained         vel=+0.076 orc=0.890 nmse=0.597 (cache t=False e=False)
[119/298   1777s] circ/txc_batchtopk_pre/T4/d101/k2/s2/trained         vel=+0.057 orc=0.890 nmse=0.546 (cache t=False e=False)
[120/298   1797s] circ/tsae/T1/d32/k1/s2/trained                       vel=-0.004 orc=0.109 nmse=0.601 (cache t=False e=False)
[121/298   1816s] rand/txc_batchtopk_pre/T4/d101/k1/s2/trained         vel=+0.036 orc=1.000 nmse=0.849 (cache t=False e=False)
[122/298   1818s] circ/txc_batchtopk_pre/T8/d101/k1/s2/untrained       vel=+0.008 orc=0.992 nmse=0.994 (cache t=False e=False)
[123/298   1847s] circ/txc_batchtopk_pre/T8/d32/k1/s2/trained          vel=+0.174 orc=0.992 nmse=0.584 (cache t=False e=False)
[124/298   1847s] circ/txc_batchtopk_pre/T8/d64/k1/s2/trained          vel=+0.158 orc=0.992 nmse=0.583 (cache t=False e=False)
[125/298   1868s] circ/txc_batchtopk_pre/T8/d101/k1/s2/trained         vel=+0.152 orc=0.992 nmse=0.577 (cache t=False e=False)
[126/298   1894s] circ/txc_batchtopk_pre/T8/d256/k1/s2/trained         vel=+0.145 orc=0.992 nmse=0.578 (cache t=False e=False)
[127/298   1895s] circ/tsae/T1/d256/k1/s2/trained                      vel=-0.006 orc=0.109 nmse=0.602 (cache t=False e=False)
[128/298   1922s] circ/txc_batchtopk_pre/T8/d101/k2/s2/trained         vel=+0.130 orc=0.992 nmse=0.592 (cache t=False e=False)
[129/298   1924s] circ/txc_batchtopk_pre/T16/d101/k1/s2/untrained      vel=+0.011 orc=1.000 nmse=0.997 (cache t=False e=False)
[130/298   1951s] circ/tsae/T1/d64/k1/s2/trained                       vel=-0.004 orc=0.109 nmse=0.607 (cache t=False e=False)
[131/298   1952s] circ/txc_batchtopk_pre/T16/d32/k1/s2/trained         vel=+0.276 orc=1.000 nmse=0.584 (cache t=False e=False)
[132/298   1958s] rand/txc_batchtopk_pre/T8/d101/k1/s2/trained         vel=+0.058 orc=1.000 nmse=0.899 (cache t=False e=False)
[133/298   1973s] circ/txc_batchtopk_pre/T16/d64/k1/s2/trained         vel=+0.265 orc=1.000 nmse=0.571 (cache t=False e=False)
[134/298   1987s] circ/tsae/T1/d101/k2/s2/trained                      vel=-0.003 orc=0.109 nmse=0.542 (cache t=False e=False)
[135/298   2007s] circ/txc_batchtopk_pre/T16/d256/k1/s2/trained        vel=+0.277 orc=1.000 nmse=0.571 (cache t=False e=False)
[136/298   2014s] circ/txc_batchtopk_post/T2/d101/k1/s2/untrained      vel=+0.072 orc=0.704 nmse=0.975 (cache t=False e=False)
[137/298   2015s] circ/txc_batchtopk_pre/T16/d101/k1/s2/trained        vel=+0.285 orc=1.000 nmse=0.569 (cache t=False e=False)
[138/298   2030s] circ/tsae/T1/d101/k1/s2/trained                      vel=-0.005 orc=0.109 nmse=0.599 (cache t=False e=False)
[139/298   2056s] circ/txc_batchtopk_pre/T16/d101/k2/s2/trained        vel=+0.259 orc=1.000 nmse=0.556 (cache t=False e=False)
[140/298   2057s] rand/tsae/T1/d101/k1/s2/trained                      vel=-0.011 orc=0.105 nmse=0.579 (cache t=False e=False)
[141/298   2077s] circ/txc_batchtopk_post/T2/d32/k1/s2/trained         vel=+0.199 orc=0.704 nmse=0.639 (cache t=False e=False)
[142/298   2090s] circ/txc_batchtopk_post/T2/d64/k1/s2/trained         vel=+0.195 orc=0.704 nmse=0.638 (cache t=False e=False)
[143/298   2095s] circ/txc_batchtopk_post/T4/d101/k1/s2/untrained      vel=+0.111 orc=0.890 nmse=0.986 (cache t=False e=False)
[144/298   2097s] rand/txc_batchtopk_pre/T16/d101/k1/s2/trained        vel=+0.054 orc=1.000 nmse=0.929 (cache t=False e=False)
[145/298   2107s] circ/txc_batchtopk_post/T2/d101/k1/s2/trained        vel=+0.193 orc=0.704 nmse=0.655 (cache t=False e=False)
[146/298   2127s] circ/txc_batchtopk_post/T2/d256/k1/s2/trained        vel=+0.208 orc=0.704 nmse=0.653 (cache t=False e=False)
[147/298   2151s] circ/txc_batchtopk_post/T2/d101/k2/s2/trained        vel=+0.365 orc=0.704 nmse=0.567 (cache t=False e=False)
[148/298   2166s] circ/txc_batchtopk_post/T4/d32/k1/s2/trained         vel=+0.250 orc=0.890 nmse=0.676 (cache t=False e=False)
[149/298   2167s] rand/txc_batchtopk_post/T2/d101/k1/s2/trained        vel=+0.015 orc=1.000 nmse=0.766 (cache t=False e=False)
[150/298   2170s] circ/txc_batchtopk_post/T8/d101/k1/s2/untrained      vel=+0.172 orc=0.992 nmse=0.993 (cache t=False e=False)
[151/298   2199s] circ/txc_batchtopk_post/T4/d64/k1/s2/trained         vel=+0.211 orc=0.890 nmse=0.707 (cache t=False e=False)
[152/298   2205s] circ/txc_batchtopk_post/T4/d101/k1/s2/trained        vel=+0.209 orc=0.890 nmse=0.707 (cache t=False e=False)
[153/298   2211s] circ/txc_batchtopk_post/T4/d256/k1/s2/trained        vel=+0.239 orc=0.890 nmse=0.690 (cache t=False e=False)
[154/298   2231s] circ/txc_batchtopk_post/T4/d101/k2/s2/trained        vel=+0.623 orc=0.890 nmse=0.585 (cache t=False e=False)
[155/298   2242s] circ/txc_batchtopk_post/T8/d32/k1/s2/trained         vel=+0.304 orc=0.992 nmse=0.757 (cache t=False e=False)
[156/298   2253s] rand/txc_batchtopk_post/T4/d101/k1/s2/trained        vel=+0.038 orc=1.000 nmse=0.865 (cache t=False e=False)
[157/298   2257s] circ/txc_batchtopk_post/T8/d64/k1/s2/trained         vel=+0.397 orc=0.992 nmse=0.734 (cache t=False e=False)
[158/298   2257s] circ/txc_batchtopk_post/T16/d101/k1/s2/untrained     vel=+0.184 orc=1.000 nmse=0.997 (cache t=False e=False)
[159/298   2283s] circ/txc_batchtopk_post/T8/d101/k1/s2/trained        vel=+0.272 orc=0.992 nmse=0.748 (cache t=False e=False)
[160/298   2302s] circ/txc_batchtopk_post/T8/d256/k1/s2/trained        vel=+0.403 orc=0.992 nmse=0.748 (cache t=False e=False)
[161/298   2310s] circ/txc_batchtopk_post/T8/d101/k2/s2/trained        vel=+0.630 orc=0.992 nmse=0.618 (cache t=False e=False)
[162/298   2335s] circ/txc_batchtopk_post/T16/d32/k1/s2/trained        vel=+0.295 orc=1.000 nmse=0.773 (cache t=False e=False)
[163/298   2338s] circ/txc_batchtopk_post/T16/d64/k1/s2/trained        vel=+0.482 orc=1.000 nmse=0.762 (cache t=False e=False)
[164/298   2343s] rand/txc_batchtopk_post/T8/d101/k1/s2/trained        vel=+0.054 orc=1.000 nmse=0.914 (cache t=False e=False)
[165/298   2350s] circ/spectral_txc/T2/d101/k1/s2/untrained            vel=+0.109 orc=0.704 nmse=0.949 (cache t=False e=False)
[166/298   2364s] circ/txc_batchtopk_post/T16/d101/k1/s2/trained       vel=+0.506 orc=1.000 nmse=0.732 (cache t=False e=False)
[167/298   2370s] circ/txc_batchtopk_post/T16/d256/k1/s2/trained       vel=+0.568 orc=1.000 nmse=0.729 (cache t=False e=False)
[168/298   2379s] circ/txc_batchtopk_post/T16/d101/k2/s2/trained       vel=+0.857 orc=1.000 nmse=0.605 (cache t=False e=False)
[169/298   2394s] rand/txc_batchtopk_post/T16/d101/k1/s2/trained       vel=+0.108 orc=1.000 nmse=0.940 (cache t=False e=False)
[170/298   2483s] circ/spectral_txc/T2/d32/k1/s2/trained               vel=+0.389 orc=0.704 nmse=0.585 (cache t=False e=False)
[171/298   2488s] circ/spectral_txc/T4/d101/k1/s2/untrained            vel=+0.350 orc=0.890 nmse=0.961 (cache t=False e=False)
[172/298   2497s] circ/spectral_txc/T2/d64/k1/s2/trained               vel=+0.398 orc=0.704 nmse=0.585 (cache t=False e=False)
[173/298   2513s] circ/spectral_txc/T2/d101/k1/s2/trained              vel=+0.431 orc=0.704 nmse=0.580 (cache t=False e=False)
[174/298   2522s] circ/spectral_txc/T2/d256/k1/s2/trained              vel=+0.395 orc=0.704 nmse=0.580 (cache t=False e=False)
[175/298   2538s] rand/spectral_txc/T2/d101/k1/s2/trained              vel=+0.057 orc=1.000 nmse=0.806 (cache t=False e=False)
[176/298   2543s] circ/spectral_txc/T2/d101/k2/s2/trained              vel=+0.489 orc=0.704 nmse=0.536 (cache t=False e=False)
[177/298   2627s] circ/spectral_txc/T4/d32/k1/s2/trained               vel=+0.775 orc=0.890 nmse=0.563 (cache t=False e=False)
[178/298   2631s] circ/spectral_txc/T4/d64/k1/s2/trained               vel=+0.762 orc=0.890 nmse=0.567 (cache t=False e=False)
[179/298   2632s] circ/spectral_txc/T8/d101/k1/s2/untrained            vel=+0.559 orc=0.992 nmse=0.965 (cache t=False e=False)
[180/298   2639s] circ/spectral_txc/T4/d101/k1/s2/trained              vel=+0.756 orc=0.890 nmse=0.566 (cache t=False e=False)
[181/298   2662s] circ/spectral_txc/T4/d256/k1/s2/trained              vel=+0.745 orc=0.890 nmse=0.565 (cache t=False e=False)
[182/298   2721s] circ/spectral_txc/T4/d101/k2/s2/trained              vel=+0.790 orc=0.890 nmse=0.538 (cache t=False e=False)
[183/298   2730s] rand/spectral_txc/T4/d101/k1/s2/trained              vel=+0.112 orc=1.000 nmse=0.895 (cache t=False e=False)
[184/298   2767s] circ/spectral_txc/T8/d64/k1/s2/trained               vel=+0.963 orc=0.992 nmse=0.556 (cache t=False e=False)
[185/298   2770s] circ/spectral_txc/T16/d101/k1/s2/untrained           vel=+0.626 orc=1.000 nmse=0.973 (cache t=False e=False)
[186/298   2775s] circ/spectral_txc/T8/d32/k1/s2/trained               vel=+0.916 orc=0.992 nmse=0.562 (cache t=False e=False)
[187/298   2783s] circ/spectral_txc/T8/d101/k1/s2/trained              vel=+0.962 orc=0.992 nmse=0.555 (cache t=False e=False)
[188/298   2801s] circ/spectral_txc/T8/d256/k1/s2/trained              vel=+0.959 orc=0.992 nmse=0.554 (cache t=False e=False)
[189/298   2892s] circ/spectral_txc/T8/d101/k2/s2/trained              vel=+0.948 orc=0.992 nmse=0.545 (cache t=False e=False)
[190/298   2894s] circ/batchtopk_sae/T1/d32/k1/s42/trained             vel=+0.003 orc=0.085 nmse=0.594 (cache t=False e=False)
[191/298   2899s] circ/spectral_txc/T16/d32/k1/s2/trained              vel=+0.982 orc=1.000 nmse=0.567 (cache t=False e=False)
[192/298   2901s] rand/spectral_txc/T8/d101/k1/s2/trained              vel=+0.393 orc=1.000 nmse=0.915 (cache t=False e=False)
[193/298   2908s] circ/batchtopk_sae/T1/d101/k1/s42/untrained          vel=-0.003 orc=0.085 nmse=0.945 (cache t=False e=False)
[194/298   2920s] circ/batchtopk_sae/T1/d64/k1/s42/trained             vel=-0.006 orc=0.085 nmse=0.593 (cache t=False e=False)
[195/298   2943s] circ/spectral_txc/T16/d64/k1/s2/trained              vel=+0.999 orc=1.000 nmse=0.559 (cache t=False e=False)
[196/298   3004s] circ/spectral_txc/T16/d101/k1/s2/trained             vel=+0.998 orc=1.000 nmse=0.558 (cache t=False e=False)
[197/298   3010s] circ/batchtopk_sae/T1/d256/k1/s42/trained            vel=-0.003 orc=0.085 nmse=0.594 (cache t=False e=False)
[198/298   3011s] circ/batchtopk_sae/T1/d101/k1/s42/trained            vel=-0.005 orc=0.085 nmse=0.595 (cache t=False e=False)
[199/298   3014s] circ/spectral_txc/T16/d256/k1/s2/trained             vel=+0.999 orc=1.000 nmse=0.554 (cache t=False e=False)
[200/298   3020s] circ/tsae/T1/d101/k1/s42/untrained                   vel=-0.003 orc=0.085 nmse=0.945 (cache t=False e=False)
[201/298   3029s] circ/batchtopk_sae/T1/d101/k2/s42/trained            vel=-0.004 orc=0.085 nmse=0.542 (cache t=False e=False)
[202/298   3031s] rand/batchtopk_sae/T1/d101/k1/s42/trained            vel=-0.009 orc=0.087 nmse=0.572 (cache t=False e=False)
[203/298   3049s] circ/spectral_txc/T16/d101/k2/s2/trained             vel=+1.000 orc=1.000 nmse=0.551 (cache t=False e=False)
[204/298   3075s] rand/spectral_txc/T16/d101/k1/s2/trained             vel=+0.563 orc=1.000 nmse=0.924 (cache t=False e=False)
[205/298   3138s] circ/txc_batchtopk_pre/T2/d32/k1/s42/trained         vel=+0.047 orc=0.690 nmse=0.592 (cache t=False e=False)
[206/298   3139s] circ/txc_batchtopk_pre/T2/d64/k1/s42/trained         vel=+0.048 orc=0.690 nmse=0.593 (cache t=False e=False)
[207/298   3144s] circ/txc_batchtopk_pre/T2/d101/k1/s42/untrained      vel=+0.004 orc=0.690 nmse=0.973 (cache t=False e=False)
[208/298   3161s] circ/txc_batchtopk_pre/T2/d101/k1/s42/trained        vel=+0.051 orc=0.690 nmse=0.591 (cache t=False e=False)
[209/298   3194s] circ/txc_batchtopk_pre/T2/d256/k1/s42/trained        vel=+0.058 orc=0.690 nmse=0.592 (cache t=False e=False)
[210/298   3252s] circ/txc_batchtopk_pre/T2/d101/k2/s42/trained        vel=+0.050 orc=0.690 nmse=0.543 (cache t=False e=False)
[211/298   3260s] rand/txc_batchtopk_pre/T2/d101/k1/s42/trained        vel=+0.026 orc=1.000 nmse=0.750 (cache t=False e=False)
[212/298   3274s] circ/txc_batchtopk_pre/T4/d32/k1/s42/trained         vel=+0.059 orc=0.880 nmse=0.589 (cache t=False e=False)
[213/298   3278s] circ/txc_batchtopk_pre/T4/d101/k1/s42/untrained      vel=+0.015 orc=0.880 nmse=0.987 (cache t=False e=False)
[214/298   3306s] circ/txc_batchtopk_pre/T4/d64/k1/s42/trained         vel=+0.055 orc=0.880 nmse=0.584 (cache t=False e=False)
[215/298   3348s] circ/txc_batchtopk_pre/T4/d101/k1/s42/trained        vel=+0.067 orc=0.880 nmse=0.586 (cache t=False e=False)
[216/298   3352s] circ/tsae/T1/d32/k1/s42/trained                      vel=-0.008 orc=0.085 nmse=0.599 (cache t=False e=False)
[217/298   3355s] circ/txc_batchtopk_pre/T4/d256/k1/s42/trained        vel=+0.084 orc=0.880 nmse=0.585 (cache t=False e=False)
[218/298   3370s] circ/txc_batchtopk_pre/T4/d101/k2/s42/trained        vel=+0.088 orc=0.880 nmse=0.545 (cache t=False e=False)
[219/298   3412s] rand/txc_batchtopk_pre/T4/d101/k1/s42/trained        vel=+0.043 orc=1.000 nmse=0.849 (cache t=False e=False)
[220/298   3416s] circ/txc_batchtopk_pre/T8/d101/k1/s42/untrained      vel=+0.012 orc=0.992 nmse=0.993 (cache t=False e=False)
[221/298   3427s] circ/tsae/T1/d256/k1/s42/trained                     vel=-0.006 orc=0.085 nmse=0.600 (cache t=False e=False)
[222/298   3448s] circ/txc_batchtopk_pre/T8/d32/k1/s42/trained         vel=+0.153 orc=0.992 nmse=0.582 (cache t=False e=False)
[223/298   3459s] circ/txc_batchtopk_pre/T8/d101/k1/s42/trained        vel=+0.165 orc=0.992 nmse=0.576 (cache t=False e=False)
[224/298   3461s] circ/txc_batchtopk_pre/T8/d64/k1/s42/trained         vel=+0.156 orc=0.992 nmse=0.575 (cache t=False e=False)
[225/298   3476s] circ/txc_batchtopk_pre/T8/d256/k1/s42/trained        vel=+0.152 orc=0.992 nmse=0.582 (cache t=False e=False)
[226/298   3505s] circ/tsae/T1/d64/k1/s42/trained                      vel=-0.007 orc=0.085 nmse=0.598 (cache t=False e=False)
[227/298   3507s] circ/txc_batchtopk_pre/T16/d101/k1/s42/untrained     vel=+0.025 orc=1.000 nmse=0.997 (cache t=False e=False)
[228/298   3522s] circ/tsae/T1/d101/k1/s42/trained                     vel=-0.009 orc=0.085 nmse=0.598 (cache t=False e=False)
[229/298   3531s] circ/txc_batchtopk_pre/T8/d101/k2/s42/trained        vel=+0.150 orc=0.992 nmse=0.549 (cache t=False e=False)
[230/298   3539s] rand/txc_batchtopk_pre/T8/d101/k1/s42/trained        vel=+0.055 orc=1.000 nmse=0.898 (cache t=False e=False)
[231/298   3554s] circ/txc_batchtopk_pre/T16/d32/k1/s42/trained        vel=+0.264 orc=1.000 nmse=0.577 (cache t=False e=False)
[232/298   3561s] circ/txc_batchtopk_pre/T16/d64/k1/s42/trained        vel=+0.257 orc=1.000 nmse=0.573 (cache t=False e=False)
[233/298   3567s] circ/txc_batchtopk_pre/T16/d101/k1/s42/trained       vel=+0.282 orc=1.000 nmse=0.573 (cache t=False e=False)
[234/298   3572s] circ/txc_batchtopk_post/T2/d101/k1/s42/untrained     vel=+0.072 orc=0.690 nmse=0.972 (cache t=False e=False)
[235/298   3575s] circ/txc_batchtopk_pre/T16/d256/k1/s42/trained       vel=+0.293 orc=1.000 nmse=0.571 (cache t=False e=False)
[236/298   3584s] circ/tsae/T1/d101/k2/s42/trained                     vel=-0.004 orc=0.085 nmse=0.541 (cache t=False e=False)
[237/298   3590s] rand/tsae/T1/d101/k1/s42/trained                     vel=-0.007 orc=0.087 nmse=0.572 (cache t=False e=False)
[238/298   3605s] circ/txc_batchtopk_pre/T16/d101/k2/s42/trained       vel=+0.258 orc=1.000 nmse=0.556 (cache t=False e=False)
[239/298   3625s] rand/txc_batchtopk_pre/T16/d101/k1/s42/trained       vel=+0.061 orc=1.000 nmse=0.926 (cache t=False e=False)
[240/298   3631s] circ/txc_batchtopk_post/T2/d32/k1/s42/trained        vel=+0.221 orc=0.690 nmse=0.640 (cache t=False e=False)
[241/298   3634s] circ/txc_batchtopk_post/T4/d101/k1/s42/untrained     vel=+0.102 orc=0.880 nmse=0.987 (cache t=False e=False)
[242/298   3638s] circ/txc_batchtopk_post/T2/d64/k1/s42/trained        vel=+0.218 orc=0.690 nmse=0.635 (cache t=False e=False)
[243/298   3656s] circ/txc_batchtopk_post/T2/d101/k1/s42/trained       vel=+0.190 orc=0.690 nmse=0.639 (cache t=False e=False)
[244/298   3662s] circ/txc_batchtopk_post/T2/d256/k1/s42/trained       vel=+0.190 orc=0.690 nmse=0.637 (cache t=False e=False)
[245/298   3676s] circ/txc_batchtopk_post/T2/d101/k2/s42/trained       vel=+0.361 orc=0.690 nmse=0.566 (cache t=False e=False)
[246/298   3678s] rand/txc_batchtopk_post/T2/d101/k1/s42/trained       vel=+0.025 orc=1.000 nmse=0.763 (cache t=False e=False)
[247/298   3684s] circ/txc_batchtopk_post/T4/d32/k1/s42/trained        vel=+0.237 orc=0.880 nmse=0.690 (cache t=False e=False)
[248/298   3686s] circ/txc_batchtopk_post/T8/d101/k1/s42/untrained     vel=+0.149 orc=0.992 nmse=0.993 (cache t=False e=False)
[249/298   3691s] circ/txc_batchtopk_post/T4/d64/k1/s42/trained        vel=+0.227 orc=0.880 nmse=0.705 (cache t=False e=False)
[250/298   3707s] circ/txc_batchtopk_post/T4/d101/k1/s42/trained       vel=+0.244 orc=0.880 nmse=0.681 (cache t=False e=False)
[251/298   3722s] circ/txc_batchtopk_post/T4/d256/k1/s42/trained       vel=+0.198 orc=0.880 nmse=0.702 (cache t=False e=False)
[252/298   3733s] circ/txc_batchtopk_post/T4/d101/k2/s42/trained       vel=+0.624 orc=0.880 nmse=0.579 (cache t=False e=False)
[253/298   3736s] rand/txc_batchtopk_post/T4/d101/k1/s42/trained       vel=+0.023 orc=1.000 nmse=0.864 (cache t=False e=False)
[254/298   3753s] circ/txc_batchtopk_post/T8/d32/k1/s42/trained        vel=+0.320 orc=0.992 nmse=0.748 (cache t=False e=False)
[255/298   3755s] circ/txc_batchtopk_post/T16/d101/k1/s42/untrained    vel=+0.178 orc=1.000 nmse=0.996 (cache t=False e=False)
[256/298   3758s] circ/txc_batchtopk_post/T8/d64/k1/s42/trained        vel=+0.325 orc=0.992 nmse=0.730 (cache t=False e=False)
[257/298   3774s] circ/txc_batchtopk_post/T8/d101/k1/s42/trained       vel=+0.311 orc=0.992 nmse=0.745 (cache t=False e=False)
[258/298   3776s] circ/txc_batchtopk_post/T8/d256/k1/s42/trained       vel=+0.298 orc=0.992 nmse=0.744 (cache t=False e=False)
[259/298   3784s] circ/txc_batchtopk_post/T8/d101/k2/s42/trained       vel=+0.664 orc=0.992 nmse=0.600 (cache t=False e=False)
[260/298   3790s] rand/txc_batchtopk_post/T8/d101/k1/s42/trained       vel=+0.075 orc=1.000 nmse=0.915 (cache t=False e=False)
[261/298   3803s] circ/txc_batchtopk_post/T16/d32/k1/s42/trained       vel=+0.476 orc=1.000 nmse=0.762 (cache t=False e=False)
[262/298   3810s] circ/spectral_txc/T2/d101/k1/s42/untrained           vel=+0.117 orc=0.690 nmse=0.956 (cache t=False e=False)
[263/298   3817s] circ/txc_batchtopk_post/T16/d64/k1/s42/trained       vel=+0.490 orc=1.000 nmse=0.759 (cache t=False e=False)
[264/298   3829s] circ/txc_batchtopk_post/T16/d101/k1/s42/trained      vel=+0.493 orc=1.000 nmse=0.743 (cache t=False e=False)
[265/298   3831s] circ/txc_batchtopk_post/T16/d256/k1/s42/trained      vel=+0.421 orc=1.000 nmse=0.767 (cache t=False e=False)
[266/298   3849s] circ/txc_batchtopk_post/T16/d101/k2/s42/trained      vel=+0.811 orc=1.000 nmse=0.625 (cache t=False e=False)
[267/298   3852s] rand/txc_batchtopk_post/T16/d101/k1/s42/trained      vel=+0.139 orc=1.000 nmse=0.938 (cache t=False e=False)
[268/298   3907s] circ/spectral_txc/T2/d64/k1/s42/trained              vel=+0.351 orc=0.690 nmse=0.584 (cache t=False e=False)
[269/298   3908s] circ/spectral_txc/T2/d32/k1/s42/trained              vel=+0.399 orc=0.690 nmse=0.582 (cache t=False e=False)
[270/298   3911s] circ/spectral_txc/T4/d101/k1/s42/untrained           vel=+0.335 orc=0.880 nmse=0.958 (cache t=False e=False)
[271/298   3915s] circ/spectral_txc/T2/d101/k1/s42/trained             vel=+0.346 orc=0.690 nmse=0.589 (cache t=False e=False)
[272/298   3923s] circ/spectral_txc/T2/d256/k1/s42/trained             vel=+0.397 orc=0.690 nmse=0.580 (cache t=False e=False)
[273/298   3942s] circ/spectral_txc/T2/d101/k2/s42/trained             vel=+0.536 orc=0.690 nmse=0.535 (cache t=False e=False)
[274/298   3945s] rand/spectral_txc/T2/d101/k1/s42/trained             vel=+0.064 orc=1.000 nmse=0.802 (cache t=False e=False)
[275/298   4013s] circ/spectral_txc/T4/d64/k1/s42/trained              vel=+0.761 orc=0.880 nmse=0.562 (cache t=False e=False)
[276/298   4014s] circ/spectral_txc/T4/d32/k1/s42/trained              vel=+0.764 orc=0.880 nmse=0.564 (cache t=False e=False)
[277/298   4016s] circ/spectral_txc/T8/d101/k1/s42/untrained           vel=+0.559 orc=0.992 nmse=0.965 (cache t=False e=False)
[278/298   4031s] circ/spectral_txc/T4/d101/k1/s42/trained             vel=+0.762 orc=0.880 nmse=0.567 (cache t=False e=False)
[279/298   4034s] circ/spectral_txc/T4/d256/k1/s42/trained             vel=+0.757 orc=0.880 nmse=0.560 (cache t=False e=False)
[280/298   4088s] rand/spectral_txc/T4/d101/k1/s42/trained             vel=+0.105 orc=1.000 nmse=0.896 (cache t=False e=False)
[281/298   4088s] circ/spectral_txc/T4/d101/k2/s42/trained             vel=+0.758 orc=0.880 nmse=0.539 (cache t=False e=False)
[282/298   4096s] circ/spectral_txc/T8/d32/k1/s42/trained              vel=+0.917 orc=0.992 nmse=0.561 (cache t=False e=False)
[283/298   4098s] circ/spectral_txc/T16/d101/k1/s42/untrained          vel=+0.633 orc=1.000 nmse=0.973 (cache t=False e=False)
[284/298   4101s] circ/spectral_txc/T8/d64/k1/s42/trained              vel=+0.962 orc=0.992 nmse=0.556 (cache t=False e=False)
[285/298   4122s] circ/spectral_txc/T8/d256/k1/s42/trained             vel=+0.946 orc=0.992 nmse=0.553 (cache t=False e=False)
[286/298   4123s] circ/spectral_txc/T8/d101/k1/s42/trained             vel=+0.950 orc=0.992 nmse=0.555 (cache t=False e=False)
[287/298   4211s] rand/spectral_txc/T8/d101/k1/s42/trained             vel=+0.400 orc=1.000 nmse=0.915 (cache t=False e=False)
[288/298   4212s] circ/spectral_txc/T8/d101/k2/s42/trained             vel=+0.928 orc=0.992 nmse=0.544 (cache t=False e=False)
[289/298   4232s] circ/txc_batchtopk_pre/T16/d2048/k1/s1/memo          vel=+0.258 orc=1.000 nmse=0.570 (cache t=False e=False)
[290/298   4234s] circ/spectral_txc/T16/d32/k1/s42/trained             vel=+0.999 orc=1.000 nmse=0.565 (cache t=False e=False)
[291/298   4238s] circ/spectral_txc/T16/d64/k1/s42/trained             vel=+0.998 orc=1.000 nmse=0.558 (cache t=False e=False)
[292/298   4295s] circ/spectral_txc/T16/d101/k1/s42/trained            vel=+0.992 orc=1.000 nmse=0.557 (cache t=False e=False)
[293/298   4301s] circ/spectral_txc/T16/d256/k1/s42/trained            vel=+0.994 orc=1.000 nmse=0.553 (cache t=False e=False)
[294/298   4302s] rand/txc_batchtopk_pre/T16/d2048/k1/s1/memo          vel=+0.547 orc=1.000 nmse=0.633 (cache t=False e=False)
[295/298   4305s] circ/spectral_txc/T16/d101/k2/s42/trained            vel=+0.999 orc=1.000 nmse=0.550 (cache t=False e=False)
[296/298   4306s] rand/spectral_txc/T16/d101/k1/s42/trained            vel=+0.574 orc=1.000 nmse=0.923 (cache t=False e=False)
[297/298   4319s] circ/spectral_txc/T16/d2048/k1/s1/memo               vel=+1.000 orc=1.000 nmse=0.544 (cache t=False e=False)
[298/298   4350s] rand/spectral_txc/T16/d2048/k1/s1/memo               vel=+1.000 orc=1.000 nmse=0.621 (cache t=False e=False)
  [train] step=     0 loss=2.2426
  [train] step=   300 loss=2.1659
  [train] step=   600 loss=1.6223
  [train] step=   900 loss=1.4069
  [train] step=  1200 loss=1.3778
  [train] step=  1500 loss=1.3700
  [train] step=  1800 loss=1.3586
  [train] step=  2100 loss=1.3462
  [train] step=  2400 loss=1.3455
  [train] step=  2700 loss=1.3589
  [train] step=  3000 loss=1.3641
  [train] step=  3300 loss=1.3525
  [train] step=  3600 loss=1.3364
  [train] step=  3900 loss=1.3467
  [train] step=  4200 loss=1.3424
  [train] step=  4500 loss=1.3504
  [train] step=  4800 loss=1.3484
  [train] step=  5100 loss=1.3466
  [train] step=  5400 loss=1.3487
  [train] step=  5700 loss=1.3557
  [train] step=  5999 loss=1.3494
  [train] step=     0 loss=2.1805
  [train] step=   300 loss=2.0072
  [train] step=   600 loss=1.4397
  [train] step=   900 loss=1.2932
  [train] step=  1200 loss=1.2766
  [train] step=  1500 loss=1.2767
  [train] step=  1800 loss=1.2751
  [train] step=  2100 loss=1.2525
  [train] step=  2400 loss=1.2499
  [train] step=  2700 loss=1.2571
  [train] step=  3000 loss=1.2623
  [train] step=  3300 loss=1.2551
  [train] step=  3600 loss=1.2429
  [train] step=  3900 loss=1.2417
  [train] step=  4200 loss=1.2367
  [train] step=  4500 loss=1.2422
  [train] step=  4800 loss=1.2402
  [train] step=  5100 loss=1.2461
  [train] step=  5400 loss=1.2463
  [train] step=  5700 loss=1.2408
  [train] step=  5999 loss=1.2441
  [train] step=     0 loss=2.2513
  [train] step=   300 loss=2.1048
  [train] step=   600 loss=1.5722
  [train] step=   900 loss=1.4094
  [train] step=  1200 loss=1.3778
  [train] step=  1500 loss=1.3687
  [train] step=  1800 loss=1.3731
  [train] step=  2100 loss=1.3640
  [train] step=  2400 loss=1.3638
  [train] step=  2700 loss=1.3573
  [train] step=  3000 loss=1.3532
  [train] step=  3300 loss=1.3532
  [train] step=  3600 loss=1.3458
  [train] step=  3900 loss=1.3535
  [train] step=  4200 loss=1.3490
  [train] step=  4500 loss=1.3592
  [train] step=  4800 loss=1.3542
  [train] step=  5100 loss=1.3577
  [train] step=  5400 loss=1.3389
  [train] step=  5700 loss=1.3542
  [train] step=  5999 loss=1.3538
  [train] step=     0 loss=2.2678
  [train] step=   300 loss=2.1595
  [train] step=   600 loss=1.6005
  [train] step=   900 loss=1.3881
  [train] step=  1200 loss=1.3531
  [train] step=  1500 loss=1.3334
  [train] step=  1800 loss=1.3364
  [train] step=  2100 loss=1.3341
  [train] step=  2400 loss=1.3154
  [train] step=  2700 loss=1.3205
  [train] step=  3000 loss=1.3079
  [train] step=  3300 loss=1.3167
  [train] step=  3600 loss=1.3167
  [train] step=  3900 loss=1.3138
  [train] step=  4200 loss=1.3123
  [train] step=  4500 loss=1.3203
  [train] step=  4800 loss=1.3156
  [train] step=  5100 loss=1.3172
  [train] step=  5400 loss=1.3122
  [train] step=  5700 loss=1.3164
  [train] step=  5999 loss=1.3146
  [train] step=     0 loss=2.2616
  [train] step=   300 loss=2.2530
  [train] step=   600 loss=2.2329
  [train] step=   900 loss=2.1599
  [train] step=  1200 loss=2.0682
  [train] step=  1500 loss=2.0543
  [train] step=  1800 loss=2.0452
  [train] step=  2100 loss=2.0549
  [train] step=  2400 loss=2.0529
  [train] step=  2700 loss=2.0482
  [train] step=  3000 loss=2.0636
  [train] step=  3300 loss=2.0452
  [train] step=  3600 loss=2.0685
  [train] step=  3900 loss=2.0364
  [train] step=  4200 loss=2.0486
  [train] step=  4500 loss=2.0508
  [train] step=  4800 loss=2.0590
  [train] step=  5100 loss=2.0454
  [train] step=  5400 loss=2.0130
  [train] step=  5700 loss=2.0558
  [train] step=  5999 loss=2.0553
  [train] step=     0 loss=2.2694
  [train] step=   300 loss=2.0246
  [train] step=   600 loss=1.4875
  [train] step=   900 loss=1.3422
  [train] step=  1200 loss=1.3270
  [train] step=  1500 loss=1.3171
  [train] step=  1800 loss=1.3213
  [train] step=  2100 loss=1.3126
  [train] step=  2400 loss=1.3038
  [train] step=  2700 loss=1.3023
  [train] step=  3000 loss=1.3074
  [train] step=  3300 loss=1.2938
  [train] step=  3600 loss=1.3028
  [train] step=  3900 loss=1.3051
  [train] step=  4200 loss=1.3037
  [train] step=  4500 loss=1.2965
  [train] step=  4800 loss=1.2952
  [train] step=  5100 loss=1.3036
  [train] step=  5400 loss=1.2992
  [train] step=  5700 loss=1.3051
  [train] step=  5999 loss=1.3041
  [train] step=     0 loss=2.2219
  [train] step=   300 loss=2.1537
  [train] step=   600 loss=1.6619
  [train] step=   900 loss=1.5226
  [train] step=  1200 loss=1.4956
  [train] step=  1500 loss=1.4928
  [train] step=  1800 loss=1.5142
  [train] step=  2100 loss=1.4933
  [train] step=  2400 loss=1.4932
  [train] step=  2700 loss=1.4972
  [train] step=  3000 loss=1.4779
  [train] step=  3300 loss=1.4908
  [train] step=  3600 loss=1.4898
  [train] step=  3900 loss=1.4846
  [train] step=  4200 loss=1.4835
  [train] step=  4500 loss=1.4777
  [train] step=  4800 loss=1.4738
  [train] step=  5100 loss=1.4852
  [train] step=  5400 loss=1.4961
  [train] step=  5700 loss=1.4747
  [train] step=  5999 loss=1.4983
  [train] step=     0 loss=2.2328
  [train] step=   300 loss=2.0432
  [train] step=   600 loss=1.4819
  [train] step=   900 loss=1.3955
  [train] step=  1200 loss=1.3469
  [train] step=  1500 loss=1.3415
  [train] step=  1800 loss=1.3615
  [train] step=  2100 loss=1.3509
  [train] step=  2400 loss=1.3390
  [train] step=  2700 loss=1.3391
  [train] step=  3000 loss=1.3267
  [train] step=  3300 loss=1.3240
  [train] step=  3600 loss=1.3198
  [train] step=  3900 loss=1.3220
  [train] step=  4200 loss=1.3289
  [train] step=  4500 loss=1.3253
  [train] step=  4800 loss=1.3266
  [train] step=  5100 loss=1.3330
  [train] step=  5400 loss=1.3100
  [train] step=  5700 loss=1.3272
  [train] step=  5999 loss=1.3210
  [train] step=     0 loss=2.2708
  [train] step=   300 loss=2.0393
  [train] step=   600 loss=1.8124
  [train] step=   900 loss=1.7489
  [train] step=  1200 loss=1.7200
  [train] step=  1500 loss=1.6345
  [train] step=  1800 loss=1.6664
  [train] step=  2100 loss=1.6542
  [train] step=  2400 loss=1.6431
  [train] step=  2700 loss=1.7234
  [train] step=  3000 loss=1.6732
  [train] step=  3300 loss=1.5799
  [train] step=  3600 loss=1.6877
  [train] step=  3900 loss=1.6126
  [train] step=  4200 loss=1.6644
  [train] step=  4500 loss=1.6428
  [train] step=  4800 loss=1.6382
  [train] step=  5100 loss=1.7030
  [train] step=  5400 loss=1.6345
  [train] step=  5700 loss=1.6347
  [train] step=  5999 loss=1.6724
  [train] step=     0 loss=2.2263
  [train] step=   300 loss=2.1483
  [train] step=   600 loss=1.6634
  [train] step=   900 loss=1.3843
  [train] step=  1200 loss=1.3296
  [train] step=  1500 loss=1.2933
  [train] step=  1800 loss=1.3018
  [train] step=  2100 loss=1.3023
  [train] step=  2400 loss=1.2879
  [train] step=  2700 loss=1.2915
  [train] step=  3000 loss=1.2889
  [train] step=  3300 loss=1.2831
  [train] step=  3600 loss=1.2837
  [train] step=  3900 loss=1.2823
  [train] step=  4200 loss=1.2867
  [train] step=  4500 loss=1.2942
  [train] step=  4800 loss=1.2853
  [train] step=  5100 loss=1.2893
  [train] step=  5400 loss=1.2721
  [train] step=  5700 loss=1.2832
  [train] step=  5999 loss=1.2810
  [train] step=     0 loss=2.2078
  [train] step=   300 loss=2.1951
  [train] step=   600 loss=2.1833
  [train] step=   900 loss=2.1824
  [train] step=  1200 loss=2.1348
  [train] step=  1500 loss=2.1284
  [train] step=  1800 loss=2.1356
  [train] step=  2100 loss=2.1172
  [train] step=  2400 loss=2.1192
  [train] step=  2700 loss=2.1023
  [train] step=  3000 loss=2.1146
  [train] step=  3300 loss=2.0912
  [train] step=  3600 loss=2.1244
  [train] step=  3900 loss=2.0816
  [train] step=  4200 loss=2.1063
  [train] step=  4500 loss=2.1011
  [train] step=  4800 loss=2.0965
  [train] step=  5100 loss=2.0761
  [train] step=  5400 loss=2.0535
  [train] step=  5700 loss=2.1161
  [train] step=  5999 loss=2.0999
  [train] step=     0 loss=2.1229
  [train] step=   300 loss=2.0285
  [train] step=   600 loss=1.6260
  [train] step=   900 loss=1.3850
  [train] step=  1200 loss=1.3638
  [train] step=  1500 loss=1.3576
  [train] step=  1800 loss=1.3588
  [train] step=  2100 loss=1.3602
  [train] step=  2400 loss=1.3453
  [train] step=  2700 loss=1.3523
  [train] step=  3000 loss=1.3559
  [train] step=  3300 loss=1.3441
  [train] step=  3600 loss=1.3575
  [train] step=  3900 loss=1.3551
  [train] step=  4200 loss=1.3561
  [train] step=  4500 loss=1.3525
  [train] step=  4800 loss=1.3392
  [train] step=  5100 loss=1.3601
  [train] step=  5400 loss=1.3539
  [train] step=  5700 loss=1.3567
  [train] step=  5999 loss=1.3482
  [train] step=     0 loss=11.3263
  [train] step=   300 loss=11.1815
  [train] step=   600 loss=10.2234
  [train] step=   900 loss=9.6899
  [train] step=  1200 loss=9.6282
  [train] step=  1500 loss=9.6572
  [train] step=  1800 loss=9.6563
  [train] step=  2100 loss=9.6976
  [train] step=  2400 loss=9.6712
  [train] step=  2700 loss=9.6981
  [train] step=  3000 loss=9.6952
  [train] step=  3300 loss=9.7069
  [train] step=  3600 loss=9.7275
  [train] step=  3900 loss=9.7006
  [train] step=  4200 loss=9.6658
  [train] step=  4500 loss=9.7136
  [train] step=  4800 loss=9.6858
  [train] step=  5100 loss=9.7057
  [train] step=  5400 loss=9.6740
  [train] step=  5700 loss=9.6723
  [train] step=  5999 loss=9.6813
  [train] step=     0 loss=2.2771
  [train] step=   300 loss=2.0764
  [train] step=   600 loss=1.4770
  [train] step=   900 loss=1.3543
  [train] step=  1200 loss=1.3255
  [train] step=  1500 loss=1.3176
  [train] step=  1800 loss=1.3073
  [train] step=  2100 loss=1.3092
  [train] step=  2400 loss=1.3107
  [train] step=  2700 loss=1.3102
  [train] step=  3000 loss=1.3051
  [train] step=  3300 loss=1.3061
  [train] step=  3600 loss=1.3035
  [train] step=  3900 loss=1.3077
  [train] step=  4200 loss=1.2960
  [train] step=  4500 loss=1.2955
  [train] step=  4800 loss=1.3053
  [train] step=  5100 loss=1.2952
  [train] step=  5400 loss=1.3052
  [train] step=  5700 loss=1.2966
  [train] step=  5999 loss=1.3098
  [train] step=     0 loss=2.1700
  [train] step=   300 loss=2.0315
  [train] step=   600 loss=1.4992
  [train] step=   900 loss=1.3349
  [train] step=  1200 loss=1.3070
  [train] step=  1500 loss=1.3025
  [train] step=  1800 loss=1.2944
  [train] step=  2100 loss=1.2996
  [train] step=  2400 loss=1.2940
  [train] step=  2700 loss=1.2852
  [train] step=  3000 loss=1.2980
  [train] step=  3300 loss=1.2871
  [train] step=  3600 loss=1.2891
  [train] step=  3900 loss=1.2978
  [train] step=  4200 loss=1.2913
  [train] step=  4500 loss=1.2887
  [train] step=  4800 loss=1.2827
  [train] step=  5100 loss=1.2866
  [train] step=  5400 loss=1.2884
  [train] step=  5700 loss=1.2835
  [train] step=  5999 loss=1.2852
  [train] step=     0 loss=2.2637
  [train] step=   300 loss=2.0797
  [train] step=   600 loss=1.8137
  [train] step=   900 loss=1.7258
  [train] step=  1200 loss=1.7715
  [train] step=  1500 loss=1.7260
  [train] step=  1800 loss=1.7170
  [train] step=  2100 loss=1.6831
  [train] step=  2400 loss=1.7304
  [train] step=  2700 loss=1.7359
  [train] step=  3000 loss=1.6883
  [train] step=  3300 loss=1.7191
  [train] step=  3600 loss=1.6785
  [train] step=  3900 loss=1.6453
  [train] step=  4200 loss=1.6596
  [train] step=  4500 loss=1.7205
  [train] step=  4800 loss=1.6585
  [train] step=  5100 loss=1.6710
  [train] step=  5400 loss=1.6976
  [train] step=  5700 loss=1.6996
  [train] step=  5999 loss=1.7067
  [train] step=     0 loss=2.1865
  [train] step=   300 loss=2.1000
  [train] step=   600 loss=1.6866
  [train] step=   900 loss=1.4225
  [train] step=  1200 loss=1.3712
  [train] step=  1500 loss=1.3403
  [train] step=  1800 loss=1.3312
  [train] step=  2100 loss=1.3329
  [train] step=  2400 loss=1.3318
  [train] step=  2700 loss=1.3228
  [train] step=  3000 loss=1.3351
  [train] step=  3300 loss=1.3210
  [train] step=  3600 loss=1.3244
  [train] step=  3900 loss=1.3369
  [train] step=  4200 loss=1.3281
  [train] step=  4500 loss=1.3250
  [train] step=  4800 loss=1.3167
  [train] step=  5100 loss=1.3289
  [train] step=  5400 loss=1.3310
  [train] step=  5700 loss=1.3160
  [train] step=  5999 loss=1.3174
  [train] step=     0 loss=2.1511
  [train] step=   300 loss=1.9718
  [train] step=   600 loss=1.4440
  [train] step=   900 loss=1.3310
  [train] step=  1200 loss=1.2792
  [train] step=  1500 loss=1.2600
  [train] step=  1800 loss=1.2577
  [train] step=  2100 loss=1.2493
  [train] step=  2400 loss=1.2429
  [train] step=  2700 loss=1.2402
  [train] step=  3000 loss=1.2357
  [train] step=  3300 loss=1.2396
  [train] step=  3600 loss=1.2305
  [train] step=  3900 loss=1.2403
  [train] step=  4200 loss=1.2394
  [train] step=  4500 loss=1.2368
  [train] step=  4800 loss=1.2306
  [train] step=  5100 loss=1.2284
  [train] step=  5400 loss=1.2241
  [train] step=  5700 loss=1.2328
  [train] step=  5999 loss=1.2296
  [train] step=     0 loss=2.2296
  [train] step=   300 loss=1.9912
  [train] step=   600 loss=1.4187
  [train] step=   900 loss=1.3289
  [train] step=  1200 loss=1.3003
  [train] step=  1500 loss=1.2989
  [train] step=  1800 loss=1.2852
  [train] step=  2100 loss=1.2829
  [train] step=  2400 loss=1.2851
  [train] step=  2700 loss=1.2794
  [train] step=  3000 loss=1.2794
  [train] step=  3300 loss=1.2814
  [train] step=  3600 loss=1.2815
  [train] step=  3900 loss=1.2780
  [train] step=  4200 loss=1.2708
  [train] step=  4500 loss=1.2693
  [train] step=  4800 loss=1.2791
  [train] step=  5100 loss=1.2681
  [train] step=  5400 loss=1.2752
  [train] step=  5700 loss=1.2720
  [train] step=  5999 loss=1.2768
  [train] step=     0 loss=11.3379
  [train] step=   300 loss=11.1840
  [train] step=   600 loss=10.2176
  [train] step=   900 loss=9.7703
  [train] step=  1200 loss=9.5991
  [train] step=  1500 loss=9.5841
  [train] step=  1800 loss=9.6455
  [train] step=  2100 loss=9.5806
  [train] step=  2400 loss=9.5808
  [train] step=  2700 loss=9.5622
  [train] step=  3000 loss=9.5631
  [train] step=  3300 loss=9.6019
  [train] step=  3600 loss=9.5663
  [train] step=  3900 loss=9.5590
  [train] step=  4200 loss=9.5921
  [train] step=  4500 loss=9.6075
  [train] step=  4800 loss=9.5641
  [train] step=  5100 loss=9.5628
  [train] step=  5400 loss=9.6136
  [train] step=  5700 loss=9.5683
  [train] step=  5999 loss=9.5839
  [train] step=     0 loss=2.2697
  [train] step=   300 loss=2.2600
  [train] step=   600 loss=2.2618
  [train] step=   900 loss=2.2207
  [train] step=  1200 loss=2.1335
  [train] step=  1500 loss=2.1452
  [train] step=  1800 loss=2.1392
  [train] step=  2100 loss=2.1324
  [train] step=  2400 loss=2.1305
  [train] step=  2700 loss=2.1019
  [train] step=  3000 loss=2.1123
  [train] step=  3300 loss=2.1185
  [train] step=  3600 loss=2.1108
  [train] step=  3900 loss=2.1204
  [train] step=  4200 loss=2.1123
  [train] step=  4500 loss=2.1201
  [train] step=  4800 loss=2.0916
  [train] step=  5100 loss=2.1265
  [train] step=  5400 loss=2.1134
  [train] step=  5700 loss=2.1334
  [train] step=  5999 loss=2.1142
  [train] step=     0 loss=2.2451
  [train] step=   300 loss=2.0963
  [train] step=   600 loss=1.6872
  [train] step=   900 loss=1.6086
  [train] step=  1200 loss=1.6231
  [train] step=  1500 loss=1.6259
  [train] step=  1800 loss=1.6051
  [train] step=  2100 loss=1.6031
  [train] step=  2400 loss=1.6032
  [train] step=  2700 loss=1.6000
  [train] step=  3000 loss=1.6033
  [train] step=  3300 loss=1.6022
  [train] step=  3600 loss=1.6098
  [train] step=  3900 loss=1.6248
  [train] step=  4200 loss=1.5784
  [train] step=  4500 loss=1.6033
  [train] step=  4800 loss=1.6004
  [train] step=  5100 loss=1.6255
  [train] step=  5400 loss=1.5851
  [train] step=  5700 loss=1.5975
  [train] step=  5999 loss=1.5941
  [train] step=     0 loss=2.2650
  [train] step=   300 loss=2.1145
  [train] step=   600 loss=1.8963
  [train] step=   900 loss=1.7820
  [train] step=  1200 loss=1.8191
  [train] step=  1500 loss=1.7522
  [train] step=  1800 loss=1.7530
  [train] step=  2100 loss=1.7102
  [train] step=  2400 loss=1.7580
  [train] step=  2700 loss=1.7784
  [train] step=  3000 loss=1.7527
  [train] step=  3300 loss=1.7234
  [train] step=  3600 loss=1.7182
  [train] step=  3900 loss=1.6893
  [train] step=  4200 loss=1.7716
  [train] step=  4500 loss=1.7170
  [train] step=  4800 loss=1.7133
  [train] step=  5100 loss=1.7631
  [train] step=  5400 loss=1.7472
  [train] step=  5700 loss=1.7178
  [train] step=  5999 loss=1.7201
  [train] step=     0 loss=2.1897
  [train] step=   300 loss=2.1674
  [train] step=   600 loss=2.1486
  [train] step=   900 loss=2.0544
  [train] step=  1200 loss=1.9449
  [train] step=  1500 loss=1.8761
  [train] step=  1800 loss=1.8621
  [train] step=  2100 loss=1.8149
  [train] step=  2400 loss=1.8241
  [train] step=  2700 loss=1.8155
  [train] step=  3000 loss=1.8339
  [train] step=  3300 loss=1.8367
  [train] step=  3600 loss=1.8476
  [train] step=  3900 loss=1.8285
  [train] step=  4200 loss=1.8721
  [train] step=  4500 loss=1.8338
  [train] step=  4800 loss=1.8302
  [train] step=  5100 loss=1.8301
  [train] step=  5400 loss=1.8215
  [train] step=  5700 loss=1.8431
  [train] step=  5999 loss=1.8582
  [train] step=     0 loss=2.1755
  [train] step=   300 loss=1.9126
  [train] step=   600 loss=1.4889
  [train] step=   900 loss=1.3706
  [train] step=  1200 loss=1.3184
  [train] step=  1500 loss=1.2957
  [train] step=  1800 loss=1.2757
  [train] step=  2100 loss=1.2805
  [train] step=  2400 loss=1.2692
  [train] step=  2700 loss=1.2715
  [train] step=  3000 loss=1.2652
  [train] step=  3300 loss=1.2668
  [train] step=  3600 loss=1.2697
  [train] step=  3900 loss=1.2660
  [train] step=  4200 loss=1.2648
  [train] step=  4500 loss=1.2705
  [train] step=  4800 loss=1.2628
  [train] step=  5100 loss=1.2680
  [train] step=  5400 loss=1.2582
  [train] step=  5700 loss=1.2586
  [train] step=  5999 loss=1.2617
  [train] step=     0 loss=2.2639
  [train] step=   300 loss=2.0036
  [train] step=   600 loss=1.4618
  [train] step=   900 loss=1.3460
  [train] step=  1200 loss=1.3240
  [train] step=  1500 loss=1.3231
  [train] step=  1800 loss=1.3246
  [train] step=  2100 loss=1.3119
  [train] step=  2400 loss=1.3140
  [train] step=  2700 loss=1.3043
  [train] step=  3000 loss=1.3093
  [train] step=  3300 loss=1.2945
  [train] step=  3600 loss=1.3106
  [train] step=  3900 loss=1.3078
  [train] step=  4200 loss=1.3082
  [train] step=  4500 loss=1.2974
  [train] step=  4800 loss=1.2989
  [train] step=  5100 loss=1.3071
  [train] step=  5400 loss=1.2989
  [train] step=  5700 loss=1.3061
  [train] step=  5999 loss=1.3063
  [train] step=     0 loss=2.2225
  [train] step=   300 loss=2.1303
  [train] step=   600 loss=1.6134
  [train] step=   900 loss=1.3818
  [train] step=  1200 loss=1.3652
  [train] step=  1500 loss=1.3637
  [train] step=  1800 loss=1.3752
  [train] step=  2100 loss=1.3572
  [train] step=  2400 loss=1.3497
  [train] step=  2700 loss=1.3603
  [train] step=  3000 loss=1.3588
  [train] step=  3300 loss=1.3513
  [train] step=  3600 loss=1.3457
  [train] step=  3900 loss=1.3382
  [train] step=  4200 loss=1.3439
  [train] step=  4500 loss=1.3436
  [train] step=  4800 loss=1.3554
  [train] step=  5100 loss=1.3665
  [train] step=  5400 loss=1.3579
  [train] step=  5700 loss=1.3447
  [train] step=  5999 loss=1.3459
  [train] step=     0 loss=2.2285
  [train] step=   300 loss=2.1880
  [train] step=   600 loss=2.1378
  [train] step=   900 loss=1.8883
  [train] step=  1200 loss=1.7604
  [train] step=  1500 loss=1.7421
  [train] step=  1800 loss=1.7394
  [train] step=  2100 loss=1.7059
  [train] step=  2400 loss=1.7233
  [train] step=  2700 loss=1.7316
  [train] step=  3000 loss=1.7054
  [train] step=  3300 loss=1.7249
  [train] step=  3600 loss=1.6821
  [train] step=  3900 loss=1.7050
  [train] step=  4200 loss=1.7076
  [train] step=  4500 loss=1.6894
  [train] step=  4800 loss=1.6910
  [train] step=  5100 loss=1.7038
  [train] step=  5400 loss=1.7092
  [train] step=  5700 loss=1.7089
  [train] step=  5999 loss=1.7249
  [train] step=     0 loss=2.2328
  [train] step=   300 loss=1.9891
  [train] step=   600 loss=1.4196
  [train] step=   900 loss=1.3142
  [train] step=  1200 loss=1.2773
  [train] step=  1500 loss=1.2630
  [train] step=  1800 loss=1.2719
  [train] step=  2100 loss=1.2719
  [train] step=  2400 loss=1.2607
  [train] step=  2700 loss=1.2553
  [train] step=  3000 loss=1.2523
  [train] step=  3300 loss=1.2468
  [train] step=  3600 loss=1.2461
  [train] step=  3900 loss=1.2521
  [train] step=  4200 loss=1.2502
  [train] step=  4500 loss=1.2558
  [train] step=  4800 loss=1.2499
  [train] step=  5100 loss=1.2535
  [train] step=  5400 loss=1.2374
  [train] step=  5700 loss=1.2488
  [train] step=  5999 loss=1.2486
  [train] step=     0 loss=2.2596
  [train] step=   300 loss=2.1287
  [train] step=   600 loss=1.5244
  [train] step=   900 loss=1.3709
  [train] step=  1200 loss=1.3498
  [train] step=  1500 loss=1.3385
  [train] step=  1800 loss=1.3304
  [train] step=  2100 loss=1.3394
  [train] step=  2400 loss=1.3157
  [train] step=  2700 loss=1.3244
  [train] step=  3000 loss=1.3089
  [train] step=  3300 loss=1.3189
  [train] step=  3600 loss=1.3186
  [train] step=  3900 loss=1.3138
  [train] step=  4200 loss=1.3160
  [train] step=  4500 loss=1.3192
  [train] step=  4800 loss=1.3224
  [train] step=  5100 loss=1.3124
  [train] step=  5400 loss=1.3158
  [train] step=  5700 loss=1.3209
  [train] step=  5999 loss=1.3149
  [train] step=     0 loss=2.2751
  [train] step=   300 loss=2.0902
  [train] step=   600 loss=1.6227
  [train] step=   900 loss=1.4323
  [train] step=  1200 loss=1.3767
  [train] step=  1500 loss=1.3621
  [train] step=  1800 loss=1.3471
  [train] step=  2100 loss=1.3405
  [train] step=  2400 loss=1.3365
  [train] step=  2700 loss=1.3310
  [train] step=  3000 loss=1.3395
  [train] step=  3300 loss=1.3155
  [train] step=  3600 loss=1.3292
  [train] step=  3900 loss=1.3319
  [train] step=  4200 loss=1.3318
  [train] step=  4500 loss=1.3311
  [train] step=  4800 loss=1.3216
  [train] step=  5100 loss=1.3314
  [train] step=  5400 loss=1.3198
  [train] step=  5700 loss=1.3322
  [train] step=  5999 loss=1.3249
  [train] step=     0 loss=2.2729
  [train] step=   300 loss=2.2614
  [train] step=   600 loss=2.2554
  [train] step=   900 loss=2.1937
  [train] step=  1200 loss=2.1479
  [train] step=  1500 loss=2.1304
  [train] step=  1800 loss=2.1188
  [train] step=  2100 loss=2.1084
  [train] step=  2400 loss=2.1025
  [train] step=  2700 loss=2.1248
  [train] step=  3000 loss=2.1068
  [train] step=  3300 loss=2.1197
  [train] step=  3600 loss=2.1157
  [train] step=  3900 loss=2.1247
  [train] step=  4200 loss=2.1221
  [train] step=  4500 loss=2.1199
  [train] step=  4800 loss=2.1111
  [train] step=  5100 loss=2.1247
  [train] step=  5400 loss=2.1025
  [train] step=  5700 loss=2.1250
  [train] step=  5999 loss=2.0907
  [train] step=     0 loss=2.2048
  [train] step=   300 loss=2.1337
  [train] step=   600 loss=1.6318
  [train] step=   900 loss=1.4959
  [train] step=  1200 loss=1.4661
  [train] step=  1500 loss=1.4743
  [train] step=  1800 loss=1.4714
  [train] step=  2100 loss=1.4717
  [train] step=  2400 loss=1.4510
  [train] step=  2700 loss=1.4661
  [train] step=  3000 loss=1.4731
  [train] step=  3300 loss=1.4636
  [train] step=  3600 loss=1.4704
  [train] step=  3900 loss=1.4537
  [train] step=  4200 loss=1.4520
  [train] step=  4500 loss=1.4625
  [train] step=  4800 loss=1.4469
  [train] step=  5100 loss=1.4474
  [train] step=  5400 loss=1.4493
  [train] step=  5700 loss=1.4580
  [train] step=  5999 loss=1.4691
  [train] step=     0 loss=2.2626
  [train] step=   300 loss=2.1249
  [train] step=   600 loss=1.9017
  [train] step=   900 loss=1.8051
  [train] step=  1200 loss=1.8043
  [train] step=  1500 loss=1.7234
  [train] step=  1800 loss=1.7163
  [train] step=  2100 loss=1.7493
  [train] step=  2400 loss=1.6889
  [train] step=  2700 loss=1.7209
  [train] step=  3000 loss=1.7254
  [train] step=  3300 loss=1.7095
  [train] step=  3600 loss=1.7166
  [train] step=  3900 loss=1.7099
  [train] step=  4200 loss=1.6907
  [train] step=  4500 loss=1.7342
  [train] step=  4800 loss=1.7548
  [train] step=  5100 loss=1.7388
  [train] step=  5400 loss=1.7508
  [train] step=  5700 loss=1.6969
  [train] step=  5999 loss=1.6965
  [train] step=     0 loss=2.2714
  [train] step=   300 loss=2.2620
  [train] step=   600 loss=2.2571
  [train] step=   900 loss=2.1979
  [train] step=  1200 loss=2.1758
  [train] step=  1500 loss=2.1645
  [train] step=  1800 loss=2.1443
  [train] step=  2100 loss=2.1395
  [train] step=  2400 loss=2.1174
  [train] step=  2700 loss=2.1353
  [train] step=  3000 loss=2.1383
  [train] step=  3300 loss=2.1404
  [train] step=  3600 loss=2.1567
  [train] step=  3900 loss=2.1374
  [train] step=  4200 loss=2.1588
  [train] step=  4500 loss=2.1234
  [train] step=  4800 loss=2.1417
  [train] step=  5100 loss=2.1386
  [train] step=  5400 loss=2.1831
  [train] step=  5700 loss=2.2004
  [train] step=  5999 loss=2.0832
  [train] step=     0 loss=2.1497
  [train] step=   300 loss=2.0216
  [train] step=   600 loss=1.5855
  [train] step=   900 loss=1.4312
  [train] step=  1200 loss=1.3378
  [train] step=  1500 loss=1.3155
  [train] step=  1800 loss=1.3133
  [train] step=  2100 loss=1.3115
  [train] step=  2400 loss=1.2961
  [train] step=  2700 loss=1.2927
  [train] step=  3000 loss=1.2875
  [train] step=  3300 loss=1.2876
  [train] step=  3600 loss=1.2849
  [train] step=  3900 loss=1.2845
  [train] step=  4200 loss=1.2856
  [train] step=  4500 loss=1.2947
  [train] step=  4800 loss=1.2860
  [train] step=  5100 loss=1.2923
  [train] step=  5400 loss=1.2731
  [train] step=  5700 loss=1.2878
  [train] step=  5999 loss=1.2844
  [train] step=     0 loss=2.2341
  [train] step=   300 loss=2.0199
  [train] step=   600 loss=1.4706
  [train] step=   900 loss=1.3275
  [train] step=  1200 loss=1.2967
  [train] step=  1500 loss=1.2890
  [train] step=  1800 loss=1.2940
  [train] step=  2100 loss=1.2850
  [train] step=  2400 loss=1.2822
  [train] step=  2700 loss=1.2795
  [train] step=  3000 loss=1.2846
  [train] step=  3300 loss=1.2709
  [train] step=  3600 loss=1.2818
  [train] step=  3900 loss=1.2846
  [train] step=  4200 loss=1.2808
  [train] step=  4500 loss=1.2744
  [train] step=  4800 loss=1.2739
  [train] step=  5100 loss=1.2846
  [train] step=  5400 loss=1.2765
  [train] step=  5700 loss=1.2816
  [train] step=  5999 loss=1.2810
  [train] step=     0 loss=2.1378
  [train] step=   300 loss=2.1376
  [train] step=   600 loss=2.0030
  [train] step=   900 loss=1.6080
  [train] step=  1200 loss=1.4710
  [train] step=  1500 loss=1.4026
  [train] step=  1800 loss=1.3775
  [train] step=  2100 loss=1.3398
  [train] step=  2400 loss=1.3357
  [train] step=  2700 loss=1.3363
  [train] step=  3000 loss=1.3397
  [train] step=  3300 loss=1.3272
  [train] step=  3600 loss=1.3426
  [train] step=  3900 loss=1.3198
  [train] step=  4200 loss=1.3286
  [train] step=  4500 loss=1.3388
  [train] step=  4800 loss=1.3164
  [train] step=  5100 loss=1.3087
  [train] step=  5400 loss=1.3100
  [train] step=  5700 loss=1.3183
  [train] step=  5999 loss=1.3245
  [train] step=     0 loss=11.3540
  [train] step=   300 loss=11.2917
  [train] step=   600 loss=11.1471
  [train] step=   900 loss=10.6476
  [train] step=  1200 loss=10.4472
  [train] step=  1500 loss=10.3999
  [train] step=  1800 loss=10.3605
  [train] step=  2100 loss=10.3332
  [train] step=  2400 loss=10.3110
  [train] step=  2700 loss=10.3251
  [train] step=  3000 loss=10.3430
  [train] step=  3300 loss=10.2799
  [train] step=  3600 loss=10.2780
  [train] step=  3900 loss=10.3285
  [train] step=  4200 loss=10.2757
  [train] step=  4500 loss=10.3263
  [train] step=  4800 loss=10.3315
  [train] step=  5100 loss=10.3088
  [train] step=  5400 loss=10.3089
  [train] step=  5700 loss=10.2630
  [train] step=  5999 loss=10.3150
  [train] step=     0 loss=2.2496
  [train] step=   300 loss=2.1202
  [train] step=   600 loss=1.7528
  [train] step=   900 loss=1.6497
  [train] step=  1200 loss=1.6286
  [train] step=  1500 loss=1.6291
  [train] step=  1800 loss=1.6232
  [train] step=  2100 loss=1.6233
  [train] step=  2400 loss=1.5942
  [train] step=  2700 loss=1.5940
  [train] step=  3000 loss=1.5977
  [train] step=  3300 loss=1.5968
  [train] step=  3600 loss=1.6124
  [train] step=  3900 loss=1.6097
  [train] step=  4200 loss=1.6357
  [train] step=  4500 loss=1.6001
  [train] step=  4800 loss=1.6067
  [train] step=  5100 loss=1.6079
  [train] step=  5400 loss=1.6011
  [train] step=  5700 loss=1.6219
  [train] step=  5999 loss=1.6093
  [train] step=     0 loss=2.2806
  [train] step=   300 loss=2.1126
  [train] step=   600 loss=1.8837
  [train] step=   900 loss=1.6961
  [train] step=  1200 loss=1.7475
  [train] step=  1500 loss=1.7590
  [train] step=  1800 loss=1.7467
  [train] step=  2100 loss=1.7355
  [train] step=  2400 loss=1.7781
  [train] step=  2700 loss=1.7532
  [train] step=  3000 loss=1.8167
  [train] step=  3300 loss=1.7996
  [train] step=  3600 loss=1.8122
  [train] step=  3900 loss=1.7226
  [train] step=  4200 loss=1.7176
  [train] step=  4500 loss=1.7102
  [train] step=  4800 loss=1.7711
  [train] step=  5100 loss=1.7703
  [train] step=  5400 loss=1.7446
  [train] step=  5700 loss=1.7652
  [train] step=  5999 loss=1.7575
  [train] step=     0 loss=2.1297
  [train] step=   300 loss=2.0290
  [train] step=   600 loss=1.6267
  [train] step=   900 loss=1.3896
  [train] step=  1200 loss=1.3476
  [train] step=  1500 loss=1.3394
  [train] step=  1800 loss=1.3228
  [train] step=  2100 loss=1.3164
  [train] step=  2400 loss=1.3193
  [train] step=  2700 loss=1.3154
  [train] step=  3000 loss=1.3277
  [train] step=  3300 loss=1.3090
  [train] step=  3600 loss=1.3200
  [train] step=  3900 loss=1.3304
  [train] step=  4200 loss=1.3140
  [train] step=  4500 loss=1.3239
  [train] step=  4800 loss=1.3099
  [train] step=  5100 loss=1.3245
  [train] step=  5400 loss=1.3194
  [train] step=  5700 loss=1.3052
  [train] step=  5999 loss=1.3129
  [train] step=     0 loss=2.2232
  [train] step=   300 loss=2.0563
  [train] step=   600 loss=1.4978
  [train] step=   900 loss=1.3753
  [train] step=  1200 loss=1.3408
  [train] step=  1500 loss=1.3095
  [train] step=  1800 loss=1.3030
  [train] step=  2100 loss=1.2903
  [train] step=  2400 loss=1.2839
  [train] step=  2700 loss=1.2837
  [train] step=  3000 loss=1.2715
  [train] step=  3300 loss=1.2734
  [train] step=  3600 loss=1.2651
  [train] step=  3900 loss=1.2531
  [train] step=  4200 loss=1.2769
  [train] step=  4500 loss=1.2700
  [train] step=  4800 loss=1.2598
  [train] step=  5100 loss=1.2713
  [train] step=  5400 loss=1.2663
  [train] step=  5700 loss=1.2641
  [train] step=  5999 loss=1.2713
  [train] step=     0 loss=2.2217
  [train] step=   300 loss=1.9539
  [train] step=   600 loss=1.3731
  [train] step=   900 loss=1.2902
  [train] step=  1200 loss=1.2732
  [train] step=  1500 loss=1.2702
  [train] step=  1800 loss=1.2633
  [train] step=  2100 loss=1.2618
  [train] step=  2400 loss=1.2654
  [train] step=  2700 loss=1.2604
  [train] step=  3000 loss=1.2604
  [train] step=  3300 loss=1.2632
  [train] step=  3600 loss=1.2633
  [train] step=  3900 loss=1.2617
  [train] step=  4200 loss=1.2537
  [train] step=  4500 loss=1.2528
  [train] step=  4800 loss=1.2580
  [train] step=  5100 loss=1.2527
  [train] step=  5400 loss=1.2578
  [train] step=  5700 loss=1.2539
  [train] step=  5999 loss=1.2622
  [train] step=     0 loss=2.2162
  [train] step=   300 loss=2.0961
  [train] step=   600 loss=1.6221
  [train] step=   900 loss=1.4118
  [train] step=  1200 loss=1.3579
  [train] step=  1500 loss=1.3661
  [train] step=  1800 loss=1.3517
  [train] step=  2100 loss=1.3583
  [train] step=  2400 loss=1.3517
  [train] step=  2700 loss=1.3506
  [train] step=  3000 loss=1.3531
  [train] step=  3300 loss=1.3413
  [train] step=  3600 loss=1.3322
  [train] step=  3900 loss=1.3434
  [train] step=  4200 loss=1.3483
  [train] step=  4500 loss=1.3422
  [train] step=  4800 loss=1.3426
  [train] step=  5100 loss=1.3357
  [train] step=  5400 loss=1.3529
  [train] step=  5700 loss=1.3555
  [train] step=  5999 loss=1.3433
  [train] step=     0 loss=2.2624
  [train] step=   300 loss=2.1175
  [train] step=   600 loss=1.5380
  [train] step=   900 loss=1.3713
  [train] step=  1200 loss=1.3547
  [train] step=  1500 loss=1.3695
  [train] step=  1800 loss=1.3695
  [train] step=  2100 loss=1.3616
  [train] step=  2400 loss=1.3552
  [train] step=  2700 loss=1.3453
  [train] step=  3000 loss=1.3450
  [train] step=  3300 loss=1.3524
  [train] step=  3600 loss=1.3471
  [train] step=  3900 loss=1.3611
  [train] step=  4200 loss=1.3451
  [train] step=  4500 loss=1.3526
  [train] step=  4800 loss=1.3357
  [train] step=  5100 loss=1.3443
  [train] step=  5400 loss=1.3311
  [train] step=  5700 loss=1.3419
  [train] step=  5999 loss=1.3404
  [train] step=     0 loss=2.2372
  [train] step=   300 loss=1.9734
  [train] step=   600 loss=1.3931
  [train] step=   900 loss=1.2957
  [train] step=  1200 loss=1.2672
  [train] step=  1500 loss=1.2780
  [train] step=  1800 loss=1.2701
  [train] step=  2100 loss=1.2649
  [train] step=  2400 loss=1.2580
  [train] step=  2700 loss=1.2537
  [train] step=  3000 loss=1.2482
  [train] step=  3300 loss=1.2496
  [train] step=  3600 loss=1.2489
  [train] step=  3900 loss=1.2549
  [train] step=  4200 loss=1.2477
  [train] step=  4500 loss=1.2552
  [train] step=  4800 loss=1.2528
  [train] step=  5100 loss=1.2545
  [train] step=  5400 loss=1.2473
  [train] step=  5700 loss=1.2497
  [train] step=  5999 loss=1.2493
  [train] step=     0 loss=2.2606
  [train] step=   300 loss=2.0386
  [train] step=   600 loss=1.5134
  [train] step=   900 loss=1.3769
  [train] step=  1200 loss=1.3424
  [train] step=  1500 loss=1.3397
  [train] step=  1800 loss=1.3310
  [train] step=  2100 loss=1.3415
  [train] step=  2400 loss=1.3279
  [train] step=  2700 loss=1.3404
  [train] step=  3000 loss=1.3306
  [train] step=  3300 loss=1.3303
  [train] step=  3600 loss=1.3345
  [train] step=  3900 loss=1.3297
  [train] step=  4200 loss=1.3383
  [train] step=  4500 loss=1.3362
  [train] step=  4800 loss=1.3284
  [train] step=  5100 loss=1.3305
  [train] step=  5400 loss=1.3230
  [train] step=  5700 loss=1.3196
  [train] step=  5999 loss=1.3188
  [train] step=     0 loss=2.2626
  [train] step=   300 loss=2.0979
  [train] step=   600 loss=1.4784
  [train] step=   900 loss=1.3532
  [train] step=  1200 loss=1.3258
  [train] step=  1500 loss=1.3269
  [train] step=  1800 loss=1.3270
  [train] step=  2100 loss=1.3163
  [train] step=  2400 loss=1.3190
  [train] step=  2700 loss=1.3080
  [train] step=  3000 loss=1.3092
  [train] step=  3300 loss=1.3044
  [train] step=  3600 loss=1.2986
  [train] step=  3900 loss=1.3029
  [train] step=  4200 loss=1.2983
  [train] step=  4500 loss=1.3103
  [train] step=  4800 loss=1.2998
  [train] step=  5100 loss=1.3006
  [train] step=  5400 loss=1.2962
  [train] step=  5700 loss=1.3002
  [train] step=  5999 loss=1.2897
  [train] step=     0 loss=2.2363
  [train] step=   300 loss=2.2111
  [train] step=   600 loss=2.1849
  [train] step=   900 loss=1.9923
  [train] step=  1200 loss=1.8325
  [train] step=  1500 loss=1.8037
  [train] step=  1800 loss=1.7622
  [train] step=  2100 loss=1.7487
  [train] step=  2400 loss=1.7417
  [train] step=  2700 loss=1.7490
  [train] step=  3000 loss=1.7351
  [train] step=  3300 loss=1.7533
  [train] step=  3600 loss=1.7809
  [train] step=  3900 loss=1.7424
  [train] step=  4200 loss=1.7345
  [train] step=  4500 loss=1.7433
  [train] step=  4800 loss=1.7266
  [train] step=  5100 loss=1.7318
  [train] step=  5400 loss=1.7352
  [train] step=  5700 loss=1.7545
  [train] step=  5999 loss=1.7394
  [train] step=     0 loss=2.2608
  [train] step=   300 loss=2.0640
  [train] step=   600 loss=1.8092
  [train] step=   900 loss=1.7777
  [train] step=  1200 loss=1.6984
  [train] step=  1500 loss=1.7225
  [train] step=  1800 loss=1.6982
  [train] step=  2100 loss=1.7296
  [train] step=  2400 loss=1.6866
  [train] step=  2700 loss=1.7127
  [train] step=  3000 loss=1.6895
  [train] step=  3300 loss=1.6891
  [train] step=  3600 loss=1.7211
  [train] step=  3900 loss=1.6787
  [train] step=  4200 loss=1.7324
  [train] step=  4500 loss=1.7054
  [train] step=  4800 loss=1.7011
  [train] step=  5100 loss=1.6928
  [train] step=  5400 loss=1.6695
  [train] step=  5700 loss=1.6724
  [train] step=  5999 loss=1.6787
  [train] step=     0 loss=2.1862
  [train] step=   300 loss=2.0818
  [train] step=   600 loss=1.6737
  [train] step=   900 loss=1.3909
  [train] step=  1200 loss=1.3355
  [train] step=  1500 loss=1.3290
  [train] step=  1800 loss=1.3415
  [train] step=  2100 loss=1.3458
  [train] step=  2400 loss=1.3346
  [train] step=  2700 loss=1.3305
  [train] step=  3000 loss=1.3459
  [train] step=  3300 loss=1.3197
  [train] step=  3600 loss=1.3209
  [train] step=  3900 loss=1.3309
  [train] step=  4200 loss=1.3480
  [train] step=  4500 loss=1.3261
  [train] step=  4800 loss=1.3279
  [train] step=  5100 loss=1.3209
  [train] step=  5400 loss=1.3270
  [train] step=  5700 loss=1.3394
  [train] step=  5999 loss=1.3533
  [train] step=     0 loss=2.1839
  [train] step=   300 loss=2.1778
  [train] step=   600 loss=2.1891
  [train] step=   900 loss=2.1455
  [train] step=  1200 loss=2.1161
  [train] step=  1500 loss=2.0925
  [train] step=  1800 loss=2.0588
  [train] step=  2100 loss=2.0805
  [train] step=  2400 loss=2.0605
  [train] step=  2700 loss=2.0531
  [train] step=  3000 loss=2.0406
  [train] step=  3300 loss=2.0454
  [train] step=  3600 loss=2.0325
  [train] step=  3900 loss=2.0389
  [train] step=  4200 loss=2.0442
  [train] step=  4500 loss=2.0405
  [train] step=  4800 loss=2.0379
  [train] step=  5100 loss=2.0587
  [train] step=  5400 loss=2.0416
  [train] step=  5700 loss=2.0301
  [train] step=  5999 loss=2.0667
  [train] step=     0 loss=2.2133
  [train] step=   300 loss=1.9778
  [train] step=   600 loss=1.4110
  [train] step=   900 loss=1.3249
  [train] step=  1200 loss=1.2961
  [train] step=  1500 loss=1.2958
  [train] step=  1800 loss=1.2909
  [train] step=  2100 loss=1.2847
  [train] step=  2400 loss=1.2887
  [train] step=  2700 loss=1.2816
  [train] step=  3000 loss=1.2773
  [train] step=  3300 loss=1.2763
  [train] step=  3600 loss=1.2712
  [train] step=  3900 loss=1.2704
  [train] step=  4200 loss=1.2756
  [train] step=  4500 loss=1.2769
  [train] step=  4800 loss=1.2678
  [train] step=  5100 loss=1.2711
  [train] step=  5400 loss=1.2721
  [train] step=  5700 loss=1.2657
  [train] step=  5999 loss=1.2565
  [train] step=     0 loss=2.2190
  [train] step=   300 loss=2.1171
  [train] step=   600 loss=1.5658
  [train] step=   900 loss=1.3885
  [train] step=  1200 loss=1.3701
  [train] step=  1500 loss=1.3602
  [train] step=  1800 loss=1.3682
  [train] step=  2100 loss=1.3521
  [train] step=  2400 loss=1.3531
  [train] step=  2700 loss=1.3546
  [train] step=  3000 loss=1.3661
  [train] step=  3300 loss=1.3548
  [train] step=  3600 loss=1.3432
  [train] step=  3900 loss=1.3423
  [train] step=  4200 loss=1.3378
  [train] step=  4500 loss=1.3427
  [train] step=  4800 loss=1.3573
  [train] step=  5100 loss=1.3604
  [train] step=  5400 loss=1.3505
  [train] step=  5700 loss=1.3458
  [train] step=  5999 loss=1.3497
  [train] step=     0 loss=2.2620
  [train] step=   300 loss=2.1368
  [train] step=   600 loss=1.5567
  [train] step=   900 loss=1.3841
  [train] step=  1200 loss=1.3455
  [train] step=  1500 loss=1.3396
  [train] step=  1800 loss=1.3511
  [train] step=  2100 loss=1.3493
  [train] step=  2400 loss=1.3475
  [train] step=  2700 loss=1.3409
  [train] step=  3000 loss=1.3343
  [train] step=  3300 loss=1.3318
  [train] step=  3600 loss=1.3322
  [train] step=  3900 loss=1.3380
  [train] step=  4200 loss=1.3359
  [train] step=  4500 loss=1.3363
  [train] step=  4800 loss=1.3380
  [train] step=  5100 loss=1.3399
  [train] step=  5400 loss=1.3245
  [train] step=  5700 loss=1.3373
  [train] step=  5999 loss=1.3391
  [train] step=     0 loss=2.2460
  [train] step=   300 loss=2.0849
  [train] step=   600 loss=1.5204
  [train] step=   900 loss=1.3759
  [train] step=  1200 loss=1.3472
  [train] step=  1500 loss=1.3421
  [train] step=  1800 loss=1.3502
  [train] step=  2100 loss=1.3540
  [train] step=  2400 loss=1.3437
  [train] step=  2700 loss=1.3436
  [train] step=  3000 loss=1.3386
  [train] step=  3300 loss=1.3321
  [train] step=  3600 loss=1.3307
  [train] step=  3900 loss=1.3357
  [train] step=  4200 loss=1.3360
  [train] step=  4500 loss=1.3397
  [train] step=  4800 loss=1.3421
  [train] step=  5100 loss=1.3391
  [train] step=  5400 loss=1.3256
  [train] step=  5700 loss=1.3444
  [train] step=  5999 loss=1.3363
  [train] step=     0 loss=2.2643
  [train] step=   300 loss=2.1361
  [train] step=   600 loss=1.5404
  [train] step=   900 loss=1.3833
  [train] step=  1200 loss=1.3603
  [train] step=  1500 loss=1.3432
  [train] step=  1800 loss=1.3267
  [train] step=  2100 loss=1.3347
  [train] step=  2400 loss=1.3198
  [train] step=  2700 loss=1.3203
  [train] step=  3000 loss=1.3144
  [train] step=  3300 loss=1.3215
  [train] step=  3600 loss=1.3241
  [train] step=  3900 loss=1.3169
  [train] step=  4200 loss=1.3170
  [train] step=  4500 loss=1.3213
  [train] step=  4800 loss=1.3235
  [train] step=  5100 loss=1.3181
  [train] step=  5400 loss=1.3150
  [train] step=  5700 loss=1.3268
  [train] step=  5999 loss=1.3122
  [train] step=     0 loss=2.2510
  [train] step=   300 loss=2.0338
  [train] step=   600 loss=1.3887
  [train] step=   900 loss=1.3101
  [train] step=  1200 loss=1.2919
  [train] step=  1500 loss=1.2792
  [train] step=  1800 loss=1.2725
  [train] step=  2100 loss=1.2714
  [train] step=  2400 loss=1.2615
  [train] step=  2700 loss=1.2658
  [train] step=  3000 loss=1.2571
  [train] step=  3300 loss=1.2629
  [train] step=  3600 loss=1.2647
  [train] step=  3900 loss=1.2547
  [train] step=  4200 loss=1.2556
  [train] step=  4500 loss=1.2596
  [train] step=  4800 loss=1.2590
  [train] step=  5100 loss=1.2529
  [train] step=  5400 loss=1.2521
  [train] step=  5700 loss=1.2572
  [train] step=  5999 loss=1.2535
  [train] step=     0 loss=2.2728
  [train] step=   300 loss=2.0564
  [train] step=   600 loss=1.5378
  [train] step=   900 loss=1.3569
  [train] step=  1200 loss=1.3321
  [train] step=  1500 loss=1.3181
  [train] step=  1800 loss=1.3223
  [train] step=  2100 loss=1.3169
  [train] step=  2400 loss=1.3126
  [train] step=  2700 loss=1.3055
  [train] step=  3000 loss=1.3110
  [train] step=  3300 loss=1.2923
  [train] step=  3600 loss=1.3056
  [train] step=  3900 loss=1.3081
  [train] step=  4200 loss=1.3075
  [train] step=  4500 loss=1.2995
  [train] step=  4800 loss=1.2977
  [train] step=  5100 loss=1.3073
  [train] step=  5400 loss=1.2991
  [train] step=  5700 loss=1.3079
  [train] step=  5999 loss=1.3081
  [train] step=     0 loss=2.2394
  [train] step=   300 loss=2.1760
  [train] step=   600 loss=1.6685
  [train] step=   900 loss=1.5104
  [train] step=  1200 loss=1.4760
  [train] step=  1500 loss=1.4744
  [train] step=  1800 loss=1.4876
  [train] step=  2100 loss=1.4452
  [train] step=  2400 loss=1.4716
  [train] step=  2700 loss=1.4733
  [train] step=  3000 loss=1.4722
  [train] step=  3300 loss=1.4719
  [train] step=  3600 loss=1.4665
  [train] step=  3900 loss=1.4612
  [train] step=  4200 loss=1.4677
  [train] step=  4500 loss=1.4675
  [train] step=  4800 loss=1.4720
  [train] step=  5100 loss=1.4492
  [train] step=  5400 loss=1.4612
  [train] step=  5700 loss=1.4490
  [train] step=  5999 loss=1.4637
  [train] step=     0 loss=2.2399
  [train] step=   300 loss=2.2356
  [train] step=   600 loss=2.2247
  [train] step=   900 loss=2.1498
  [train] step=  1200 loss=2.0529
  [train] step=  1500 loss=2.0107
  [train] step=  1800 loss=1.9716
  [train] step=  2100 loss=1.9800
  [train] step=  2400 loss=1.9650
  [train] step=  2700 loss=1.9505
  [train] step=  3000 loss=1.9552
  [train] step=  3300 loss=1.9884
  [train] step=  3600 loss=1.9769
  [train] step=  3900 loss=1.9626
  [train] step=  4200 loss=1.9594
  [train] step=  4500 loss=1.9493
  [train] step=  4800 loss=1.9511
  [train] step=  5100 loss=1.9683
  [train] step=  5400 loss=1.9428
  [train] step=  5700 loss=1.9439
  [train] step=  5999 loss=1.9679
  [train] step=     0 loss=2.2684
  [train] step=   300 loss=2.0481
  [train] step=   600 loss=1.8949
  [train] step=   900 loss=1.8382
  [train] step=  1200 loss=1.7327
  [train] step=  1500 loss=1.6103
  [train] step=  1800 loss=1.6936
  [train] step=  2100 loss=1.7162
  [train] step=  2400 loss=1.7401
  [train] step=  2700 loss=1.7159
  [train] step=  3000 loss=1.7145
  [train] step=  3300 loss=1.6334
  [train] step=  3600 loss=1.7136
  [train] step=  3900 loss=1.7135
  [train] step=  4200 loss=1.6830
  [train] step=  4500 loss=1.6367
  [train] step=  4800 loss=1.6518
  [train] step=  5100 loss=1.7423
  [train] step=  5400 loss=1.6134
  [train] step=  5700 loss=1.6992
  [train] step=  5999 loss=1.7202
  [train] step=     0 loss=2.2067
  [train] step=   300 loss=2.1144
  [train] step=   600 loss=1.6413
  [train] step=   900 loss=1.4221
  [train] step=  1200 loss=1.3454
  [train] step=  1500 loss=1.3108
  [train] step=  1800 loss=1.3107
  [train] step=  2100 loss=1.3116
  [train] step=  2400 loss=1.2974
  [train] step=  2700 loss=1.2968
  [train] step=  3000 loss=1.2957
  [train] step=  3300 loss=1.2913
  [train] step=  3600 loss=1.2950
  [train] step=  3900 loss=1.2900
  [train] step=  4200 loss=1.2966
  [train] step=  4500 loss=1.3013
  [train] step=  4800 loss=1.2941
  [train] step=  5100 loss=1.2988
  [train] step=  5400 loss=1.2804
  [train] step=  5700 loss=1.2940
  [train] step=  5999 loss=1.2885
  [train] step=     0 loss=2.1777
  [train] step=   300 loss=1.9480
  [train] step=   600 loss=1.3888
  [train] step=   900 loss=1.3038
  [train] step=  1200 loss=1.2787
  [train] step=  1500 loss=1.2687
  [train] step=  1800 loss=1.2601
  [train] step=  2100 loss=1.2545
  [train] step=  2400 loss=1.2437
  [train] step=  2700 loss=1.2507
  [train] step=  3000 loss=1.2426
  [train] step=  3300 loss=1.2480
  [train] step=  3600 loss=1.2495
  [train] step=  3900 loss=1.2410
  [train] step=  4200 loss=1.2423
  [train] step=  4500 loss=1.2490
  [train] step=  4800 loss=1.2485
  [train] step=  5100 loss=1.2407
  [train] step=  5400 loss=1.2388
  [train] step=  5700 loss=1.2447
  [train] step=  5999 loss=1.2383
  [train] step=     0 loss=2.1511
  [train] step=   300 loss=2.0541
  [train] step=   600 loss=1.6320
  [train] step=   900 loss=1.3981
  [train] step=  1200 loss=1.3674
  [train] step=  1500 loss=1.3583
  [train] step=  1800 loss=1.3570
  [train] step=  2100 loss=1.3605
  [train] step=  2400 loss=1.3418
  [train] step=  2700 loss=1.3525
  [train] step=  3000 loss=1.3556
  [train] step=  3300 loss=1.3397
  [train] step=  3600 loss=1.3568
  [train] step=  3900 loss=1.3613
  [train] step=  4200 loss=1.3621
  [train] step=  4500 loss=1.3534
  [train] step=  4800 loss=1.3396
  [train] step=  5100 loss=1.3540
  [train] step=  5400 loss=1.3503
  [train] step=  5700 loss=1.3611
  [train] step=  5999 loss=1.3534
  [train] step=     0 loss=11.3487
  [train] step=   300 loss=11.2504
  [train] step=   600 loss=10.5479
  [train] step=   900 loss=10.1607
  [train] step=  1200 loss=9.6800
  [train] step=  1500 loss=9.6818
  [train] step=  1800 loss=9.6082
  [train] step=  2100 loss=9.6602
  [train] step=  2400 loss=9.6884
  [train] step=  2700 loss=9.6841
  [train] step=  3000 loss=9.7011
  [train] step=  3300 loss=9.7128
  [train] step=  3600 loss=9.6540
  [train] step=  3900 loss=9.7069
  [train] step=  4200 loss=9.6844
  [train] step=  4500 loss=9.7084
  [train] step=  4800 loss=9.6525
  [train] step=  5100 loss=9.6850
  [train] step=  5400 loss=9.7044
  [train] step=  5700 loss=9.6567
  [train] step=  5999 loss=9.6587
  [train] step=     0 loss=2.2585
  [train] step=   300 loss=2.1349
  [train] step=   600 loss=1.6763
  [train] step=   900 loss=1.5716
  [train] step=  1200 loss=1.5504
  [train] step=  1500 loss=1.5538
  [train] step=  1800 loss=1.5499
  [train] step=  2100 loss=1.5416
  [train] step=  2400 loss=1.5453
  [train] step=  2700 loss=1.5287
  [train] step=  3000 loss=1.5280
  [train] step=  3300 loss=1.5329
  [train] step=  3600 loss=1.5407
  [train] step=  3900 loss=1.5337
  [train] step=  4200 loss=1.5589
  [train] step=  4500 loss=1.5329
  [train] step=  4800 loss=1.5378
  [train] step=  5100 loss=1.5224
  [train] step=  5400 loss=1.5441
  [train] step=  5700 loss=1.5254
  [train] step=  5999 loss=1.5383
  [train] step=     0 loss=2.2601
  [train] step=   300 loss=2.0750
  [train] step=   600 loss=1.8458
  [train] step=   900 loss=1.7789
  [train] step=  1200 loss=1.7230
  [train] step=  1500 loss=1.7267
  [train] step=  1800 loss=1.7203
  [train] step=  2100 loss=1.6557
  [train] step=  2400 loss=1.7332
  [train] step=  2700 loss=1.7305
  [train] step=  3000 loss=1.6513
  [train] step=  3300 loss=1.7053
  [train] step=  3600 loss=1.6922
  [train] step=  3900 loss=1.6677
  [train] step=  4200 loss=1.6922
  [train] step=  4500 loss=1.6989
  [train] step=  4800 loss=1.6555
  [train] step=  5100 loss=1.6816
  [train] step=  5400 loss=1.7178
  [train] step=  5700 loss=1.6884
  [train] step=  5999 loss=1.6951
  [train] step=     0 loss=2.1638
  [train] step=   300 loss=2.0598
  [train] step=   600 loss=1.6681
  [train] step=   900 loss=1.4284
  [train] step=  1200 loss=1.3559
  [train] step=  1500 loss=1.3358
  [train] step=  1800 loss=1.3270
  [train] step=  2100 loss=1.3274
  [train] step=  2400 loss=1.3275
  [train] step=  2700 loss=1.3260
  [train] step=  3000 loss=1.3376
  [train] step=  3300 loss=1.3229
  [train] step=  3600 loss=1.3287
  [train] step=  3900 loss=1.3324
  [train] step=  4200 loss=1.3258
  [train] step=  4500 loss=1.3306
  [train] step=  4800 loss=1.3233
  [train] step=  5100 loss=1.3314
  [train] step=  5400 loss=1.3303
  [train] step=  5700 loss=1.3179
  [train] step=  5999 loss=1.3238
  [train] step=     0 loss=2.1787
  [train] step=   300 loss=2.1750
  [train] step=   600 loss=2.1760
  [train] step=   900 loss=2.1578
  [train] step=  1200 loss=2.1423
  [train] step=  1500 loss=2.1002
  [train] step=  1800 loss=2.0974
  [train] step=  2100 loss=2.0752
  [train] step=  2400 loss=2.0720
  [train] step=  2700 loss=2.0567
  [train] step=  3000 loss=2.0562
  [train] step=  3300 loss=2.0722
  [train] step=  3600 loss=2.0326
  [train] step=  3900 loss=2.0476
  [train] step=  4200 loss=2.0232
  [train] step=  4500 loss=2.0511
  [train] step=  4800 loss=2.0438
  [train] step=  5100 loss=2.0267
  [train] step=  5400 loss=2.0367
  [train] step=  5700 loss=2.0608
  [train] step=  5999 loss=2.0400
  [train] step=     0 loss=2.1921
  [train] step=   300 loss=1.8707
  [train] step=   600 loss=1.3905
  [train] step=   900 loss=1.3208
  [train] step=  1200 loss=1.2974
  [train] step=  1500 loss=1.2901
  [train] step=  1800 loss=1.2819
  [train] step=  2100 loss=1.2794
  [train] step=  2400 loss=1.2789
  [train] step=  2700 loss=1.2749
  [train] step=  3000 loss=1.2750
  [train] step=  3300 loss=1.2743
  [train] step=  3600 loss=1.2730
  [train] step=  3900 loss=1.2717
  [train] step=  4200 loss=1.2634
  [train] step=  4500 loss=1.2630
  [train] step=  4800 loss=1.2714
  [train] step=  5100 loss=1.2598
  [train] step=  5400 loss=1.2654
  [train] step=  5700 loss=1.2607
  [train] step=  5999 loss=1.2686
  [train] step=     0 loss=11.2468
  [train] step=   300 loss=10.9844
  [train] step=   600 loss=9.7965
  [train] step=   900 loss=9.4079
  [train] step=  1200 loss=9.3046
  [train] step=  1500 loss=9.2866
  [train] step=  1800 loss=9.2939
  [train] step=  2100 loss=9.3105
  [train] step=  2400 loss=9.2765
  [train] step=  2700 loss=9.2872
  [train] step=  3000 loss=9.2636
  [train] step=  3300 loss=9.3211
  [train] step=  3600 loss=9.2762
  [train] step=  3900 loss=9.3005
  [train] step=  4200 loss=9.3096
  [train] step=  4500 loss=9.3146
  [train] step=  4800 loss=9.2646
  [train] step=  5100 loss=9.3079
  [train] step=  5400 loss=9.3179
  [train] step=  5700 loss=9.3006
  [train] step=  5999 loss=9.3049
  [train] step=     0 loss=2.2609
  [train] step=   300 loss=2.1216
  [train] step=   600 loss=1.6768
  [train] step=   900 loss=1.5615
  [train] step=  1200 loss=1.5655
  [train] step=  1500 loss=1.5862
  [train] step=  1800 loss=1.5810
  [train] step=  2100 loss=1.5675
  [train] step=  2400 loss=1.5680
  [train] step=  2700 loss=1.5626
  [train] step=  3000 loss=1.5464
  [train] step=  3300 loss=1.5626
  [train] step=  3600 loss=1.5653
  [train] step=  3900 loss=1.5698
  [train] step=  4200 loss=1.5721
  [train] step=  4500 loss=1.5643
  [train] step=  4800 loss=1.5591
  [train] step=  5100 loss=1.5670
  [train] step=  5400 loss=1.5602
  [train] step=  5700 loss=1.5428
  [train] step=  5999 loss=1.5319
  [train] step=     0 loss=2.2540
  [train] step=   300 loss=1.9746
  [train] step=   600 loss=1.6228
  [train] step=   900 loss=1.5392
  [train] step=  1200 loss=1.4305
  [train] step=  1500 loss=1.4368
  [train] step=  1800 loss=1.3951
  [train] step=  2100 loss=1.4022
  [train] step=  2400 loss=1.3707
  [train] step=  2700 loss=1.3664
  [train] step=  3000 loss=1.3658
  [train] step=  3300 loss=1.3676
  [train] step=  3600 loss=1.3827
  [train] step=  3900 loss=1.3705
  [train] step=  4200 loss=1.3619
  [train] step=  4500 loss=1.3850
  [train] step=  4800 loss=1.3742
  [train] step=  5100 loss=1.3760
  [train] step=  5400 loss=1.3467
  [train] step=  5700 loss=1.3587
  [train] step=  5999 loss=1.3646
  [train] step=     0 loss=2.1783
  [train] step=   300 loss=2.0799
  [train] step=   600 loss=1.6576
  [train] step=   900 loss=1.3917
  [train] step=  1200 loss=1.3541
  [train] step=  1500 loss=1.3372
  [train] step=  1800 loss=1.3384
  [train] step=  2100 loss=1.3524
  [train] step=  2400 loss=1.3401
  [train] step=  2700 loss=1.3398
  [train] step=  3000 loss=1.3496
  [train] step=  3300 loss=1.3236
  [train] step=  3600 loss=1.3377
  [train] step=  3900 loss=1.3410
  [train] step=  4200 loss=1.3400
  [train] step=  4500 loss=1.3275
  [train] step=  4800 loss=1.3351
  [train] step=  5100 loss=1.3240
  [train] step=  5400 loss=1.3353
  [train] step=  5700 loss=1.3425
  [train] step=  5999 loss=1.3538
  [train] step=     0 loss=2.2450
  [train] step=   300 loss=2.1145
  [train] step=   600 loss=1.5817
  [train] step=   900 loss=1.3849
  [train] step=  1200 loss=1.3228
  [train] step=  1500 loss=1.3079
  [train] step=  1800 loss=1.2915
  [train] step=  2100 loss=1.2909
  [train] step=  2400 loss=1.2818
  [train] step=  2700 loss=1.2855
  [train] step=  3000 loss=1.2804
  [train] step=  3300 loss=1.2832
  [train] step=  3600 loss=1.2877
  [train] step=  3900 loss=1.2842
  [train] step=  4200 loss=1.2852
  [train] step=  4500 loss=1.2874
  [train] step=  4800 loss=1.2802
  [train] step=  5100 loss=1.2868
  [train] step=  5400 loss=1.2789
  [train] step=  5700 loss=1.2799
  [train] step=  5999 loss=1.2797
  [train] step=     0 loss=2.2059
  [train] step=   300 loss=1.9430
  [train] step=   600 loss=1.3734
  [train] step=   900 loss=1.2899
  [train] step=  1200 loss=1.2711
  [train] step=  1500 loss=1.2717
  [train] step=  1800 loss=1.2710
  [train] step=  2100 loss=1.2662
  [train] step=  2400 loss=1.2710
  [train] step=  2700 loss=1.2636
  [train] step=  3000 loss=1.2599
  [train] step=  3300 loss=1.2590
  [train] step=  3600 loss=1.2549
  [train] step=  3900 loss=1.2552
  [train] step=  4200 loss=1.2584
  [train] step=  4500 loss=1.2594
  [train] step=  4800 loss=1.2530
  [train] step=  5100 loss=1.2535
  [train] step=  5400 loss=1.2557
  [train] step=  5700 loss=1.2497
  [train] step=  5999 loss=1.2420
  [train] step=     0 loss=2.2095
  [train] step=   300 loss=2.1158
  [train] step=   600 loss=1.5969
  [train] step=   900 loss=1.4037
  [train] step=  1200 loss=1.3837
  [train] step=  1500 loss=1.3902
  [train] step=  1800 loss=1.3765
  [train] step=  2100 loss=1.3644
  [train] step=  2400 loss=1.3413
  [train] step=  2700 loss=1.3609
  [train] step=  3000 loss=1.3629
  [train] step=  3300 loss=1.3488
  [train] step=  3600 loss=1.3437
  [train] step=  3900 loss=1.3459
  [train] step=  4200 loss=1.3389
  [train] step=  4500 loss=1.3445
  [train] step=  4800 loss=1.3405
  [train] step=  5100 loss=1.3468
  [train] step=  5400 loss=1.3462
  [train] step=  5700 loss=1.3435
  [train] step=  5999 loss=1.3433
  [train] step=     0 loss=2.2556
  [train] step=   300 loss=2.1241
  [train] step=   600 loss=1.5775
  [train] step=   900 loss=1.4227
  [train] step=  1200 loss=1.3840
  [train] step=  1500 loss=1.3763
  [train] step=  1800 loss=1.3987
  [train] step=  2100 loss=1.3881
  [train] step=  2400 loss=1.3754
  [train] step=  2700 loss=1.3677
  [train] step=  3000 loss=1.3518
  [train] step=  3300 loss=1.3507
  [train] step=  3600 loss=1.3495
  [train] step=  3900 loss=1.3552
  [train] step=  4200 loss=1.3502
  [train] step=  4500 loss=1.3546
  [train] step=  4800 loss=1.3575
  [train] step=  5100 loss=1.3585
  [train] step=  5400 loss=1.3450
  [train] step=  5700 loss=1.3588
  [train] step=  5999 loss=1.3548
  [train] step=     0 loss=2.2402
  [train] step=   300 loss=2.2325
  [train] step=   600 loss=2.2050
  [train] step=   900 loss=2.0542
  [train] step=  1200 loss=1.9732
  [train] step=  1500 loss=1.9577
  [train] step=  1800 loss=1.9135
  [train] step=  2100 loss=1.9431
  [train] step=  2400 loss=1.9283
  [train] step=  2700 loss=1.9132
  [train] step=  3000 loss=1.9019
  [train] step=  3300 loss=1.9289
  [train] step=  3600 loss=1.9509
  [train] step=  3900 loss=1.9301
  [train] step=  4200 loss=1.9220
  [train] step=  4500 loss=1.9103
  [train] step=  4800 loss=1.9295
  [train] step=  5100 loss=1.9195
  [train] step=  5400 loss=1.8904
  [train] step=  5700 loss=1.9025
  [train] step=  5999 loss=1.9365
  [train] step=     0 loss=2.2571
  [train] step=   300 loss=2.1038
  [train] step=   600 loss=1.5308
  [train] step=   900 loss=1.3760
  [train] step=  1200 loss=1.3462
  [train] step=  1500 loss=1.3346
  [train] step=  1800 loss=1.3264
  [train] step=  2100 loss=1.3264
  [train] step=  2400 loss=1.3151
  [train] step=  2700 loss=1.3230
  [train] step=  3000 loss=1.3169
  [train] step=  3300 loss=1.3240
  [train] step=  3600 loss=1.3211
  [train] step=  3900 loss=1.3170
  [train] step=  4200 loss=1.3201
  [train] step=  4500 loss=1.3241
  [train] step=  4800 loss=1.3240
  [train] step=  5100 loss=1.3103
  [train] step=  5400 loss=1.3185
  [train] step=  5700 loss=1.3175
  [train] step=  5999 loss=1.3141
  [train] step=     0 loss=2.2729
  [train] step=   300 loss=2.0745
  [train] step=   600 loss=1.5975
  [train] step=   900 loss=1.3970
  [train] step=  1200 loss=1.3389
  [train] step=  1500 loss=1.3311
  [train] step=  1800 loss=1.3300
  [train] step=  2100 loss=1.3166
  [train] step=  2400 loss=1.3132
  [train] step=  2700 loss=1.3103
  [train] step=  3000 loss=1.3147
  [train] step=  3300 loss=1.2965
  [train] step=  3600 loss=1.3099
  [train] step=  3900 loss=1.3141
  [train] step=  4200 loss=1.3114
  [train] step=  4500 loss=1.3040
  [train] step=  4800 loss=1.3037
  [train] step=  5100 loss=1.3117
  [train] step=  5400 loss=1.3025
  [train] step=  5700 loss=1.3145
  [train] step=  5999 loss=1.3080
  [train] step=     0 loss=2.2703
  [train] step=   300 loss=1.9452
  [train] step=   600 loss=1.4295
  [train] step=   900 loss=1.3107
  [train] step=  1200 loss=1.2948
  [train] step=  1500 loss=1.2876
  [train] step=  1800 loss=1.2938
  [train] step=  2100 loss=1.2859
  [train] step=  2400 loss=1.2830
  [train] step=  2700 loss=1.2783
  [train] step=  3000 loss=1.2843
  [train] step=  3300 loss=1.2704
  [train] step=  3600 loss=1.2802
  [train] step=  3900 loss=1.2823
  [train] step=  4200 loss=1.2808
  [train] step=  4500 loss=1.2724
  [train] step=  4800 loss=1.2711
  [train] step=  5100 loss=1.2792
  [train] step=  5400 loss=1.2722
  [train] step=  5700 loss=1.2780
  [train] step=  5999 loss=1.2754
  [train] step=     0 loss=2.2178
  [train] step=   300 loss=2.1534
  [train] step=   600 loss=1.6341
  [train] step=   900 loss=1.4908
  [train] step=  1200 loss=1.4584
  [train] step=  1500 loss=1.4668
  [train] step=  1800 loss=1.4610
  [train] step=  2100 loss=1.4510
  [train] step=  2400 loss=1.4624
  [train] step=  2700 loss=1.4821
  [train] step=  3000 loss=1.4737
  [train] step=  3300 loss=1.4761
  [train] step=  3600 loss=1.4460
  [train] step=  3900 loss=1.4697
  [train] step=  4200 loss=1.4676
  [train] step=  4500 loss=1.4679
  [train] step=  4800 loss=1.4614
  [train] step=  5100 loss=1.4460
  [train] step=  5400 loss=1.4555
  [train] step=  5700 loss=1.4618
  [train] step=  5999 loss=1.4574
  [train] step=     0 loss=2.2647
  [train] step=   300 loss=2.1444
  [train] step=   600 loss=1.8132
  [train] step=   900 loss=1.7326
  [train] step=  1200 loss=1.7495
  [train] step=  1500 loss=1.7034
  [train] step=  1800 loss=1.7173
  [train] step=  2100 loss=1.7572
  [train] step=  2400 loss=1.6844
  [train] step=  2700 loss=1.6676
  [train] step=  3000 loss=1.6975
  [train] step=  3300 loss=1.6979
  [train] step=  3600 loss=1.6825
  [train] step=  3900 loss=1.7048
  [train] step=  4200 loss=1.6849
  [train] step=  4500 loss=1.7118
  [train] step=  4800 loss=1.7001
  [train] step=  5100 loss=1.6928
  [train] step=  5400 loss=1.7257
  [train] step=  5700 loss=1.6825
  [train] step=  5999 loss=1.6660
  [train] step=     0 loss=2.2657
  [train] step=   300 loss=1.9366
  [train] step=   600 loss=1.5829
  [train] step=   900 loss=1.4915
  [train] step=  1200 loss=1.4494
  [train] step=  1500 loss=1.4379
  [train] step=  1800 loss=1.4063
  [train] step=  2100 loss=1.4125
  [train] step=  2400 loss=1.4009
  [train] step=  2700 loss=1.4001
  [train] step=  3000 loss=1.3831
  [train] step=  3300 loss=1.3596
  [train] step=  3600 loss=1.3911
  [train] step=  3900 loss=1.3606
  [train] step=  4200 loss=1.3585
  [train] step=  4500 loss=1.3718
  [train] step=  4800 loss=1.3880
  [train] step=  5100 loss=1.3939
  [train] step=  5400 loss=1.3840
  [train] step=  5700 loss=1.3520
  [train] step=  5999 loss=1.3647
  [train] step=     0 loss=2.1866
  [train] step=   300 loss=2.0792
  [train] step=   600 loss=1.6053
  [train] step=   900 loss=1.4028
  [train] step=  1200 loss=1.3358
  [train] step=  1500 loss=1.3132
  [train] step=  1800 loss=1.3056
  [train] step=  2100 loss=1.3013
  [train] step=  2400 loss=1.2890
  [train] step=  2700 loss=1.2898
  [train] step=  3000 loss=1.2824
  [train] step=  3300 loss=1.2788
  [train] step=  3600 loss=1.2793
  [train] step=  3900 loss=1.2793
  [train] step=  4200 loss=1.2829
  [train] step=  4500 loss=1.2891
  [train] step=  4800 loss=1.2794
  [train] step=  5100 loss=1.2858
  [train] step=  5400 loss=1.2682
  [train] step=  5700 loss=1.2793
  [train] step=  5999 loss=1.2774
  [train] step=     0 loss=2.2562
  [train] step=   300 loss=2.1318
  [train] step=   600 loss=1.6449
  [train] step=   900 loss=1.4128
  [train] step=  1200 loss=1.3426
  [train] step=  1500 loss=1.3391
  [train] step=  1800 loss=1.3256
  [train] step=  2100 loss=1.3155
  [train] step=  2400 loss=1.3024
  [train] step=  2700 loss=1.2961
  [train] step=  3000 loss=1.2990
  [train] step=  3300 loss=1.2828
  [train] step=  3600 loss=1.2958
  [train] step=  3900 loss=1.2953
  [train] step=  4200 loss=1.2959
  [train] step=  4500 loss=1.2881
  [train] step=  4800 loss=1.2881
  [train] step=  5100 loss=1.2998
  [train] step=  5400 loss=1.2894
  [train] step=  5700 loss=1.2960
  [train] step=  5999 loss=1.2964
  [train] step=     0 loss=2.0790
  [train] step=   300 loss=1.9261
  [train] step=   600 loss=1.4500
  [train] step=   900 loss=1.2842
  [train] step=  1200 loss=1.2592
  [train] step=  1500 loss=1.2456
  [train] step=  1800 loss=1.2471
  [train] step=  2100 loss=1.2504
  [train] step=  2400 loss=1.2365
  [train] step=  2700 loss=1.2336
  [train] step=  3000 loss=1.2428
  [train] step=  3300 loss=1.2306
  [train] step=  3600 loss=1.2442
  [train] step=  3900 loss=1.2321
  [train] step=  4200 loss=1.2288
  [train] step=  4500 loss=1.2271
  [train] step=  4800 loss=1.2263
  [train] step=  5100 loss=1.2292
  [train] step=  5400 loss=1.2214
  [train] step=  5700 loss=1.2238
  [train] step=  5999 loss=1.2232
  [train] step=     0 loss=11.2642
  [train] step=   300 loss=11.0719
  [train] step=   600 loss=9.7231
  [train] step=   900 loss=9.3385
  [train] step=  1200 loss=9.3331
  [train] step=  1500 loss=9.3111
  [train] step=  1800 loss=9.2752
  [train] step=  2100 loss=9.2989
  [train] step=  2400 loss=9.3060
  [train] step=  2700 loss=9.3025
  [train] step=  3000 loss=9.3322
  [train] step=  3300 loss=9.3238
  [train] step=  3600 loss=9.2950
  [train] step=  3900 loss=9.3172
  [train] step=  4200 loss=9.3037
  [train] step=  4500 loss=9.3063
  [train] step=  4800 loss=9.2767
  [train] step=  5100 loss=9.3192
  [train] step=  5400 loss=9.3146
  [train] step=  5700 loss=9.2872
  [train] step=  5999 loss=9.2768
  [train] step=     0 loss=2.1846
  [train] step=   300 loss=2.0961
  [train] step=   600 loss=1.6757
  [train] step=   900 loss=1.5276
  [train] step=  1200 loss=1.5040
  [train] step=  1500 loss=1.4737
  [train] step=  1800 loss=1.4769
  [train] step=  2100 loss=1.4956
  [train] step=  2400 loss=1.4843
  [train] step=  2700 loss=1.4707
  [train] step=  3000 loss=1.4797
  [train] step=  3300 loss=1.4822
  [train] step=  3600 loss=1.4739
  [train] step=  3900 loss=1.4883
  [train] step=  4200 loss=1.4830
  [train] step=  4500 loss=1.4898
  [train] step=  4800 loss=1.4834
  [train] step=  5100 loss=1.4896
  [train] step=  5400 loss=1.4680
  [train] step=  5700 loss=1.4849
  [train] step=  5999 loss=1.4840
  [train] step=     0 loss=2.2650
  [train] step=   300 loss=2.0987
  [train] step=   600 loss=1.7940
  [train] step=   900 loss=1.7012
  [train] step=  1200 loss=1.7141
  [train] step=  1500 loss=1.6939
  [train] step=  1800 loss=1.6956
  [train] step=  2100 loss=1.6234
  [train] step=  2400 loss=1.6713
  [train] step=  2700 loss=1.6707
  [train] step=  3000 loss=1.6711
  [train] step=  3300 loss=1.6638
  [train] step=  3600 loss=1.6352
  [train] step=  3900 loss=1.6099
  [train] step=  4200 loss=1.6557
  [train] step=  4500 loss=1.6886
  [train] step=  4800 loss=1.6171
  [train] step=  5100 loss=1.6594
  [train] step=  5400 loss=1.6734
  [train] step=  5700 loss=1.6534
  [train] step=  5999 loss=1.6634
  [train] step=     0 loss=2.2734
  [train] step=   300 loss=2.0053
  [train] step=   600 loss=1.5650
  [train] step=   900 loss=1.4412
  [train] step=  1200 loss=1.4090
  [train] step=  1500 loss=1.4819
  [train] step=  1800 loss=1.4226
  [train] step=  2100 loss=1.3950
  [train] step=  2400 loss=1.4016
  [train] step=  2700 loss=1.3890
  [train] step=  3000 loss=1.4111
  [train] step=  3300 loss=1.4328
  [train] step=  3600 loss=1.4241
  [train] step=  3900 loss=1.3727
  [train] step=  4200 loss=1.3518
  [train] step=  4500 loss=1.3665
  [train] step=  4800 loss=1.4027
  [train] step=  5100 loss=1.3561
  [train] step=  5400 loss=1.3972
  [train] step=  5700 loss=1.4108
  [train] step=  5999 loss=1.3745
  [train] step=     0 loss=2.1916
  [train] step=   300 loss=2.0713
  [train] step=   600 loss=1.6151
  [train] step=   900 loss=1.4066
  [train] step=  1200 loss=1.3310
  [train] step=  1500 loss=1.3136
  [train] step=  1800 loss=1.3062
  [train] step=  2100 loss=1.2969
  [train] step=  2400 loss=1.2980
  [train] step=  2700 loss=1.2909
  [train] step=  3000 loss=1.2944
  [train] step=  3300 loss=1.3009
  [train] step=  3600 loss=1.2860
  [train] step=  3900 loss=1.2935
  [train] step=  4200 loss=1.2942
  [train] step=  4500 loss=1.2958
  [train] step=  4800 loss=1.2912
  [train] step=  5100 loss=1.2893
  [train] step=  5400 loss=1.2841
  [train] step=  5700 loss=1.2930
  [train] step=  5999 loss=1.2920
  [train] step=     0 loss=2.2633
  [train] step=   300 loss=2.1536
  [train] step=   600 loss=1.5904
  [train] step=   900 loss=1.4138
  [train] step=  1200 loss=1.3447
  [train] step=  1500 loss=1.3221
  [train] step=  1800 loss=1.3099
  [train] step=  2100 loss=1.3026
  [train] step=  2400 loss=1.3018
  [train] step=  2700 loss=1.2999
  [train] step=  3000 loss=1.2955
  [train] step=  3300 loss=1.2989
  [train] step=  3600 loss=1.3010
  [train] step=  3900 loss=1.2945
  [train] step=  4200 loss=1.2863
  [train] step=  4500 loss=1.2889
  [train] step=  4800 loss=1.2982
  [train] step=  5100 loss=1.2889
  [train] step=  5400 loss=1.2975
  [train] step=  5700 loss=1.2930
  [train] step=  5999 loss=1.3007
  [train] step=     0 loss=2.1528
  [train] step=   300 loss=2.1481
  [train] step=   600 loss=2.0112
  [train] step=   900 loss=1.6572
  [train] step=  1200 loss=1.4894
  [train] step=  1500 loss=1.4253
  [train] step=  1800 loss=1.3994
  [train] step=  2100 loss=1.3666
  [train] step=  2400 loss=1.3590
  [train] step=  2700 loss=1.3504
  [train] step=  3000 loss=1.3496
  [train] step=  3300 loss=1.3398
  [train] step=  3600 loss=1.3357
  [train] step=  3900 loss=1.3573
  [train] step=  4200 loss=1.3391
  [train] step=  4500 loss=1.3430
  [train] step=  4800 loss=1.3279
  [train] step=  5100 loss=1.3179
  [train] step=  5400 loss=1.3168
  [train] step=  5700 loss=1.3172
  [train] step=  5999 loss=1.3037
  [train] step=     0 loss=2.2150
  [train] step=   300 loss=2.0996
  [train] step=   600 loss=1.5965
  [train] step=   900 loss=1.4094
  [train] step=  1200 loss=1.3854
  [train] step=  1500 loss=1.3644
  [train] step=  1800 loss=1.3582
  [train] step=  2100 loss=1.3615
  [train] step=  2400 loss=1.3498
  [train] step=  2700 loss=1.3498
  [train] step=  3000 loss=1.3617
  [train] step=  3300 loss=1.3404
  [train] step=  3600 loss=1.3409
  [train] step=  3900 loss=1.3536
  [train] step=  4200 loss=1.3467
  [train] step=  4500 loss=1.3443
  [train] step=  4800 loss=1.3412
  [train] step=  5100 loss=1.3350
  [train] step=  5400 loss=1.3400
  [train] step=  5700 loss=1.3483
  [train] step=  5999 loss=1.3489
  [train] step=     0 loss=2.1809
  [train] step=   300 loss=1.9868
  [train] step=   600 loss=1.4608
  [train] step=   900 loss=1.2987
  [train] step=  1200 loss=1.2691
  [train] step=  1500 loss=1.2573
  [train] step=  1800 loss=1.2478
  [train] step=  2100 loss=1.2575
  [train] step=  2400 loss=1.2473
  [train] step=  2700 loss=1.2384
  [train] step=  3000 loss=1.2487
  [train] step=  3300 loss=1.2320
  [train] step=  3600 loss=1.2342
  [train] step=  3900 loss=1.2435
  [train] step=  4200 loss=1.2435
  [train] step=  4500 loss=1.2339
  [train] step=  4800 loss=1.2376
  [train] step=  5100 loss=1.2317
  [train] step=  5400 loss=1.2405
  [train] step=  5700 loss=1.2401
  [train] step=  5999 loss=1.2406
  [train] step=     0 loss=2.2544
  [train] step=   300 loss=2.0865
  [train] step=   600 loss=1.5195
  [train] step=   900 loss=1.3635
  [train] step=  1200 loss=1.3527
  [train] step=  1500 loss=1.3571
  [train] step=  1800 loss=1.3484
  [train] step=  2100 loss=1.3427
  [train] step=  2400 loss=1.3361
  [train] step=  2700 loss=1.3349
  [train] step=  3000 loss=1.3255
  [train] step=  3300 loss=1.3367
  [train] step=  3600 loss=1.3333
  [train] step=  3900 loss=1.3431
  [train] step=  4200 loss=1.3324
  [train] step=  4500 loss=1.3435
  [train] step=  4800 loss=1.3390
  [train] step=  5100 loss=1.3452
  [train] step=  5400 loss=1.3330
  [train] step=  5700 loss=1.3323
  [train] step=  5999 loss=1.3327
  [train] step=     0 loss=2.2724
  [train] step=   300 loss=2.1114
  [train] step=   600 loss=1.5682
  [train] step=   900 loss=1.4056
  [train] step=  1200 loss=1.3449
  [train] step=  1500 loss=1.3421
  [train] step=  1800 loss=1.3311
  [train] step=  2100 loss=1.3454
  [train] step=  2400 loss=1.3278
  [train] step=  2700 loss=1.3351
  [train] step=  3000 loss=1.3276
  [train] step=  3300 loss=1.3316
  [train] step=  3600 loss=1.3386
  [train] step=  3900 loss=1.3233
  [train] step=  4200 loss=1.3371
  [train] step=  4500 loss=1.3368
  [train] step=  4800 loss=1.3285
  [train] step=  5100 loss=1.3312
  [train] step=  5400 loss=1.3276
  [train] step=  5700 loss=1.3278
  [train] step=  5999 loss=1.3214
  [train] step=     0 loss=2.2668
  [train] step=   300 loss=2.1547
  [train] step=   600 loss=1.6134
  [train] step=   900 loss=1.4457
  [train] step=  1200 loss=1.3745
  [train] step=  1500 loss=1.3517
  [train] step=  1800 loss=1.3471
  [train] step=  2100 loss=1.3329
  [train] step=  2400 loss=1.3380
  [train] step=  2700 loss=1.3291
  [train] step=  3000 loss=1.3235
  [train] step=  3300 loss=1.3248
  [train] step=  3600 loss=1.3187
  [train] step=  3900 loss=1.3177
  [train] step=  4200 loss=1.3220
  [train] step=  4500 loss=1.3219
  [train] step=  4800 loss=1.3151
  [train] step=  5100 loss=1.3156
  [train] step=  5400 loss=1.3177
  [train] step=  5700 loss=1.3121
  [train] step=  5999 loss=1.3054
  [train] step=     0 loss=2.2142
  [train] step=   300 loss=2.1188
  [train] step=   600 loss=1.6867
  [train] step=   900 loss=1.5196
  [train] step=  1200 loss=1.4655
  [train] step=  1500 loss=1.4534
  [train] step=  1800 loss=1.4722
  [train] step=  2100 loss=1.4732
  [train] step=  2400 loss=1.4443
  [train] step=  2700 loss=1.4481
  [train] step=  3000 loss=1.4607
  [train] step=  3300 loss=1.4473
  [train] step=  3600 loss=1.4555
  [train] step=  3900 loss=1.4555
  [train] step=  4200 loss=1.4694
  [train] step=  4500 loss=1.4658
  [train] step=  4800 loss=1.4576
  [train] step=  5100 loss=1.4459
  [train] step=  5400 loss=1.4903
  [train] step=  5700 loss=1.4597
  [train] step=  5999 loss=1.4594
  [train] step=     0 loss=2.2697
  [train] step=   300 loss=2.0863
  [train] step=   600 loss=1.7905
  [train] step=   900 loss=1.7873
  [train] step=  1200 loss=1.7615
  [train] step=  1500 loss=1.7538
  [train] step=  1800 loss=1.7288
  [train] step=  2100 loss=1.7461
  [train] step=  2400 loss=1.7185
  [train] step=  2700 loss=1.7371
  [train] step=  3000 loss=1.7283
  [train] step=  3300 loss=1.7141
  [train] step=  3600 loss=1.7347
  [train] step=  3900 loss=1.6769
  [train] step=  4200 loss=1.7283
  [train] step=  4500 loss=1.7246
  [train] step=  4800 loss=1.7180
  [train] step=  5100 loss=1.6849
  [train] step=  5400 loss=1.6860
  [train] step=  5700 loss=1.7008
  [train] step=  5999 loss=1.6917
  [train] step=     0 loss=2.2593
  [train] step=   300 loss=2.0212
  [train] step=   600 loss=1.6384
  [train] step=   900 loss=1.5975
  [train] step=  1200 loss=1.5153
  [train] step=  1500 loss=1.4757
  [train] step=  1800 loss=1.4874
  [train] step=  2100 loss=1.4304
  [train] step=  2400 loss=1.4912
  [train] step=  2700 loss=1.4438
  [train] step=  3000 loss=1.4675
  [train] step=  3300 loss=1.4477
  [train] step=  3600 loss=1.3852
  [train] step=  3900 loss=1.4483
  [train] step=  4200 loss=1.4766
  [train] step=  4500 loss=1.4097
  [train] step=  4800 loss=1.4112
  [train] step=  5100 loss=1.4224
  [train] step=  5400 loss=1.4449
  [train] step=  5700 loss=1.4316
  [train] step=  5999 loss=1.3628
  [train] step=     0 loss=2.1873
  [train] step=   300 loss=2.0566
  [train] step=   600 loss=1.6221
  [train] step=   900 loss=1.3850
  [train] step=  1200 loss=1.3267
  [train] step=  1500 loss=1.3272
  [train] step=  1800 loss=1.3104
  [train] step=  2100 loss=1.3018
  [train] step=  2400 loss=1.2998
  [train] step=  2700 loss=1.2894
  [train] step=  3000 loss=1.2930
  [train] step=  3300 loss=1.2891
  [train] step=  3600 loss=1.2906
  [train] step=  3900 loss=1.2938
  [train] step=  4200 loss=1.2903
  [train] step=  4500 loss=1.3008
  [train] step=  4800 loss=1.2955
  [train] step=  5100 loss=1.2997
  [train] step=  5400 loss=1.2960
  [train] step=  5700 loss=1.2947
  [train] step=  5999 loss=1.2923
  [train] step=     0 loss=2.2486
  [train] step=   300 loss=2.1586
  [train] step=   600 loss=1.6422
  [train] step=   900 loss=1.4072
  [train] step=  1200 loss=1.3466
  [train] step=  1500 loss=1.3328
  [train] step=  1800 loss=1.3148
  [train] step=  2100 loss=1.3088
  [train] step=  2400 loss=1.3030
  [train] step=  2700 loss=1.3020
  [train] step=  3000 loss=1.2942
  [train] step=  3300 loss=1.2923
  [train] step=  3600 loss=1.2851
  [train] step=  3900 loss=1.2885
  [train] step=  4200 loss=1.2934
  [train] step=  4500 loss=1.2926
  [train] step=  4800 loss=1.2856
  [train] step=  5100 loss=1.2872
  [train] step=  5400 loss=1.2890
  [train] step=  5700 loss=1.2830
  [train] step=  5999 loss=1.2762
  [train] step=     0 loss=11.2549
  [train] step=   300 loss=11.0239
  [train] step=   600 loss=9.7145
  [train] step=   900 loss=9.3538
  [train] step=  1200 loss=9.3057
  [train] step=  1500 loss=9.3341
  [train] step=  1800 loss=9.3442
  [train] step=  2100 loss=9.3517
  [train] step=  2400 loss=9.3136
  [train] step=  2700 loss=9.3168
  [train] step=  3000 loss=9.2947
  [train] step=  3300 loss=9.3192
  [train] step=  3600 loss=9.3179
  [train] step=  3900 loss=9.2952
  [train] step=  4200 loss=9.3425
  [train] step=  4500 loss=9.3143
  [train] step=  4800 loss=9.3402
  [train] step=  5100 loss=9.2788
  [train] step=  5400 loss=9.3333
  [train] step=  5700 loss=9.2549
  [train] step=  5999 loss=9.3106
  [train] step=     0 loss=2.2607
  [train] step=   300 loss=2.1493
  [train] step=   600 loss=1.7082
  [train] step=   900 loss=1.6238
  [train] step=  1200 loss=1.5558
  [train] step=  1500 loss=1.5661
  [train] step=  1800 loss=1.6128
  [train] step=  2100 loss=1.5799
  [train] step=  2400 loss=1.5832
  [train] step=  2700 loss=1.5828
  [train] step=  3000 loss=1.5758
  [train] step=  3300 loss=1.5858
  [train] step=  3600 loss=1.5502
  [train] step=  3900 loss=1.5607
  [train] step=  4200 loss=1.5435
  [train] step=  4500 loss=1.5626
  [train] step=  4800 loss=1.5825
  [train] step=  5100 loss=1.5819
  [train] step=  5400 loss=1.5658
  [train] step=  5700 loss=1.5792
  [train] step=  5999 loss=1.5981
  [train] step=     0 loss=2.2599
  [train] step=   300 loss=2.1186
  [train] step=   600 loss=1.8588
  [train] step=   900 loss=1.7787
  [train] step=  1200 loss=1.7840
  [train] step=  1500 loss=1.7143
  [train] step=  1800 loss=1.7380
  [train] step=  2100 loss=1.7214
  [train] step=  2400 loss=1.6960
  [train] step=  2700 loss=1.7457
  [train] step=  3000 loss=1.7164
  [train] step=  3300 loss=1.7184
  [train] step=  3600 loss=1.7111
  [train] step=  3900 loss=1.7263
  [train] step=  4200 loss=1.6983
  [train] step=  4500 loss=1.7252
  [train] step=  4800 loss=1.7507
  [train] step=  5100 loss=1.7651
  [train] step=  5400 loss=1.7554
  [train] step=  5700 loss=1.7481
  [train] step=  5999 loss=1.7029
  [train] step=     0 loss=2.2075
  [train] step=   300 loss=2.1343
  [train] step=   600 loss=1.7129
  [train] step=   900 loss=1.3994
  [train] step=  1200 loss=1.3443
  [train] step=  1500 loss=1.3289
  [train] step=  1800 loss=1.3399
  [train] step=  2100 loss=1.3161
  [train] step=  2400 loss=1.3181
  [train] step=  2700 loss=1.3304
  [train] step=  3000 loss=1.3364
  [train] step=  3300 loss=1.3325
  [train] step=  3600 loss=1.3143
  [train] step=  3900 loss=1.3153
  [train] step=  4200 loss=1.3150
  [train] step=  4500 loss=1.3205
  [train] step=  4800 loss=1.3085
  [train] step=  5100 loss=1.3341
  [train] step=  5400 loss=1.3169
  [train] step=  5700 loss=1.3200
  [train] step=  5999 loss=1.3118
  [train] step=     0 loss=2.1893
  [train] step=   300 loss=2.1787
  [train] step=   600 loss=2.1749
  [train] step=   900 loss=2.1551
  [train] step=  1200 loss=2.1421
  [train] step=  1500 loss=2.1139
  [train] step=  1800 loss=2.0887
  [train] step=  2100 loss=2.0983
  [train] step=  2400 loss=2.0617
  [train] step=  2700 loss=2.0443
  [train] step=  3000 loss=2.0511
  [train] step=  3300 loss=2.0562
  [train] step=  3600 loss=2.0469
  [train] step=  3900 loss=2.0564
  [train] step=  4200 loss=2.0297
  [train] step=  4500 loss=2.0148
  [train] step=  4800 loss=2.0359
  [train] step=  5100 loss=2.0363
  [train] step=  5400 loss=2.0232
  [train] step=  5700 loss=2.0094
  [train] step=  5999 loss=2.0514
  [train] step=     0 loss=2.1759
  [train] step=   300 loss=1.8366
  [train] step=   600 loss=1.4073
  [train] step=   900 loss=1.3207
  [train] step=  1200 loss=1.2951
  [train] step=  1500 loss=1.2848
  [train] step=  1800 loss=1.2912
  [train] step=  2100 loss=1.2816
  [train] step=  2400 loss=1.2784
  [train] step=  2700 loss=1.2706
  [train] step=  3000 loss=1.2763
  [train] step=  3300 loss=1.2617
  [train] step=  3600 loss=1.2713
  [train] step=  3900 loss=1.2742
  [train] step=  4200 loss=1.2686
  [train] step=  4500 loss=1.2625
  [train] step=  4800 loss=1.2622
  [train] step=  5100 loss=1.2718
  [train] step=  5400 loss=1.2619
  [train] step=  5700 loss=1.2673
  [train] step=  5999 loss=1.2662
  [train] step=     0 loss=2.2211
  [train] step=   300 loss=2.1176
  [train] step=   600 loss=1.6593
  [train] step=   900 loss=1.3937
  [train] step=  1200 loss=1.3697
  [train] step=  1500 loss=1.3489
  [train] step=  1800 loss=1.3409
  [train] step=  2100 loss=1.3580
  [train] step=  2400 loss=1.3539
  [train] step=  2700 loss=1.3508
  [train] step=  3000 loss=1.3481
  [train] step=  3300 loss=1.3392
  [train] step=  3600 loss=1.3450
  [train] step=  3900 loss=1.3537
  [train] step=  4200 loss=1.3492
  [train] step=  4500 loss=1.3440
  [train] step=  4800 loss=1.3506
  [train] step=  5100 loss=1.3504
  [train] step=  5400 loss=1.3516
  [train] step=  5700 loss=1.3395
  [train] step=  5999 loss=1.3459
  [train] step=     0 loss=2.1738
  [train] step=   300 loss=1.9865
  [train] step=   600 loss=1.4580
  [train] step=   900 loss=1.2941
  [train] step=  1200 loss=1.2679
  [train] step=  1500 loss=1.2534
  [train] step=  1800 loss=1.2429
  [train] step=  2100 loss=1.2483
  [train] step=  2400 loss=1.2449
  [train] step=  2700 loss=1.2366
  [train] step=  3000 loss=1.2486
  [train] step=  3300 loss=1.2375
  [train] step=  3600 loss=1.2374
  [train] step=  3900 loss=1.2490
  [train] step=  4200 loss=1.2429
  [train] step=  4500 loss=1.2390
  [train] step=  4800 loss=1.2375
  [train] step=  5100 loss=1.2372
  [train] step=  5400 loss=1.2384
  [train] step=  5700 loss=1.2311
  [train] step=  5999 loss=1.2377
  [train] step=     0 loss=2.2504
  [train] step=   300 loss=2.0932
  [train] step=   600 loss=1.4964
  [train] step=   900 loss=1.3823
  [train] step=  1200 loss=1.3457
  [train] step=  1500 loss=1.3409
  [train] step=  1800 loss=1.3489
  [train] step=  2100 loss=1.3406
  [train] step=  2400 loss=1.3403
  [train] step=  2700 loss=1.3377
  [train] step=  3000 loss=1.3413
  [train] step=  3300 loss=1.3378
  [train] step=  3600 loss=1.3357
  [train] step=  3900 loss=1.3420
  [train] step=  4200 loss=1.3401
  [train] step=  4500 loss=1.3389
  [train] step=  4800 loss=1.3391
  [train] step=  5100 loss=1.3290
  [train] step=  5400 loss=1.3333
  [train] step=  5700 loss=1.3404
  [train] step=  5999 loss=1.3444
  [train] step=     0 loss=2.2710
  [train] step=   300 loss=2.1034
  [train] step=   600 loss=1.5708
  [train] step=   900 loss=1.4303
  [train] step=  1200 loss=1.3789
  [train] step=  1500 loss=1.3617
  [train] step=  1800 loss=1.3514
  [train] step=  2100 loss=1.3465
  [train] step=  2400 loss=1.3349
  [train] step=  2700 loss=1.3406
  [train] step=  3000 loss=1.3283
  [train] step=  3300 loss=1.3318
  [train] step=  3600 loss=1.3274
  [train] step=  3900 loss=1.3116
  [train] step=  4200 loss=1.3413
  [train] step=  4500 loss=1.3289
  [train] step=  4800 loss=1.3211
  [train] step=  5100 loss=1.3324
  [train] step=  5400 loss=1.3286
  [train] step=  5700 loss=1.3260
  [train] step=  5999 loss=1.3323
  [train] step=     0 loss=2.2570
  [train] step=   300 loss=2.2645
  [train] step=   600 loss=2.2380
  [train] step=   900 loss=2.1514
  [train] step=  1200 loss=2.0706
  [train] step=  1500 loss=2.0631
  [train] step=  1800 loss=2.0569
  [train] step=  2100 loss=2.0762
  [train] step=  2400 loss=2.0351
  [train] step=  2700 loss=2.0705
  [train] step=  3000 loss=2.0437
  [train] step=  3300 loss=2.0513
  [train] step=  3600 loss=2.0350
  [train] step=  3900 loss=2.0446
  [train] step=  4200 loss=2.0301
  [train] step=  4500 loss=2.0438
  [train] step=  4800 loss=2.0483
  [train] step=  5100 loss=2.0463
  [train] step=  5400 loss=2.0603
  [train] step=  5700 loss=2.0470
  [train] step=  5999 loss=2.0532
  [train] step=     0 loss=2.2088
  [train] step=   300 loss=2.1261
  [train] step=   600 loss=1.6779
  [train] step=   900 loss=1.4986
  [train] step=  1200 loss=1.4743
  [train] step=  1500 loss=1.4699
  [train] step=  1800 loss=1.4701
  [train] step=  2100 loss=1.4821
  [train] step=  2400 loss=1.4628
  [train] step=  2700 loss=1.4501
  [train] step=  3000 loss=1.4719
  [train] step=  3300 loss=1.4689
  [train] step=  3600 loss=1.4505
  [train] step=  3900 loss=1.4777
  [train] step=  4200 loss=1.4692
  [train] step=  4500 loss=1.4552
  [train] step=  4800 loss=1.4672
  [train] step=  5100 loss=1.4593
  [train] step=  5400 loss=1.4688
  [train] step=  5700 loss=1.4555
  [train] step=  5999 loss=1.4576
  [train] step=     0 loss=2.2288
  [train] step=   300 loss=2.0289
  [train] step=   600 loss=1.5056
  [train] step=   900 loss=1.3943
  [train] step=  1200 loss=1.3546
  [train] step=  1500 loss=1.3399
  [train] step=  1800 loss=1.3470
  [train] step=  2100 loss=1.3382
  [train] step=  2400 loss=1.3315
  [train] step=  2700 loss=1.3341
  [train] step=  3000 loss=1.3271
  [train] step=  3300 loss=1.3327
  [train] step=  3600 loss=1.3277
  [train] step=  3900 loss=1.3419
  [train] step=  4200 loss=1.3425
  [train] step=  4500 loss=1.3344
  [train] step=  4800 loss=1.3340
  [train] step=  5100 loss=1.3333
  [train] step=  5400 loss=1.3275
  [train] step=  5700 loss=1.3312
  [train] step=  5999 loss=1.3311
  [train] step=     0 loss=2.2785
  [train] step=   300 loss=2.1179
  [train] step=   600 loss=1.7730
  [train] step=   900 loss=1.6429
  [train] step=  1200 loss=1.6097
  [train] step=  1500 loss=1.7262
  [train] step=  1800 loss=1.6336
  [train] step=  2100 loss=1.6591
  [train] step=  2400 loss=1.7133
  [train] step=  2700 loss=1.6342
  [train] step=  3000 loss=1.6587
  [train] step=  3300 loss=1.6782
  [train] step=  3600 loss=1.7005
  [train] step=  3900 loss=1.5705
  [train] step=  4200 loss=1.6448
  [train] step=  4500 loss=1.6857
  [train] step=  4800 loss=1.6962
  [train] step=  5100 loss=1.6497
  [train] step=  5400 loss=1.6413
  [train] step=  5700 loss=1.6628
  [train] step=  5999 loss=1.6234
  [train] step=     0 loss=2.2270
  [train] step=   300 loss=2.1305
  [train] step=   600 loss=1.6382
  [train] step=   900 loss=1.4209
  [train] step=  1200 loss=1.3187
  [train] step=  1500 loss=1.2956
  [train] step=  1800 loss=1.2946
  [train] step=  2100 loss=1.2871
  [train] step=  2400 loss=1.2920
  [train] step=  2700 loss=1.2813
  [train] step=  3000 loss=1.2883
  [train] step=  3300 loss=1.2950
  [train] step=  3600 loss=1.2790
  [train] step=  3900 loss=1.2886
  [train] step=  4200 loss=1.2881
  [train] step=  4500 loss=1.2875
  [train] step=  4800 loss=1.2856
  [train] step=  5100 loss=1.2813
  [train] step=  5400 loss=1.2797
  [train] step=  5700 loss=1.2862
  [train] step=  5999 loss=1.2843
  [train] step=     0 loss=2.2036
  [train] step=   300 loss=2.2075
  [train] step=   600 loss=2.1884
  [train] step=   900 loss=2.1717
  [train] step=  1200 loss=2.1389
  [train] step=  1500 loss=2.1357
  [train] step=  1800 loss=2.1101
  [train] step=  2100 loss=2.1192
  [train] step=  2400 loss=2.1072
  [train] step=  2700 loss=2.1097
  [train] step=  3000 loss=2.0719
  [train] step=  3300 loss=2.1054
  [train] step=  3600 loss=2.0944
  [train] step=  3900 loss=2.0700
  [train] step=  4200 loss=2.0718
  [train] step=  4500 loss=2.0823
  [train] step=  4800 loss=2.0913
  [train] step=  5100 loss=2.0892
  [train] step=  5400 loss=2.0991
  [train] step=  5700 loss=2.0769
  [train] step=  5999 loss=2.0750
  [train] step=     0 loss=2.0846
  [train] step=   300 loss=1.9507
  [train] step=   600 loss=1.4539
  [train] step=   900 loss=1.2633
  [train] step=  1200 loss=1.2433
  [train] step=  1500 loss=1.2416
  [train] step=  1800 loss=1.2456
  [train] step=  2100 loss=1.2292
  [train] step=  2400 loss=1.2438
  [train] step=  2700 loss=1.2424
  [train] step=  3000 loss=1.2374
  [train] step=  3300 loss=1.2355
  [train] step=  3600 loss=1.2342
  [train] step=  3900 loss=1.2313
  [train] step=  4200 loss=1.2386
  [train] step=  4500 loss=1.2404
  [train] step=  4800 loss=1.2236
  [train] step=  5100 loss=1.2309
  [train] step=  5400 loss=1.2432
  [train] step=  5700 loss=1.2297
  [train] step=  5999 loss=1.2286
  [train] step=     0 loss=2.2345
  [train] step=   300 loss=2.1167
  [train] step=   600 loss=1.6365
  [train] step=   900 loss=1.3916
  [train] step=  1200 loss=1.3570
  [train] step=  1500 loss=1.3553
  [train] step=  1800 loss=1.3510
  [train] step=  2100 loss=1.3572
  [train] step=  2400 loss=1.3484
  [train] step=  2700 loss=1.3410
  [train] step=  3000 loss=1.3578
  [train] step=  3300 loss=1.3419
  [train] step=  3600 loss=1.3397
  [train] step=  3900 loss=1.3433
  [train] step=  4200 loss=1.3507
  [train] step=  4500 loss=1.3506
  [train] step=  4800 loss=1.3395
  [train] step=  5100 loss=1.3399
  [train] step=  5400 loss=1.3501
  [train] step=  5700 loss=1.3573
  [train] step=  5999 loss=1.3388
  [train] step=     0 loss=2.2374
  [train] step=   300 loss=2.2064
  [train] step=   600 loss=2.1598
  [train] step=   900 loss=1.9112
  [train] step=  1200 loss=1.7844
  [train] step=  1500 loss=1.7528
  [train] step=  1800 loss=1.7505
  [train] step=  2100 loss=1.7192
  [train] step=  2400 loss=1.7075
  [train] step=  2700 loss=1.7122
  [train] step=  3000 loss=1.6975
  [train] step=  3300 loss=1.7143
  [train] step=  3600 loss=1.7335
  [train] step=  3900 loss=1.7092
  [train] step=  4200 loss=1.7261
  [train] step=  4500 loss=1.7272
  [train] step=  4800 loss=1.6880
  [train] step=  5100 loss=1.6869
  [train] step=  5400 loss=1.6985
  [train] step=  5700 loss=1.7204
  [train] step=  5999 loss=1.7053
  [train] step=     0 loss=2.2459
  [train] step=   300 loss=2.0696
  [train] step=   600 loss=1.5246
  [train] step=   900 loss=1.3724
  [train] step=  1200 loss=1.3449
  [train] step=  1500 loss=1.3565
  [train] step=  1800 loss=1.3579
  [train] step=  2100 loss=1.3506
  [train] step=  2400 loss=1.3463
  [train] step=  2700 loss=1.3391
  [train] step=  3000 loss=1.3374
  [train] step=  3300 loss=1.3452
  [train] step=  3600 loss=1.3327
  [train] step=  3900 loss=1.3382
  [train] step=  4200 loss=1.3342
  [train] step=  4500 loss=1.3360
  [train] step=  4800 loss=1.3392
  [train] step=  5100 loss=1.3409
  [train] step=  5400 loss=1.3361
  [train] step=  5700 loss=1.3366
  [train] step=  5999 loss=1.3251
  [train] step=     0 loss=2.2646
  [train] step=   300 loss=2.0534
  [train] step=   600 loss=1.5129
  [train] step=   900 loss=1.3730
  [train] step=  1200 loss=1.3429
  [train] step=  1500 loss=1.3349
  [train] step=  1800 loss=1.3216
  [train] step=  2100 loss=1.3331
  [train] step=  2400 loss=1.3194
  [train] step=  2700 loss=1.3179
  [train] step=  3000 loss=1.3127
  [train] step=  3300 loss=1.3170
  [train] step=  3600 loss=1.3245
  [train] step=  3900 loss=1.3239
  [train] step=  4200 loss=1.3218
  [train] step=  4500 loss=1.3227
  [train] step=  4800 loss=1.3203
  [train] step=  5100 loss=1.3186
  [train] step=  5400 loss=1.3123
  [train] step=  5700 loss=1.3142
  [train] step=  5999 loss=1.3175
  [train] step=     0 loss=2.2659
  [train] step=   300 loss=2.1155
  [train] step=   600 loss=1.5390
  [train] step=   900 loss=1.3769
  [train] step=  1200 loss=1.3309
  [train] step=  1500 loss=1.3298
  [train] step=  1800 loss=1.3287
  [train] step=  2100 loss=1.3148
  [train] step=  2400 loss=1.3315
  [train] step=  2700 loss=1.3113
  [train] step=  3000 loss=1.3070
  [train] step=  3300 loss=1.3084
  [train] step=  3600 loss=1.3055
  [train] step=  3900 loss=1.3061
  [train] step=  4200 loss=1.3057
  [train] step=  4500 loss=1.3093
  [train] step=  4800 loss=1.2997
  [train] step=  5100 loss=1.3082
  [train] step=  5400 loss=1.3093
  [train] step=  5700 loss=1.2975
  [train] step=  5999 loss=1.2926
  [train] step=     0 loss=2.2041
  [train] step=   300 loss=2.1022
  [train] step=   600 loss=1.6560
  [train] step=   900 loss=1.5261
  [train] step=  1200 loss=1.4979
  [train] step=  1500 loss=1.4803
  [train] step=  1800 loss=1.4517
  [train] step=  2100 loss=1.4578
  [train] step=  2400 loss=1.4572
  [train] step=  2700 loss=1.4543
  [train] step=  3000 loss=1.4578
  [train] step=  3300 loss=1.4327
  [train] step=  3600 loss=1.4439
  [train] step=  3900 loss=1.4502
  [train] step=  4200 loss=1.4459
  [train] step=  4500 loss=1.4434
  [train] step=  4800 loss=1.4288
  [train] step=  5100 loss=1.4394
  [train] step=  5400 loss=1.4390
  [train] step=  5700 loss=1.4423
  [train] step=  5999 loss=1.4550
  [train] step=     0 loss=2.2658
  [train] step=   300 loss=2.0800
  [train] step=   600 loss=1.7656
  [train] step=   900 loss=1.7109
  [train] step=  1200 loss=1.6656
  [train] step=  1500 loss=1.7137
  [train] step=  1800 loss=1.6637
  [train] step=  2100 loss=1.6945
  [train] step=  2400 loss=1.6752
  [train] step=  2700 loss=1.6984
  [train] step=  3000 loss=1.6762
  [train] step=  3300 loss=1.7021
  [train] step=  3600 loss=1.7080
  [train] step=  3900 loss=1.6481
  [train] step=  4200 loss=1.6878
  [train] step=  4500 loss=1.6786
  [train] step=  4800 loss=1.6763
  [train] step=  5100 loss=1.6806
  [train] step=  5400 loss=1.6217
  [train] step=  5700 loss=1.6341
  [train] step=  5999 loss=1.6763
  [train] step=     0 loss=2.2672
  [train] step=   300 loss=2.2623
  [train] step=   600 loss=2.2614
  [train] step=   900 loss=2.2226
  [train] step=  1200 loss=2.1620
  [train] step=  1500 loss=2.1778
  [train] step=  1800 loss=2.1530
  [train] step=  2100 loss=2.1948
  [train] step=  2400 loss=2.1069
  [train] step=  2700 loss=2.1374
  [train] step=  3000 loss=2.1508
  [train] step=  3300 loss=2.1522
  [train] step=  3600 loss=2.1417
  [train] step=  3900 loss=2.1711
  [train] step=  4200 loss=2.1498
  [train] step=  4500 loss=2.1441
  [train] step=  4800 loss=2.1167
  [train] step=  5100 loss=2.1314
  [train] step=  5400 loss=2.1417
  [train] step=  5700 loss=2.1498
  [train] step=  5999 loss=2.1456
  [train] step=     0 loss=2.1669
  [train] step=   300 loss=2.0266
  [train] step=   600 loss=1.5986
  [train] step=   900 loss=1.3885
  [train] step=  1200 loss=1.2950
  [train] step=  1500 loss=1.3121
  [train] step=  1800 loss=1.3009
  [train] step=  2100 loss=1.2938
  [train] step=  2400 loss=1.2873
  [train] step=  2700 loss=1.2794
  [train] step=  3000 loss=1.2785
  [train] step=  3300 loss=1.2778
  [train] step=  3600 loss=1.2782
  [train] step=  3900 loss=1.2796
  [train] step=  4200 loss=1.2791
  [train] step=  4500 loss=1.2840
  [train] step=  4800 loss=1.2811
  [train] step=  5100 loss=1.2832
  [train] step=  5400 loss=1.2775
  [train] step=  5700 loss=1.2786
  [train] step=  5999 loss=1.2773
  [train] step=     0 loss=2.2313
  [train] step=   300 loss=2.0668
  [train] step=   600 loss=1.4420
  [train] step=   900 loss=1.3233
  [train] step=  1200 loss=1.2920
  [train] step=  1500 loss=1.2937
  [train] step=  1800 loss=1.2908
  [train] step=  2100 loss=1.2846
  [train] step=  2400 loss=1.2898
  [train] step=  2700 loss=1.2821
  [train] step=  3000 loss=1.2786
  [train] step=  3300 loss=1.2772
  [train] step=  3600 loss=1.2730
  [train] step=  3900 loss=1.2726
  [train] step=  4200 loss=1.2753
  [train] step=  4500 loss=1.2778
  [train] step=  4800 loss=1.2694
  [train] step=  5100 loss=1.2710
  [train] step=  5400 loss=1.2739
  [train] step=  5700 loss=1.2680
  [train] step=  5999 loss=1.2593
  [train] step=     0 loss=11.3830
  [train] step=   300 loss=11.2856
  [train] step=   600 loss=10.1560
  [train] step=   900 loss=9.6866
  [train] step=  1200 loss=9.6116
  [train] step=  1500 loss=9.6273
  [train] step=  1800 loss=9.6246
  [train] step=  2100 loss=9.6154
  [train] step=  2400 loss=9.5916
  [train] step=  2700 loss=9.6286
  [train] step=  3000 loss=9.5928
  [train] step=  3300 loss=9.6173
  [train] step=  3600 loss=9.6419
  [train] step=  3900 loss=9.5886
  [train] step=  4200 loss=9.5929
  [train] step=  4500 loss=9.5490
  [train] step=  4800 loss=9.5898
  [train] step=  5100 loss=9.5841
  [train] step=  5400 loss=9.6068
  [train] step=  5700 loss=9.5331
  [train] step=  5999 loss=9.5938
  [train] step=     0 loss=2.2556
  [train] step=   300 loss=2.1422
  [train] step=   600 loss=1.6578
  [train] step=   900 loss=1.5803
  [train] step=  1200 loss=1.5215
  [train] step=  1500 loss=1.5088
  [train] step=  1800 loss=1.5536
  [train] step=  2100 loss=1.5399
  [train] step=  2400 loss=1.5112
  [train] step=  2700 loss=1.5396
  [train] step=  3000 loss=1.5211
  [train] step=  3300 loss=1.5193
  [train] step=  3600 loss=1.5260
  [train] step=  3900 loss=1.5033
  [train] step=  4200 loss=1.5256
  [train] step=  4500 loss=1.5451
  [train] step=  4800 loss=1.5192
  [train] step=  5100 loss=1.5471
  [train] step=  5400 loss=1.5168
  [train] step=  5700 loss=1.5565
  [train] step=  5999 loss=1.5323
  [train] step=     0 loss=2.2492
  [train] step=   300 loss=2.0477
  [train] step=   600 loss=1.7092
  [train] step=   900 loss=1.6177
  [train] step=  1200 loss=1.4992
  [train] step=  1500 loss=1.4157
  [train] step=  1800 loss=1.4083
  [train] step=  2100 loss=1.4363
  [train] step=  2400 loss=1.3791
  [train] step=  2700 loss=1.3842
  [train] step=  3000 loss=1.3726
  [train] step=  3300 loss=1.3852
  [train] step=  3600 loss=1.3765
  [train] step=  3900 loss=1.3816
  [train] step=  4200 loss=1.3807
  [train] step=  4500 loss=1.3947
  [train] step=  4800 loss=1.3879
  [train] step=  5100 loss=1.3797
  [train] step=  5400 loss=1.3931
  [train] step=  5700 loss=1.3775
  [train] step=  5999 loss=1.3735
  [train] step=     0 loss=2.1649
  [train] step=   300 loss=2.0715
  [train] step=   600 loss=1.6438
  [train] step=   900 loss=1.3896
  [train] step=  1200 loss=1.3359
  [train] step=  1500 loss=1.3260
  [train] step=  1800 loss=1.3305
  [train] step=  2100 loss=1.3136
  [train] step=  2400 loss=1.3156
  [train] step=  2700 loss=1.3294
  [train] step=  3000 loss=1.3358
  [train] step=  3300 loss=1.3315
  [train] step=  3600 loss=1.3139
  [train] step=  3900 loss=1.3170
  [train] step=  4200 loss=1.3206
  [train] step=  4500 loss=1.3202
  [train] step=  4800 loss=1.3126
  [train] step=  5100 loss=1.3244
  [train] step=  5400 loss=1.3142
  [train] step=  5700 loss=1.3196
  [train] step=  5999 loss=1.3176
  [train] step=     0 loss=2.2385
  [train] step=   300 loss=2.1544
  [train] step=   600 loss=1.5897
  [train] step=   900 loss=1.3906
  [train] step=  1200 loss=1.3257
  [train] step=  1500 loss=1.3012
  [train] step=  1800 loss=1.2950
  [train] step=  2100 loss=1.2901
  [train] step=  2400 loss=1.2788
  [train] step=  2700 loss=1.2861
  [train] step=  3000 loss=1.2780
  [train] step=  3300 loss=1.2835
  [train] step=  3600 loss=1.2861
  [train] step=  3900 loss=1.2780
  [train] step=  4200 loss=1.2795
  [train] step=  4500 loss=1.2883
  [train] step=  4800 loss=1.2853
  [train] step=  5100 loss=1.2805
  [train] step=  5400 loss=1.2772
  [train] step=  5700 loss=1.2834
  [train] step=  5999 loss=1.2786
  [train] step=     0 loss=2.2321
  [train] step=   300 loss=2.2126
  [train] step=   600 loss=2.1969
  [train] step=   900 loss=2.1769
  [train] step=  1200 loss=2.1641
  [train] step=  1500 loss=2.1476
  [train] step=  1800 loss=2.1335
  [train] step=  2100 loss=2.1083
  [train] step=  2400 loss=2.1158
  [train] step=  2700 loss=2.1170
  [train] step=  3000 loss=2.1078
  [train] step=  3300 loss=2.0947
  [train] step=  3600 loss=2.1087
  [train] step=  3900 loss=2.1060
  [train] step=  4200 loss=2.1290
  [train] step=  4500 loss=2.1159
  [train] step=  4800 loss=2.1222
  [train] step=  5100 loss=2.1160
  [train] step=  5400 loss=2.1173
  [train] step=  5700 loss=2.1367
  [train] step=  5999 loss=2.0649
  [train] step=     0 loss=2.1855
  [train] step=   300 loss=2.0644
  [train] step=   600 loss=1.6233
  [train] step=   900 loss=1.3904
  [train] step=  1200 loss=1.3723
  [train] step=  1500 loss=1.3496
  [train] step=  1800 loss=1.3407
  [train] step=  2100 loss=1.3556
  [train] step=  2400 loss=1.3557
  [train] step=  2700 loss=1.3393
  [train] step=  3000 loss=1.3546
  [train] step=  3300 loss=1.3437
  [train] step=  3600 loss=1.3445
  [train] step=  3900 loss=1.3522
  [train] step=  4200 loss=1.3566
  [train] step=  4500 loss=1.3533
  [train] step=  4800 loss=1.3525
  [train] step=  5100 loss=1.3446
  [train] step=  5400 loss=1.3425
  [train] step=  5700 loss=1.3411
  [train] step=  5999 loss=1.3469
  [train] step=     0 loss=2.2563
  [train] step=   300 loss=2.1100
  [train] step=   600 loss=1.5269
  [train] step=   900 loss=1.3744
  [train] step=  1200 loss=1.3505
  [train] step=  1500 loss=1.3437
  [train] step=  1800 loss=1.3462
  [train] step=  2100 loss=1.3422
  [train] step=  2400 loss=1.3410
  [train] step=  2700 loss=1.3312
  [train] step=  3000 loss=1.3329
  [train] step=  3300 loss=1.3430
  [train] step=  3600 loss=1.3301
  [train] step=  3900 loss=1.3392
  [train] step=  4200 loss=1.3427
  [train] step=  4500 loss=1.3361
  [train] step=  4800 loss=1.3364
  [train] step=  5100 loss=1.3405
  [train] step=  5400 loss=1.3287
  [train] step=  5700 loss=1.3469
  [train] step=  5999 loss=1.3380
  [train] step=     0 loss=2.2326
  [train] step=   300 loss=2.2300
  [train] step=   600 loss=2.2148
  [train] step=   900 loss=2.0707
  [train] step=  1200 loss=1.9763
  [train] step=  1500 loss=1.9352
  [train] step=  1800 loss=1.9318
  [train] step=  2100 loss=1.9660
  [train] step=  2400 loss=1.9581
  [train] step=  2700 loss=1.9392
  [train] step=  3000 loss=1.9368
  [train] step=  3300 loss=1.9417
  [train] step=  3600 loss=1.9374
  [train] step=  3900 loss=1.9193
  [train] step=  4200 loss=1.9183
  [train] step=  4500 loss=1.9243
  [train] step=  4800 loss=1.9475
  [train] step=  5100 loss=1.9323
  [train] step=  5400 loss=1.9125
  [train] step=  5700 loss=1.9397
  [train] step=  5999 loss=1.9353
  [train] step=     0 loss=2.2580
  [train] step=   300 loss=1.9562
  [train] step=   600 loss=1.3998
  [train] step=   900 loss=1.3114
  [train] step=  1200 loss=1.2939
  [train] step=  1500 loss=1.2848
  [train] step=  1800 loss=1.2828
  [train] step=  2100 loss=1.2761
  [train] step=  2400 loss=1.2701
  [train] step=  2700 loss=1.2703
  [train] step=  3000 loss=1.2683
  [train] step=  3300 loss=1.2656
  [train] step=  3600 loss=1.2601
  [train] step=  3900 loss=1.2486
  [train] step=  4200 loss=1.2707
  [train] step=  4500 loss=1.2599
  [train] step=  4800 loss=1.2519
  [train] step=  5100 loss=1.2584
  [train] step=  5400 loss=1.2546
  [train] step=  5700 loss=1.2533
  [train] step=  5999 loss=1.2597
  [train] step=     0 loss=2.2775
  [train] step=   300 loss=2.0251
  [train] step=   600 loss=1.4217
  [train] step=   900 loss=1.3153
  [train] step=  1200 loss=1.2945
  [train] step=  1500 loss=1.2898
  [train] step=  1800 loss=1.2831
  [train] step=  2100 loss=1.2819
  [train] step=  2400 loss=1.2824
  [train] step=  2700 loss=1.2790
  [train] step=  3000 loss=1.2774
  [train] step=  3300 loss=1.2777
  [train] step=  3600 loss=1.2780
  [train] step=  3900 loss=1.2796
  [train] step=  4200 loss=1.2710
  [train] step=  4500 loss=1.2688
  [train] step=  4800 loss=1.2742
  [train] step=  5100 loss=1.2680
  [train] step=  5400 loss=1.2690
  [train] step=  5700 loss=1.2648
  [train] step=  5999 loss=1.2750
  [train] step=     0 loss=2.2546
  [train] step=   300 loss=2.1262
  [train] step=   600 loss=1.7376
  [train] step=   900 loss=1.6409
  [train] step=  1200 loss=1.6220
  [train] step=  1500 loss=1.6277
  [train] step=  1800 loss=1.6272
  [train] step=  2100 loss=1.6140
  [train] step=  2400 loss=1.5868
  [train] step=  2700 loss=1.5958
  [train] step=  3000 loss=1.5997
  [train] step=  3300 loss=1.5959
  [train] step=  3600 loss=1.6125
  [train] step=  3900 loss=1.6064
  [train] step=  4200 loss=1.6357
  [train] step=  4500 loss=1.6007
  [train] step=  4800 loss=1.6102
  [train] step=  5100 loss=1.6084
  [train] step=  5400 loss=1.5972
  [train] step=  5700 loss=1.6213
  [train] step=  5999 loss=1.6085
  [train] step=     0 loss=2.2552
  [train] step=   300 loss=2.2655
  [train] step=   600 loss=2.2455
  [train] step=   900 loss=2.1843
  [train] step=  1200 loss=2.1427
  [train] step=  1500 loss=2.0919
  [train] step=  1800 loss=2.0958
  [train] step=  2100 loss=2.1131
  [train] step=  2400 loss=2.0904
  [train] step=  2700 loss=2.1228
  [train] step=  3000 loss=2.0739
  [train] step=  3300 loss=2.1044
  [train] step=  3600 loss=2.0934
  [train] step=  3900 loss=2.0956
  [train] step=  4200 loss=2.0736
  [train] step=  4500 loss=2.0757
  [train] step=  4800 loss=2.0758
  [train] step=  5100 loss=2.0676
  [train] step=  5400 loss=2.1044
  [train] step=  5700 loss=2.0922
  [train] step=  5999 loss=2.0852
  [train] step=     0 loss=2.0920
  [train] step=   300 loss=1.9189
  [train] step=   600 loss=1.4598
  [train] step=   900 loss=1.3148
  [train] step=  1200 loss=1.2854
  [train] step=  1500 loss=1.2590
  [train] step=  1800 loss=1.2371
  [train] step=  2100 loss=1.2402
  [train] step=  2400 loss=1.2335
  [train] step=  2700 loss=1.2203
  [train] step=  3000 loss=1.2321
  [train] step=  3300 loss=1.2213
  [train] step=  3600 loss=1.2238
  [train] step=  3900 loss=1.2310
  [train] step=  4200 loss=1.2237
  [train] step=  4500 loss=1.2204
  [train] step=  4800 loss=1.2168
  [train] step=  5100 loss=1.2176
  [train] step=  5400 loss=1.2178
  [train] step=  5700 loss=1.2116
  [train] step=  5999 loss=1.2170
  [train] step=     0 loss=2.1609
  [train] step=   300 loss=1.9316
  [train] step=   600 loss=1.4724
  [train] step=   900 loss=1.3571
  [train] step=  1200 loss=1.3176
  [train] step=  1500 loss=1.3005
  [train] step=  1800 loss=1.2872
  [train] step=  2100 loss=1.2743
  [train] step=  2400 loss=1.2737
  [train] step=  2700 loss=1.2748
  [train] step=  3000 loss=1.2677
  [train] step=  3300 loss=1.2674
  [train] step=  3600 loss=1.2605
  [train] step=  3900 loss=1.2481
  [train] step=  4200 loss=1.2720
  [train] step=  4500 loss=1.2615
  [train] step=  4800 loss=1.2527
  [train] step=  5100 loss=1.2643
  [train] step=  5400 loss=1.2589
  [train] step=  5700 loss=1.2573
  [train] step=  5999 loss=1.2653
  [train] step=     0 loss=2.1706
  [train] step=   300 loss=2.0869
  [train] step=   600 loss=1.6539
  [train] step=   900 loss=1.4061
  [train] step=  1200 loss=1.3551
  [train] step=  1500 loss=1.3565
  [train] step=  1800 loss=1.3543
  [train] step=  2100 loss=1.3430
  [train] step=  2400 loss=1.3573
  [train] step=  2700 loss=1.3553
  [train] step=  3000 loss=1.3417
  [train] step=  3300 loss=1.3614
  [train] step=  3600 loss=1.3553
  [train] step=  3900 loss=1.3539
  [train] step=  4200 loss=1.3603
  [train] step=  4500 loss=1.3650
  [train] step=  4800 loss=1.3374
  [train] step=  5100 loss=1.3570
  [train] step=  5400 loss=1.3700
  [train] step=  5700 loss=1.3590
  [train] step=  5999 loss=1.3479
  [train] step=     0 loss=11.3669
  [train] step=   300 loss=11.2247
  [train] step=   600 loss=10.2543
  [train] step=   900 loss=9.7183
  [train] step=  1200 loss=9.6114
  [train] step=  1500 loss=9.6178
  [train] step=  1800 loss=9.5916
  [train] step=  2100 loss=9.5542
  [train] step=  2400 loss=9.6108
  [train] step=  2700 loss=9.5803
  [train] step=  3000 loss=9.5472
  [train] step=  3300 loss=9.6003
  [train] step=  3600 loss=9.5815
  [train] step=  3900 loss=9.6029
  [train] step=  4200 loss=9.6211
  [train] step=  4500 loss=9.5611
  [train] step=  4800 loss=9.5800
  [train] step=  5100 loss=9.5840
  [train] step=  5400 loss=9.5700
  [train] step=  5700 loss=9.6202
  [train] step=  5999 loss=9.6413
  [train] step=     0 loss=2.2675
  [train] step=   300 loss=2.0745
  [train] step=   600 loss=1.4975
  [train] step=   900 loss=1.3668
  [train] step=  1200 loss=1.3408
  [train] step=  1500 loss=1.3438
  [train] step=  1800 loss=1.3199
  [train] step=  2100 loss=1.3233
  [train] step=  2400 loss=1.3200
  [train] step=  2700 loss=1.3195
  [train] step=  3000 loss=1.3098
  [train] step=  3300 loss=1.3239
  [train] step=  3600 loss=1.3184
  [train] step=  3900 loss=1.3165
  [train] step=  4200 loss=1.3187
  [train] step=  4500 loss=1.3166
  [train] step=  4800 loss=1.3126
  [train] step=  5100 loss=1.3136
  [train] step=  5400 loss=1.3048
  [train] step=  5700 loss=1.3091
  [train] step=  5999 loss=1.3062
  [train] step=     0 loss=2.2650
  [train] step=   300 loss=2.1028
  [train] step=   600 loss=1.5258
  [train] step=   900 loss=1.3569
  [train] step=  1200 loss=1.3287
  [train] step=  1500 loss=1.3286
  [train] step=  1800 loss=1.3280
  [train] step=  2100 loss=1.3216
  [train] step=  2400 loss=1.3280
  [train] step=  2700 loss=1.3143
  [train] step=  3000 loss=1.3096
  [train] step=  3300 loss=1.3101
  [train] step=  3600 loss=1.3093
  [train] step=  3900 loss=1.3093
  [train] step=  4200 loss=1.3065
  [train] step=  4500 loss=1.3090
  [train] step=  4800 loss=1.3019
  [train] step=  5100 loss=1.3053
  [train] step=  5400 loss=1.3079
  [train] step=  5700 loss=1.3015
  [train] step=  5999 loss=1.2934
  [train] step=     0 loss=2.1750
  [train] step=   300 loss=2.0162
  [train] step=   600 loss=1.5009
  [train] step=   900 loss=1.3290
  [train] step=  1200 loss=1.3040
  [train] step=  1500 loss=1.3001
  [train] step=  1800 loss=1.2921
  [train] step=  2100 loss=1.3016
  [train] step=  2400 loss=1.2938
  [train] step=  2700 loss=1.2884
  [train] step=  3000 loss=1.3001
  [train] step=  3300 loss=1.2794
  [train] step=  3600 loss=1.2831
  [train] step=  3900 loss=1.2881
  [train] step=  4200 loss=1.2914
  [train] step=  4500 loss=1.2852
  [train] step=  4800 loss=1.2870
  [train] step=  5100 loss=1.2751
  [train] step=  5400 loss=1.2886
  [train] step=  5700 loss=1.2900
  [train] step=  5999 loss=1.2945
  [train] step=     0 loss=2.2640
  [train] step=   300 loss=2.0643
  [train] step=   600 loss=1.7514
  [train] step=   900 loss=1.7503
  [train] step=  1200 loss=1.6916
  [train] step=  1500 loss=1.7557
  [train] step=  1800 loss=1.7015
  [train] step=  2100 loss=1.6950
  [train] step=  2400 loss=1.6953
  [train] step=  2700 loss=1.6879
  [train] step=  3000 loss=1.7069
  [train] step=  3300 loss=1.7061
  [train] step=  3600 loss=1.6990
  [train] step=  3900 loss=1.6624
  [train] step=  4200 loss=1.7327
  [train] step=  4500 loss=1.6955
  [train] step=  4800 loss=1.7263
  [train] step=  5100 loss=1.7015
  [train] step=  5400 loss=1.7189
  [train] step=  5700 loss=1.6978
  [train] step=  5999 loss=1.7016
  [train] step=     0 loss=2.2062
  [train] step=   300 loss=2.1143
  [train] step=   600 loss=1.6878
  [train] step=   900 loss=1.3989
  [train] step=  1200 loss=1.3516
  [train] step=  1500 loss=1.3374
  [train] step=  1800 loss=1.3251
  [train] step=  2100 loss=1.3379
  [train] step=  2400 loss=1.3327
  [train] step=  2700 loss=1.3250
  [train] step=  3000 loss=1.3345
  [train] step=  3300 loss=1.3068
  [train] step=  3600 loss=1.3141
  [train] step=  3900 loss=1.3274
  [train] step=  4200 loss=1.3337
  [train] step=  4500 loss=1.3148
  [train] step=  4800 loss=1.3199
  [train] step=  5100 loss=1.3171
  [train] step=  5400 loss=1.3208
  [train] step=  5700 loss=1.3303
  [train] step=  5999 loss=1.3344
  [train] step=     0 loss=2.1486
  [train] step=   300 loss=1.9610
  [train] step=   600 loss=1.4449
  [train] step=   900 loss=1.3158
  [train] step=  1200 loss=1.2723
  [train] step=  1500 loss=1.2791
  [train] step=  1800 loss=1.2599
  [train] step=  2100 loss=1.2540
  [train] step=  2400 loss=1.2483
  [train] step=  2700 loss=1.2401
  [train] step=  3000 loss=1.2367
  [train] step=  3300 loss=1.2386
  [train] step=  3600 loss=1.2380
  [train] step=  3900 loss=1.2418
  [train] step=  4200 loss=1.2362
  [train] step=  4500 loss=1.2419
  [train] step=  4800 loss=1.2361
  [train] step=  5100 loss=1.2370
  [train] step=  5400 loss=1.2280
  [train] step=  5700 loss=1.2311
  [train] step=  5999 loss=1.2295
  [train] step=     0 loss=2.1788
  [train] step=   300 loss=1.8435
  [train] step=   600 loss=1.3825
  [train] step=   900 loss=1.3230
  [train] step=  1200 loss=1.2921
  [train] step=  1500 loss=1.2940
  [train] step=  1800 loss=1.2878
  [train] step=  2100 loss=1.2815
  [train] step=  2400 loss=1.2855
  [train] step=  2700 loss=1.2751
  [train] step=  3000 loss=1.2705
  [train] step=  3300 loss=1.2673
  [train] step=  3600 loss=1.2640
  [train] step=  3900 loss=1.2617
  [train] step=  4200 loss=1.2664
  [train] step=  4500 loss=1.2660
  [train] step=  4800 loss=1.2566
  [train] step=  5100 loss=1.2593
  [train] step=  5400 loss=1.2612
  [train] step=  5700 loss=1.2566
  [train] step=  5999 loss=1.2466
  [train] step=     0 loss=11.3307
  [train] step=   300 loss=11.3027
  [train] step=   600 loss=11.1776
  [train] step=   900 loss=10.7405
  [train] step=  1200 loss=10.4914
  [train] step=  1500 loss=10.4411
  [train] step=  1800 loss=10.4016
  [train] step=  2100 loss=10.3817
  [train] step=  2400 loss=10.3701
  [train] step=  2700 loss=10.3544
  [train] step=  3000 loss=10.3479
  [train] step=  3300 loss=10.3544
  [train] step=  3600 loss=10.3598
  [train] step=  3900 loss=10.3037
  [train] step=  4200 loss=10.2861
  [train] step=  4500 loss=10.3032
  [train] step=  4800 loss=10.3078
  [train] step=  5100 loss=10.2965
  [train] step=  5400 loss=10.3156
  [train] step=  5700 loss=10.2910
  [train] step=  5999 loss=10.2959
  [train] step=     0 loss=2.2444
  [train] step=   300 loss=2.1178
  [train] step=   600 loss=1.7683
  [train] step=   900 loss=1.6827
  [train] step=  1200 loss=1.6298
  [train] step=  1500 loss=1.6380
  [train] step=  1800 loss=1.7304
  [train] step=  2100 loss=1.6514
  [train] step=  2400 loss=1.6789
  [train] step=  2700 loss=1.6698
  [train] step=  3000 loss=1.6459
  [train] step=  3300 loss=1.6568
  [train] step=  3600 loss=1.6389
  [train] step=  3900 loss=1.6661
  [train] step=  4200 loss=1.6313
  [train] step=  4500 loss=1.6372
  [train] step=  4800 loss=1.6898
  [train] step=  5100 loss=1.6707
  [train] step=  5400 loss=1.6578
  [train] step=  5700 loss=1.6781
  [train] step=  5999 loss=1.6895
  [train] step=     0 loss=2.2710
  [train] step=   300 loss=2.0484
  [train] step=   600 loss=1.9468
  [train] step=   900 loss=1.8434
  [train] step=  1200 loss=1.7122
  [train] step=  1500 loss=1.7303
  [train] step=  1800 loss=1.7541
  [train] step=  2100 loss=1.7758
  [train] step=  2400 loss=1.7131
  [train] step=  2700 loss=1.7598
  [train] step=  3000 loss=1.7484
  [train] step=  3300 loss=1.6814
  [train] step=  3600 loss=1.7462
  [train] step=  3900 loss=1.7015
  [train] step=  4200 loss=1.6905
  [train] step=  4500 loss=1.7197
  [train] step=  4800 loss=1.7084
  [train] step=  5100 loss=1.7987
  [train] step=  5400 loss=1.6958
  [train] step=  5700 loss=1.7313
  [train] step=  5999 loss=1.7434
  [train] step=     0 loss=2.1077
  [train] step=   300 loss=1.9535
  [train] step=   600 loss=1.4705
  [train] step=   900 loss=1.3212
  [train] step=  1200 loss=1.2822
  [train] step=  1500 loss=1.2637
  [train] step=  1800 loss=1.2558
  [train] step=  2100 loss=1.2294
  [train] step=  2400 loss=1.2278
  [train] step=  2700 loss=1.2337
  [train] step=  3000 loss=1.2402
  [train] step=  3300 loss=1.2306
  [train] step=  3600 loss=1.2212
  [train] step=  3900 loss=1.2199
  [train] step=  4200 loss=1.2149
  [train] step=  4500 loss=1.2196
  [train] step=  4800 loss=1.2172
  [train] step=  5100 loss=1.2233
  [train] step=  5400 loss=1.2230
  [train] step=  5700 loss=1.2190
  [train] step=  5999 loss=1.2222
  [train] step=     0 loss=2.2113
  [train] step=   300 loss=2.0636
  [train] step=   600 loss=1.4950
  [train] step=   900 loss=1.3761
  [train] step=  1200 loss=1.3241
  [train] step=  1500 loss=1.3046
  [train] step=  1800 loss=1.2959
  [train] step=  2100 loss=1.2897
  [train] step=  2400 loss=1.2748
  [train] step=  2700 loss=1.2815
  [train] step=  3000 loss=1.2705
  [train] step=  3300 loss=1.2747
  [train] step=  3600 loss=1.2773
  [train] step=  3900 loss=1.2667
  [train] step=  4200 loss=1.2667
  [train] step=  4500 loss=1.2737
  [train] step=  4800 loss=1.2736
  [train] step=  5100 loss=1.2688
  [train] step=  5400 loss=1.2669
  [train] step=  5700 loss=1.2724
  [train] step=  5999 loss=1.2669
  [train] step=     0 loss=2.2104
  [train] step=   300 loss=1.9293
  [train] step=   600 loss=1.3885
  [train] step=   900 loss=1.2868
  [train] step=  1200 loss=1.2752
  [train] step=  1500 loss=1.2702
  [train] step=  1800 loss=1.2758
  [train] step=  2100 loss=1.2698
  [train] step=  2400 loss=1.2662
  [train] step=  2700 loss=1.2647
  [train] step=  3000 loss=1.2698
  [train] step=  3300 loss=1.2540
  [train] step=  3600 loss=1.2662
  [train] step=  3900 loss=1.2672
  [train] step=  4200 loss=1.2637
  [train] step=  4500 loss=1.2573
  [train] step=  4800 loss=1.2569
  [train] step=  5100 loss=1.2659
  [train] step=  5400 loss=1.2604
  [train] step=  5700 loss=1.2643
  [train] step=  5999 loss=1.2633
  [train] step=     0 loss=2.2092
  [train] step=   300 loss=2.0963
  [train] step=   600 loss=1.5954
  [train] step=   900 loss=1.4026
  [train] step=  1200 loss=1.3685
  [train] step=  1500 loss=1.3619
  [train] step=  1800 loss=1.3455
  [train] step=  2100 loss=1.3578
  [train] step=  2400 loss=1.3491
  [train] step=  2700 loss=1.3360
  [train] step=  3000 loss=1.3515
  [train] step=  3300 loss=1.3492
  [train] step=  3600 loss=1.3408
  [train] step=  3900 loss=1.3592
  [train] step=  4200 loss=1.3504
  [train] step=  4500 loss=1.3430
  [train] step=  4800 loss=1.3468
  [train] step=  5100 loss=1.3445
  [train] step=  5400 loss=1.3421
  [train] step=  5700 loss=1.3386
  [train] step=  5999 loss=1.3402
  [train] step=     0 loss=2.2620
  [train] step=   300 loss=2.1256
  [train] step=   600 loss=1.5690
  [train] step=   900 loss=1.3903
  [train] step=  1200 loss=1.3465
  [train] step=  1500 loss=1.3432
  [train] step=  1800 loss=1.3437
  [train] step=  2100 loss=1.3367
  [train] step=  2400 loss=1.3428
  [train] step=  2700 loss=1.3407
  [train] step=  3000 loss=1.3343
  [train] step=  3300 loss=1.3362
  [train] step=  3600 loss=1.3282
  [train] step=  3900 loss=1.3464
  [train] step=  4200 loss=1.3453
  [train] step=  4500 loss=1.3441
  [train] step=  4800 loss=1.3366
  [train] step=  5100 loss=1.3386
  [train] step=  5400 loss=1.3333
  [train] step=  5700 loss=1.3413
  [train] step=  5999 loss=1.3406
  [train] step=     0 loss=2.2311
  [train] step=   300 loss=1.9815
  [train] step=   600 loss=1.3871
  [train] step=   900 loss=1.3045
  [train] step=  1200 loss=1.2758
  [train] step=  1500 loss=1.2651
  [train] step=  1800 loss=1.2667
  [train] step=  2100 loss=1.2655
  [train] step=  2400 loss=1.2640
  [train] step=  2700 loss=1.2584
  [train] step=  3000 loss=1.2572
  [train] step=  3300 loss=1.2582
  [train] step=  3600 loss=1.2494
  [train] step=  3900 loss=1.2594
  [train] step=  4200 loss=1.2575
  [train] step=  4500 loss=1.2555
  [train] step=  4800 loss=1.2498
  [train] step=  5100 loss=1.2478
  [train] step=  5400 loss=1.2475
  [train] step=  5700 loss=1.2555
  [train] step=  5999 loss=1.2533
  [train] step=     0 loss=2.2651
  [train] step=   300 loss=2.0721
  [train] step=   600 loss=1.5032
  [train] step=   900 loss=1.3785
  [train] step=  1200 loss=1.3544
  [train] step=  1500 loss=1.3489
  [train] step=  1800 loss=1.3404
  [train] step=  2100 loss=1.3283
  [train] step=  2400 loss=1.3195
  [train] step=  2700 loss=1.3327
  [train] step=  3000 loss=1.3162
  [train] step=  3300 loss=1.3186
  [train] step=  3600 loss=1.3176
  [train] step=  3900 loss=1.3007
  [train] step=  4200 loss=1.3220
  [train] step=  4500 loss=1.3117
  [train] step=  4800 loss=1.3032
  [train] step=  5100 loss=1.3124
  [train] step=  5400 loss=1.3135
  [train] step=  5700 loss=1.3153
  [train] step=  5999 loss=1.3159
  [train] step=     0 loss=2.2809
  [train] step=   300 loss=2.1225
  [train] step=   600 loss=1.5268
  [train] step=   900 loss=1.3653
  [train] step=  1200 loss=1.3380
  [train] step=  1500 loss=1.3280
  [train] step=  1800 loss=1.3132
  [train] step=  2100 loss=1.3111
  [train] step=  2400 loss=1.3162
  [train] step=  2700 loss=1.3060
  [train] step=  3000 loss=1.3025
  [train] step=  3300 loss=1.3069
  [train] step=  3600 loss=1.3082
  [train] step=  3900 loss=1.3106
  [train] step=  4200 loss=1.2970
  [train] step=  4500 loss=1.2965
  [train] step=  4800 loss=1.3006
  [train] step=  5100 loss=1.2987
  [train] step=  5400 loss=1.2990
  [train] step=  5700 loss=1.2965
  [train] step=  5999 loss=1.3075
  [train] step=     0 loss=2.2062
  [train] step=   300 loss=2.1312
  [train] step=   600 loss=1.6884
  [train] step=   900 loss=1.5403
  [train] step=  1200 loss=1.5041
  [train] step=  1500 loss=1.4901
  [train] step=  1800 loss=1.4849
  [train] step=  2100 loss=1.4973
  [train] step=  2400 loss=1.4888
  [train] step=  2700 loss=1.4823
  [train] step=  3000 loss=1.4737
  [train] step=  3300 loss=1.4753
  [train] step=  3600 loss=1.4809
  [train] step=  3900 loss=1.4901
  [train] step=  4200 loss=1.4691
  [train] step=  4500 loss=1.4820
  [train] step=  4800 loss=1.4848
  [train] step=  5100 loss=1.4859
  [train] step=  5400 loss=1.4697
  [train] step=  5700 loss=1.4896
  [train] step=  5999 loss=1.4709
  [train] step=     0 loss=2.2688
  [train] step=   300 loss=2.1010
  [train] step=   600 loss=1.7816
  [train] step=   900 loss=1.7338
  [train] step=  1200 loss=1.7660
  [train] step=  1500 loss=1.7618
  [train] step=  1800 loss=1.7622
  [train] step=  2100 loss=1.6569
  [train] step=  2400 loss=1.7313
  [train] step=  2700 loss=1.7522
  [train] step=  3000 loss=1.6843
  [train] step=  3300 loss=1.7162
  [train] step=  3600 loss=1.6929
  [train] step=  3900 loss=1.6487
  [train] step=  4200 loss=1.6715
  [train] step=  4500 loss=1.7084
  [train] step=  4800 loss=1.6614
  [train] step=  5100 loss=1.6935
  [train] step=  5400 loss=1.7114
  [train] step=  5700 loss=1.6975
  [train] step=  5999 loss=1.6934
  [train] step=     0 loss=2.2763
  [train] step=   300 loss=2.0993
  [train] step=   600 loss=1.7986
  [train] step=   900 loss=1.7204
  [train] step=  1200 loss=1.6919
  [train] step=  1500 loss=1.6036
  [train] step=  1800 loss=1.6940
  [train] step=  2100 loss=1.7236
  [train] step=  2400 loss=1.6696
  [train] step=  2700 loss=1.7208
  [train] step=  3000 loss=1.6836
  [train] step=  3300 loss=1.7043
  [train] step=  3600 loss=1.6925
  [train] step=  3900 loss=1.6393
  [train] step=  4200 loss=1.6712
  [train] step=  4500 loss=1.6444
  [train] step=  4800 loss=1.6755
  [train] step=  5100 loss=1.6458
  [train] step=  5400 loss=1.6837
  [train] step=  5700 loss=1.6466
  [train] step=  5999 loss=1.6715
  [train] step=     0 loss=2.2054
  [train] step=   300 loss=2.0933
  [train] step=   600 loss=1.6205
  [train] step=   900 loss=1.4263
  [train] step=  1200 loss=1.3393
  [train] step=  1500 loss=1.3131
  [train] step=  1800 loss=1.3137
  [train] step=  2100 loss=1.3016
  [train] step=  2400 loss=1.3015
  [train] step=  2700 loss=1.2939
  [train] step=  3000 loss=1.2963
  [train] step=  3300 loss=1.3016
  [train] step=  3600 loss=1.2860
  [train] step=  3900 loss=1.2948
  [train] step=  4200 loss=1.2972
  [train] step=  4500 loss=1.2941
  [train] step=  4800 loss=1.2931
  [train] step=  5100 loss=1.2931
  [train] step=  5400 loss=1.2835
  [train] step=  5700 loss=1.2956
  [train] step=  5999 loss=1.2896
  [train] step=     0 loss=2.1755
  [train] step=   300 loss=1.8949
  [train] step=   600 loss=1.3875
  [train] step=   900 loss=1.3139
  [train] step=  1200 loss=1.2897
  [train] step=  1500 loss=1.2749
  [train] step=  1800 loss=1.2691
  [train] step=  2100 loss=1.2580
  [train] step=  2400 loss=1.2552
  [train] step=  2700 loss=1.2554
  [train] step=  3000 loss=1.2499
  [train] step=  3300 loss=1.2498
  [train] step=  3600 loss=1.2432
  [train] step=  3900 loss=1.2307
  [train] step=  4200 loss=1.2539
  [train] step=  4500 loss=1.2459
  [train] step=  4800 loss=1.2364
  [train] step=  5100 loss=1.2463
  [train] step=  5400 loss=1.2402
  [train] step=  5700 loss=1.2387
  [train] step=  5999 loss=1.2453
  [train] step=     0 loss=2.1579
  [train] step=   300 loss=2.0789
  [train] step=   600 loss=1.6541
  [train] step=   900 loss=1.4046
  [train] step=  1200 loss=1.3662
  [train] step=  1500 loss=1.3552
  [train] step=  1800 loss=1.3791
  [train] step=  2100 loss=1.3575
  [train] step=  2400 loss=1.3587
  [train] step=  2700 loss=1.3685
  [train] step=  3000 loss=1.3519
  [train] step=  3300 loss=1.3503
  [train] step=  3600 loss=1.3601
  [train] step=  3900 loss=1.3576
  [train] step=  4200 loss=1.3580
  [train] step=  4500 loss=1.3593
  [train] step=  4800 loss=1.3541
  [train] step=  5100 loss=1.3532
  [train] step=  5400 loss=1.3645
  [train] step=  5700 loss=1.3478
  [train] step=  5999 loss=1.3594
  [train] step=     0 loss=11.3628
  [train] step=   300 loss=11.2875
  [train] step=   600 loss=11.1713
  [train] step=   900 loss=10.6910
  [train] step=  1200 loss=10.4699
  [train] step=  1500 loss=10.4224
  [train] step=  1800 loss=10.4026
  [train] step=  2100 loss=10.3849
  [train] step=  2400 loss=10.3352
  [train] step=  2700 loss=10.3459
  [train] step=  3000 loss=10.3722
  [train] step=  3300 loss=10.2854
  [train] step=  3600 loss=10.2783
  [train] step=  3900 loss=10.2873
  [train] step=  4200 loss=10.3079
  [train] step=  4500 loss=10.2720
  [train] step=  4800 loss=10.2700
  [train] step=  5100 loss=10.2773
  [train] step=  5400 loss=10.2826
  [train] step=  5700 loss=10.3028
  [train] step=  5999 loss=10.2865
  [train] step=     0 loss=2.2591
  [train] step=   300 loss=2.1242
  [train] step=   600 loss=1.7009
  [train] step=   900 loss=1.6215
  [train] step=  1200 loss=1.6260
  [train] step=  1500 loss=1.6172
  [train] step=  1800 loss=1.6062
  [train] step=  2100 loss=1.6326
  [train] step=  2400 loss=1.6115
  [train] step=  2700 loss=1.6059
  [train] step=  3000 loss=1.6019
  [train] step=  3300 loss=1.5909
  [train] step=  3600 loss=1.5978
  [train] step=  3900 loss=1.6322
  [train] step=  4200 loss=1.5822
  [train] step=  4500 loss=1.6042
  [train] step=  4800 loss=1.5971
  [train] step=  5100 loss=1.6263
  [train] step=  5400 loss=1.5977
  [train] step=  5700 loss=1.6107
  [train] step=  5999 loss=1.5927
  [train] step=     0 loss=2.2506
  [train] step=   300 loss=2.2605
  [train] step=   600 loss=2.2390
  [train] step=   900 loss=2.1894
  [train] step=  1200 loss=2.1442
  [train] step=  1500 loss=2.1107
  [train] step=  1800 loss=2.1182
  [train] step=  2100 loss=2.1289
  [train] step=  2400 loss=2.0978
  [train] step=  2700 loss=2.1034
  [train] step=  3000 loss=2.1008
  [train] step=  3300 loss=2.0943
  [train] step=  3600 loss=2.0811
  [train] step=  3900 loss=2.0628
  [train] step=  4200 loss=2.0928
  [train] step=  4500 loss=2.0713
  [train] step=  4800 loss=2.0921
  [train] step=  5100 loss=2.0572
  [train] step=  5400 loss=2.0736
  [train] step=  5700 loss=2.1111
  [train] step=  5999 loss=2.0980
  [train] step=     0 loss=2.1409
  [train] step=   300 loss=2.0343
  [train] step=   600 loss=1.6150
  [train] step=   900 loss=1.3606
  [train] step=  1200 loss=1.3485
  [train] step=  1500 loss=1.3380
  [train] step=  1800 loss=1.3194
  [train] step=  2100 loss=1.3279
  [train] step=  2400 loss=1.3340
  [train] step=  2700 loss=1.3248
  [train] step=  3000 loss=1.3282
  [train] step=  3300 loss=1.3027
  [train] step=  3600 loss=1.3150
  [train] step=  3900 loss=1.3282
  [train] step=  4200 loss=1.3268
  [train] step=  4500 loss=1.3124
  [train] step=  4800 loss=1.3187
  [train] step=  5100 loss=1.3180
  [train] step=  5400 loss=1.3181
  [train] step=  5700 loss=1.3280
  [train] step=  5999 loss=1.3256
  [train] step=     0 loss=2.2226
  [train] step=   300 loss=2.0358
  [train] step=   600 loss=1.5058
  [train] step=   900 loss=1.3755
  [train] step=  1200 loss=1.3135
  [train] step=  1500 loss=1.2945
  [train] step=  1800 loss=1.2792
  [train] step=  2100 loss=1.2856
  [train] step=  2400 loss=1.2723
  [train] step=  2700 loss=1.2738
  [train] step=  3000 loss=1.2689
  [train] step=  3300 loss=1.2712
  [train] step=  3600 loss=1.2745
  [train] step=  3900 loss=1.2744
  [train] step=  4200 loss=1.2743
  [train] step=  4500 loss=1.2766
  [train] step=  4800 loss=1.2710
  [train] step=  5100 loss=1.2747
  [train] step=  5400 loss=1.2672
  [train] step=  5700 loss=1.2662
  [train] step=  5999 loss=1.2706
  [train] step=     0 loss=2.2252
  [train] step=   300 loss=2.2191
  [train] step=   600 loss=2.2063
  [train] step=   900 loss=2.2028
  [train] step=  1200 loss=2.1586
  [train] step=  1500 loss=2.1448
  [train] step=  1800 loss=2.1560
  [train] step=  2100 loss=2.1334
  [train] step=  2400 loss=2.1255
  [train] step=  2700 loss=2.1072
  [train] step=  3000 loss=2.1151
  [train] step=  3300 loss=2.1322
  [train] step=  3600 loss=2.1169
  [train] step=  3900 loss=2.1351
  [train] step=  4200 loss=2.1022
  [train] step=  4500 loss=2.1095
  [train] step=  4800 loss=2.0994
  [train] step=  5100 loss=2.1207
  [train] step=  5400 loss=2.1083
  [train] step=  5700 loss=2.1263
  [train] step=  5999 loss=2.1030
  [train] step=     0 loss=11.3829
  [train] step=   300 loss=11.3109
  [train] step=   600 loss=10.6223
  [train] step=   900 loss=10.2565
  [train] step=  1200 loss=10.1591
  [train] step=  1500 loss=10.1218
  [train] step=  1800 loss=10.1794
  [train] step=  2100 loss=10.2199
  [train] step=  2400 loss=10.1516
  [train] step=  2700 loss=10.1825
  [train] step=  3000 loss=10.1775
  [train] step=  3300 loss=10.1988
  [train] step=  3600 loss=10.1851
  [train] step=  3900 loss=10.1709
  [train] step=  4200 loss=10.1628
  [train] step=  4500 loss=10.1205
  [train] step=  4800 loss=10.1930
  [train] step=  5100 loss=10.1675
  [train] step=  5400 loss=10.1764
  [train] step=  5700 loss=10.1320
  [train] step=  5999 loss=10.1576
  [train] step=     0 loss=2.1785
  [train] step=   300 loss=2.0505
  [train] step=   600 loss=1.4681
  [train] step=   900 loss=1.3259
  [train] step=  1200 loss=1.3090
  [train] step=  1500 loss=1.3044
  [train] step=  1800 loss=1.3028
  [train] step=  2100 loss=1.2889
  [train] step=  2400 loss=1.2912
  [train] step=  2700 loss=1.2959
  [train] step=  3000 loss=1.3050
  [train] step=  3300 loss=1.2973
  [train] step=  3600 loss=1.2885
  [train] step=  3900 loss=1.2863
  [train] step=  4200 loss=1.2817
  [train] step=  4500 loss=1.2866
  [train] step=  4800 loss=1.2855
  [train] step=  5100 loss=1.2879
  [train] step=  5400 loss=1.2905
  [train] step=  5700 loss=1.2896
  [train] step=  5999 loss=1.2925
  [train] step=     0 loss=2.2591
  [train] step=   300 loss=2.2535
  [train] step=   600 loss=2.2378
  [train] step=   900 loss=2.1894
  [train] step=  1200 loss=2.1057
  [train] step=  1500 loss=2.0952
  [train] step=  1800 loss=2.1076
  [train] step=  2100 loss=2.0895
  [train] step=  2400 loss=2.1035
  [train] step=  2700 loss=2.1009
  [train] step=  3000 loss=2.1360
  [train] step=  3300 loss=2.0761
  [train] step=  3600 loss=2.1170
  [train] step=  3900 loss=2.0842
  [train] step=  4200 loss=2.0926
  [train] step=  4500 loss=2.0947
  [train] step=  4800 loss=2.0859
  [train] step=  5100 loss=2.0567
  [train] step=  5400 loss=2.0427
  [train] step=  5700 loss=2.1178
  [train] step=  5999 loss=2.0992
  [train] step=     0 loss=2.1857
  [train] step=   300 loss=2.1502
  [train] step=   600 loss=2.1324
  [train] step=   900 loss=2.0651
  [train] step=  1200 loss=1.9393
  [train] step=  1500 loss=1.8750
  [train] step=  1800 loss=1.8476
  [train] step=  2100 loss=1.8226
  [train] step=  2400 loss=1.8162
  [train] step=  2700 loss=1.8150
  [train] step=  3000 loss=1.8115
  [train] step=  3300 loss=1.8397
  [train] step=  3600 loss=1.8354
  [train] step=  3900 loss=1.8238
  [train] step=  4200 loss=1.8398
  [train] step=  4500 loss=1.8033
  [train] step=  4800 loss=1.8075
  [train] step=  5100 loss=1.8268
  [train] step=  5400 loss=1.8313
  [train] step=  5700 loss=1.8446
  [train] step=  5999 loss=1.8240
  [train] step=     0 loss=2.1541
  [train] step=   300 loss=1.9438
  [train] step=   600 loss=1.4719
  [train] step=   900 loss=1.3617
  [train] step=  1200 loss=1.3181
  [train] step=  1500 loss=1.3001
  [train] step=  1800 loss=1.2877
  [train] step=  2100 loss=1.2846
  [train] step=  2400 loss=1.2690
  [train] step=  2700 loss=1.2739
  [train] step=  3000 loss=1.2648
  [train] step=  3300 loss=1.2676
  [train] step=  3600 loss=1.2680
  [train] step=  3900 loss=1.2613
  [train] step=  4200 loss=1.2585
  [train] step=  4500 loss=1.2685
  [train] step=  4800 loss=1.2687
  [train] step=  5100 loss=1.2625
  [train] step=  5400 loss=1.2609
  [train] step=  5700 loss=1.2661
  [train] step=  5999 loss=1.2611
  [train] step=     0 loss=2.1713
  [train] step=   300 loss=2.0801
  [train] step=   600 loss=1.7287
  [train] step=   900 loss=1.4021
  [train] step=  1200 loss=1.3583
  [train] step=  1500 loss=1.3589
  [train] step=  1800 loss=1.3555
  [train] step=  2100 loss=1.3640
  [train] step=  2400 loss=1.3410
  [train] step=  2700 loss=1.3537
  [train] step=  3000 loss=1.3563
  [train] step=  3300 loss=1.3378
  [train] step=  3600 loss=1.3586
  [train] step=  3900 loss=1.3625
  [train] step=  4200 loss=1.3633
  [train] step=  4500 loss=1.3515
  [train] step=  4800 loss=1.3429
  [train] step=  5100 loss=1.3488
  [train] step=  5400 loss=1.3472
  [train] step=  5700 loss=1.3633
  [train] step=  5999 loss=1.3567
  [train] step=     0 loss=11.3694
  [train] step=   300 loss=11.2826
  [train] step=   600 loss=10.6065
  [train] step=   900 loss=10.1848
  [train] step=  1200 loss=10.1970
  [train] step=  1500 loss=10.1520
  [train] step=  1800 loss=10.1827
  [train] step=  2100 loss=10.1567
  [train] step=  2400 loss=10.1747
  [train] step=  2700 loss=10.1625
  [train] step=  3000 loss=10.1645
  [train] step=  3300 loss=10.2188
  [train] step=  3600 loss=10.1261
  [train] step=  3900 loss=10.2012
  [train] step=  4200 loss=10.2000
  [train] step=  4500 loss=10.1607
  [train] step=  4800 loss=10.1360
  [train] step=  5100 loss=10.1908
  [train] step=  5400 loss=10.1829
  [train] step=  5700 loss=10.1603
  [train] step=  5999 loss=10.1878
  [train] step=     0 loss=2.2649
  [train] step=   300 loss=2.2699
  [train] step=   600 loss=2.2560
  [train] step=   900 loss=2.1922
  [train] step=  1200 loss=2.1417
  [train] step=  1500 loss=2.1372
  [train] step=  1800 loss=2.1316
  [train] step=  2100 loss=2.1060
  [train] step=  2400 loss=2.0974
  [train] step=  2700 loss=2.1296
  [train] step=  3000 loss=2.1114
  [train] step=  3300 loss=2.1151
  [train] step=  3600 loss=2.1057
  [train] step=  3900 loss=2.1076
  [train] step=  4200 loss=2.1241
  [train] step=  4500 loss=2.0815
  [train] step=  4800 loss=2.1171
  [train] step=  5100 loss=2.1102
  [train] step=  5400 loss=2.1087
  [train] step=  5700 loss=2.1007
  [train] step=  5999 loss=2.1020
  [train] step=     0 loss=2.2311
  [train] step=   300 loss=2.2322
  [train] step=   600 loss=2.2333
  [train] step=   900 loss=2.1467
  [train] step=  1200 loss=2.0643
  [train] step=  1500 loss=2.0073
  [train] step=  1800 loss=1.9772
  [train] step=  2100 loss=2.0021
  [train] step=  2400 loss=1.9769
  [train] step=  2700 loss=1.9737
  [train] step=  3000 loss=1.9641
  [train] step=  3300 loss=1.9746
  [train] step=  3600 loss=1.9629
  [train] step=  3900 loss=1.9804
  [train] step=  4200 loss=1.9524
  [train] step=  4500 loss=1.9697
  [train] step=  4800 loss=1.9718
  [train] step=  5100 loss=1.9505
  [train] step=  5400 loss=1.9744
  [train] step=  5700 loss=1.9775
  [train] step=  5999 loss=1.9800
  [train] step=     0 loss=2.2633
  [train] step=   300 loss=2.2730
  [train] step=   600 loss=2.2475
  [train] step=   900 loss=2.1897
  [train] step=  1200 loss=2.1660
  [train] step=  1500 loss=2.1482
  [train] step=  1800 loss=2.1739
  [train] step=  2100 loss=2.1113
  [train] step=  2400 loss=2.1188
  [train] step=  2700 loss=2.1776
  [train] step=  3000 loss=2.1321
  [train] step=  3300 loss=2.1078
  [train] step=  3600 loss=2.1265
  [train] step=  3900 loss=2.1166
  [train] step=  4200 loss=2.1201
  [train] step=  4500 loss=2.0946
  [train] step=  4800 loss=2.1411
  [train] step=  5100 loss=2.1310
  [train] step=  5400 loss=2.1455
  [train] step=  5700 loss=2.1389
  [train] step=  5999 loss=2.1293
  [train] step=     0 loss=2.1574
  [train] step=   300 loss=2.0219
  [train] step=   600 loss=1.5970
  [train] step=   900 loss=1.3918
  [train] step=  1200 loss=1.3267
  [train] step=  1500 loss=1.3014
  [train] step=  1800 loss=1.2928
  [train] step=  2100 loss=1.2863
  [train] step=  2400 loss=1.2916
  [train] step=  2700 loss=1.2877
  [train] step=  3000 loss=1.2887
  [train] step=  3300 loss=1.2921
  [train] step=  3600 loss=1.2819
  [train] step=  3900 loss=1.2903
  [train] step=  4200 loss=1.2918
  [train] step=  4500 loss=1.2910
  [train] step=  4800 loss=1.2856
  [train] step=  5100 loss=1.2862
  [train] step=  5400 loss=1.2795
  [train] step=  5700 loss=1.2910
  [train] step=  5999 loss=1.2860
  [train] step=     0 loss=2.2473
  [train] step=   300 loss=2.0821
  [train] step=   600 loss=1.4429
  [train] step=   900 loss=1.3207
  [train] step=  1200 loss=1.2929
  [train] step=  1500 loss=1.2889
  [train] step=  1800 loss=1.2806
  [train] step=  2100 loss=1.2794
  [train] step=  2400 loss=1.2801
  [train] step=  2700 loss=1.2768
  [train] step=  3000 loss=1.2791
  [train] step=  3300 loss=1.2792
  [train] step=  3600 loss=1.2810
  [train] step=  3900 loss=1.2794
  [train] step=  4200 loss=1.2706
  [train] step=  4500 loss=1.2714
  [train] step=  4800 loss=1.2794
  [train] step=  5100 loss=1.2708
  [train] step=  5400 loss=1.2768
  [train] step=  5700 loss=1.2727
  [train] step=  5999 loss=1.2811
  [train] step=     0 loss=11.3464
  [train] step=   300 loss=11.1732
  [train] step=   600 loss=10.2622
  [train] step=   900 loss=9.7946
  [train] step=  1200 loss=9.6341
  [train] step=  1500 loss=9.5952
  [train] step=  1800 loss=9.5865
  [train] step=  2100 loss=9.6147
  [train] step=  2400 loss=9.5969
  [train] step=  2700 loss=9.6132
  [train] step=  3000 loss=9.5361
  [train] step=  3300 loss=9.6017
  [train] step=  3600 loss=9.5821
  [train] step=  3900 loss=9.5718
  [train] step=  4200 loss=9.6153
  [train] step=  4500 loss=9.5714
  [train] step=  4800 loss=9.5811
  [train] step=  5100 loss=9.6005
  [train] step=  5400 loss=9.6094
  [train] step=  5700 loss=9.5965
  [train] step=  5999 loss=9.5564
  [train] step=     0 loss=2.2620
  [train] step=   300 loss=2.0173
  [train] step=   600 loss=1.4090
  [train] step=   900 loss=1.3062
  [train] step=  1200 loss=1.2876
  [train] step=  1500 loss=1.2899
  [train] step=  1800 loss=1.2890
  [train] step=  2100 loss=1.2816
  [train] step=  2400 loss=1.2872
  [train] step=  2700 loss=1.2790
  [train] step=  3000 loss=1.2775
  [train] step=  3300 loss=1.2751
  [train] step=  3600 loss=1.2712
  [train] step=  3900 loss=1.2719
  [train] step=  4200 loss=1.2708
  [train] step=  4500 loss=1.2749
  [train] step=  4800 loss=1.2688
  [train] step=  5100 loss=1.2681
  [train] step=  5400 loss=1.2689
  [train] step=  5700 loss=1.2635
  [train] step=  5999 loss=1.2547
  [train] step=     0 loss=2.2540
  [train] step=   300 loss=2.1162
  [train] step=   600 loss=1.6581
  [train] step=   900 loss=1.5619
  [train] step=  1200 loss=1.5584
  [train] step=  1500 loss=1.5710
  [train] step=  1800 loss=1.5554
  [train] step=  2100 loss=1.5660
  [train] step=  2400 loss=1.5686
  [train] step=  2700 loss=1.5549
  [train] step=  3000 loss=1.5666
  [train] step=  3300 loss=1.5492
  [train] step=  3600 loss=1.5585
  [train] step=  3900 loss=1.5624
  [train] step=  4200 loss=1.5434
  [train] step=  4500 loss=1.5557
  [train] step=  4800 loss=1.5428
  [train] step=  5100 loss=1.5661
  [train] step=  5400 loss=1.5474
  [train] step=  5700 loss=1.5504
  [train] step=  5999 loss=1.5381
  [train] step=     0 loss=2.2653
  [train] step=   300 loss=2.1095
  [train] step=   600 loss=1.7749
  [train] step=   900 loss=1.8368
  [train] step=  1200 loss=1.7768
  [train] step=  1500 loss=1.7731
  [train] step=  1800 loss=1.7339
  [train] step=  2100 loss=1.7692
  [train] step=  2400 loss=1.7820
  [train] step=  2700 loss=1.7623
  [train] step=  3000 loss=1.7251
  [train] step=  3300 loss=1.6958
  [train] step=  3600 loss=1.7585
  [train] step=  3900 loss=1.7127
  [train] step=  4200 loss=1.7650
  [train] step=  4500 loss=1.7431
  [train] step=  4800 loss=1.6753
  [train] step=  5100 loss=1.7803
  [train] step=  5400 loss=1.8020
  [train] step=  5700 loss=1.7222
  [train] step=  5999 loss=1.6971
  [train] step=     0 loss=2.1250
  [train] step=   300 loss=1.9667
  [train] step=   600 loss=1.4788
  [train] step=   900 loss=1.3243
  [train] step=  1200 loss=1.2815
  [train] step=  1500 loss=1.2587
  [train] step=  1800 loss=1.2408
  [train] step=  2100 loss=1.2409
  [train] step=  2400 loss=1.2282
  [train] step=  2700 loss=1.2182
  [train] step=  3000 loss=1.2298
  [train] step=  3300 loss=1.2132
  [train] step=  3600 loss=1.2132
  [train] step=  3900 loss=1.2237
  [train] step=  4200 loss=1.2250
  [train] step=  4500 loss=1.2163
  [train] step=  4800 loss=1.2187
  [train] step=  5100 loss=1.2114
  [train] step=  5400 loss=1.2211
  [train] step=  5700 loss=1.2222
  [train] step=  5999 loss=1.2251
  [train] step=     0 loss=2.2022
  [train] step=   300 loss=1.9810
  [train] step=   600 loss=1.5014
  [train] step=   900 loss=1.3700
  [train] step=  1200 loss=1.3120
  [train] step=  1500 loss=1.2936
  [train] step=  1800 loss=1.2749
  [train] step=  2100 loss=1.2796
  [train] step=  2400 loss=1.2709
  [train] step=  2700 loss=1.2720
  [train] step=  3000 loss=1.2678
  [train] step=  3300 loss=1.2680
  [train] step=  3600 loss=1.2727
  [train] step=  3900 loss=1.2721
  [train] step=  4200 loss=1.2711
  [train] step=  4500 loss=1.2732
  [train] step=  4800 loss=1.2689
  [train] step=  5100 loss=1.2722
  [train] step=  5400 loss=1.2637
  [train] step=  5700 loss=1.2643
  [train] step=  5999 loss=1.2673
  [train] step=     0 loss=2.1023
  [train] step=   300 loss=1.7427
  [train] step=   600 loss=1.3976
  [train] step=   900 loss=1.3147
  [train] step=  1200 loss=1.2929
  [train] step=  1500 loss=1.2824
  [train] step=  1800 loss=1.2863
  [train] step=  2100 loss=1.2734
  [train] step=  2400 loss=1.2677
  [train] step=  2700 loss=1.2602
  [train] step=  3000 loss=1.2578
  [train] step=  3300 loss=1.2414
  [train] step=  3600 loss=1.2554
  [train] step=  3900 loss=1.2540
  [train] step=  4200 loss=1.2471
  [train] step=  4500 loss=1.2338
  [train] step=  4800 loss=1.2344
  [train] step=  5100 loss=1.2515
  [train] step=  5400 loss=1.2351
  [train] step=  5700 loss=1.2420
  [train] step=  5999 loss=1.2389
  [train] step=     0 loss=11.3050
  [train] step=   300 loss=11.1782
  [train] step=   600 loss=10.1457
  [train] step=   900 loss=9.7097
  [train] step=  1200 loss=9.6103
  [train] step=  1500 loss=9.6314
  [train] step=  1800 loss=9.6172
  [train] step=  2100 loss=9.6374
  [train] step=  2400 loss=9.5990
  [train] step=  2700 loss=9.6106
  [train] step=  3000 loss=9.6285
  [train] step=  3300 loss=9.6241
  [train] step=  3600 loss=9.5985
  [train] step=  3900 loss=9.5864
  [train] step=  4200 loss=9.5663
  [train] step=  4500 loss=9.5986
  [train] step=  4800 loss=9.6291
  [train] step=  5100 loss=9.5955
  [train] step=  5400 loss=9.5972
  [train] step=  5700 loss=9.5587
  [train] step=  5999 loss=9.5533
  [train] step=     0 loss=2.2527
  [train] step=   300 loss=2.1396
  [train] step=   600 loss=1.6986
  [train] step=   900 loss=1.6359
  [train] step=  1200 loss=1.5615
  [train] step=  1500 loss=1.5926
  [train] step=  1800 loss=1.6304
  [train] step=  2100 loss=1.5899
  [train] step=  2400 loss=1.5941
  [train] step=  2700 loss=1.5960
  [train] step=  3000 loss=1.5665
  [train] step=  3300 loss=1.5913
  [train] step=  3600 loss=1.5682
  [train] step=  3900 loss=1.5765
  [train] step=  4200 loss=1.5654
  [train] step=  4500 loss=1.5933
  [train] step=  4800 loss=1.5820
  [train] step=  5100 loss=1.6001
  [train] step=  5400 loss=1.5689
  [train] step=  5700 loss=1.6045
  [train] step=  5999 loss=1.6048
  [train] step=     0 loss=2.2562
  [train] step=   300 loss=2.1170
  [train] step=   600 loss=1.7733
  [train] step=   900 loss=1.7127
  [train] step=  1200 loss=1.7302
  [train] step=  1500 loss=1.6633
  [train] step=  1800 loss=1.6768
  [train] step=  2100 loss=1.6670
  [train] step=  2400 loss=1.6661
  [train] step=  2700 loss=1.6764
  [train] step=  3000 loss=1.6684
  [train] step=  3300 loss=1.6303
  [train] step=  3600 loss=1.6940
  [train] step=  3900 loss=1.6855
  [train] step=  4200 loss=1.6578
  [train] step=  4500 loss=1.6728
  [train] step=  4800 loss=1.6834
  [train] step=  5100 loss=1.6515
  [train] step=  5400 loss=1.6798
  [train] step=  5700 loss=1.6704
  [train] step=  5999 loss=1.6360
  [train] step=     0 loss=2.1879
  [train] step=   300 loss=2.1058
  [train] step=   600 loss=1.6529
  [train] step=   900 loss=1.3915
  [train] step=  1200 loss=1.3400
  [train] step=  1500 loss=1.3346
  [train] step=  1800 loss=1.3421
  [train] step=  2100 loss=1.3249
  [train] step=  2400 loss=1.3255
  [train] step=  2700 loss=1.3359
  [train] step=  3000 loss=1.3440
  [train] step=  3300 loss=1.3426
  [train] step=  3600 loss=1.3247
  [train] step=  3900 loss=1.3268
  [train] step=  4200 loss=1.3294
  [train] step=  4500 loss=1.3303
  [train] step=  4800 loss=1.3217
  [train] step=  5100 loss=1.3332
  [train] step=  5400 loss=1.3230
  [train] step=  5700 loss=1.3304
  [train] step=  5999 loss=1.3288
  [train] step=     0 loss=2.1495
  [train] step=   300 loss=1.9838
  [train] step=   600 loss=1.4532
  [train] step=   900 loss=1.3235
  [train] step=  1200 loss=1.2880
  [train] step=  1500 loss=1.2660
  [train] step=  1800 loss=1.2670
  [train] step=  2100 loss=1.2604
  [train] step=  2400 loss=1.2512
  [train] step=  2700 loss=1.2447
  [train] step=  3000 loss=1.2369
  [train] step=  3300 loss=1.2335
  [train] step=  3600 loss=1.2307
  [train] step=  3900 loss=1.2347
  [train] step=  4200 loss=1.2318
  [train] step=  4500 loss=1.2377
  [train] step=  4800 loss=1.2332
  [train] step=  5100 loss=1.2368
  [train] step=  5400 loss=1.2196
  [train] step=  5700 loss=1.2313
  [train] step=  5999 loss=1.2301
  [train] step=     0 loss=2.2173
  [train] step=   300 loss=1.9631
  [train] step=   600 loss=1.4329
  [train] step=   900 loss=1.3235
  [train] step=  1200 loss=1.3040
  [train] step=  1500 loss=1.2926
  [train] step=  1800 loss=1.2971
  [train] step=  2100 loss=1.2875
  [train] step=  2400 loss=1.2857
  [train] step=  2700 loss=1.2837
  [train] step=  3000 loss=1.2857
  [train] step=  3300 loss=1.2713
  [train] step=  3600 loss=1.2827
  [train] step=  3900 loss=1.2853
  [train] step=  4200 loss=1.2792
  [train] step=  4500 loss=1.2731
  [train] step=  4800 loss=1.2719
  [train] step=  5100 loss=1.2819
  [train] step=  5400 loss=1.2740
  [train] step=  5700 loss=1.2784
  [train] step=  5999 loss=1.2786
  [train] step=     0 loss=2.2113
  [train] step=   300 loss=2.0950
  [train] step=   600 loss=1.6494
  [train] step=   900 loss=1.4039
  [train] step=  1200 loss=1.3741
  [train] step=  1500 loss=1.3562
  [train] step=  1800 loss=1.3453
  [train] step=  2100 loss=1.3576
  [train] step=  2400 loss=1.3522
  [train] step=  2700 loss=1.3436
  [train] step=  3000 loss=1.3496
  [train] step=  3300 loss=1.3352
  [train] step=  3600 loss=1.3435
  [train] step=  3900 loss=1.3505
  [train] step=  4200 loss=1.3481
  [train] step=  4500 loss=1.3441
  [train] step=  4800 loss=1.3432
  [train] step=  5100 loss=1.3495
  [train] step=  5400 loss=1.3459
  [train] step=  5700 loss=1.3328
  [train] step=  5999 loss=1.3458
  [train] step=     0 loss=2.2206
  [train] step=   300 loss=2.1927
  [train] step=   600 loss=2.1605
  [train] step=   900 loss=1.9109
  [train] step=  1200 loss=1.7818
  [train] step=  1500 loss=1.7416
  [train] step=  1800 loss=1.7180
  [train] step=  2100 loss=1.7129
  [train] step=  2400 loss=1.7148
  [train] step=  2700 loss=1.7042
  [train] step=  3000 loss=1.6939
  [train] step=  3300 loss=1.7281
  [train] step=  3600 loss=1.6883
  [train] step=  3900 loss=1.7326
  [train] step=  4200 loss=1.7152
  [train] step=  4500 loss=1.7154
  [train] step=  4800 loss=1.7004
  [train] step=  5100 loss=1.6983
  [train] step=  5400 loss=1.6940
  [train] step=  5700 loss=1.7076
  [train] step=  5999 loss=1.7135
  [train] step=     0 loss=2.2435
  [train] step=   300 loss=2.0762
  [train] step=   600 loss=1.5533
  [train] step=   900 loss=1.4009
  [train] step=  1200 loss=1.3823
  [train] step=  1500 loss=1.3725
  [train] step=  1800 loss=1.3708
  [train] step=  2100 loss=1.3692
  [train] step=  2400 loss=1.3549
  [train] step=  2700 loss=1.3550
  [train] step=  3000 loss=1.3540
  [train] step=  3300 loss=1.3575
  [train] step=  3600 loss=1.3559
  [train] step=  3900 loss=1.3644
  [train] step=  4200 loss=1.3754
  [train] step=  4500 loss=1.3559
  [train] step=  4800 loss=1.3509
  [train] step=  5100 loss=1.3544
  [train] step=  5400 loss=1.3616
  [train] step=  5700 loss=1.3606
  [train] step=  5999 loss=1.3638
  [train] step=     0 loss=2.2690
  [train] step=   300 loss=2.0881
  [train] step=   600 loss=1.5295
  [train] step=   900 loss=1.3944
  [train] step=  1200 loss=1.3763
  [train] step=  1500 loss=1.3581
  [train] step=  1800 loss=1.3451
  [train] step=  2100 loss=1.3356
  [train] step=  2400 loss=1.3283
  [train] step=  2700 loss=1.3348
  [train] step=  3000 loss=1.3266
  [train] step=  3300 loss=1.3266
  [train] step=  3600 loss=1.3302
  [train] step=  3900 loss=1.3104
  [train] step=  4200 loss=1.3442
  [train] step=  4500 loss=1.3328
  [train] step=  4800 loss=1.3142
  [train] step=  5100 loss=1.3354
  [train] step=  5400 loss=1.3321
  [train] step=  5700 loss=1.3216
  [train] step=  5999 loss=1.3297
  [train] step=     0 loss=2.2835
  [train] step=   300 loss=2.1544
  [train] step=   600 loss=1.6133
  [train] step=   900 loss=1.4175
  [train] step=  1200 loss=1.3759
  [train] step=  1500 loss=1.3674
  [train] step=  1800 loss=1.3472
  [train] step=  2100 loss=1.3447
  [train] step=  2400 loss=1.3497
  [train] step=  2700 loss=1.3469
  [train] step=  3000 loss=1.3407
  [train] step=  3300 loss=1.3389
  [train] step=  3600 loss=1.3400
  [train] step=  3900 loss=1.3425
  [train] step=  4200 loss=1.3354
  [train] step=  4500 loss=1.3276
  [train] step=  4800 loss=1.3339
  [train] step=  5100 loss=1.3359
  [train] step=  5400 loss=1.3384
  [train] step=  5700 loss=1.3291
  [train] step=  5999 loss=1.3476
  [train] step=     0 loss=2.2177
  [train] step=   300 loss=2.1410
  [train] step=   600 loss=1.7225
  [train] step=   900 loss=1.4973
  [train] step=  1200 loss=1.4717
  [train] step=  1500 loss=1.4739
  [train] step=  1800 loss=1.4681
  [train] step=  2100 loss=1.4796
  [train] step=  2400 loss=1.4655
  [train] step=  2700 loss=1.4495
  [train] step=  3000 loss=1.4661
  [train] step=  3300 loss=1.4619
  [train] step=  3600 loss=1.4531
  [train] step=  3900 loss=1.4820
  [train] step=  4200 loss=1.4636
  [train] step=  4500 loss=1.4557
  [train] step=  4800 loss=1.4628
  [train] step=  5100 loss=1.4593
  [train] step=  5400 loss=1.4644
  [train] step=  5700 loss=1.4487
  [train] step=  5999 loss=1.4589
  [train] step=     0 loss=2.2431
  [train] step=   300 loss=2.1161
  [train] step=   600 loss=1.6836
  [train] step=   900 loss=1.6070
  [train] step=  1200 loss=1.5673
  [train] step=  1500 loss=1.5796
  [train] step=  1800 loss=1.5681
  [train] step=  2100 loss=1.5742
  [train] step=  2400 loss=1.5462
  [train] step=  2700 loss=1.5574
  [train] step=  3000 loss=1.5562
  [train] step=  3300 loss=1.5779
  [train] step=  3600 loss=1.5543
  [train] step=  3900 loss=1.5661
  [train] step=  4200 loss=1.5755
  [train] step=  4500 loss=1.5527
  [train] step=  4800 loss=1.5596
  [train] step=  5100 loss=1.5654
  [train] step=  5400 loss=1.5588
  [train] step=  5700 loss=1.5562
  [train] step=  5999 loss=1.5445
  [train] step=     0 loss=2.2794
  [train] step=   300 loss=2.0953
  [train] step=   600 loss=1.8450
  [train] step=   900 loss=1.7754
  [train] step=  1200 loss=1.7475
  [train] step=  1500 loss=1.7862
  [train] step=  1800 loss=1.7195
  [train] step=  2100 loss=1.7742
  [train] step=  2400 loss=1.7784
  [train] step=  2700 loss=1.7110
  [train] step=  3000 loss=1.7411
  [train] step=  3300 loss=1.8188
  [train] step=  3600 loss=1.7196
  [train] step=  3900 loss=1.6298
  [train] step=  4200 loss=1.6592
  [train] step=  4500 loss=1.6965
  [train] step=  4800 loss=1.7723
  [train] step=  5100 loss=1.6771
  [train] step=  5400 loss=1.7482
  [train] step=  5700 loss=1.7704
  [train] step=  5999 loss=1.6938
  [train] step=     0 loss=2.1782
  [train] step=   300 loss=2.1537
  [train] step=   600 loss=2.1562
  [train] step=   900 loss=2.0633
  [train] step=  1200 loss=1.9373
  [train] step=  1500 loss=1.8714
  [train] step=  1800 loss=1.8337
  [train] step=  2100 loss=1.8321
  [train] step=  2400 loss=1.8088
  [train] step=  2700 loss=1.8275
  [train] step=  3000 loss=1.8113
  [train] step=  3300 loss=1.8170
  [train] step=  3600 loss=1.8119
  [train] step=  3900 loss=1.8276
  [train] step=  4200 loss=1.8411
  [train] step=  4500 loss=1.8424
  [train] step=  4800 loss=1.7982
  [train] step=  5100 loss=1.8219
  [train] step=  5400 loss=1.8180
  [train] step=  5700 loss=1.8079
  [train] step=  5999 loss=1.8243
  [train] step=     0 loss=2.1999
  [train] step=   300 loss=1.9914
  [train] step=   600 loss=1.4718
  [train] step=   900 loss=1.3828
  [train] step=  1200 loss=1.3270
  [train] step=  1500 loss=1.3049
  [train] step=  1800 loss=1.2958
  [train] step=  2100 loss=1.2829
  [train] step=  2400 loss=1.2776
  [train] step=  2700 loss=1.2766
  [train] step=  3000 loss=1.2697
  [train] step=  3300 loss=1.2698
  [train] step=  3600 loss=1.2628
  [train] step=  3900 loss=1.2517
  [train] step=  4200 loss=1.2749
  [train] step=  4500 loss=1.2662
  [train] step=  4800 loss=1.2576
  [train] step=  5100 loss=1.2684
  [train] step=  5400 loss=1.2630
  [train] step=  5700 loss=1.2618
  [train] step=  5999 loss=1.2682
  [train] step=     0 loss=2.1926
  [train] step=   300 loss=2.1138
  [train] step=   600 loss=1.6982
  [train] step=   900 loss=1.4372
  [train] step=  1200 loss=1.3589
  [train] step=  1500 loss=1.3508
  [train] step=  1800 loss=1.3643
  [train] step=  2100 loss=1.3441
  [train] step=  2400 loss=1.3667
  [train] step=  2700 loss=1.3630
  [train] step=  3000 loss=1.3532
  [train] step=  3300 loss=1.3565
  [train] step=  3600 loss=1.3581
  [train] step=  3900 loss=1.3670
  [train] step=  4200 loss=1.3530
  [train] step=  4500 loss=1.3594
  [train] step=  4800 loss=1.3486
  [train] step=  5100 loss=1.3541
  [train] step=  5400 loss=1.3717
  [train] step=  5700 loss=1.3491
  [train] step=  5999 loss=1.3555
  [train] step=     0 loss=2.1292
  [train] step=   300 loss=2.0526
  [train] step=   600 loss=1.6473
  [train] step=   900 loss=1.4172
  [train] step=  1200 loss=1.3572
  [train] step=  1500 loss=1.3447
  [train] step=  1800 loss=1.3598
  [train] step=  2100 loss=1.3436
  [train] step=  2400 loss=1.3611
  [train] step=  2700 loss=1.3614
  [train] step=  3000 loss=1.3445
  [train] step=  3300 loss=1.3552
  [train] step=  3600 loss=1.3577
  [train] step=  3900 loss=1.3687
  [train] step=  4200 loss=1.3485
  [train] step=  4500 loss=1.3674
  [train] step=  4800 loss=1.3494
  [train] step=  5100 loss=1.3591
  [train] step=  5400 loss=1.3694
  [train] step=  5700 loss=1.3491
  [train] step=  5999 loss=1.3557
  [train] step=     0 loss=11.3143
  [train] step=   300 loss=11.1642
  [train] step=   600 loss=10.1190
  [train] step=   900 loss=9.7859
  [train] step=  1200 loss=9.6244
  [train] step=  1500 loss=9.6226
  [train] step=  1800 loss=9.5775
  [train] step=  2100 loss=9.5722
  [train] step=  2400 loss=9.5598
  [train] step=  2700 loss=9.6008
  [train] step=  3000 loss=9.5640
  [train] step=  3300 loss=9.5924
  [train] step=  3600 loss=9.5741
  [train] step=  3900 loss=9.5742
  [train] step=  4200 loss=9.5856
  [train] step=  4500 loss=9.5823
  [train] step=  4800 loss=9.5798
  [train] step=  5100 loss=9.5969
  [train] step=  5400 loss=9.6127
  [train] step=  5700 loss=9.5682
  [train] step=  5999 loss=9.5819
  [train] step=     0 loss=2.2516
  [train] step=   300 loss=2.2598
  [train] step=   600 loss=2.2299
  [train] step=   900 loss=2.1496
  [train] step=  1200 loss=2.0964
  [train] step=  1500 loss=2.0727
  [train] step=  1800 loss=2.0705
  [train] step=  2100 loss=2.0643
  [train] step=  2400 loss=2.0512
  [train] step=  2700 loss=2.0702
  [train] step=  3000 loss=2.0481
  [train] step=  3300 loss=2.0509
  [train] step=  3600 loss=2.0408
  [train] step=  3900 loss=2.0646
  [train] step=  4200 loss=2.0536
  [train] step=  4500 loss=2.0244
  [train] step=  4800 loss=2.0326
  [train] step=  5100 loss=2.0470
  [train] step=  5400 loss=2.0399
  [train] step=  5700 loss=2.0698
  [train] step=  5999 loss=2.0608
  [train] step=     0 loss=2.2143
  [train] step=   300 loss=2.1220
  [train] step=   600 loss=1.6937
  [train] step=   900 loss=1.4931
  [train] step=  1200 loss=1.4614
  [train] step=  1500 loss=1.4675
  [train] step=  1800 loss=1.4646
  [train] step=  2100 loss=1.4801
  [train] step=  2400 loss=1.4594
  [train] step=  2700 loss=1.4481
  [train] step=  3000 loss=1.4492
  [train] step=  3300 loss=1.4251
  [train] step=  3600 loss=1.4514
  [train] step=  3900 loss=1.4461
  [train] step=  4200 loss=1.4681
  [train] step=  4500 loss=1.4413
  [train] step=  4800 loss=1.4515
  [train] step=  5100 loss=1.4349
  [train] step=  5400 loss=1.4768
  [train] step=  5700 loss=1.4405
  [train] step=  5999 loss=1.4484
  [train] step=     0 loss=2.2348
  [train] step=   300 loss=2.2299
  [train] step=   600 loss=2.2437
  [train] step=   900 loss=2.1440
  [train] step=  1200 loss=2.0275
  [train] step=  1500 loss=1.9916
  [train] step=  1800 loss=1.9772
  [train] step=  2100 loss=1.9842
  [train] step=  2400 loss=1.9808
  [train] step=  2700 loss=1.9662
  [train] step=  3000 loss=1.9580
  [train] step=  3300 loss=1.9624
  [train] step=  3600 loss=1.9576
  [train] step=  3900 loss=1.9621
  [train] step=  4200 loss=1.9544
  [train] step=  4500 loss=1.9596
  [train] step=  4800 loss=1.9836
  [train] step=  5100 loss=1.9895
  [train] step=  5400 loss=1.9560
  [train] step=  5700 loss=1.9628
  [train] step=  5999 loss=1.9693
  [train] step=     0 loss=2.2618
  [train] step=   300 loss=2.0945
  [train] step=   600 loss=1.8887
  [train] step=   900 loss=1.8633
  [train] step=  1200 loss=1.7681
  [train] step=  1500 loss=1.7715
  [train] step=  1800 loss=1.7314
  [train] step=  2100 loss=1.7700
  [train] step=  2400 loss=1.7687
  [train] step=  2700 loss=1.7557
  [train] step=  3000 loss=1.7758
  [train] step=  3300 loss=1.7538
  [train] step=  3600 loss=1.7891
  [train] step=  3900 loss=1.6907
  [train] step=  4200 loss=1.7816
  [train] step=  4500 loss=1.7784
  [train] step=  4800 loss=1.7393
  [train] step=  5100 loss=1.7945
  [train] step=  5400 loss=1.8010
  [train] step=  5700 loss=1.7643
  [train] step=  5999 loss=1.6941
  [train] step=     0 loss=2.2129
  [train] step=   300 loss=2.1001
  [train] step=   600 loss=1.6220
  [train] step=   900 loss=1.4021
  [train] step=  1200 loss=1.3227
  [train] step=  1500 loss=1.3208
  [train] step=  1800 loss=1.3023
  [train] step=  2100 loss=1.2948
  [train] step=  2400 loss=1.2886
  [train] step=  2700 loss=1.2791
  [train] step=  3000 loss=1.2820
  [train] step=  3300 loss=1.2781
  [train] step=  3600 loss=1.2810
  [train] step=  3900 loss=1.2863
  [train] step=  4200 loss=1.2830
  [train] step=  4500 loss=1.2890
  [train] step=  4800 loss=1.2856
  [train] step=  5100 loss=1.2865
  [train] step=  5400 loss=1.2831
  [train] step=  5700 loss=1.2831
  [train] step=  5999 loss=1.2810
  [train] step=     0 loss=2.2015
  [train] step=   300 loss=2.2038
  [train] step=   600 loss=2.1849
  [train] step=   900 loss=2.1787
  [train] step=  1200 loss=2.1450
  [train] step=  1500 loss=2.1402
  [train] step=  1800 loss=2.1357
  [train] step=  2100 loss=2.1204
  [train] step=  2400 loss=2.1050
  [train] step=  2700 loss=2.1197
  [train] step=  3000 loss=2.1019
  [train] step=  3300 loss=2.1048
  [train] step=  3600 loss=2.0711
  [train] step=  3900 loss=2.0829
  [train] step=  4200 loss=2.1028
  [train] step=  4500 loss=2.0668
  [train] step=  4800 loss=2.0889
  [train] step=  5100 loss=2.0879
  [train] step=  5400 loss=2.0894
  [train] step=  5700 loss=2.0861
  [train] step=  5999 loss=2.0935
  [train] step=     0 loss=2.2663
  [train] step=   300 loss=2.2528
  [train] step=   600 loss=2.1628
  [train] step=   900 loss=1.7319
  [train] step=  1200 loss=1.5977
  [train] step=  1500 loss=1.5360
  [train] step=  1800 loss=1.5114
  [train] step=  2100 loss=1.4832
  [train] step=  2400 loss=1.4530
  [train] step=  2700 loss=1.4839
  [train] step=  3000 loss=1.4660
  [train] step=  3300 loss=1.4666
  [train] step=  3600 loss=1.4430
  [train] step=  3900 loss=1.4502
  [train] step=  4200 loss=1.4597
  [train] step=  4500 loss=1.4615
  [train] step=  4800 loss=1.4427
  [train] step=  5100 loss=1.4412
  [train] step=  5400 loss=1.4530
  [train] step=  5700 loss=1.4495
  [train] step=  5999 loss=1.4270
  [train] step=     0 loss=11.3472
  [train] step=   300 loss=11.2140
  [train] step=   600 loss=10.1118
  [train] step=   900 loss=9.7006
  [train] step=  1200 loss=9.6228
  [train] step=  1500 loss=9.6449
  [train] step=  1800 loss=9.6225
  [train] step=  2100 loss=9.6452
  [train] step=  2400 loss=9.6033
  [train] step=  2700 loss=9.5978
  [train] step=  3000 loss=9.6060
  [train] step=  3300 loss=9.5937
  [train] step=  3600 loss=9.6087
  [train] step=  3900 loss=9.5830
  [train] step=  4200 loss=9.6308
  [train] step=  4500 loss=9.5990
  [train] step=  4800 loss=9.6312
  [train] step=  5100 loss=9.5763
  [train] step=  5400 loss=9.6263
  [train] step=  5700 loss=9.5433
  [train] step=  5999 loss=9.5880
  [train] step=     0 loss=2.2281
  [train] step=   300 loss=2.1918
  [train] step=   600 loss=2.1678
  [train] step=   900 loss=1.9877
  [train] step=  1200 loss=1.8036
  [train] step=  1500 loss=1.7987
  [train] step=  1800 loss=1.7832
  [train] step=  2100 loss=1.7385
  [train] step=  2400 loss=1.7532
  [train] step=  2700 loss=1.7608
  [train] step=  3000 loss=1.7377
  [train] step=  3300 loss=1.7570
  [train] step=  3600 loss=1.7478
  [train] step=  3900 loss=1.7430
  [train] step=  4200 loss=1.7543
  [train] step=  4500 loss=1.7222
  [train] step=  4800 loss=1.7329
  [train] step=  5100 loss=1.7395
  [train] step=  5400 loss=1.7454
  [train] step=  5700 loss=1.7478
  [train] step=  5999 loss=1.7430
  [train] step=     0 loss=2.2724
  [train] step=   300 loss=2.0815
  [train] step=   600 loss=1.9142
  [train] step=   900 loss=1.8740
  [train] step=  1200 loss=1.8100
  [train] step=  1500 loss=1.8382
  [train] step=  1800 loss=1.7718
  [train] step=  2100 loss=1.7743
  [train] step=  2400 loss=1.7341
  [train] step=  2700 loss=1.8865
  [train] step=  3000 loss=1.7244
  [train] step=  3300 loss=1.7124
  [train] step=  3600 loss=1.7934
  [train] step=  3900 loss=1.7483
  [train] step=  4200 loss=1.7414
  [train] step=  4500 loss=1.7372
  [train] step=  4800 loss=1.7527
  [train] step=  5100 loss=1.7759
  [train] step=  5400 loss=1.7317
  [train] step=  5700 loss=1.7575
  [train] step=  5999 loss=1.7724
  [train] step=     0 loss=2.1320
  [train] step=   300 loss=2.0393
  [train] step=   600 loss=1.6532
  [train] step=   900 loss=1.3866
  [train] step=  1200 loss=1.3382
  [train] step=  1500 loss=1.3322
  [train] step=  1800 loss=1.3380
  [train] step=  2100 loss=1.3246
  [train] step=  2400 loss=1.3301
  [train] step=  2700 loss=1.3328
  [train] step=  3000 loss=1.3393
  [train] step=  3300 loss=1.3345
  [train] step=  3600 loss=1.3179
  [train] step=  3900 loss=1.3179
  [train] step=  4200 loss=1.3214
  [train] step=  4500 loss=1.3253
  [train] step=  4800 loss=1.3189
  [train] step=  5100 loss=1.3225
  [train] step=  5400 loss=1.3254
  [train] step=  5700 loss=1.3250
  [train] step=  5999 loss=1.3203
  [train] step=     0 loss=2.1989
  [train] step=   300 loss=2.0267
  [train] step=   600 loss=1.4854
  [train] step=   900 loss=1.3677
  [train] step=  1200 loss=1.3206
  [train] step=  1500 loss=1.3019
  [train] step=  1800 loss=1.2910
  [train] step=  2100 loss=1.2836
  [train] step=  2400 loss=1.2672
  [train] step=  2700 loss=1.2738
  [train] step=  3000 loss=1.2650
  [train] step=  3300 loss=1.2709
  [train] step=  3600 loss=1.2742
  [train] step=  3900 loss=1.2649
  [train] step=  4200 loss=1.2669
  [train] step=  4500 loss=1.2743
  [train] step=  4800 loss=1.2726
  [train] step=  5100 loss=1.2663
  [train] step=  5400 loss=1.2642
  [train] step=  5700 loss=1.2698
  [train] step=  5999 loss=1.2639
  [train] step=     0 loss=2.1894
  [train] step=   300 loss=2.1052
  [train] step=   600 loss=1.7127
  [train] step=   900 loss=1.4024
  [train] step=  1200 loss=1.3556
  [train] step=  1500 loss=1.3601
  [train] step=  1800 loss=1.3639
  [train] step=  2100 loss=1.3677
  [train] step=  2400 loss=1.3624
  [train] step=  2700 loss=1.3452
  [train] step=  3000 loss=1.3620
  [train] step=  3300 loss=1.3504
  [train] step=  3600 loss=1.3632
  [train] step=  3900 loss=1.3526
  [train] step=  4200 loss=1.3515
  [train] step=  4500 loss=1.3499
  [train] step=  4800 loss=1.3392
  [train] step=  5100 loss=1.3565
  [train] step=  5400 loss=1.3414
  [train] step=  5700 loss=1.3493
  [train] step=  5999 loss=1.3654
  [train] step=     0 loss=11.3979
  [train] step=   300 loss=11.3152
  [train] step=   600 loss=10.3344
  [train] step=   900 loss=9.7196
  [train] step=  1200 loss=9.6778
  [train] step=  1500 loss=9.6975
  [train] step=  1800 loss=9.6265
  [train] step=  2100 loss=9.6960
  [train] step=  2400 loss=9.6878
  [train] step=  2700 loss=9.6933
  [train] step=  3000 loss=9.7095
  [train] step=  3300 loss=9.7138
  [train] step=  3600 loss=9.6880
  [train] step=  3900 loss=9.7104
  [train] step=  4200 loss=9.7270
  [train] step=  4500 loss=9.7028
  [train] step=  4800 loss=9.6693
  [train] step=  5100 loss=9.6856
  [train] step=  5400 loss=9.7195
  [train] step=  5700 loss=9.6724
  [train] step=  5999 loss=9.6718
  [train] step=     0 loss=2.2609
  [train] step=   300 loss=2.0521
  [train] step=   600 loss=1.4958
  [train] step=   900 loss=1.3653
  [train] step=  1200 loss=1.3524
  [train] step=  1500 loss=1.3418
  [train] step=  1800 loss=1.3322
  [train] step=  2100 loss=1.3266
  [train] step=  2400 loss=1.3220
  [train] step=  2700 loss=1.3230
  [train] step=  3000 loss=1.3209
  [train] step=  3300 loss=1.3210
  [train] step=  3600 loss=1.3085
  [train] step=  3900 loss=1.2989
  [train] step=  4200 loss=1.3251
  [train] step=  4500 loss=1.3155
  [train] step=  4800 loss=1.3118
  [train] step=  5100 loss=1.3164
  [train] step=  5400 loss=1.3062
  [train] step=  5700 loss=1.3156
  [train] step=  5999 loss=1.3192
  [train] step=     0 loss=2.2795
  [train] step=   300 loss=2.1164
  [train] step=   600 loss=1.5394
  [train] step=   900 loss=1.3775
  [train] step=  1200 loss=1.3338
  [train] step=  1500 loss=1.3225
  [train] step=  1800 loss=1.3100
  [train] step=  2100 loss=1.3098
  [train] step=  2400 loss=1.3064
  [train] step=  2700 loss=1.3021
  [train] step=  3000 loss=1.3012
  [train] step=  3300 loss=1.2996
  [train] step=  3600 loss=1.3039
  [train] step=  3900 loss=1.3010
  [train] step=  4200 loss=1.2932
  [train] step=  4500 loss=1.2909
  [train] step=  4800 loss=1.3005
  [train] step=  5100 loss=1.2954
  [train] step=  5400 loss=1.3015
  [train] step=  5700 loss=1.2942
  [train] step=  5999 loss=1.3040
  [train] step=     0 loss=2.2180
  [train] step=   300 loss=2.1957
  [train] step=   600 loss=2.1870
  [train] step=   900 loss=1.9920
  [train] step=  1200 loss=1.8263
  [train] step=  1500 loss=1.7966
  [train] step=  1800 loss=1.7830
  [train] step=  2100 loss=1.7555
  [train] step=  2400 loss=1.7389
  [train] step=  2700 loss=1.7662
  [train] step=  3000 loss=1.7283
  [train] step=  3300 loss=1.7459
  [train] step=  3600 loss=1.7377
  [train] step=  3900 loss=1.7526
  [train] step=  4200 loss=1.7394
  [train] step=  4500 loss=1.7538
  [train] step=  4800 loss=1.7461
  [train] step=  5100 loss=1.7320
  [train] step=  5400 loss=1.7399
  [train] step=  5700 loss=1.7564
  [train] step=  5999 loss=1.7393
  [train] step=     0 loss=2.2534
  [train] step=   300 loss=1.9769
  [train] step=   600 loss=1.6420
  [train] step=   900 loss=1.4757
  [train] step=  1200 loss=1.4832
  [train] step=  1500 loss=1.4500
  [train] step=  1800 loss=1.4335
  [train] step=  2100 loss=1.4185
  [train] step=  2400 loss=1.4540
  [train] step=  2700 loss=1.4421
  [train] step=  3000 loss=1.3973
  [train] step=  3300 loss=1.4415
  [train] step=  3600 loss=1.4174
  [train] step=  3900 loss=1.4019
  [train] step=  4200 loss=1.4272
  [train] step=  4500 loss=1.4118
  [train] step=  4800 loss=1.3774
  [train] step=  5100 loss=1.4199
  [train] step=  5400 loss=1.4107
  [train] step=  5700 loss=1.4064
  [train] step=  5999 loss=1.4264
  [train] step=     0 loss=2.1506
  [train] step=   300 loss=2.0446
  [train] step=   600 loss=1.6422
  [train] step=   900 loss=1.3937
  [train] step=  1200 loss=1.3502
  [train] step=  1500 loss=1.3360
  [train] step=  1800 loss=1.3236
  [train] step=  2100 loss=1.3222
  [train] step=  2400 loss=1.3246
  [train] step=  2700 loss=1.3119
  [train] step=  3000 loss=1.3303
  [train] step=  3300 loss=1.3184
  [train] step=  3600 loss=1.3130
  [train] step=  3900 loss=1.3251
  [train] step=  4200 loss=1.3219
  [train] step=  4500 loss=1.3207
  [train] step=  4800 loss=1.3166
  [train] step=  5100 loss=1.3240
  [train] step=  5400 loss=1.3270
  [train] step=  5700 loss=1.3118
  [train] step=  5999 loss=1.3137
  [train] step=     0 loss=2.2418
  [train] step=   300 loss=2.1259
  [train] step=   600 loss=1.5523
  [train] step=   900 loss=1.3777
  [train] step=  1200 loss=1.3271
  [train] step=  1500 loss=1.3055
  [train] step=  1800 loss=1.2986
  [train] step=  2100 loss=1.2937
  [train] step=  2400 loss=1.2849
  [train] step=  2700 loss=1.2871
  [train] step=  3000 loss=1.2898
  [train] step=  3300 loss=1.2864
  [train] step=  3600 loss=1.2784
  [train] step=  3900 loss=1.2675
  [train] step=  4200 loss=1.2900
  [train] step=  4500 loss=1.2814
  [train] step=  4800 loss=1.2778
  [train] step=  5100 loss=1.2831
  [train] step=  5400 loss=1.2775
  [train] step=  5700 loss=1.2748
  [train] step=  5999 loss=1.2834
  [train] step=     0 loss=2.2234
  [train] step=   300 loss=2.2243
  [train] step=   600 loss=2.1907
  [train] step=   900 loss=2.1752
  [train] step=  1200 loss=2.1745
  [train] step=  1500 loss=2.1495
  [train] step=  1800 loss=2.1321
  [train] step=  2100 loss=2.1020
  [train] step=  2400 loss=2.0869
  [train] step=  2700 loss=2.1447
  [train] step=  3000 loss=2.1120
  [train] step=  3300 loss=2.1019
  [train] step=  3600 loss=2.1063
  [train] step=  3900 loss=2.1178
  [train] step=  4200 loss=2.1045
  [train] step=  4500 loss=2.0820
  [train] step=  4800 loss=2.0937
  [train] step=  5100 loss=2.1027
  [train] step=  5400 loss=2.1064
  [train] step=  5700 loss=2.0951
  [train] step=  5999 loss=2.0759
  [train] step=     0 loss=2.2043
  [train] step=   300 loss=2.0716
  [train] step=   600 loss=1.5939
  [train] step=   900 loss=1.3912
  [train] step=  1200 loss=1.3578
  [train] step=  1500 loss=1.3475
  [train] step=  1800 loss=1.3556
  [train] step=  2100 loss=1.3682
  [train] step=  2400 loss=1.3503
  [train] step=  2700 loss=1.3377
  [train] step=  3000 loss=1.3652
  [train] step=  3300 loss=1.3393
  [train] step=  3600 loss=1.3481
  [train] step=  3900 loss=1.3560
  [train] step=  4200 loss=1.3610
  [train] step=  4500 loss=1.3394
  [train] step=  4800 loss=1.3493
  [train] step=  5100 loss=1.3395
  [train] step=  5400 loss=1.3496
  [train] step=  5700 loss=1.3467
  [train] step=  5999 loss=1.3512
  [train] step=     0 loss=2.2631
  [train] step=   300 loss=2.1107
  [train] step=   600 loss=1.5231
  [train] step=   900 loss=1.3762
  [train] step=  1200 loss=1.3603
  [train] step=  1500 loss=1.3585
  [train] step=  1800 loss=1.3496
  [train] step=  2100 loss=1.3409
  [train] step=  2400 loss=1.3354
  [train] step=  2700 loss=1.3340
  [train] step=  3000 loss=1.3264
  [train] step=  3300 loss=1.3364
  [train] step=  3600 loss=1.3298
  [train] step=  3900 loss=1.3401
  [train] step=  4200 loss=1.3241
  [train] step=  4500 loss=1.3392
  [train] step=  4800 loss=1.3349
  [train] step=  5100 loss=1.3419
  [train] step=  5400 loss=1.3317
  [train] step=  5700 loss=1.3387
  [train] step=  5999 loss=1.3260
  [train] step=     0 loss=2.2346
  [train] step=   300 loss=2.2277
  [train] step=   600 loss=2.2266
  [train] step=   900 loss=2.0594
  [train] step=  1200 loss=1.9333
  [train] step=  1500 loss=1.9413
  [train] step=  1800 loss=1.9073
  [train] step=  2100 loss=1.9500
  [train] step=  2400 loss=1.9294
  [train] step=  2700 loss=1.9207
  [train] step=  3000 loss=1.9259
  [train] step=  3300 loss=1.9434
  [train] step=  3600 loss=1.9421
  [train] step=  3900 loss=1.9236
  [train] step=  4200 loss=1.9266
  [train] step=  4500 loss=1.9508
  [train] step=  4800 loss=1.9332
  [train] step=  5100 loss=1.9613
  [train] step=  5400 loss=1.9478
  [train] step=  5700 loss=1.9077
  [train] step=  5999 loss=1.9543
  [train] step=     0 loss=2.2567
  [train] step=   300 loss=1.9432
  [train] step=   600 loss=1.3904
  [train] step=   900 loss=1.2979
  [train] step=  1200 loss=1.2782
  [train] step=  1500 loss=1.2724
  [train] step=  1800 loss=1.2606
  [train] step=  2100 loss=1.2683
  [train] step=  2400 loss=1.2622
  [train] step=  2700 loss=1.2641
  [train] step=  3000 loss=1.2596
  [train] step=  3300 loss=1.2635
  [train] step=  3600 loss=1.2659
  [train] step=  3900 loss=1.2660
  [train] step=  4200 loss=1.2617
  [train] step=  4500 loss=1.2639
  [train] step=  4800 loss=1.2580
  [train] step=  5100 loss=1.2609
  [train] step=  5400 loss=1.2535
  [train] step=  5700 loss=1.2516
  [train] step=  5999 loss=1.2550
  [train] step=     0 loss=2.2329
  [train] step=   300 loss=2.1436
  [train] step=   600 loss=1.7185
  [train] step=   900 loss=1.4926
  [train] step=  1200 loss=1.4501
  [train] step=  1500 loss=1.4512
  [train] step=  1800 loss=1.4539
  [train] step=  2100 loss=1.4743
  [train] step=  2400 loss=1.4559
  [train] step=  2700 loss=1.4419
  [train] step=  3000 loss=1.4712
  [train] step=  3300 loss=1.4531
  [train] step=  3600 loss=1.4399
  [train] step=  3900 loss=1.4413
  [train] step=  4200 loss=1.4764
  [train] step=  4500 loss=1.4482
  [train] step=  4800 loss=1.4537
  [train] step=  5100 loss=1.4408
  [train] step=  5400 loss=1.4660
  [train] step=  5700 loss=1.4477
  [train] step=  5999 loss=1.4647
  [train] step=     0 loss=2.2341
  [train] step=   300 loss=2.0185
  [train] step=   600 loss=1.4786
  [train] step=   900 loss=1.3500
  [train] step=  1200 loss=1.3277
  [train] step=  1500 loss=1.3481
  [train] step=  1800 loss=1.3406
  [train] step=  2100 loss=1.3367
  [train] step=  2400 loss=1.3285
  [train] step=  2700 loss=1.3158
  [train] step=  3000 loss=1.3177
  [train] step=  3300 loss=1.3227
  [train] step=  3600 loss=1.3194
  [train] step=  3900 loss=1.3251
  [train] step=  4200 loss=1.3201
  [train] step=  4500 loss=1.3273
  [train] step=  4800 loss=1.3193
  [train] step=  5100 loss=1.3318
  [train] step=  5400 loss=1.3233
  [train] step=  5700 loss=1.3214
  [train] step=  5999 loss=1.3152
  [train] step=     0 loss=2.2642
  [train] step=   300 loss=2.1077
  [train] step=   600 loss=1.7677
  [train] step=   900 loss=1.7851
  [train] step=  1200 loss=1.7131
  [train] step=  1500 loss=1.6960
  [train] step=  1800 loss=1.6895
  [train] step=  2100 loss=1.7006
  [train] step=  2400 loss=1.6702
  [train] step=  2700 loss=1.7446
  [train] step=  3000 loss=1.7004
  [train] step=  3300 loss=1.6908
  [train] step=  3600 loss=1.6575
  [train] step=  3900 loss=1.6796
  [train] step=  4200 loss=1.7204
  [train] step=  4500 loss=1.6755
  [train] step=  4800 loss=1.6884
  [train] step=  5100 loss=1.7429
  [train] step=  5400 loss=1.7605
  [train] step=  5700 loss=1.7058
  [train] step=  5999 loss=1.6580
  [train] step=     0 loss=2.2305
  [train] step=   300 loss=2.1381
  [train] step=   600 loss=1.6802
  [train] step=   900 loss=1.3946
  [train] step=  1200 loss=1.3154
  [train] step=  1500 loss=1.3065
  [train] step=  1800 loss=1.3011
  [train] step=  2100 loss=1.2970
  [train] step=  2400 loss=1.2935
  [train] step=  2700 loss=1.2884
  [train] step=  3000 loss=1.2890
  [train] step=  3300 loss=1.2868
  [train] step=  3600 loss=1.2876
  [train] step=  3900 loss=1.2896
  [train] step=  4200 loss=1.2896
  [train] step=  4500 loss=1.2945
  [train] step=  4800 loss=1.2889
  [train] step=  5100 loss=1.2884
  [train] step=  5400 loss=1.2863
  [train] step=  5700 loss=1.2857
  [train] step=  5999 loss=1.2846
  [train] step=     0 loss=2.1808
  [train] step=   300 loss=1.9017
  [train] step=   600 loss=1.3990
  [train] step=   900 loss=1.3043
  [train] step=  1200 loss=1.2700
  [train] step=  1500 loss=1.2614
  [train] step=  1800 loss=1.2481
  [train] step=  2100 loss=1.2553
  [train] step=  2400 loss=1.2488
  [train] step=  2700 loss=1.2483
  [train] step=  3000 loss=1.2449
  [train] step=  3300 loss=1.2465
  [train] step=  3600 loss=1.2504
  [train] step=  3900 loss=1.2497
  [train] step=  4200 loss=1.2452
  [train] step=  4500 loss=1.2502
  [train] step=  4800 loss=1.2445
  [train] step=  5100 loss=1.2484
  [train] step=  5400 loss=1.2390
  [train] step=  5700 loss=1.2396
  [train] step=  5999 loss=1.2409
  [train] step=     0 loss=2.2246
  [train] step=   300 loss=2.1711
  [train] step=   600 loss=2.0857
  [train] step=   900 loss=2.0376
  [train] step=  1200 loss=1.8978
  [train] step=  1500 loss=1.7606
  [train] step=  1800 loss=1.6549
  [train] step=  2100 loss=1.5889
  [train] step=  2400 loss=1.5631
  [train] step=  2700 loss=1.5364
  [train] step=  3000 loss=1.5071
  [train] step=  3300 loss=1.5015
  [train] step=  3600 loss=1.4743
  [train] step=  3900 loss=1.4700
  [train] step=  4200 loss=1.4373
  [train] step=  4500 loss=1.4464
  [train] step=  4800 loss=1.4269
  [train] step=  5100 loss=1.4306
  [train] step=  5400 loss=1.4218
  [train] step=  5700 loss=1.4239
  [train] step=  5999 loss=1.4119
[grid] DONE 298/298 ok in 4352s -> /workspace/temp_xc/experiments/explorations/synthetic/frequency/results/frequency_grid_results.json
