{"l0":5,"window_l0":10,"step":999,"auc":0.2624489795918367,"_timestamp":1.773983023295744e+09,"recovery_90":0,"_wandb":{"runtime":7},"_runtime":7.754838974,"loss":1.4845044612884521,"mean_max_cos_sim":0.2623901069164276,"_step":999,"recovery_80":0}