{"loss":2.135868549346924,"_runtime":7.6585054,"window_l0":15,"l0":7.5,"_wandb":{"runtime":7},"recovery_90":0,"_timestamp":1.7739831208539097e+09,"auc":0.2697959183673469,"recovery_80":0,"mean_max_cos_sim":0.26978033781051636,"step":999,"_step":999}