{"recovery_80":0,"recovery_90":0,"mean_max_cos_sim":0.20070666074752808,"_timestamp":1.772668544440436e+09,"auc":0.20070707070707072,"_runtime":92.556572563,"loss":23.070402145385742,"_step":39999,"step":39999,"_wandb":{"runtime":92}}