{"auc":0.4721948818897638,"l0":7.599999904632568,"window_l0":37.99999952316284,"step":64999,"mean_max_cos_sim":0.47238197922706604,"_step":64999,"_runtime":907.382369746,"recovery_90":0,"_timestamp":1.7739955834450376e+09,"recovery_80":0,"loss":0.3941340148448944,"_wandb":{"runtime":907}}