{"recovery_90":0,"step":39999,"auc":0.38383838383838387,"loss":14.559137344360352,"mean_max_cos_sim":0.38340187072753906,"_wandb":{"runtime":74},"recovery_80":0,"_runtime":74.304161123,"_step":39999,"_timestamp":1.772667397387485e+09}