{"_wandb":{"runtime":12},"recovery_90":0,"_step":999,"l0":10,"_runtime":12.311880672000001,"step":999,"auc":0.2518367346938776,"mean_max_cos_sim":0.25163933634757996,"loss":2.077587127685547,"window_l0":50,"recovery_80":0,"_timestamp":1.7739827052155495e+09}