{"loss":1.0033595561981201,"recovery_90":0.5799999833106995,"_wandb":{"runtime":181},"recovery_80":0.5799999833106995,"_runtime":181.576922296,"auc":0.7097959183673469,"_step":79999,"_timestamp":1.7726753687914672e+09,"mean_max_cos_sim":0.7116767168045044,"step":79999}