{"step":39999,"recovery_80":0,"_runtime":88.489161988,"mean_max_cos_sim":0.24216128885746002,"_step":39999,"loss":23.1267147064209,"recovery_90":0,"_timestamp":1.7726687280064619e+09,"auc":0.24242424242424243,"_wandb":{"runtime":88}}