{"_runtime":148.922942509,"auc":0.7983673469387755,"recovery_80":0.6200000047683716,"mean_max_cos_sim":0.7978522181510925,"loss":4.046390533447266,"recovery_90":0.5199999809265137,"_timestamp":1.7726724357268114e+09,"step":79999,"_step":79999,"_wandb":{"runtime":148}}