{"_step":64999,"recovery_80":0,"step":64999,"_timestamp":1.7740073520226011e+09,"l0":2,"_wandb":{"runtime":903},"recovery_90":0,"loss":4.904644966125488,"auc":0.47459399606299213,"window_l0":10,"_runtime":903.605706155,"mean_max_cos_sim":0.47480669617652893}