{"recovery_90":0,"_wandb":{"runtime":4},"recovery_80":0,"_runtime":4.970775357,"window_l0":5,"l0":5,"loss":4.480378150939941,"mean_max_cos_sim":0.3034302294254303,"auc":0.3057142857142857,"_timestamp":1.77398301253987e+09,"step":999,"_step":999}