{
  "1": {
    "cdec": 0.2282088647286097,
    "recovery_global": 0.7510358095169067,
    "recovery_local": 0.39746031165122986,
    "recovery_mean": 0.5742480754852295
  },
  "2": {
    "cdec": 0.14533068736394247,
    "recovery_global": 0.9212852517763773,
    "recovery_local": 0.4880463182926178,
    "recovery_mean": 0.7046657800674438
  },
  "3": {
    "cdec": 0.1259936516483625,
    "recovery_global": 0.9454967379570007,
    "recovery_local": 0.6287468075752258,
    "recovery_mean": 0.7871217926343282
  },
  "4": {
    "cdec": 0.09220687051614125,
    "recovery_global": 0.9440622528394064,
    "recovery_local": 0.7805391947428385,
    "recovery_mean": 0.8623007337252299
  },
  "5": {
    "cdec": 0.09277525792519252,
    "recovery_global": 0.8609230319658915,
    "recovery_local": 0.6887238721052805,
    "recovery_mean": 0.7748234868049622
  },
  "6": {
    "cdec": 0.09278001884619395,
    "recovery_global": 0.7782842318216959,
    "recovery_local": 0.795892596244812,
    "recovery_mean": 0.7870883941650391
  },
  "7": {
    "cdec": 0.07932454347610474,
    "recovery_global": 0.7050063610076904,
    "recovery_local": 0.6738186875979105,
    "recovery_mean": 0.689412534236908
  },
  "8": {
    "cdec": 0.0809772511323293,
    "recovery_global": 0.6647058327992758,
    "recovery_local": 0.6573341687520345,
    "recovery_mean": 0.6610200007756551
  }
}