{"window_l0":10,"_wandb":{"runtime":457},"_step":64999,"recovery_90":0,"_runtime":457.374830966,"loss":2.411506175994873,"l0":5,"mean_max_cos_sim":0.7055425643920898,"step":64999,"_timestamp":1.77400612536421e+09,"auc":0.7057701771653544,"recovery_80":0}